dataset,split,case_id,model,forecast_origin_index,n_points,rmse_k,mae_k,bias_k,max_abs_error_k,terminal_rmse_k
topcell,train,id_const_b40_h200_p50_cold,physical_rc,0,720,0.01638905524863437,0.008059575572991317,-0.00048226402652216607,0.102424308943867,0.007222416817180944
topcell,train,id_const_b40_h200_p50_cold,mlp,0,720,0.32081476540281884,0.24765953848278638,0.0010122922242778898,0.7400212461192837,0.3958959587207341
topcell,train,id_const_b40_h200_p50_cold,cnn1d,0,720,0.1873378579009111,0.15239214962128655,0.09543284294581264,0.37615881734977563,0.12106242923920381
topcell,train,id_const_b40_h200_p50_cold,tcn,0,720,0.5401620153679089,0.475031231655576,-0.39614220767584146,1.0203636611969813,0.290709016643485
topcell,train,id_const_b40_h200_p50_cold,gru,0,720,0.08598157920399505,0.07388857712451057,0.0575485816220774,0.1462466245873344,0.10350542639732961
topcell,train,id_const_b40_h200_p50_cold,lstm,0,720,0.12150701354488481,0.09537679830591791,-0.0481687207647009,0.32696090526076205,0.09218762512770778
topcell,train,id_const_b40_h200_p50_gradient,physical_rc,0,720,0.030811068202027517,0.014982214449150414,-0.0028483560787162868,0.16220028974631617,0.008027681853793186
topcell,train,id_const_b40_h200_p50_gradient,mlp,0,720,0.38398211097218304,0.3268016661831029,0.15621334193534347,0.9470899866306723,0.27216959962732584
topcell,train,id_const_b40_h200_p50_gradient,cnn1d,0,720,0.15222600084232327,0.13124247809225986,0.1009154045493019,0.27375999600982936,0.09980844891097715
topcell,train,id_const_b40_h200_p50_gradient,tcn,0,720,0.872471780037597,0.6886685292553671,-0.010764925084757,1.8952391424112562,1.164825175587797
topcell,train,id_const_b40_h200_p50_gradient,gru,0,720,0.07941681122495108,0.06593160075070076,-0.058567613068280476,0.16699914567223573,0.05876820303901156
topcell,train,id_const_b40_h200_p50_gradient,lstm,0,720,0.14352609994209173,0.11402718832755383,-0.021934329944326366,0.30228555631509835,0.15646972669837847
topcell,train,id_const_b40_h200_p50_nominal,physical_rc,0,720,0.01829736366162389,0.009051920960339663,-0.0017336382995989928,0.10967380255971904,0.007826850815681302
topcell,train,id_const_b40_h200_p50_nominal,mlp,0,720,0.5319460644661472,0.4140727149296785,-0.06960559538789955,1.1428747156049468,0.6236220056539445
topcell,train,id_const_b40_h200_p50_nominal,cnn1d,0,720,0.15359626085339373,0.1276000496925451,0.006911439639452007,0.3878318733348891,0.22751523911227747
topcell,train,id_const_b40_h200_p50_nominal,tcn,0,720,0.3782527120776683,0.3162739173851099,-0.17962438236963482,0.8878923707350879,0.4022600316273067
topcell,train,id_const_b40_h200_p50_nominal,gru,0,720,0.0721611205108957,0.05338516314370598,-0.04350177764291424,0.18114183689503704,0.024926921484520883
topcell,train,id_const_b40_h200_p50_nominal,lstm,0,720,0.09740411790742835,0.07570683967279099,-0.05141045061690651,0.2064784959514867,0.12284717219178247
topcell,train,id_const_b20_h160_p100_cold,physical_rc,0,720,0.015353551792848546,0.009296098054476303,0.0008785249787556657,0.0715479850284666,0.007181897804510089
topcell,train,id_const_b20_h160_p100_cold,mlp,0,720,0.21692856256479826,0.17916897625848424,0.04123083156892788,0.38064920564298177,0.22725680265487888
topcell,train,id_const_b20_h160_p100_cold,cnn1d,0,720,0.2320976462915119,0.17304341642060536,0.16394406455108626,0.42986343658908766,0.28061523218675083
topcell,train,id_const_b20_h160_p100_cold,tcn,0,720,0.6498885475584872,0.547433631295385,-0.5192058806452295,1.2725836497282046,0.259982527151381
topcell,train,id_const_b20_h160_p100_cold,gru,0,720,0.12567101271197045,0.11525985470449007,0.11347998863483316,0.20179068642180198,0.10432870408106681
topcell,train,id_const_b20_h160_p100_cold,lstm,0,720,0.23704578713255228,0.20059930276082588,0.1901949917577912,0.4125205364520781,0.25947445819721926
topcell,train,id_const_b20_h160_p100_gradient,physical_rc,0,720,0.03162623289959731,0.016533466296532514,-0.001487553184504304,0.1313229658309183,0.00776521182308287
topcell,train,id_const_b20_h160_p100_gradient,mlp,0,720,0.30795569073529805,0.2728247058384785,0.11115697384000733,0.5839626725219489,0.1739854993866786
topcell,train,id_const_b20_h160_p100_gradient,cnn1d,0,720,0.1165595637474584,0.09273190010042277,0.08746171682312727,0.3280093996090727,0.08919694405911988
topcell,train,id_const_b20_h160_p100_gradient,tcn,0,720,0.4321820532444276,0.3344569195656682,-0.20160247069084006,1.0538270722461505,0.5156082092464399
topcell,train,id_const_b20_h160_p100_gradient,gru,0,720,0.07396693510155662,0.05972924015884978,-0.05527456235071444,0.1693449800467164,0.0576431935727047
topcell,train,id_const_b20_h160_p100_gradient,lstm,0,720,0.09422096089507673,0.0688547106844344,0.03465810355488489,0.3334293847336056,0.08769085003671223
topcell,train,id_const_b20_h160_p100_nominal,physical_rc,0,720,0.018006329834138007,0.010423100693571503,-0.0003728145720718088,0.07879747864431863,0.007617807761381716
topcell,train,id_const_b20_h160_p100_nominal,mlp,0,720,0.32132481976801075,0.21866221500642255,-0.053026113503661106,0.7726160787152878,0.4195098031069991
topcell,train,id_const_b20_h160_p100_nominal,cnn1d,0,720,0.11127529676032946,0.08553771431431699,0.08253825499811819,0.3184718523622081,0.08269069086234625
topcell,train,id_const_b20_h160_p100_nominal,tcn,0,720,0.5309830951708179,0.4317060175033021,-0.33743938283918357,1.1608106032300327,0.4171202705245748
topcell,train,id_const_b20_h160_p100_nominal,gru,0,720,0.051932870043648285,0.04789134211104626,0.04631713782357494,0.09234844118267915,0.046367105800593895
topcell,train,id_const_b20_h160_p100_nominal,lstm,0,720,0.13780454013214977,0.12069054453687003,0.11702191084959589,0.2954722742274498,0.13493489600060457
topcell,train,id_const_b40_h200_p0_cold,physical_rc,0,720,0.015675588472423608,0.007585200417893705,-0.0011259559022849352,0.09829817168618149,0.006426320918074199
topcell,train,id_const_b40_h200_p0_cold,mlp,0,720,0.45249358246069743,0.36214426771181385,0.3045443188704598,1.1104822710882516,0.4577884731768453
topcell,train,id_const_b40_h200_p0_cold,cnn1d,0,720,0.2548057207040857,0.20924470865885875,0.16667235640925135,0.45655124584830276,0.2933235361695199
topcell,train,id_const_b40_h200_p0_cold,tcn,0,720,0.432084723211039,0.3369810600534023,-0.12566708871757284,1.1375918350243381,0.6025971703477251
topcell,train,id_const_b40_h200_p0_cold,gru,0,720,0.10513325316194834,0.08903305683368362,0.08270020686364277,0.20255559090009,0.12191731486437998
topcell,train,id_const_b40_h200_p0_cold,lstm,0,720,0.24531927792329644,0.17919594300746666,0.1699573616766473,0.49253543934916877,0.21874803240601393
topcell,train,id_const_b40_h200_p0_gradient,physical_rc,0,720,0.026761019575295787,0.013129594833023322,-0.003492064620518281,0.1580731524890311,0.007328679015827166
topcell,train,id_const_b40_h200_p0_gradient,mlp,0,720,0.5099437020403571,0.3545475939737965,0.24049395373963098,1.223183147261608,0.6321278917308983
topcell,train,id_const_b40_h200_p0_gradient,cnn1d,0,720,0.25961936433398336,0.20947791930763135,0.1578656081161746,0.5953220283594902,0.35925143427873363
topcell,train,id_const_b40_h200_p0_gradient,tcn,0,720,0.7677175346017128,0.6277749799802634,0.2057493370276965,1.8226955547931425,1.0676255933718994
topcell,train,id_const_b40_h200_p0_gradient,gru,0,720,0.035232591829666066,0.027504891092523336,-0.006888413854823887,0.1090802856787434,0.0028996705158250546
topcell,train,id_const_b40_h200_p0_gradient,lstm,0,720,0.13338706744879078,0.11232950601007141,0.08679605532058576,0.26542516470331634,0.07416747961465128
topcell,train,id_const_b40_h200_p0_nominal,physical_rc,0,720,0.016460851045140126,0.007942988714877874,-0.002377346841334976,0.10554766530233906,0.007103859013644675
topcell,train,id_const_b40_h200_p0_nominal,mlp,0,720,0.4092204759757183,0.3605289867067424,0.07311988769891099,1.0874559698288309,0.32782303814663377
topcell,train,id_const_b40_h200_p0_nominal,cnn1d,0,720,0.09861407438384294,0.08087456915440863,0.0232766047191832,0.28699503342302535,0.1297740813246588
topcell,train,id_const_b40_h200_p0_nominal,tcn,0,720,0.4478521122881862,0.3753693955520572,-0.04636984921771905,0.9124254430291359,0.40822958704862977
topcell,train,id_const_b40_h200_p0_nominal,gru,0,720,0.07304049399679505,0.062111969500000974,-0.0581560626982856,0.1570780698836245,0.030757340785190036
topcell,train,id_const_b40_h200_p0_nominal,lstm,0,720,0.08386942259340346,0.06650749219029095,0.015217217008210594,0.23464609692399563,0.12121994163157994
topcell,train,id_const_b20_h120_p150_cold,physical_rc,0,720,0.021066420517211065,0.013382073908282364,0.001729185879639831,0.07289938650365002,0.008496524296512174
topcell,train,id_const_b20_h120_p150_cold,mlp,0,720,0.2614763203036768,0.2190309181741848,0.048663942842522415,0.5792875299559626,0.2346345899719848
topcell,train,id_const_b20_h120_p150_cold,cnn1d,0,720,0.16446309642626722,0.13104181016861183,0.1003514702251222,0.31056051221789005,0.2152869270485023
topcell,train,id_const_b20_h120_p150_cold,tcn,0,720,0.6826835374560332,0.5585772043737762,-0.49491168423980236,1.6454462368511713,0.4414603403192401
topcell,train,id_const_b20_h120_p150_cold,gru,0,720,0.12323199239407831,0.11035656766308352,0.07556336361829853,0.2040846811436552,0.14037629968081794
topcell,train,id_const_b20_h120_p150_cold,lstm,0,720,0.11804526151441744,0.09831125854642127,0.05121191769125743,0.25916687994141796,0.16030342641030182
topcell,train,id_const_b20_h120_p150_gradient,physical_rc,0,720,0.037320212941035866,0.020634960239309358,-0.0006369395100235289,0.13469695525279235,0.00878817346539712
topcell,train,id_const_b20_h120_p150_gradient,mlp,0,720,0.1639896678584085,0.13339784506960334,-0.014172124024836929,0.47492838780650004,0.18181960074068826
topcell,train,id_const_b20_h120_p150_gradient,cnn1d,0,720,0.15200524144520364,0.1335015318159816,0.10127301264107771,0.2929336087680241,0.17305334859516314
topcell,train,id_const_b20_h120_p150_gradient,tcn,0,720,0.5641581912327213,0.4616839680547533,-0.2981682922165541,1.2650802389735105,0.49401664444582866
topcell,train,id_const_b20_h120_p150_gradient,gru,0,720,0.1383269391899426,0.11723422764930014,-0.1154896338730564,0.2672252020542061,0.06854889858240368
topcell,train,id_const_b20_h120_p150_gradient,lstm,0,720,0.13337913421519196,0.11165434939303359,-0.02187262173423295,0.34388233632031984,0.2193010056289185
topcell,train,id_const_b20_h120_p150_nominal,physical_rc,0,720,0.023967099998065608,0.014540975165832215,0.0004777893813065938,0.08494936725811897,0.008712163645418625
topcell,train,id_const_b20_h120_p150_nominal,mlp,0,720,0.14229671253886325,0.11839937067612835,-0.07088217352720054,0.3210615693107215,0.19015530947840495
topcell,train,id_const_b20_h120_p150_nominal,cnn1d,0,720,0.07784181922404299,0.05459218720810813,0.03675730149216706,0.23698569778554202,0.12912010552617717
topcell,train,id_const_b20_h120_p150_nominal,tcn,0,720,0.5592545436372025,0.45753077617525817,-0.3906745791894325,1.130360558506169,0.40999619695686146
topcell,train,id_const_b20_h120_p150_nominal,gru,0,720,0.07067177825579207,0.06132796524688145,0.055625461175303946,0.1250296494685017,0.08231343289081516
topcell,train,id_const_b20_h120_p150_nominal,lstm,0,720,0.10598224946485103,0.09749120751786385,0.06850615881055569,0.1875689309557913,0.11461041267530343
topcell,train,id_const_b30_h120_p100_cold,physical_rc,0,720,0.015408567392008318,0.009566358321202431,0.0008303654481010546,0.05624835559705588,0.006105192786690875
topcell,train,id_const_b30_h120_p100_cold,mlp,0,720,0.27478975699365055,0.21661575845395586,0.1036528614671251,0.7570654101325829,0.28377747836245637
topcell,train,id_const_b30_h120_p100_cold,cnn1d,0,720,0.07951170212500694,0.0670733909308461,0.00934438585297212,0.1722303656591606,0.08057193300845573
topcell,train,id_const_b30_h120_p100_cold,tcn,0,720,0.35736273170064803,0.28809072908767175,-0.2121931951059189,0.8464293432256795,0.33511288134931155
topcell,train,id_const_b30_h120_p100_cold,gru,0,720,0.09255624446644496,0.06923771421780871,0.06384575457363686,0.23473004715343393,0.19290378674830502
topcell,train,id_const_b30_h120_p100_cold,lstm,0,720,0.13839709815476456,0.11119034208797779,0.0752819414545738,0.28555565523227244,0.15116829866152634
topcell,train,id_const_b30_h120_p100_gradient,physical_rc,0,720,0.03203916204834866,0.017009082416187402,-0.0015357516040713805,0.12024031739250063,0.0065110951768595215
topcell,train,id_const_b30_h120_p100_gradient,mlp,0,720,0.22016508690041459,0.19588460794421264,0.10312552841398327,0.39427671663155195,0.24725257548900714
topcell,train,id_const_b30_h120_p100_gradient,cnn1d,0,720,0.12028871504536313,0.09757661067281619,0.03034927281013664,0.24255975926217843,0.09197373081524761
topcell,train,id_const_b30_h120_p100_gradient,tcn,0,720,0.31031203926699624,0.2574184702922381,0.034739240178112675,0.8073934857670366,0.5466736685406003
topcell,train,id_const_b30_h120_p100_gradient,gru,0,720,0.09001694060364364,0.06608280824999456,0.04123030110596128,0.2423182377371944,0.1704684764378861
topcell,train,id_const_b30_h120_p100_gradient,lstm,0,720,0.15440780310013616,0.12374462385970039,0.11186333624971262,0.2988421291544938,0.12766057175189285
topcell,train,id_const_b30_h120_p100_nominal,physical_rc,0,720,0.018357757095067418,0.010793897501040896,-0.00042101299162195085,0.06639687441072084,0.006404029333715913
topcell,train,id_const_b30_h120_p100_nominal,mlp,0,720,0.3362620514491935,0.29862466611488236,-0.04644301284202848,0.6201836416353643,0.39546879682600294
topcell,train,id_const_b30_h120_p100_nominal,cnn1d,0,720,0.11591066202217751,0.09708600002418523,-0.04394067630698627,0.28064626488531985,0.09896005198258562
topcell,train,id_const_b30_h120_p100_nominal,tcn,0,720,0.4414958418418965,0.3528449554452457,-0.15659447375414592,0.96491633069013,0.512797973095814
topcell,train,id_const_b30_h120_p100_nominal,gru,0,720,0.08873032479648428,0.0631490588389301,0.04443946154988732,0.21762201651694113,0.1821197320723551
topcell,train,id_const_b30_h120_p100_nominal,lstm,0,720,0.14503670543031344,0.1264923839312013,0.10804485833816012,0.25901863730794616,0.14195901515209605
topcell,train,id_const_b30_h200_p150_cold,physical_rc,0,720,0.024171738370008924,0.014538874374406359,0.0010602413220645503,0.10740413184731068,0.010693298402848005
topcell,train,id_const_b30_h200_p150_cold,mlp,0,720,0.2793922917331718,0.2405227100105843,-0.032991055145762456,0.6143689525834333,0.32576074840330715
topcell,train,id_const_b30_h200_p150_cold,cnn1d,0,720,0.3580626391344915,0.28357367005276163,0.2537527927324947,0.6365976854348787,0.5217620483532736
topcell,train,id_const_b30_h200_p150_cold,tcn,0,720,1.0168128767297673,0.8653551380992639,-0.8317839094931052,1.9610148506218366,0.30919440962222566
topcell,train,id_const_b30_h200_p150_cold,gru,0,720,0.09682552282246747,0.07931345636381804,0.00553230377971099,0.22826591911452,0.10983531010264465
topcell,train,id_const_b30_h200_p150_cold,lstm,0,720,0.23598833935612776,0.17944440080954732,0.15702193588740732,0.5234709842780774,0.28807320706768386
topcell,train,id_const_b30_h200_p150_gradient,physical_rc,0,720,0.04043764215723235,0.021723011904751347,-0.0013058424008686447,0.16717911265263297,0.01124285091873737
topcell,train,id_const_b30_h200_p150_gradient,mlp,0,720,0.56005149557,0.5068382398200768,0.15370913060813565,1.0289604748132604,0.5422291884555576
topcell,train,id_const_b30_h200_p150_gradient,cnn1d,0,720,0.24981441974573637,0.21175169629586146,0.2035631559080768,0.5363298991472618,0.3215132238349032
topcell,train,id_const_b30_h200_p150_gradient,tcn,0,720,0.7383207905379277,0.5676934622871588,-0.4240576094758664,1.7641328042848414,0.6010554995209513
topcell,train,id_const_b30_h200_p150_gradient,gru,0,720,0.10152916568029191,0.07896809104792234,-0.05060819342234744,0.20222684628797083,0.07451764606032804
topcell,train,id_const_b30_h200_p150_gradient,lstm,0,720,0.1907290484712627,0.16958825346459713,0.16453371870395245,0.32380495331743475,0.1814950937098212
topcell,train,id_const_b30_h200_p150_nominal,physical_rc,0,720,0.026878720598546513,0.015680366231165366,-0.0001911412873296609,0.11465262546556687,0.011106274061534206
topcell,train,id_const_b30_h200_p150_nominal,mlp,0,720,0.2232426820377401,0.18439834939578448,-0.08791298897455796,0.5191996774340026,0.19501956347174984
topcell,train,id_const_b30_h200_p150_nominal,cnn1d,0,720,0.22289969701773946,0.18541910716685542,0.17665989125447432,0.5090473533319084,0.31379473023245424
topcell,train,id_const_b30_h200_p150_nominal,tcn,0,720,0.8700767814059343,0.7038188490000534,-0.623564124962972,1.8618664303098598,0.4635866421920045
topcell,train,id_const_b30_h200_p150_nominal,gru,0,720,0.04433034992004488,0.03711566900600051,-0.004609253215947184,0.1047424224825022,0.07213627340189245
topcell,train,id_const_b30_h200_p150_nominal,lstm,0,720,0.22118848770671007,0.1983915303536325,0.19775933926203756,0.3782412026619113,0.2533231149336254
topcell,train,id_const_b40_h120_p150_cold,physical_rc,0,720,0.023869677573850896,0.014673999942127253,0.001218977272325746,0.08410471220601323,0.008700872587197025
topcell,train,id_const_b40_h120_p150_cold,mlp,0,720,0.15288762466749786,0.10808329555525358,-0.010812916508096886,0.4700247988367181,0.07769562373590784
topcell,train,id_const_b40_h120_p150_cold,cnn1d,0,720,0.13149424757877778,0.10887855789577457,0.041633249791482294,0.25519388000174104,0.15614115035568354
topcell,train,id_const_b40_h120_p150_cold,tcn,0,720,0.5462643369863711,0.46614927719055177,-0.22874732128494912,1.080058125976123,0.6077757670250848
topcell,train,id_const_b40_h120_p150_cold,gru,0,720,0.13637523493313183,0.11840434299689677,0.06768905980584256,0.25639822132272627,0.17902374165690157
topcell,train,id_const_b40_h120_p150_cold,lstm,0,720,0.11518973482029535,0.09289277106798922,-0.050662451534753496,0.26407630009073557,0.07497210687472446
topcell,train,id_const_b40_h120_p150_gradient,physical_rc,0,720,0.04024315353811633,0.022034317551312375,-0.0011471189506568496,0.1444148371520413,0.008979104501789592
topcell,train,id_const_b40_h120_p150_gradient,mlp,0,720,0.17820413304108818,0.15203438022694202,-0.006587435215578748,0.4287016569346065,0.17809399503081078
topcell,train,id_const_b40_h120_p150_gradient,cnn1d,0,720,0.11621394338665444,0.09274107087067289,0.0701487477232697,0.26111312840816936,0.1223048693668515
topcell,train,id_const_b40_h120_p150_gradient,tcn,0,720,0.37105427171438754,0.317078437290397,-0.0007232973624367626,0.7968235038347871,0.6203712784161275
topcell,train,id_const_b40_h120_p150_gradient,gru,0,720,0.1289669096900115,0.10203975502359154,-0.09008857456819341,0.296242761945976,0.03772326272687251
topcell,train,id_const_b40_h120_p150_gradient,lstm,0,720,0.09836189749356689,0.08672787921474395,0.003267895746304254,0.20649930280762874,0.1264810771653008
topcell,train,id_const_b40_h120_p150_nominal,physical_rc,0,720,0.026836871402991888,0.01588543964527259,-3.242339263460378e-05,0.09620346368549804,0.008906923018336647
topcell,train,id_const_b40_h120_p150_nominal,mlp,0,720,0.2774059977008781,0.21223479917523033,-0.1253562762377075,0.56865013879586,0.3852561944266505
topcell,train,id_const_b40_h120_p150_nominal,cnn1d,0,720,0.07011805426253889,0.05702970097444066,-0.027470377983073686,0.2655170908601292,0.09067787573096749
topcell,train,id_const_b40_h120_p150_nominal,tcn,0,720,0.4191294881923273,0.34422407020247886,-0.15367493174853772,0.9009580156965171,0.5574124072993294
topcell,train,id_const_b40_h120_p150_nominal,gru,0,720,0.08277876484278895,0.0700126107743141,0.03292509563550367,0.18100737676910228,0.11505898507498281
topcell,train,id_const_b40_h120_p150_nominal,lstm,0,720,0.07698912961314335,0.06360334501342965,0.051192043525653486,0.20692228940791324,0.1292579249824131
topcell,train,id_const_b20_h200_p50_cold,physical_rc,0,720,0.015072277986467894,0.007476878246019996,2.7915417128770374e-05,0.09587640568698674,0.007152354108350568
topcell,train,id_const_b20_h200_p50_cold,mlp,0,720,0.5474023222919121,0.43498904601837013,0.0192528118343762,1.1057179521379652,0.5896640976636777
topcell,train,id_const_b20_h200_p50_cold,cnn1d,0,720,0.19405080467570748,0.16685987907042618,0.15392993201454605,0.36462920963519707,0.20346714080243058
topcell,train,id_const_b20_h200_p50_cold,tcn,0,720,0.7592439176738692,0.6247228596722155,-0.60157536306371,1.7151072589791738,0.28547031961259844
topcell,train,id_const_b20_h200_p50_cold,gru,0,720,0.10380556145498057,0.08907614608302816,0.080932410311772,0.2461483438532781,0.1663808709756815
topcell,train,id_const_b20_h200_p50_cold,lstm,0,720,0.1224429196755698,0.1040148670271394,0.05017780536849131,0.24568518308952036,0.12237002058092214
topcell,train,id_const_b20_h200_p50_gradient,physical_rc,0,720,0.028410323843530625,0.013743297521623848,-0.002338157190641472,0.15565138648943133,0.007972115668147239
topcell,train,id_const_b20_h200_p50_gradient,mlp,0,720,0.25531157487377437,0.20060364372737552,0.16968324160772882,0.5961901795314475,0.05652513558599113
topcell,train,id_const_b20_h200_p50_gradient,cnn1d,0,720,0.2046204294213614,0.16240887870344525,0.1502109490058455,0.48572575811823526,0.15403599131791404
topcell,train,id_const_b20_h200_p50_gradient,tcn,0,720,1.1003085132392758,0.8534252839951406,-0.20174589471257337,2.495589524322696,1.2826969551368717
topcell,train,id_const_b20_h200_p50_gradient,gru,0,720,0.12719590802728803,0.10851547547258779,-0.10662641979321891,0.22424898550312378,0.027736323206162233
topcell,train,id_const_b20_h200_p50_gradient,lstm,0,720,0.1963557428474709,0.1587774300110236,-0.036859428299726646,0.4693133239921963,0.18260222179942337
topcell,train,id_const_b20_h200_p50_nominal,physical_rc,0,720,0.016539009852424416,0.00811843759075656,-0.001223447744840832,0.10312589930283877,0.007767961874160269
topcell,train,id_const_b20_h200_p50_nominal,mlp,0,720,0.8151008466948324,0.6661066232303564,-0.10109456166720222,1.6172678450490565,0.9083373847494578
topcell,train,id_const_b20_h200_p50_nominal,cnn1d,0,720,0.24629317893768427,0.21384660622487783,0.043441243220145295,0.5139872888002088,0.19654711798874985
topcell,train,id_const_b20_h200_p50_nominal,tcn,0,720,0.5390908586477765,0.42378913809171953,-0.40909192357473334,1.2476864084208898,0.20927049177713056
topcell,train,id_const_b20_h200_p50_nominal,gru,0,720,0.0542355814703508,0.045273659497595736,-0.0112897382128384,0.1546987947660341,0.09930754650720394
topcell,train,id_const_b20_h200_p50_nominal,lstm,0,720,0.11922884891193833,0.09521899989220842,-0.028578142993496876,0.2594865298288056,0.123596252411024
topcell,train,id_step_heater_b40_h120_p50,physical_rc,0,720,0.012906092204970313,0.007468806405140743,-0.001458881094174242,0.04640477637386198,0.0035092905314166984
topcell,train,id_step_heater_b40_h120_p50,mlp,0,720,0.31180726130522285,0.2419020416417097,0.009865521892466766,0.8530946119771983,0.10739366450472751
topcell,train,id_step_heater_b40_h120_p50,cnn1d,0,720,0.2585405859560248,0.18177082955180335,0.06952916410957082,0.6590008780615761,0.29591782468342614
topcell,train,id_step_heater_b40_h120_p50,tcn,0,720,0.42026792676541885,0.30612299775636354,0.10933506198957546,1.096575366359076,0.38581143250970984
topcell,train,id_step_heater_b40_h120_p50,gru,0,720,0.2345016494144264,0.19286071188391532,-0.16317470354384167,0.47323344565205616,0.15782979738555347
topcell,train,id_step_heater_b40_h120_p50,lstm,0,720,0.21155253444050842,0.16804454111819153,0.02025712498567316,0.5658186701635088,0.11697588942142423
topcell,train,id_ramp_heater_b10_h200_p150,physical_rc,0,720,0.02410978983601735,0.016860520396603698,-0.00047662611072628715,0.08544500204075689,0.011941117802340988
topcell,train,id_ramp_heater_b10_h200_p150,mlp,0,720,1.3529014002210624,0.9059813807926921,0.5786453711473206,3.9542212777952557,0.7444673349036515
topcell,train,id_ramp_heater_b10_h200_p150,cnn1d,0,720,0.9459953537662245,0.688629061407842,0.08268108557660947,2.5229805042998237,0.7558039685292754
topcell,train,id_ramp_heater_b10_h200_p150,tcn,0,720,1.1193543163938657,0.8640940975500068,0.010398872038464497,2.8233306730751337,0.5067134740638496
topcell,train,id_ramp_heater_b10_h200_p150,gru,0,720,0.2877796463803167,0.220512125799231,-0.17693783210138395,0.6100263951824729,0.1322478874937625
topcell,train,id_ramp_heater_b10_h200_p150,lstm,0,720,0.5032993297430474,0.41218221469026706,-0.07019282542728299,1.0436376931786242,0.44327105474246964
topcell,train,id_const_b10_h120_p150_cold,physical_rc,0,720,0.01968764533495396,0.012750660981598255,0.001984257544349334,0.06729722365243163,0.008394747228460049
topcell,train,id_const_b10_h120_p150_cold,mlp,0,720,0.3586215390497113,0.29617592739827076,0.09885561528699487,0.7322020379296106,0.35670349170257293
topcell,train,id_const_b10_h120_p150_cold,cnn1d,0,720,0.1792193369518539,0.1494341014510089,0.1008064838857258,0.3156099627292974,0.24018677927281146
topcell,train,id_const_b10_h120_p150_cold,tcn,0,720,0.8018782409748593,0.6611395464722036,-0.6109396973451127,1.850841103334247,0.40717773111743555
topcell,train,id_const_b10_h120_p150_cold,gru,0,720,0.09636128078265199,0.08602977662619511,0.043720353536625775,0.19413637709087084,0.0595203938604185
topcell,train,id_const_b10_h120_p150_cold,lstm,0,720,0.1442633153216439,0.11155310881820314,0.07584849049971829,0.374421844673833,0.20935110704490406
topcell,train,id_const_b10_h120_p150_gradient,physical_rc,0,720,0.035864089123611234,0.019942187684326384,-0.0003818317341516991,0.12983851430317372,0.008693246049855658
topcell,train,id_const_b10_h120_p150_gradient,mlp,0,720,0.16824102476983013,0.1354849062897826,0.01148487251458965,0.5090558448755473,0.17032310898894043
topcell,train,id_const_b10_h120_p150_gradient,cnn1d,0,720,0.167864765574631,0.14772011545254904,0.08004865761552725,0.30737485370138984,0.2368991562466493
topcell,train,id_const_b10_h120_p150_gradient,tcn,0,720,0.6627559831165446,0.522378999182668,-0.41772018624109664,1.462276236442662,0.4213474985722912
topcell,train,id_const_b10_h120_p150_gradient,gru,0,720,0.1576062098985927,0.14330421886631312,-0.14298619276788735,0.29421289675839546,0.12931191667957548
topcell,train,id_const_b10_h120_p150_gradient,lstm,0,720,0.1219292917658148,0.09763410328746344,-0.01723641546939001,0.2882451064354399,0.21758886393622548
topcell,train,id_const_b10_h120_p150_nominal,physical_rc,0,720,0.022545881649717114,0.013880278584457154,0.0007328860460913707,0.07932784889266031,0.008615511381253813
topcell,train,id_const_b10_h120_p150_nominal,mlp,0,720,0.11073077900146677,0.09281529309775577,-0.04025692729118359,0.25572229971106,0.1128675066792446
topcell,train,id_const_b10_h120_p150_nominal,cnn1d,0,720,0.11004184521293531,0.07830628140602909,0.02359817275342264,0.3109195442621342,0.1843644670713519
topcell,train,id_const_b10_h120_p150_nominal,tcn,0,720,0.6599346678201603,0.5341340888358671,-0.4907590036042857,1.42866753045125,0.33911533225303303
topcell,train,id_const_b10_h120_p150_nominal,gru,0,720,0.04681359894506832,0.03652618200063422,0.027860310165351364,0.10109596711100721,0.038996452975016124
topcell,train,id_const_b10_h120_p150_nominal,lstm,0,720,0.13425259377226595,0.10904806211355315,0.08297375314420467,0.31753379673764925,0.16749669314872995
topcell,train,id_const_b20_h200_p100_cold,physical_rc,0,720,0.01790919942581423,0.010167881496626811,0.000671628066279073,0.10000254295879074,0.0086535961029546
topcell,train,id_const_b20_h200_p100_cold,mlp,0,720,0.29140079486980996,0.21616493713726107,-0.11443431104744806,0.5929411269895013,0.2977881834811543
topcell,train,id_const_b20_h200_p100_cold,cnn1d,0,720,0.27450543747615397,0.22290070095153922,0.20866533441538584,0.4476523424685297,0.3362244029888828
topcell,train,id_const_b20_h200_p100_cold,tcn,0,720,0.9359455776963849,0.7841119081827972,-0.7742359278074216,1.9564968484161227,0.36363610168417027
topcell,train,id_const_b20_h200_p100_cold,gru,0,720,0.15560620830310243,0.1348398899188627,0.13020457631815394,0.3045560951842248,0.1265719636646322
topcell,train,id_const_b20_h200_p100_cold,lstm,0,720,0.2753692435022918,0.22533527022875388,0.2156515729736361,0.6024622300456031,0.2652650782639212
topcell,train,id_const_b20_h200_p100_gradient,physical_rc,0,720,0.033331756571001764,0.01706710682627321,-0.0016944639899969477,0.15977752376412013,0.009335212228238724
topcell,train,id_const_b20_h200_p100_gradient,mlp,0,720,0.35913269847288376,0.3345527202833555,0.1277822248467532,0.570787778431324,0.2798252810179749
topcell,train,id_const_b20_h200_p100_gradient,cnn1d,0,720,0.2576340210017068,0.2331292450891992,0.2233053707537244,0.45994526539314506,0.19870429935868963
topcell,train,id_const_b20_h200_p100_gradient,tcn,0,720,0.7281704009183022,0.5190327777160634,-0.3430333743244358,1.8907611708134056,0.7642489712493838
topcell,train,id_const_b20_h200_p100_gradient,gru,0,720,0.07388018126745477,0.05533535500489078,-0.04800373125075744,0.17007272018327058,0.07001192359467057
topcell,train,id_const_b20_h200_p100_gradient,lstm,0,720,0.19051641289563795,0.15502352606999797,0.14215721745627252,0.4855849181356149,0.06270176214305749
topcell,train,id_const_b20_h200_p100_nominal,physical_rc,0,720,0.020200553594533623,0.011148142025846417,-0.0005797392653508303,0.10725203657705151,0.009165194806295632
topcell,train,id_const_b20_h200_p100_nominal,mlp,0,720,0.43302696229992904,0.3343885641111352,-0.16717188321279236,0.9400004149577512,0.5056256437374406
topcell,train,id_const_b20_h200_p100_nominal,cnn1d,0,720,0.18551877851538545,0.14737174965141134,0.14140376309605215,0.4311438289685867,0.1395070032585604
topcell,train,id_const_b20_h200_p100_nominal,tcn,0,720,0.7528895045365501,0.5981408893712223,-0.559429574500557,1.6355085169009698,0.42330046791332143
topcell,train,id_const_b20_h200_p100_nominal,gru,0,720,0.0710887733435965,0.06173762697213363,0.05913721707824624,0.13945251847032125,0.05648177787758353
topcell,train,id_const_b20_h200_p100_nominal,lstm,0,720,0.20290752980340918,0.1820665184077926,0.1814602058776636,0.4307362091957998,0.1575072657469616
topcell,train,id_const_b20_h200_p0_cold,physical_rc,0,720,0.015643247162042774,0.007938158470915497,-0.0006157653440302822,0.09174926842898401,0.006440322331304697
topcell,train,id_const_b20_h200_p0_cold,mlp,0,720,0.6644431177814776,0.5187600152023782,0.41355667323596634,1.5516613345443488,0.29500364961878894
topcell,train,id_const_b20_h200_p0_cold,cnn1d,0,720,0.31450793998078064,0.25893707056110826,0.16302587419430767,0.5780638678255059,0.3242684012503607
topcell,train,id_const_b20_h200_p0_cold,tcn,0,720,0.5211200073458558,0.4637382120292604,-0.43259107129844016,0.9155486421577237,0.16092480948097365
topcell,train,id_const_b20_h200_p0_cold,gru,0,720,0.14705353034831473,0.11766781229454934,0.10986616670645516,0.295065522651754,0.1760444840594492
topcell,train,id_const_b20_h200_p0_cold,lstm,0,720,0.2088781869221132,0.16594480848825238,0.14509025757830743,0.4355992340521908,0.1157533435335371
topcell,train,id_const_b20_h200_p0_gradient,physical_rc,0,720,0.024786951402201905,0.01195325391808511,-0.002981872673832115,0.15152424923186203,0.0073493183526894545
topcell,train,id_const_b20_h200_p0_gradient,mlp,0,720,0.4274757099585706,0.33764394280287197,0.2948932853073645,1.0070882457684363,0.31730186876634536
topcell,train,id_const_b20_h200_p0_gradient,cnn1d,0,720,0.26344441740337093,0.23243649627540228,0.14074417720998642,0.42741393867925126,0.28292122658242735
topcell,train,id_const_b20_h200_p0_gradient,tcn,0,720,0.6974890071602202,0.5185189984154455,-0.10211522790598827,1.5436144152678537,0.8739903015394401
topcell,train,id_const_b20_h200_p0_gradient,gru,0,720,0.09098286583971739,0.08036874705630946,-0.06246846335949222,0.16104349127517992,0.06297552446300093
topcell,train,id_const_b20_h200_p0_gradient,lstm,0,720,0.09331745493012543,0.07575452558515351,0.0007727444937122049,0.2664231499005041,0.08442924605668592
topcell,train,id_const_b20_h200_p0_nominal,physical_rc,0,720,0.015815131334598283,0.007833994485860411,-0.0018671423945163055,0.09899876204514868,0.007122652968576021
topcell,train,id_const_b20_h200_p0_nominal,mlp,0,720,0.6681647940279251,0.5614169650551191,0.10121393151318661,1.354255707884434,0.6206516785591967
topcell,train,id_const_b20_h200_p0_nominal,cnn1d,0,720,0.08387898213281879,0.06716593974646504,-0.006739883073668611,0.20271381538591982,0.05620293588749439
topcell,train,id_const_b20_h200_p0_nominal,tcn,0,720,0.651529169679988,0.5325730548136735,-0.36158628551778954,1.341841768191955,0.38591427739915596
topcell,train,id_const_b20_h200_p0_nominal,gru,0,720,0.05320066988244176,0.045042589687747506,-0.0355469702956604,0.127832219030509,0.046586270187703546
topcell,train,id_const_b20_h200_p0_nominal,lstm,0,720,0.16064053884226623,0.1276158524249854,-0.07764845060239224,0.3448214539366319,0.19555244568928615
topcell,train,id_const_b40_h160_p0_cold,physical_rc,0,720,0.0109707441079356,0.0051887606416018825,-0.0009190465402698263,0.06984361376727577,0.004446868184427072
topcell,train,id_const_b40_h160_p0_cold,mlp,0,720,0.4471892987969154,0.36522579947476635,0.14326615322421146,1.0887406432991895,0.6203148830701021
topcell,train,id_const_b40_h160_p0_cold,cnn1d,0,720,0.28807397487641145,0.24210241778255176,0.22123692723716532,0.5901510489367467,0.19695477354422158
topcell,train,id_const_b40_h160_p0_cold,tcn,0,720,0.5917589889229188,0.40909124109338596,0.25850387382871565,1.5362634293197317,0.8135914475441488
topcell,train,id_const_b40_h160_p0_cold,gru,0,720,0.056165877362398635,0.04232875420099079,0.031763157045530725,0.1345418716979765,0.03719202629482025
topcell,train,id_const_b40_h160_p0_cold,lstm,0,720,0.24950632794563107,0.18598193218714024,0.1530876769268742,0.4446958026881447,0.29163972602968424
topcell,train,id_const_b40_h160_p0_gradient,physical_rc,0,720,0.02376990361523929,0.01194678434863811,-0.003285156647815896,0.12961859457014668,0.005352586899815949
topcell,train,id_const_b40_h160_p0_gradient,mlp,0,720,0.47264566545750736,0.3346195452242501,0.1880127912582655,1.2016415732268086,0.6287184784375311
topcell,train,id_const_b40_h160_p0_gradient,cnn1d,0,720,0.17966507698199477,0.14967904789748696,0.1424502046079375,0.42451988142954633,0.1266360750220539
topcell,train,id_const_b40_h160_p0_gradient,tcn,0,720,1.0413657249124408,0.8577644413556685,0.2649924418233757,2.0311434071170567,1.2353238408645806
topcell,train,id_const_b40_h160_p0_gradient,gru,0,720,0.0693022485983713,0.057317544702652275,0.036635309341471335,0.17216971072664933,0.039095549466264735
topcell,train,id_const_b40_h160_p0_gradient,lstm,0,720,0.1744319389690212,0.1423885378800334,0.090555278348342,0.36405718362819073,0.2404362224971564
topcell,train,id_const_b40_h160_p0_nominal,physical_rc,0,720,0.01211471760885713,0.006046294794255728,-0.0021704069240824253,0.07709310738344044,0.00512578086623261
topcell,train,id_const_b40_h160_p0_nominal,mlp,0,720,0.44657765494764695,0.38644412823073165,0.032796844532402065,0.9615661606876742,0.3757658519688648
topcell,train,id_const_b40_h160_p0_nominal,cnn1d,0,720,0.14959848035588175,0.12988348403842048,0.08363656260644334,0.2887404192555394,0.18130513511820243
topcell,train,id_const_b40_h160_p0_nominal,tcn,0,720,0.4961206834833086,0.3942448541303834,0.23863683097767574,0.9500972319546435,0.39606313128985926
topcell,train,id_const_b40_h160_p0_nominal,gru,0,720,0.09927047673504576,0.08168411931874754,-0.07990577552871689,0.2092516375311675,0.06707822350813956
topcell,train,id_const_b40_h160_p0_nominal,lstm,0,720,0.1392781192044274,0.11370905482260281,-0.019884790384389037,0.3202164395367504,0.23172797626080896
topcell,train,id_ramp_plasma_b40_h200_p100,physical_rc,0,720,0.023972291820133464,0.018689841277525973,0.003069722314298209,0.10554766530233906,0.029514360827233254
topcell,train,id_ramp_plasma_b40_h200_p100,mlp,0,720,0.35426280590725795,0.27654068567263784,-0.08613979396080548,1.0874559698288309,0.2333284153368123
topcell,train,id_ramp_plasma_b40_h200_p100,cnn1d,0,720,0.16383007468283337,0.1359969104189746,0.1160427628659941,0.36264186816029564,0.1445805205306036
topcell,train,id_ramp_plasma_b40_h200_p100,tcn,0,720,0.869420888872518,0.6321067724309218,-0.2995748685144087,2.855840280691197,1.4262297622361557
topcell,train,id_ramp_plasma_b40_h200_p100,gru,0,720,0.2643777549546246,0.192528394248879,-0.18961987693923227,0.7701533238347906,0.5776093806027063
topcell,train,id_ramp_plasma_b40_h200_p100,lstm,0,720,0.2138088406327849,0.17120735455325994,-0.021961783072870125,0.5198119492638114,0.3786380585027309
topcell,train,id_step_plasma_b40_h200_p100,physical_rc,0,720,0.027724147839491727,0.021712351446848337,0.001846453447093557,0.10554766530233906,0.019912994208229732
topcell,train,id_step_plasma_b40_h200_p100,mlp,0,720,0.40860892046580494,0.3049878921928818,-0.10637863811179907,1.0874559698288309,0.33145850224234175
topcell,train,id_step_plasma_b40_h200_p100,cnn1d,0,720,0.39603619164742615,0.3002932625381585,0.22900462742244249,0.8342812907011137,0.4708097303484333
topcell,train,id_step_plasma_b40_h200_p100,tcn,0,720,0.9109912218291073,0.6589731092807437,-0.1721316461915019,2.9067700106826777,0.9796731496878975
topcell,train,id_step_plasma_b40_h200_p100,gru,0,720,0.1417195306547798,0.11742032861597895,0.08058049298658096,0.28824617549295795,0.07083962355930223
topcell,train,id_step_plasma_b40_h200_p100,lstm,0,720,0.2966104821024665,0.24631898244976302,0.23834038317950026,0.60015407305076,0.17072004466976898
topcell,train,id_const_b40_h120_p50_cold,physical_rc,0,720,0.010308712896491526,0.005864522227876871,-6.845503297397847e-05,0.045516193106927005,0.0039049861439305025
topcell,train,id_const_b40_h120_p50_cold,mlp,0,720,0.16825607666614814,0.14033746515247458,-0.07257189209019518,0.3830344813683979,0.09348819106139736
topcell,train,id_const_b40_h120_p50_cold,cnn1d,0,720,0.19683053169641865,0.1569847061838468,0.09978374492493255,0.39476155223542264,0.23255194817774108
topcell,train,id_const_b40_h120_p50_cold,tcn,0,720,0.280799354962801,0.2159125252604754,0.027730669383197327,0.6351647655926485,0.35195672354667484
topcell,train,id_const_b40_h120_p50_cold,gru,0,720,0.14966307799796874,0.13012128211926938,-0.12934680017342634,0.27179024338730073,0.12785234558575753
topcell,train,id_const_b40_h120_p50_cold,lstm,0,720,0.1483243254497253,0.11210713699481134,-0.046366524639008026,0.3366741993806244,0.12146930829638095
topcell,train,id_const_b40_h120_p50_gradient,physical_rc,0,720,0.027118929589943414,0.013694249256529654,-0.0024345470851627306,0.10578750404086179,0.0045217300663890824
topcell,train,id_const_b40_h120_p50_gradient,mlp,0,720,0.6006583840402226,0.48251083722296484,0.0673467958786138,1.407345113442389,0.7857061454788202
topcell,train,id_const_b40_h120_p50_gradient,cnn1d,0,720,0.23641198900849772,0.21154026486048289,0.11905591668040758,0.4306404094283778,0.14796798038103667
topcell,train,id_const_b40_h120_p50_gradient,tcn,0,720,0.4766297522982941,0.40963962090833045,0.13133740191978246,0.8120858364311943,0.605572423568901
topcell,train,id_const_b40_h120_p50_gradient,gru,0,720,0.04903231435938719,0.03971823602513839,-0.03536993506159898,0.13207800931361646,0.06902119959161403
topcell,train,id_const_b40_h120_p50_gradient,lstm,0,720,0.15632795222357979,0.1350138475786234,0.13086800830686146,0.2480997961547189,0.12102344252509498
topcell,train,id_const_b40_h120_p50_nominal,physical_rc,0,720,0.013221597849478184,0.007224292730568995,-0.0013198112504695973,0.05276468672278867,0.004360351444095241
topcell,train,id_const_b40_h120_p50_nominal,mlp,0,720,0.18328546017748165,0.15284674293746178,-0.04356439939035702,0.4096801625913997,0.17684815869728715
topcell,train,id_const_b40_h120_p50_nominal,cnn1d,0,720,0.10701099435497796,0.09113260817092976,0.04070548947724016,0.21353952324940906,0.11333315239503393
topcell,train,id_const_b40_h120_p50_nominal,tcn,0,720,0.33284971021921766,0.2669098432935717,0.030173957582376194,0.6082318591280966,0.3309443656922589
topcell,train,id_const_b40_h120_p50_nominal,gru,0,720,0.10289570605962847,0.09106717935130226,-0.09061611742387188,0.18544546193633948,0.09107732264343049
topcell,train,id_const_b40_h120_p50_nominal,lstm,0,720,0.09145188291507447,0.08299561082152308,0.026581497264123132,0.1456160665718187,0.09948589910003411
topcell,train,id_const_b40_h80_p100_cold,physical_rc,0,720,0.017078846971137988,0.010140303623070421,0.0007821600840461487,0.06666367864858813,0.005559423650835664
topcell,train,id_const_b40_h80_p100_cold,mlp,0,720,0.26308825893110754,0.21891698335615958,-0.007027012205894777,0.5803081004791011,0.29848555151964556
topcell,train,id_const_b40_h80_p100_cold,cnn1d,0,720,0.11484912091533515,0.0981511656611419,-0.0031174396607324497,0.2663887283845483,0.16631669945076616
topcell,train,id_const_b40_h80_p100_cold,tcn,0,720,0.3400062237630218,0.2833318720883859,0.15224086885711374,0.7825742512813889,0.32503282738175404
topcell,train,id_const_b40_h80_p100_cold,gru,0,720,0.04902934523744847,0.04222826300294388,-0.027250696499565318,0.09491129567260259,0.039600510744992115
topcell,train,id_const_b40_h80_p100_cold,lstm,0,720,0.20363850045565043,0.16451992662263387,-0.06736457711980628,0.433008078273744,0.24520656649463096
topcell,train,id_const_b40_h80_p100_gradient,physical_rc,0,720,0.033247093621660034,0.01769228073963157,-0.0015839264126035128,0.11915794728442108,0.005694234492647799
topcell,train,id_const_b40_h80_p100_gradient,mlp,0,720,0.29956375549422076,0.2537224098579343,0.15039319228794773,0.5596864959719454,0.1916894398161164
topcell,train,id_const_b40_h80_p100_gradient,cnn1d,0,720,0.18043439625039218,0.1572292591579953,0.03909026418567185,0.3328475432432185,0.18562242758846031
topcell,train,id_const_b40_h80_p100_gradient,tcn,0,720,0.5708680722257352,0.5079701297102917,0.4107362088116686,0.8888989716865865,0.6674373240560809
topcell,train,id_const_b40_h80_p100_gradient,gru,0,720,0.0540297155094412,0.04191084881352879,0.0295524558147418,0.13736338394937775,0.048195571381417834
topcell,train,id_const_b40_h80_p100_gradient,lstm,0,720,0.1456333220561367,0.124826083979345,0.09298345789796106,0.2627489309278985,0.17416270788561627
topcell,train,id_const_b40_h80_p100_nominal,physical_rc,0,720,0.02005889821666448,0.011413857609213974,-0.0004691975223533953,0.07855806042449842,0.005651187127341579
topcell,train,id_const_b40_h80_p100_nominal,mlp,0,720,0.14896003194160978,0.1289755711327269,0.09492704587110021,0.2850423763545251,0.1804443610449999
topcell,train,id_const_b40_h80_p100_nominal,cnn1d,0,720,0.11788330068067011,0.09997463732939182,-0.01028119708410878,0.3042271605530402,0.18144498788152558
topcell,train,id_const_b40_h80_p100_nominal,tcn,0,720,0.24143856671176855,0.19667316012915595,0.17752679271278982,0.5935278087209213,0.3843278556946912
topcell,train,id_const_b40_h80_p100_nominal,gru,0,720,0.09656456315497422,0.08797616629124086,0.08625406154043065,0.17909846899407,0.08437649359567931
topcell,train,id_const_b40_h80_p100_nominal,lstm,0,720,0.17112863802955555,0.14788306809651747,0.11223651998866953,0.2945728118707933,0.17781756681442462
topcell,train,id_const_b10_h160_p0_cold,physical_rc,0,720,0.011083637381138465,0.005760917842578343,-0.00015378154178881726,0.060021258881974404,0.004469998180315044
topcell,train,id_const_b10_h160_p0_cold,mlp,0,720,0.5149111086731614,0.42849122312935267,0.2539801659117312,1.091334756342981,0.44941659248583543
topcell,train,id_const_b10_h160_p0_cold,cnn1d,0,720,0.317196577911971,0.25414639434134345,0.2046429683781879,0.5861097558815658,0.25452684230076644
topcell,train,id_const_b10_h160_p0_cold,tcn,0,720,0.3464597501253034,0.29666489172143873,-0.16260901960579113,0.705166571989551,0.3587381913037216
topcell,train,id_const_b10_h160_p0_cold,gru,0,720,0.08421635593363593,0.06884375084882245,0.01564508787333874,0.1943115826379085,0.11630875806122504
topcell,train,id_const_b10_h160_p0_cold,lstm,0,720,0.32511180707774395,0.27194185970001206,0.24071145894589713,0.6194084196068275,0.2779977628297654
topcell,train,id_const_b10_h160_p0_gradient,physical_rc,0,720,0.02040535136215464,0.010020655159803897,-0.0025198610937909056,0.119796239684824,0.005388437175090469
topcell,train,id_const_b10_h160_p0_gradient,mlp,0,720,0.3393901818970711,0.26917039751919836,0.05292528188290513,0.7703675131704841,0.38397383598015294
topcell,train,id_const_b10_h160_p0_gradient,cnn1d,0,720,0.11181222332728023,0.09722119016034729,0.02295571942676935,0.2535975995087085,0.07108967453780787
topcell,train,id_const_b10_h160_p0_gradient,tcn,0,720,0.6404174052727862,0.4818788356844599,-0.04032097596521197,1.343539627224473,0.7668493875573678
topcell,train,id_const_b10_h160_p0_gradient,gru,0,720,0.06270840326385822,0.04701105572325444,-0.02681196151323899,0.21794338344490427,0.12656767629159657
topcell,train,id_const_b10_h160_p0_gradient,lstm,0,720,0.06828806059752325,0.05733867972169303,0.03898666479637165,0.1626253823502779,0.06134515518659574
topcell,train,id_const_b10_h160_p0_nominal,physical_rc,0,720,0.010932273608399464,0.005565099800991656,-0.001405122481152363,0.06726975249812028,0.005158624731733882
topcell,train,id_const_b10_h160_p0_nominal,mlp,0,720,0.44002750585426936,0.3957716492540456,-0.06266130722291112,0.8066745838096807,0.40037320802735077
topcell,train,id_const_b10_h160_p0_nominal,cnn1d,0,720,0.12682788154986516,0.10305067017541292,0.010722331869102437,0.3130657113746338,0.12549652180830226
topcell,train,id_const_b10_h160_p0_nominal,tcn,0,720,0.5474700253339138,0.4812181405968927,-0.16978674519908185,0.8601555256579587,0.43956998387279805
topcell,train,id_const_b10_h160_p0_nominal,gru,0,720,0.10975439103622389,0.09537967882960557,-0.09218381510280015,0.2030873132990365,0.14808592065593323
topcell,train,id_const_b10_h160_p0_nominal,lstm,0,720,0.1083091315548315,0.09417815353908823,-0.04188503895819647,0.20415193144859956,0.09122069210259554
topcell,train,id_step_plasma_b30_h80_p100,physical_rc,0,720,0.022383887957504543,0.01785915156451095,0.002722283775159282,0.0536274114033759,0.015242073503648814
topcell,train,id_step_plasma_b30_h80_p100,mlp,0,720,0.3620846426324432,0.28366170610919733,-0.07293977752878518,1.2634392820032048,0.40222790272196224
topcell,train,id_step_plasma_b30_h80_p100,cnn1d,0,720,0.1918511229458602,0.14208142082707337,-0.008195049999493184,0.6174278674226059,0.32137494117235066
topcell,train,id_step_plasma_b30_h80_p100,tcn,0,720,0.979488439647719,0.5101811637362902,0.14527909561331107,3.7819212942006573,1.5193535997056307
topcell,train,id_step_plasma_b30_h80_p100,gru,0,720,0.09196563182995776,0.07201072875434887,-0.035290601769108663,0.2436054554599849,0.10572938746421487
topcell,train,id_step_plasma_b30_h80_p100,lstm,0,720,0.1545429571832523,0.11377007779727386,0.06641008945995966,0.6037841442918719,0.34617220971730833
topcell,train,id_step_plasma_b10_h160_p50,physical_rc,0,720,0.015482117023202242,0.01173553784489944,0.0007067721221758027,0.06726975249812028,0.011234232800543389
topcell,train,id_step_plasma_b10_h160_p50,mlp,0,720,0.34985460455227435,0.27331273800621797,-0.015300151724400853,0.8976082066249091,0.4971793470576694
topcell,train,id_step_plasma_b10_h160_p50,cnn1d,0,720,0.10357368374836838,0.07798899957158004,0.0458085568572204,0.3806919315471333,0.10993011966911559
topcell,train,id_step_plasma_b10_h160_p50,tcn,0,720,0.5444842183828887,0.42875863503572187,-0.20574337143765162,1.4778014451418784,0.40729480456459277
topcell,train,id_step_plasma_b10_h160_p50,gru,0,720,0.08899169696378058,0.07253475768930635,-0.06793551415697024,0.2781986579736184,0.1593356773741978
topcell,train,id_step_plasma_b10_h160_p50,lstm,0,720,0.08983224810682088,0.07195354869941044,0.01601100992221301,0.21288304381342016,0.10039095136414973
topcell,train,id_const_b30_h160_p100_cold,physical_rc,0,720,0.0165926353078242,0.009889711856910328,0.0006234574790474549,0.07482243665690902,0.007259129309931471
topcell,train,id_const_b30_h160_p100_cold,mlp,0,720,0.21602721806349795,0.1806726772627781,0.036191640176726735,0.40763346878397044,0.24578468084512692
topcell,train,id_const_b30_h160_p100_cold,cnn1d,0,720,0.2915935399454399,0.2354280111292977,0.12208707867724528,0.5655572325186,0.3876803772430615
topcell,train,id_const_b30_h160_p100_cold,tcn,0,720,0.5715391739043774,0.47902881569706734,-0.41737502033834645,1.170273799270646,0.33426003295269086
topcell,train,id_const_b30_h160_p100_cold,gru,0,720,0.1342548007947245,0.12214508003047211,0.12119210053220976,0.21375034895274325,0.12740689569821234
topcell,train,id_const_b30_h160_p100_cold,lstm,0,720,0.1762251661475144,0.15273902477890594,0.13798753160221594,0.3321162879482955,0.17968357360752163
topcell,train,id_const_b30_h160_p100_gradient,physical_rc,0,720,0.03301784439555808,0.017225165167559432,-0.001742655406477864,0.13459741745936782,0.007833222828774225
topcell,train,id_const_b30_h160_p100_gradient,mlp,0,720,0.27904599484714443,0.23662860456180293,0.072746379561587,0.5750923278987017,0.2055213924818145
topcell,train,id_const_b30_h160_p100_gradient,cnn1d,0,720,0.11178237237850626,0.09610844077458983,0.08752565436768821,0.2495810793961084,0.09668090276709841
topcell,train,id_const_b30_h160_p100_gradient,tcn,0,720,0.37410761314401775,0.29056680353721936,-0.09540819904815494,0.9042971190811926,0.5975729133649628
topcell,train,id_const_b30_h160_p100_gradient,gru,0,720,0.05394168126934786,0.044473000371201436,-0.02288205517149392,0.13018845364308618,0.04272541528237528
topcell,train,id_const_b30_h160_p100_gradient,lstm,0,720,0.10535141792580391,0.08236483904003039,0.01910746061859908,0.3499269428207299,0.1501004389293451
topcell,train,id_const_b30_h160_p100_nominal,physical_rc,0,720,0.01933200334356446,0.011066418120916558,-0.000627904294004791,0.08207193027274684,0.007687544921404182
topcell,train,id_const_b30_h160_p100_nominal,mlp,0,720,0.33568529039820844,0.2305169090311418,-0.05789009148031569,0.825362104260023,0.43063376330121617
topcell,train,id_const_b30_h160_p100_nominal,cnn1d,0,720,0.115798782732233,0.09527305459648075,0.07821548168283395,0.22751473404944988,0.13848864968862892
topcell,train,id_const_b30_h160_p100_nominal,tcn,0,720,0.4967564674029115,0.40684018643714687,-0.24045094379016085,1.125027001130178,0.5029421206713468
topcell,train,id_const_b30_h160_p100_nominal,gru,0,720,0.06209330883353067,0.0549689791960143,0.05089596686930857,0.1149538231426277,0.060999074711630734
topcell,train,id_const_b30_h160_p100_nominal,lstm,0,720,0.11921084394735378,0.10148883561589107,0.09508265135260371,0.27468069219344216,0.10622767150739106
topcell,train,id_const_b20_h80_p0_cold,physical_rc,0,720,0.0012675718669218094,0.0006659507657856069,4.964134352538865e-06,0.006396727991372586,0.0004978893469758275
topcell,train,id_const_b20_h80_p0_cold,mlp,0,720,0.2040681620262528,0.18742771257599705,0.0012532141332086588,0.3346010784257061,0.24607017452461402
topcell,train,id_const_b20_h80_p0_cold,cnn1d,0,720,0.06988976347994762,0.05670796369606425,0.024422715911344522,0.18595196343517273,0.09593050693492482
topcell,train,id_const_b20_h80_p0_cold,tcn,0,720,0.4578060264460832,0.394518414203107,0.2854439343262553,0.8376200264571594,0.4884669394928184
topcell,train,id_const_b20_h80_p0_cold,gru,0,720,0.04265225718782318,0.03930394191198675,-0.025741004931435392,0.07328599032308603,0.054595826071109584
topcell,train,id_const_b20_h80_p0_cold,lstm,0,720,0.1323578421379079,0.10290471276235473,0.09801188178482935,0.26041191521343166,0.15210919158039615
topcell,train,id_const_b20_h80_p0_gradient,physical_rc,0,720,0.017145188044232495,0.008841344311393851,-0.002361127915870822,0.06616157547577473,0.00146957555751817
topcell,train,id_const_b20_h80_p0_gradient,mlp,0,720,0.4089647639204923,0.3670490771163682,0.36318010518461524,0.6093977458884865,0.39338727641161364
topcell,train,id_const_b20_h80_p0_gradient,cnn1d,0,720,0.3326989464586717,0.27484293199724963,0.20078540446543122,0.5408009152793554,0.3795602983380886
topcell,train,id_const_b20_h80_p0_gradient,tcn,0,720,0.33921857247015696,0.28409664107857646,0.05470444612586177,1.101049345074486,0.28960432959989113
topcell,train,id_const_b20_h80_p0_gradient,gru,0,720,0.05405299120537442,0.045096530646481496,0.0035007447794021653,0.11303945131469817,0.08440623360900731
topcell,train,id_const_b20_h80_p0_gradient,lstm,0,720,0.07777458847510874,0.06475649838441222,0.04979931948089538,0.17234571818001143,0.07377830215307493
topcell,train,id_const_b20_h80_p0_nominal,physical_rc,0,720,0.003245976349405616,0.0021514739698278735,-0.001246403192510274,0.013635088289071007,0.001223855911390746
topcell,train,id_const_b20_h80_p0_nominal,mlp,0,720,0.43124324874518527,0.3266027809039319,0.12853060800690766,0.8665334505405227,0.5231455793530803
topcell,train,id_const_b20_h80_p0_nominal,cnn1d,0,720,0.07844292752386978,0.061603072062097364,0.024230837096700823,0.22351933566606874,0.14024804094134566
topcell,train,id_const_b20_h80_p0_nominal,tcn,0,720,0.21484264107127826,0.1740744583746456,-0.03908776611431132,0.5166254710976759,0.35877073217162314
topcell,train,id_const_b20_h80_p0_nominal,gru,0,720,0.17810637448556568,0.1619764145497874,-0.15435758634112476,0.2725270883823683,0.1868332857981561
topcell,train,id_const_b20_h80_p0_nominal,lstm,0,720,0.05860473475794457,0.04998759561366865,-0.00131053524921129,0.09953107639712044,0.046793625882068736
topcell,train,id_ramp_plasma_b40_h120_p50,physical_rc,0,720,0.012107634703796949,0.009569223439876377,0.0007600198717591766,0.048638549464882885,0.014554270617918445
topcell,train,id_ramp_plasma_b40_h120_p50,mlp,0,720,0.36919416265890925,0.2956695030358817,-0.08279220207546924,0.7968854216229175,0.3550794595714382
topcell,train,id_ramp_plasma_b40_h120_p50,cnn1d,0,720,0.15130061962632643,0.12147284231407798,0.03321362099656791,0.36693530848354783,0.22047636777082172
topcell,train,id_ramp_plasma_b40_h120_p50,tcn,0,720,0.4706622078729761,0.3548652574463296,-0.05458529491895483,1.529231421319892,0.7810900461303293
topcell,train,id_ramp_plasma_b40_h120_p50,gru,0,720,0.13786185451420463,0.11908907524531707,-0.11614938393846555,0.3912700045684119,0.28020001031242825
topcell,train,id_ramp_plasma_b40_h120_p50,lstm,0,720,0.11462850099065616,0.09687620188608423,-0.00047573579422942477,0.2060788771358517,0.1233630731887835
topcell,train,id_const_b10_h160_p50_cold,physical_rc,0,720,0.010305812768174247,0.0055026424838003785,0.0004899256080001437,0.06414739614007914,0.005311303895923267
topcell,train,id_const_b10_h160_p50_cold,mlp,0,720,0.35616220141075794,0.2917896761055996,0.15435375596623352,0.702562826698653,0.32523350314099475
topcell,train,id_const_b10_h160_p50_cold,cnn1d,0,720,0.1602378503434804,0.13173604175504672,0.1086676086970681,0.29976273857361946,0.11886610847520536
topcell,train,id_const_b10_h160_p50_cold,tcn,0,720,0.5387057442254001,0.4618951313013308,-0.43080911184689347,1.1821985958133467,0.1829372480908969
topcell,train,id_const_b10_h160_p50_cold,gru,0,720,0.06506950735415934,0.04786553414838109,-0.03774918663187336,0.15308271590589584,0.06470147113816362
topcell,train,id_const_b10_h160_p50_cold,lstm,0,720,0.18480110981512782,0.13902992953641446,0.10687200899571438,0.43260853849933767,0.2469397484920617
topcell,train,id_const_b10_h160_p50_gradient,physical_rc,0,720,0.024698834816672965,0.012102261439846372,-0.0018761844997459835,0.12392237694253083,0.006093239176364713
topcell,train,id_const_b10_h160_p50_gradient,mlp,0,720,0.43559746343955996,0.3541674368882509,0.15353447484662583,1.0344412619852221,0.3378710306966157
topcell,train,id_const_b10_h160_p50_gradient,cnn1d,0,720,0.1192748320513194,0.09868149728438982,0.03993670816010867,0.2535527249459335,0.14167163861406679
topcell,train,id_const_b10_h160_p50_gradient,tcn,0,720,0.5292964408276063,0.38542387634530106,-0.1369995839871545,1.3385749030549334,0.6401339952655968
topcell,train,id_const_b10_h160_p50_gradient,gru,0,720,0.16316039828100462,0.1494316262505836,-0.1489500673016683,0.26649296911099896,0.12966915495618467
topcell,train,id_const_b10_h160_p50_gradient,lstm,0,720,0.14770074354543308,0.11309456009307188,-0.05336751227705469,0.3332933939142464,0.2050525151444105
topcell,train,id_const_b10_h160_p50_nominal,physical_rc,0,720,0.011993112816772457,0.0062066464212264015,-0.0007614306095186959,0.07139688975593117,0.0058968268193605585
topcell,train,id_const_b10_h160_p50_nominal,mlp,0,720,0.4089672597089646,0.32686411303170193,-0.003123844091341225,0.8765272738182972,0.4825483225805028
topcell,train,id_const_b10_h160_p50_nominal,cnn1d,0,720,0.15596038445046112,0.13446312797741203,-0.002301760108548577,0.30976896231109663,0.2107128118254025
topcell,train,id_const_b10_h160_p50_nominal,tcn,0,720,0.3758385058577112,0.3055141968389098,-0.280064485486921,0.8728840584726072,0.1483499907257535
topcell,train,id_const_b10_h160_p50_nominal,gru,0,720,0.08625294535674825,0.07849898046821763,-0.07653727617681881,0.15280322825933013,0.07669773336535857
topcell,train,id_const_b10_h160_p50_nominal,lstm,0,720,0.07976569080968317,0.06074983164913724,-0.03179019137258601,0.1929099407321644,0.13708148977701023
topcell,train,id_const_b40_h200_p100_cold,physical_rc,0,720,0.020064417719225444,0.01121786708751203,0.00016145418120889273,0.10655144621562584,0.0087793732882439
topcell,train,id_const_b40_h200_p100_cold,mlp,0,720,0.2402789695237258,0.19042820841510633,-0.13406309051688642,0.5554294679860874,0.23720458656560955
topcell,train,id_const_b40_h200_p100_cold,cnn1d,0,720,0.48613501354161004,0.392111512953113,0.06541607401977786,0.9222044168931802,0.5965113412194393
topcell,train,id_const_b40_h200_p100_cold,tcn,0,720,0.739124367018484,0.6341905289539362,-0.5506495813344057,1.4792830321467392,0.29347407148276056
topcell,train,id_const_b40_h200_p100_cold,gru,0,720,0.09591518978610068,0.0822416259774751,0.06643597929797326,0.20971069589245417,0.04330764997697433
topcell,train,id_const_b40_h200_p100_cold,lstm,0,720,0.2099028960413896,0.17263377809610778,0.08141031006511347,0.3895598950714714,0.26035217556159856
topcell,train,id_const_b40_h200_p100_gradient,physical_rc,0,720,0.03596655838328242,0.018378683583449688,-0.002204662875083506,0.16632642702097655,0.009445862519933372
topcell,train,id_const_b40_h200_p100_gradient,mlp,0,720,0.5222731442571197,0.46375339429952295,0.1301244417764408,0.8469818165246892,0.4363355024152949
topcell,train,id_const_b40_h200_p100_gradient,cnn1d,0,720,0.2211110239235046,0.19027966321135542,0.1725219514520332,0.3989326188566906,0.20873789323717112
topcell,train,id_const_b40_h200_p100_gradient,tcn,0,720,0.49335314104988687,0.35998026214292084,-0.15360073355885917,1.447670992595377,0.6891049492902867
topcell,train,id_const_b40_h200_p100_gradient,gru,0,720,0.09546655956674956,0.0772645307618077,-0.042222815024794524,0.196538298213639,0.12111119788707599
topcell,train,id_const_b40_h200_p100_gradient,lstm,0,720,0.1614031010606947,0.13347454501242653,0.1272617975689058,0.3768418791843118,0.15722801121417057
topcell,train,id_const_b40_h200_p100_nominal,physical_rc,0,720,0.02257721934930905,0.012318580627756938,-0.0010899367615200125,0.11380093983387951,0.009279261407680693
topcell,train,id_const_b40_h200_p100_nominal,mlp,0,720,0.33309690766920025,0.2325005414751935,-0.1563313200681279,0.8098839217622356,0.3807594257854203
topcell,train,id_const_b40_h200_p100_nominal,cnn1d,0,720,0.17807295278199156,0.1447815639162592,0.04355733163213711,0.39614775557477344,0.20904126426272246
topcell,train,id_const_b40_h200_p100_nominal,tcn,0,720,0.5778877826450057,0.4725622062196225,-0.3336594537105246,1.3646381276461597,0.423374506550711
topcell,train,id_const_b40_h200_p100_nominal,gru,0,720,0.041148655246213126,0.03207119196295972,-0.010185486304265062,0.10812408400518336,0.03626126208066741
topcell,train,id_const_b40_h200_p100_nominal,lstm,0,720,0.16835098543144827,0.1402812101040339,0.13422264969355152,0.3488201443262682,0.2065433531973964
topcell,train,id_ramp_plasma_b30_h80_p100,physical_rc,0,720,0.01796336051605379,0.014970932028294045,0.003945576242198248,0.04017179332127796,0.02592979510937361
topcell,train,id_ramp_plasma_b30_h80_p100,mlp,0,720,0.358130119273672,0.24509886094178027,0.01633684992036009,1.2835344626685412,0.4985165920049498
topcell,train,id_ramp_plasma_b30_h80_p100,cnn1d,0,720,0.1300732858895225,0.09706778126911084,-0.04913836648670867,0.4121279870908623,0.22970907384679157
topcell,train,id_ramp_plasma_b30_h80_p100,tcn,0,720,0.7290577847253099,0.42615238374510733,-0.023195586287819047,3.443635127762377,1.7914375758864753
topcell,train,id_ramp_plasma_b30_h80_p100,gru,0,720,0.1251710398041409,0.10832428385497689,-0.10276473050947102,0.25692098977752664,0.1872849093413718
topcell,train,id_ramp_plasma_b30_h80_p100,lstm,0,720,0.09936894544332879,0.0770068239503319,-0.03180665813127159,0.3227479708998686,0.1831457687819878
topcell,train,id_const_b20_h200_p150_cold,physical_rc,0,720,0.02292176555828031,0.013943830221604654,0.0013153324312321264,0.10412968021888958,0.010614547032015845
topcell,train,id_const_b20_h200_p150_cold,mlp,0,720,0.2511183222246608,0.21886910301078477,-0.02687825340945255,0.5018610202098728,0.27306384517111437
topcell,train,id_const_b20_h200_p150_cold,cnn1d,0,720,0.26989612992622664,0.21337778771660817,0.17281556199636391,0.5572085953723445,0.45438840265961017
topcell,train,id_const_b20_h200_p150_cold,tcn,0,720,1.1201249334054917,0.9493241644091271,-0.9250184948831022,2.164079859602083,0.26615681252430556
topcell,train,id_const_b20_h200_p150_cold,gru,0,720,0.09711288319317254,0.07873099774766944,0.025601675536228306,0.1914769212365286,0.10150546335646442
topcell,train,id_const_b20_h200_p150_cold,lstm,0,720,0.2514355627708142,0.19409044891043936,0.13867051278282913,0.552740786458628,0.27807942863229135
topcell,train,id_const_b20_h200_p150_gradient,physical_rc,0,720,0.039063606514862646,0.021051099843017753,-0.0010507679584057861,0.1639046610242474,0.011170778814625653
topcell,train,id_const_b20_h200_p150_gradient,mlp,0,720,0.5311094061193822,0.4805493550962852,0.16563674437540613,0.9489981117137631,0.5287469317245995
topcell,train,id_const_b20_h200_p150_gradient,cnn1d,0,720,0.26482843509046006,0.21914924304003827,0.2149548415178181,0.6239958091987603,0.3645353527690591
topcell,train,id_const_b20_h200_p150_gradient,tcn,0,720,0.8587840642899758,0.6483938773325197,-0.501624015174862,2.088158390467754,0.6003920781997792
topcell,train,id_const_b20_h200_p150_gradient,gru,0,720,0.09706784599361055,0.07299648335784947,-0.060179488203140896,0.19760991632011837,0.08979371627956537
topcell,train,id_const_b20_h200_p150_gradient,lstm,0,720,0.14235444741369876,0.12163212419783692,0.11425306316751183,0.2859311470912047,0.12567208865638554
topcell,train,id_const_b20_h200_p150_nominal,physical_rc,0,720,0.0255673177847574,0.01504944994469877,6.396787736542779e-05,0.11137917383715035,0.011032552014682215
topcell,train,id_const_b20_h200_p150_nominal,mlp,0,720,0.23518377896674425,0.19072726456903558,-0.08889863573398446,0.535133531922412,0.20348723081406214
topcell,train,id_const_b20_h200_p150_nominal,cnn1d,0,720,0.20967722602782118,0.15712856552128124,0.12139103656805113,0.5812444697816375,0.3222870144634618
topcell,train,id_const_b20_h200_p150_nominal,tcn,0,720,0.9693912308513618,0.7790415256588429,-0.7195560473761974,1.9906275109748606,0.3953287797907051
topcell,train,id_const_b20_h200_p150_nominal,gru,0,720,0.03380573420624211,0.029221594116914485,0.012637949231970235,0.06630141204159656,0.04526901394669345
topcell,train,id_const_b20_h200_p150_nominal,lstm,0,720,0.18579227058568717,0.15102555066050882,0.14860319620244203,0.33753788018256614,0.20168187619658356
topcell,train,id_ramp_plasma_b10_h160_p50,physical_rc,0,720,0.013809100020088125,0.010097869319626893,0.001318422734259054,0.06726975249812028,0.015675478168429905
topcell,train,id_ramp_plasma_b10_h160_p50,mlp,0,720,0.41689375698492487,0.3468812030833742,-0.1534409206466587,0.8066745838096807,0.44177108009442306
topcell,train,id_ramp_plasma_b10_h160_p50,cnn1d,0,720,0.17314970454262002,0.14375668220749627,0.04010217241000048,0.38849492233958927,0.14388669953571104
topcell,train,id_ramp_plasma_b10_h160_p50,tcn,0,720,0.6424012268631176,0.49652582557647884,-0.2780727262034493,1.4229147646485103,0.7437312428764155
topcell,train,id_ramp_plasma_b10_h160_p50,gru,0,720,0.13635635673223176,0.11462192180939304,-0.11141782582699253,0.27437665461684446,0.19931708652737368
topcell,train,id_ramp_plasma_b10_h160_p50,lstm,0,720,0.17285043015312324,0.1462735327328143,-0.11959327617750151,0.3174795350476671,0.1654827158155746
topcell,train,id_ramp_plasma_b30_h160_p150,physical_rc,0,720,0.028408292422888833,0.023686503433924186,0.0062552646186761745,0.07381865575500512,0.04071738822792442
topcell,train,id_ramp_plasma_b30_h160_p150,mlp,0,720,0.6160077483928751,0.47044994169900967,-0.09227901779725366,1.6243230529149457,0.6168888686997721
topcell,train,id_ramp_plasma_b30_h160_p150,cnn1d,0,720,0.3073976484585891,0.2403386163552802,0.2045688121814755,0.7224763815062261,0.4725807204323768
topcell,train,id_ramp_plasma_b30_h160_p150,tcn,0,720,1.0602030527532647,0.7393310441194043,-0.31189408638868693,4.074350370443312,2.0480311875203414
topcell,train,id_ramp_plasma_b30_h160_p150,gru,0,720,0.22216483175714852,0.1386095391534556,-0.070921204729429,0.7627619907003691,0.5986366437227674
topcell,train,id_ramp_plasma_b30_h160_p150,lstm,0,720,0.17372417846376337,0.14033976237452117,0.07890915328914617,0.3860996284077487,0.18151880692108616
topcell,train,id_const_b30_h160_p150_cold,physical_rc,0,720,0.022831989617072078,0.014177432038351059,0.0012671479072600652,0.08663325512884512,0.00949814612978055
topcell,train,id_const_b30_h160_p150_cold,mlp,0,720,0.3461946346970358,0.2937902005287787,0.046183727635313344,0.557005624113529,0.3862664114925285
topcell,train,id_const_b30_h160_p150_cold,cnn1d,0,720,0.2642325966598251,0.21173312086790355,0.17838321510754923,0.520550557683066,0.39368236004404483
topcell,train,id_const_b30_h160_p150_cold,tcn,0,720,0.7814152040632061,0.6632782814428175,-0.5874452879272589,1.6478139765350903,0.498702801709417
topcell,train,id_const_b30_h160_p150_cold,gru,0,720,0.11400791029348102,0.09351732114076189,0.06968414298333538,0.2596243463308241,0.06742830424029424
topcell,train,id_const_b30_h160_p150_cold,lstm,0,720,0.09195252966038439,0.07531874231018522,0.028712738167307628,0.2563689666495179,0.1712599957838367
topcell,train,id_const_b30_h160_p150_gradient,physical_rc,0,720,0.039324946596905795,0.021455234774752273,-0.0010989483157211489,0.15062741498928744,0.009936691902887167
topcell,train,id_const_b30_h160_p150_gradient,mlp,0,720,0.3086856814541553,0.27775870931230917,0.06095749985406014,0.5907930747345347,0.20925192882055696
topcell,train,id_const_b30_h160_p150_gradient,cnn1d,0,720,0.15813733908874786,0.13994709755277324,0.1360486902794788,0.3450642735829774,0.23163278135148443
topcell,train,id_const_b30_h160_p150_gradient,tcn,0,720,0.6073604152848338,0.4870509071852988,-0.30071449329402933,1.2960347239874181,0.6786196454316865
topcell,train,id_const_b30_h160_p150_gradient,gru,0,720,0.11179729735326441,0.09279433660458744,-0.06825096417014674,0.27047463809307715,0.20738099940369648
topcell,train,id_const_b30_h160_p150_gradient,lstm,0,720,0.14248402226527804,0.11860844454580531,0.012688400374012332,0.40695479420733705,0.2102282754502054
topcell,train,id_const_b30_h160_p150_nominal,physical_rc,0,720,0.02570344235332767,0.015358638981733385,1.5793075626587457e-05,0.09678397200776345,0.009825990581962037
topcell,train,id_const_b30_h160_p150_nominal,mlp,0,720,0.18296292557559948,0.14640087386094383,-0.07188633196453377,0.37913796222318297,0.19399846848984587
topcell,train,id_const_b30_h160_p150_nominal,cnn1d,0,720,0.15819667843311752,0.13825128053410932,0.1311770302856124,0.33605478094818864,0.24629725608538866
topcell,train,id_const_b30_h160_p150_nominal,tcn,0,720,0.668801024891728,0.5439026796855904,-0.4191932530001359,1.3964035510514776,0.6008551136929277
topcell,train,id_const_b30_h160_p150_nominal,gru,0,720,0.07653697008338481,0.06203834029177563,0.02759258856996483,0.24053269735679805,0.13098300898456883
topcell,train,id_const_b30_h160_p150_nominal,lstm,0,720,0.090884059871479,0.07161485497394578,0.06372270438588366,0.2900954956563737,0.19753918537729828
topcell,train,id_const_b10_h120_p0_cold,physical_rc,0,720,0.006394077379875908,0.003365596509278025,5.3127816679923417e-05,0.03163321697198995,0.002490898406171834
topcell,train,id_const_b10_h120_p0_cold,mlp,0,720,0.32822337789821443,0.2837829182018038,0.14698847521661487,0.6854665256784074,0.27261091155279
topcell,train,id_const_b10_h120_p0_cold,cnn1d,0,720,0.2747613836364426,0.2128045117836305,0.21074442480878786,0.4855640230904186,0.26359278093971883
topcell,train,id_const_b10_h120_p0_cold,tcn,0,720,0.4779548273339704,0.4177512605006416,0.2054552547701771,0.8177662053130632,0.3855860399388917
topcell,train,id_const_b10_h120_p0_cold,gru,0,720,0.06777604934922693,0.05545286904407125,-0.005210091743126968,0.1275356212624814,0.08622049402883605
topcell,train,id_const_b10_h120_p0_cold,lstm,0,720,0.2525064259082515,0.2023197749547051,0.1958766978269341,0.49639127473656686,0.2550798390679432
topcell,train,id_const_b10_h120_p0_gradient,physical_rc,0,720,0.017568114733334205,0.00889104951983166,-0.002312953124203965,0.09134168176626645,0.0034233242819866243
topcell,train,id_const_b10_h120_p0_gradient,mlp,0,720,0.2059238202568124,0.17898045145465777,0.003548882145522134,0.5165539729546396,0.2229466385418679
topcell,train,id_const_b10_h120_p0_gradient,cnn1d,0,720,0.22181840713972995,0.17826657070119645,0.0836402587246867,0.4834851792406667,0.14423511063699124
topcell,train,id_const_b10_h120_p0_gradient,tcn,0,720,0.534335199094294,0.39175440623743557,-0.06955300756331427,1.2282331264355122,0.5165397005378101
topcell,train,id_const_b10_h120_p0_gradient,gru,0,720,0.06390625953813894,0.05626128615576912,-0.05591621477931608,0.11174753966271567,0.061053832200005397
topcell,train,id_const_b10_h120_p0_gradient,lstm,0,720,0.11250742891626551,0.09094352991718332,0.07403673609906618,0.2584596029072017,0.09502020477466172
topcell,train,id_const_b10_h120_p0_nominal,physical_rc,0,720,0.0062230446679495234,0.0032518386179115548,-0.001198231178237425,0.03881519457956273,0.003188602508871195
topcell,train,id_const_b10_h120_p0_nominal,mlp,0,720,0.632656271251026,0.5520057888604158,-0.1780106914775516,0.9464678942006302,0.6546925940159386
topcell,train,id_const_b10_h120_p0_nominal,cnn1d,0,720,0.139828798241144,0.11424382211935884,0.07428878827313103,0.2983334293206994,0.13081383007805772
topcell,train,id_const_b10_h120_p0_nominal,tcn,0,720,0.7732731734371101,0.681798095475266,-0.18836317335908678,1.0894007457628305,0.8044635614138324
topcell,train,id_const_b10_h120_p0_nominal,gru,0,720,0.1535154691223435,0.13871591073125852,-0.13456964086597448,0.2702604199705263,0.09490707312385498
topcell,train,id_const_b10_h120_p0_nominal,lstm,0,720,0.11647368622422442,0.0946325620387159,-0.00433656058209347,0.2144102832044723,0.12446867098446475
topcell,train,id_step_brine_b40_h120_p50,physical_rc,0,720,0.01199867298988345,0.007728156436965359,-0.0015884831282844125,0.04785350928011667,0.005025217598944597
topcell,train,id_step_brine_b40_h120_p50,mlp,0,720,0.2834944138950526,0.23508271940290631,-0.17161367043228093,0.5666950731594369,0.18151183149418673
topcell,train,id_step_brine_b40_h120_p50,cnn1d,0,720,0.12556722542083817,0.10370526298007089,-0.05559351515843537,0.2591147990575706,0.051512077630509266
topcell,train,id_step_brine_b40_h120_p50,tcn,0,720,0.5183213749605724,0.3984903166675087,-0.1580507357643402,1.0581167083990834,0.5985900186532045
topcell,train,id_step_brine_b40_h120_p50,gru,0,720,0.18918142976205252,0.151310407446499,-0.1432209953817664,0.34767617383788263,0.046931032240208705
topcell,train,id_step_brine_b40_h120_p50,lstm,0,720,0.13369144594712076,0.09685734625495815,-0.05665129871446439,0.30792914961077145,0.035363954609775435
topcell,train,id_const_b30_h80_p150_cold,physical_rc,0,720,0.023106646272208334,0.013953570092326463,0.0016809763555819856,0.09113852761593932,0.008093397740411849
topcell,train,id_const_b30_h80_p150_cold,mlp,0,720,0.22411828973081166,0.18936047790042343,0.08063797447878146,0.5576394693821527,0.2263325999375095
topcell,train,id_const_b30_h80_p150_cold,cnn1d,0,720,0.24812814165629204,0.20266419169590016,0.16654631092523692,0.4056160562034563,0.2682455194447556
topcell,train,id_const_b30_h80_p150_cold,tcn,0,720,0.49955106890995493,0.39123384677040446,-0.181201712905951,1.2885571359421704,0.5344982376231465
topcell,train,id_const_b30_h80_p150_cold,gru,0,720,0.11692976461683388,0.1053980632731793,-0.1035214840065315,0.1928179885460537,0.06200356814813344
topcell,train,id_const_b30_h80_p150_cold,lstm,0,720,0.24943496769673418,0.19134822692631842,-0.08419708041892875,0.5728468445647366,0.34211572858401573
topcell,train,id_const_b30_h80_p150_gradient,physical_rc,0,720,0.03882674034249913,0.021325313968159922,-0.0006851337562528216,0.14301622950593185,0.008181737296010747
topcell,train,id_const_b30_h80_p150_gradient,mlp,0,720,0.22180242319298038,0.20120055506060386,0.0447520056868727,0.40388346922122764,0.1783845267297086
topcell,train,id_const_b30_h80_p150_gradient,cnn1d,0,720,0.22712451182609758,0.1905019320986943,0.14223266445777757,0.43159562377186944,0.2466352123379218
topcell,train,id_const_b30_h80_p150_gradient,tcn,0,720,0.3171953427723273,0.2704690313276233,0.029160990292073426,0.627805172863944,0.439173250512324
topcell,train,id_const_b30_h80_p150_gradient,gru,0,720,0.20812674103693835,0.1722923520757009,-0.16787933674868838,0.4064183977252469,0.18951325434461344
topcell,train,id_const_b30_h80_p150_gradient,lstm,0,720,0.1272955178878667,0.10464040728695845,0.0029931459946692367,0.41460407528660426,0.2577602876171785
topcell,train,id_const_b30_h80_p150_nominal,physical_rc,0,720,0.02599290062304937,0.01515872255338503,0.00042960763508554934,0.10302984688530614,0.008155101806481532
topcell,train,id_const_b30_h80_p150_nominal,mlp,0,720,0.12455216927534225,0.10700546634575693,-0.008664878513279541,0.32822627294542883,0.11437470258911328
topcell,train,id_const_b30_h80_p150_nominal,cnn1d,0,720,0.22039744028702865,0.18252772344426857,0.17021620166886514,0.34971562539512036,0.2263127972236574
topcell,train,id_const_b30_h80_p150_nominal,tcn,0,720,0.30071603166216354,0.2156814470544808,-0.1289860392837633,0.9320696742187522,0.36089038047681404
topcell,train,id_const_b30_h80_p150_nominal,gru,0,720,0.08161912887171936,0.06830416172172103,-0.052580222868651376,0.16337779424341647,0.07620970098484918
topcell,train,id_const_b30_h80_p150_nominal,lstm,0,720,0.17357601453666188,0.15014975164734368,0.08519398829298411,0.38519678039357075,0.19883189773532933
topcell,train,id_const_b10_h200_p150_cold,physical_rc,0,720,0.0217042043195895,0.013358511744745567,0.0015704277071685387,0.10085522859047558,0.010536701810914331
topcell,train,id_const_b10_h200_p150_cold,mlp,0,720,0.25600722223952,0.21403210148555693,-0.005916097416132793,0.55835698456805,0.24328054793392198
topcell,train,id_const_b10_h200_p150_cold,cnn1d,0,720,0.23498332584519765,0.19047785242390466,0.043914203094635666,0.6146238397544721,0.39524448886158087
topcell,train,id_const_b10_h200_p150_cold,tcn,0,720,1.2427261476396352,1.050526441935942,-1.0268110201383855,2.379710744338226,0.26507720482092767
topcell,train,id_const_b10_h200_p150_cold,gru,0,720,0.10570643611826075,0.08616471360078029,0.012117324673188701,0.2253192584991126,0.09797038487722426
topcell,train,id_const_b10_h200_p150_cold,lstm,0,720,0.2834556391947818,0.23310931312349153,0.04061672724505854,0.555199796554092,0.3212131530217855
topcell,train,id_const_b10_h200_p150_gradient,physical_rc,0,720,0.03769955802523189,0.02039007233204918,-0.0007956685157861187,0.16063020939581918,0.01109958475808247
topcell,train,id_const_b10_h200_p150_gradient,mlp,0,720,0.5091325089345885,0.4564116389842708,0.18386880291359017,0.9081729972270978,0.5177578107726868
topcell,train,id_const_b10_h200_p150_gradient,cnn1d,0,720,0.2678057832243762,0.20238432411484283,0.17310474670721673,0.7173764612400078,0.4173918627534087
topcell,train,id_const_b10_h200_p150_gradient,tcn,0,720,0.9958045054859812,0.744910751992975,-0.5800360946868597,2.4523944401470317,0.6386878666724252
topcell,train,id_const_b10_h200_p150_gradient,gru,0,720,0.11890595134580478,0.09667313128508184,-0.09305294444716697,0.23242212413066454,0.11295584838670925
topcell,train,id_const_b10_h200_p150_gradient,lstm,0,720,0.10922826158302572,0.09388784492567288,0.0034784307168505,0.2303109694275065,0.1446044234507086
topcell,train,id_const_b10_h200_p150_nominal,physical_rc,0,720,0.024278392709304594,0.014427288113778757,0.00031904787553690045,0.10810472220873635,0.010959632805626042
topcell,train,id_const_b10_h200_p150_nominal,mlp,0,720,0.2595278363814739,0.2038043130546938,-0.07846473934645137,0.6231897436812375,0.2117597887058479
topcell,train,id_const_b10_h200_p150_nominal,cnn1d,0,720,0.2611731053673153,0.2044682425817962,-0.003801880562604371,0.656076557859933,0.34518335073204326
topcell,train,id_const_b10_h200_p150_nominal,tcn,0,720,1.0934262726599873,0.8757734508382103,-0.8259479186975672,2.2181374471764883,0.35735676543412764
topcell,train,id_const_b10_h200_p150_nominal,gru,0,720,0.037059222960782144,0.029485407272885577,-0.00251989692424466,0.08685299268597646,0.033727896682942675
topcell,train,id_const_b10_h200_p150_nominal,lstm,0,720,0.16672901661289907,0.1406941413632667,0.02816801049722833,0.3641984245963954,0.21669870261826923
topcell,train,id_const_b20_h80_p100_cold,physical_rc,0,720,0.014292598400417272,0.008825336315430535,0.001292368694342135,0.05556231908931153,0.005340145079039364
topcell,train,id_const_b20_h80_p100_cold,mlp,0,720,0.19976014141906465,0.17349322130691544,0.0511844152743757,0.4529422370524543,0.17284669013840415
topcell,train,id_const_b20_h80_p100_cold,cnn1d,0,720,0.12601466314293133,0.11086377969817332,0.07766955626613756,0.21271112772693357,0.09781401936063147
topcell,train,id_const_b20_h80_p100_cold,tcn,0,720,0.22984895650192583,0.16929576600559912,-0.132054164982831,0.7346784728823792,0.10454129153383011
topcell,train,id_const_b20_h80_p100_cold,gru,0,720,0.07719952575791256,0.06846152861859653,0.0653130739412515,0.15531164587643786,0.10765077707125963
topcell,train,id_const_b20_h80_p100_cold,lstm,0,720,0.1637990149826857,0.13038018607471694,-0.05050179371692682,0.3847894893767716,0.22763158870080483
topcell,train,id_const_b20_h80_p100_gradient,physical_rc,0,720,0.030285537226892954,0.016244318043091403,-0.0010737233578581042,0.10790285085708717,0.005491209143170975
topcell,train,id_const_b20_h80_p100_gradient,mlp,0,720,0.24028828703931732,0.19511967409796335,0.09757007093955997,0.4747234100787949,0.24488541837182531
topcell,train,id_const_b20_h80_p100_gradient,cnn1d,0,720,0.1307322510748057,0.1121640892083558,-0.007062846483016846,0.30717966450949064,0.2014928116053945
topcell,train,id_const_b20_h80_p100_gradient,tcn,0,720,0.22771338798448312,0.19214330795766305,-0.020430111954288874,0.5577232174473465,0.23596542920086666
topcell,train,id_const_b20_h80_p100_gradient,gru,0,720,0.07128491688459701,0.05354919527820085,0.008972501324031058,0.18650306203136324,0.1107678106398093
topcell,train,id_const_b20_h80_p100_gradient,lstm,0,720,0.11855947700596041,0.09283238274170597,0.02301986239890889,0.3680613961153938,0.19718003984966934
topcell,train,id_const_b20_h80_p100_nominal,physical_rc,0,720,0.017179153408582608,0.010021157394310561,4.101247683221645e-05,0.06745463836040244,0.0054428991499851035
topcell,train,id_const_b20_h80_p100_nominal,mlp,0,720,0.09884995789659398,0.0873546694145271,-0.021222882547980375,0.18294262688168317,0.10879722320192249
topcell,train,id_const_b20_h80_p100_nominal,cnn1d,0,720,0.09381083340160258,0.07790627254703637,0.01175370760869446,0.25425280512399695,0.18580569695347424
topcell,train,id_const_b20_h80_p100_nominal,tcn,0,720,0.2402365248295398,0.17606274955201004,-0.10753128899727457,0.5707965589539015,0.2514300574961523
topcell,train,id_const_b20_h80_p100_nominal,gru,0,720,0.13504559870080055,0.11007341937101978,0.10920105882525512,0.2521849035157402,0.1424331312066132
topcell,train,id_const_b20_h80_p100_nominal,lstm,0,720,0.12328842130141317,0.10533257895163577,0.07168709018826425,0.22624942070635967,0.12689986830573932
topcell,train,id_ramp_heater_b10_h160_p50,physical_rc,0,720,0.010113524849085273,0.007795795087287841,-0.0012388329781037358,0.03183263173712447,0.007625502261617851
topcell,train,id_ramp_heater_b10_h160_p50,mlp,0,720,1.0563694895141809,0.8088852427742568,0.12904235369470118,2.4159749524178977,0.8466560921459455
topcell,train,id_ramp_heater_b10_h160_p50,cnn1d,0,720,0.8538462317324269,0.6519763779928179,-0.047485686980134306,1.9052014583947,0.9608982492625429
topcell,train,id_ramp_heater_b10_h160_p50,tcn,0,720,1.2476361969541307,0.9370490065961812,0.20518900160805542,3.155408785401079,0.8650500003035831
topcell,train,id_ramp_heater_b10_h160_p50,gru,0,720,0.19429655334543386,0.14863824395220973,0.01765425759158909,0.602537547905186,0.08626198700055267
topcell,train,id_ramp_heater_b10_h160_p50,lstm,0,720,0.4042634508870764,0.3163286453038943,0.017593949356931187,0.8694448967044366,0.5051375222910193
topcell,train,id_const_b30_h80_p100_cold,physical_rc,0,720,0.01567540127014596,0.00947635957209181,0.0010372567503141837,0.061112998868942725,0.005449776104054044
topcell,train,id_const_b30_h80_p100_cold,mlp,0,720,0.2306259112370487,0.18792320993868294,-0.023009493846519607,0.511677268905359,0.21152338704521947
topcell,train,id_const_b30_h80_p100_cold,cnn1d,0,720,0.1107057874361678,0.0970420282934145,0.06635307180158112,0.2113818245679866,0.10143936091773557
topcell,train,id_const_b30_h80_p100_cold,tcn,0,720,0.1907550222390132,0.15378923169797906,0.013712437143686598,0.5303718181182973,0.1467303719547718
topcell,train,id_const_b30_h80_p100_cold,gru,0,720,0.041323169713158706,0.03033947974181506,0.0194267942318309,0.10242309194077848,0.07810473584790777
topcell,train,id_const_b30_h80_p100_cold,lstm,0,720,0.18165413671056269,0.1461859128124573,-0.06567005702905312,0.3299640927671419,0.2340811609682129
topcell,train,id_const_b30_h80_p100_gradient,physical_rc,0,720,0.031765179271067666,0.016965447380945145,-0.0013288380796954158,0.11353039907075413,0.00559243506224635
topcell,train,id_const_b30_h80_p100_gradient,mlp,0,720,0.2636619449611546,0.2182466368410088,0.10218030093921557,0.4509882072569553,0.22186948773157525
topcell,train,id_const_b30_h80_p100_gradient,cnn1d,0,720,0.16243097753720043,0.14270635746056431,0.028801867678855675,0.3138214811321802,0.18439824227035825
topcell,train,id_const_b30_h80_p100_gradient,tcn,0,720,0.27476252894699194,0.25366248002947045,0.15065278000267177,0.5491571011098131,0.3650365054370584
topcell,train,id_const_b30_h80_p100_gradient,gru,0,720,0.05668018894486917,0.04276452343441369,0.03179134847112995,0.13312375418820466,0.07271952296822289
topcell,train,id_const_b30_h80_p100_gradient,lstm,0,720,0.12302767335750373,0.10352879737911351,0.05095483750875873,0.29159748552710596,0.18048284928265262
topcell,train,id_const_b30_h80_p100_nominal,physical_rc,0,720,0.01861389433994273,0.010712956361365272,-0.0002140911338746696,0.07300431814006458,0.005547112670847626
topcell,train,id_const_b30_h80_p100_nominal,mlp,0,720,0.09075679774063858,0.0762219591893135,0.013632078948136615,0.19664094217640127,0.11810528901104678
topcell,train,id_const_b30_h80_p100_nominal,cnn1d,0,720,0.09478384919291483,0.07689717742222411,0.02726841892509741,0.2657476491414741,0.14792900250278201
topcell,train,id_const_b30_h80_p100_nominal,tcn,0,720,0.19599074925703464,0.1678250566619822,0.006814109431190099,0.3805751018967527,0.286598947800162
topcell,train,id_const_b30_h80_p100_nominal,gru,0,720,0.10297680273394329,0.09015163289068831,0.08991855046946672,0.17909588318013903,0.10144263110133467
topcell,train,id_const_b30_h80_p100_nominal,lstm,0,720,0.1334460724762788,0.11538423993665838,0.08144754307771862,0.23762184717313062,0.13891421640653556
topcell,train,id_const_b20_h120_p100_cold,physical_rc,0,720,0.014032475378486836,0.008931377831118099,0.0010854551699557983,0.0513899146475012,0.006010297575548774
topcell,train,id_const_b20_h120_p100_cold,mlp,0,720,0.2790007488988406,0.21819046250038232,0.11768654943295709,0.7946923850609835,0.2971028891138155
topcell,train,id_const_b20_h120_p100_cold,cnn1d,0,720,0.07289212772892459,0.06238003883202666,0.03093628569532074,0.13973702003156063,0.08779211077036632
topcell,train,id_const_b20_h120_p100_cold,tcn,0,720,0.4372880589473633,0.3700256689975034,-0.3417920559797506,1.0116191413690103,0.240925806794937
topcell,train,id_const_b20_h120_p100_cold,gru,0,720,0.10983073430605732,0.08829621054665153,0.08342888786913173,0.25089413206012523,0.20482069045198634
topcell,train,id_const_b20_h120_p100_cold,lstm,0,720,0.18561577715141267,0.15294586610885572,0.13866005272296306,0.371114568298907,0.2119113347882218
topcell,train,id_const_b20_h120_p100_gradient,physical_rc,0,720,0.03058793212549662,0.01629998176847305,-0.0012806466044359569,0.11538260251361265,0.006426351137952547
topcell,train,id_const_b20_h120_p100_gradient,mlp,0,720,0.16479969994356,0.13437752845352954,0.07997909189052103,0.35835822849091414,0.24171725125644866
topcell,train,id_const_b20_h120_p100_gradient,cnn1d,0,720,0.10694288189000688,0.08362884991992929,0.014687262503651086,0.23565741808519647,0.10756390357170112
topcell,train,id_const_b20_h120_p100_gradient,tcn,0,720,0.33173434716753153,0.28946144799242146,-0.0771333891167453,0.6738129445345038,0.47085771445046204
topcell,train,id_const_b20_h120_p100_gradient,gru,0,720,0.09546951850602156,0.07497561436906607,0.004893312162844025,0.24711597202508528,0.16627396827073357
topcell,train,id_const_b20_h120_p100_gradient,lstm,0,720,0.16193360722571984,0.12616174322852786,0.12159936156927395,0.30666273440243685,0.15513336275822717
topcell,train,id_const_b20_h120_p100_nominal,physical_rc,0,720,0.016928701616017623,0.010119226335565104,-0.0001659079920030572,0.0615391595318826,0.006316973123021833
topcell,train,id_const_b20_h120_p100_nominal,mlp,0,720,0.34775864231174386,0.29074014247026314,-0.01254666352945283,0.7287967494212069,0.447008006595785
topcell,train,id_const_b20_h120_p100_nominal,cnn1d,0,720,0.111201539286401,0.09469254294443105,-0.04017953673332212,0.2722009146189066,0.09587324473963207
topcell,train,id_const_b20_h120_p100_nominal,tcn,0,720,0.4549340462347888,0.3541477366411585,-0.2526505717452272,0.9296704604803807,0.4449507101275058
topcell,train,id_const_b20_h120_p100_nominal,gru,0,720,0.1010119421989609,0.07551222853741267,0.06854027828079891,0.24449693631669334,0.1969016291963597
topcell,train,id_const_b20_h120_p100_nominal,lstm,0,720,0.17296287369536156,0.14553102910346488,0.13414771707312792,0.31823404037972125,0.18737898643651757
topcell,train,id_const_b30_h160_p50_cold,physical_rc,0,720,0.011850543163671708,0.006238946098907178,-2.0264946748335986e-05,0.07069629939696398,0.00540657082923789
topcell,train,id_const_b30_h160_p50_cold,mlp,0,720,0.3022638464369054,0.23559676931873233,0.13526956645899882,0.6555841598505623,0.2970586178274539
topcell,train,id_const_b30_h160_p50_cold,cnn1d,0,720,0.2328440997627106,0.17614915953462618,0.13118303293877803,0.44981934959169223,0.2662658176066002
topcell,train,id_const_b30_h160_p50_cold,tcn,0,720,0.37257172581231673,0.3272357172194774,-0.25695892470332465,0.7296095927861046,0.2805004841771898
topcell,train,id_const_b30_h160_p50_cold,gru,0,720,0.07132140057217164,0.05178033747131878,-0.0454270129813055,0.2083210457067679,0.01541321660888096
topcell,train,id_const_b30_h160_p50_cold,lstm,0,720,0.10832709977766942,0.09271663742533465,0.059389596254513004,0.20139498987404636,0.15238411737129096
topcell,train,id_const_b30_h160_p50_gradient,physical_rc,0,720,0.027294792580121928,0.013423576339531035,-0.0023863569989399105,0.13047128019941567,0.006166575334834226
topcell,train,id_const_b30_h160_p50_gradient,mlp,0,720,0.6607887957172034,0.5152733936230115,0.115056958734372,1.2366618798854034,0.7039361597950546
topcell,train,id_const_b30_h160_p50_gradient,cnn1d,0,720,0.12733661793089582,0.10479216425280329,0.09508243078529842,0.2786996638699577,0.09629209671855293
topcell,train,id_const_b30_h160_p50_gradient,tcn,0,720,0.46754806620433353,0.35075516306553595,0.030142446506929658,1.0475493918369523,0.7166041942986542
topcell,train,id_const_b30_h160_p50_gradient,gru,0,720,0.04939498975268744,0.04262998149043056,-0.03699044872591014,0.09905456653109468,0.02416556864530797
topcell,train,id_const_b30_h160_p50_gradient,lstm,0,720,0.13184159893566091,0.09884253886118424,-0.01459586401020454,0.3629411669110425,0.20480580036644094
topcell,train,id_const_b30_h160_p50_nominal,physical_rc,0,720,0.014067296788256268,0.0072764133269599286,-0.001271643386490092,0.07794579301281601,0.005975231288620978
topcell,train,id_const_b30_h160_p50_nominal,mlp,0,720,0.10073138478222328,0.07701764913433802,-0.006148476911577531,0.3179774817805523,0.10078487957077255
topcell,train,id_const_b30_h160_p50_nominal,cnn1d,0,720,0.09664634860929265,0.08353197608314906,0.04864831561781578,0.19757375014178535,0.0992563326616354
topcell,train,id_const_b30_h160_p50_nominal,tcn,0,720,0.2886767288720244,0.24316333356077557,-0.11325836392175785,0.6184359182808379,0.30293358691239675
topcell,train,id_const_b30_h160_p50_nominal,gru,0,720,0.07867769746009681,0.06809069025380453,-0.06333276305000006,0.1617272525422635,0.029128789931463405
topcell,train,id_const_b30_h160_p50_nominal,lstm,0,720,0.08925624189008885,0.07097765009310351,-0.02577785271406803,0.2498856995226646,0.15772969188253338
topcell,train,id_step_heater_b30_h80_p100,physical_rc,0,720,0.018761749874951564,0.011663439674762553,-7.501851234331546e-05,0.06683854214293206,0.0062812067769896516
topcell,train,id_step_heater_b30_h80_p100,mlp,0,720,0.3169569162328844,0.2621041084461049,-0.11446039425921661,0.7158748136418751,0.3475774728558924
topcell,train,id_step_heater_b30_h80_p100,cnn1d,0,720,0.2057307820631753,0.15457516057898169,-0.03376009167405977,0.542884805718586,0.13565462235538936
topcell,train,id_step_heater_b30_h80_p100,tcn,0,720,0.42050934414822566,0.35063865080535583,-0.16504739355205825,0.966720772132561,0.39939786884211487
topcell,train,id_step_heater_b30_h80_p100,gru,0,720,0.15499491621505884,0.11545680074643921,0.04159623325205002,0.4779150709234443,0.27598994768551344
topcell,train,id_step_heater_b30_h80_p100,lstm,0,720,0.23845339719067304,0.18552818411622204,0.1325941410240367,0.6095615530098542,0.24500540350403477
topcell,train,id_const_b30_h200_p0_cold,physical_rc,0,720,0.015586951067652604,0.007740821419573221,-0.0008708661769124523,0.09502372005741933,0.006432156072726254
topcell,train,id_const_b30_h200_p0_cold,mlp,0,720,0.5213972120952187,0.43407550595150435,0.359197093345498,1.301995089499087,0.3176137042291372
topcell,train,id_const_b30_h200_p0_cold,cnn1d,0,720,0.2766791702837287,0.21763581800797707,0.17287023768964535,0.48821699789438355,0.3360714465599864
topcell,train,id_const_b30_h200_p0_cold,tcn,0,720,0.41424718854964726,0.3593865659315354,-0.3093295937000007,0.8576558507725593,0.2596578267389304
topcell,train,id_const_b30_h200_p0_cold,gru,0,720,0.12412779050911339,0.1004191743481424,0.09490268041953184,0.24010767861109628,0.15274566268250073
topcell,train,id_const_b30_h200_p0_cold,lstm,0,720,0.24012662787386008,0.18573655875681436,0.18404882391416227,0.48974423324470706,0.1868820744036784
topcell,train,id_const_b30_h200_p0_gradient,physical_rc,0,720,0.02574892852615178,0.01252342498090975,-0.0032369623955411284,0.15479870086029024,0.007337972717102066
topcell,train,id_const_b30_h200_p0_gradient,mlp,0,720,0.47909352562554886,0.3331877562904594,0.2717865455253479,1.0105089269070362,0.5050501640187266
topcell,train,id_const_b30_h200_p0_gradient,cnn1d,0,720,0.271843898447747,0.22014914548440556,0.17099711636989065,0.5974953007427217,0.3802339045751551
topcell,train,id_const_b30_h200_p0_gradient,tcn,0,720,0.6646998256795889,0.5151736148442987,0.026616634592001386,1.4313613867971213,0.9004371933715946
topcell,train,id_const_b30_h200_p0_gradient,gru,0,720,0.05029840751915811,0.043698385714471724,-0.03202850879079082,0.10548326931359497,0.014942731152178795
topcell,train,id_const_b30_h200_p0_gradient,lstm,0,720,0.1050209526395388,0.08242871411407521,0.06801918821546908,0.23602322839148826,0.04970740669574532
topcell,train,id_const_b30_h200_p0_nominal,physical_rc,0,720,0.016070926056746145,0.007797206620022666,-0.002122227949585397,0.1022732136735911,0.007112504007065855
topcell,train,id_const_b30_h200_p0_nominal,mlp,0,720,0.5190928398159735,0.4598061556883434,0.08008371637678609,1.2146911097216133,0.4372541341225952
topcell,train,id_const_b30_h200_p0_nominal,cnn1d,0,720,0.0813180801301313,0.06319783448875285,0.028024819001293503,0.2028211103615405,0.13339643927440098
topcell,train,id_const_b30_h200_p0_nominal,tcn,0,720,0.4979474204908979,0.40484393858216783,-0.22256112034476583,1.066859488711728,0.2999078824867056
topcell,train,id_const_b30_h200_p0_nominal,gru,0,720,0.06160300198643441,0.049759042915568825,-0.04367503341571997,0.14954908112444798,0.025603782483808034
topcell,train,id_const_b30_h200_p0_nominal,lstm,0,720,0.11799871758786487,0.08502471471669282,0.0008701694690681666,0.2784148751266855,0.13405389872228596
topcell,train,id_step_heater_b10_h200_p150,physical_rc,0,720,0.02551591074811881,0.01775278065241298,-0.00037629300321712203,0.08544500204075689,0.0067398519850036575
topcell,train,id_step_heater_b10_h200_p150,mlp,0,720,1.4832694323798357,0.9738833308313888,0.5340367273280034,4.293370796297339,0.8097177361462059
topcell,train,id_step_heater_b10_h200_p150,cnn1d,0,720,1.0744859226064107,0.7610169388368138,0.1531079928479179,3.15888744006169,0.6669589268112897
topcell,train,id_step_heater_b10_h200_p150,tcn,0,720,1.2986640331151507,0.9795193437056989,0.07353645618705001,3.4865982585527746,0.6402151708163757
topcell,train,id_step_heater_b10_h200_p150,gru,0,720,0.3948211491922988,0.30745297981082537,-0.2591114685102266,0.848588826056357,0.2058821588335089
topcell,train,id_step_heater_b10_h200_p150,lstm,0,720,0.430554374994087,0.3088387705600644,-0.09825123174137226,1.3281876675530953,0.32185720910643345
topcell,train,id_const_b10_h160_p100_cold,physical_rc,0,720,0.014165999629097679,0.008731201460092099,0.0011336133117207047,0.06827353340002418,0.007105797684143264
topcell,train,id_const_b10_h160_p100_cold,mlp,0,720,0.22428352789066808,0.1780509247264866,0.04732448837667721,0.5213641532854467,0.2275737671586513
topcell,train,id_const_b10_h160_p100_cold,cnn1d,0,720,0.13413073494829417,0.1106469333430596,0.08685204930712381,0.2600495188741263,0.20404426228615682
topcell,train,id_const_b10_h160_p100_cold,tcn,0,720,0.7437593068333873,0.6315457063710741,-0.6158571268773182,1.4149774555347392,0.21002503344695606
topcell,train,id_const_b10_h160_p100_cold,gru,0,720,0.09889916554770259,0.08185262454263625,0.07806755795830901,0.21949722693898366,0.03426999580663004
topcell,train,id_const_b10_h160_p100_cold,lstm,0,720,0.2668187126677764,0.21801844585859903,0.1918985243242637,0.5619686381749318,0.3475909567195244
topcell,train,id_const_b10_h160_p100_gradient,physical_rc,0,720,0.030245500659004637,0.015851498760803,-0.0012324579071568524,0.12804951420246624,0.007698584927922854
topcell,train,id_const_b10_h160_p100_gradient,mlp,0,720,0.3094655500406129,0.2766250545869949,0.1337628426395321,0.596675992409871,0.1337561192608387
topcell,train,id_const_b10_h160_p100_gradient,cnn1d,0,720,0.14610091409742257,0.12200129436583419,0.04355741096224491,0.35408080129337804,0.17312049883380234
topcell,train,id_const_b10_h160_p100_gradient,tcn,0,720,0.5076956391219837,0.3875058482081484,-0.2860744017580413,1.1956535753881923,0.43335325697653304
topcell,train,id_const_b10_h160_p100_gradient,gru,0,720,0.12561225674757784,0.10701692728670975,-0.10243990455130692,0.23389799591620886,0.12315110137158627
topcell,train,id_const_b10_h160_p100_gradient,lstm,0,720,0.07660858628569839,0.058710633485593404,0.018748515637951643,0.21048203436653523,0.10921259002736536
topcell,train,id_const_b10_h160_p100_nominal,physical_rc,0,720,0.016711020887117716,0.009793556643573087,-0.00011773179471602625,0.07552302701587621,0.007548859754978478
topcell,train,id_const_b10_h160_p100_nominal,mlp,0,720,0.32895015894616464,0.22849186733539198,-0.05692499108892684,0.7910564216271183,0.439308084694792
topcell,train,id_const_b10_h160_p100_nominal,cnn1d,0,720,0.12799510599585748,0.11259252611843888,-0.0003746615611944115,0.2682343869285546,0.14515216628715824
topcell,train,id_const_b10_h160_p100_nominal,tcn,0,720,0.6050469943270942,0.4887530168846933,-0.4343590619290752,1.282185265046266,0.33013372797532264
topcell,train,id_const_b10_h160_p100_nominal,gru,0,720,0.04658091381449322,0.037992252414198624,0.015070914620484821,0.10889644284611677,0.040278185486592157
topcell,train,id_const_b10_h160_p100_nominal,lstm,0,720,0.1455923383307741,0.119494836254539,0.09986901265975313,0.3691606938755285,0.2215844976592037
topcell,train,id_ramp_brine_b40_h120_p50,physical_rc,0,720,0.011712932065467377,0.007319540576718205,-0.0018337731684660932,0.04785350928011667,0.006403099200751578
topcell,train,id_ramp_brine_b40_h120_p50,mlp,0,720,0.26779793086062925,0.20466095642424134,-0.14611866550530211,0.5460924178986915,0.15059473672977086
topcell,train,id_ramp_brine_b40_h120_p50,cnn1d,0,720,0.14415430233502805,0.12515141160566579,-0.07471434153887527,0.2671145064439031,0.10281418611958887
topcell,train,id_ramp_brine_b40_h120_p50,tcn,0,720,0.5242261680004052,0.38282569416036843,-0.21995559948487678,1.1483063925514472,0.5718810525471585
topcell,train,id_ramp_brine_b40_h120_p50,gru,0,720,0.19687409034547937,0.168823216148111,-0.1681048735642445,0.35496825142817556,0.050606286674241885
topcell,train,id_ramp_brine_b40_h120_p50,lstm,0,720,0.13425022751514973,0.09846222447365788,-0.061622422383832316,0.308036500416506,0.036274458369306074
topcell,train,id_const_b10_h120_p100_cold,physical_rc,0,720,0.012685696163226826,0.008311846862088364,0.0013405462806647093,0.046530473697892205,0.005916207460663184
topcell,train,id_const_b10_h120_p100_cold,mlp,0,720,0.27900518337989766,0.222357627241012,0.14568332555418734,0.8171660761419588,0.28407383221497334
topcell,train,id_const_b10_h120_p100_cold,cnn1d,0,720,0.07197307812763801,0.060640459674038576,0.05073987777658533,0.14117498262787365,0.06434533183652745
topcell,train,id_const_b10_h120_p100_cold,tcn,0,720,0.5210806963159598,0.45068025936340694,-0.4438446159574312,1.0981483734684048,0.11216734823145547
topcell,train,id_const_b10_h120_p100_cold,gru,0,720,0.1028602635013456,0.08776367264551853,0.0805172573639527,0.20614006093481407,0.16049576220583003
topcell,train,id_const_b10_h120_p100_cold,lstm,0,720,0.2472979697454673,0.2005506113770374,0.18925987059422344,0.5042159608039753,0.3130390370797036
topcell,train,id_const_b10_h120_p100_gradient,physical_rc,0,720,0.029142151707261043,0.015596824014170924,-0.001025538827076448,0.11052488763471047,0.00634325065194948
topcell,train,id_const_b10_h120_p100_gradient,mlp,0,720,0.14822692169297336,0.10900663101608825,0.07119398110400957,0.46023927633964945,0.25930902360231556
topcell,train,id_const_b10_h120_p100_gradient,cnn1d,0,720,0.1359999794946681,0.11411136869094667,0.0017925930509165196,0.305479918360561,0.19897146064086405
topcell,train,id_const_b10_h120_p100_gradient,tcn,0,720,0.3864041257158539,0.3288343482497312,-0.19865748313213827,0.7337739425200454,0.35991614111105047
topcell,train,id_const_b10_h120_p100_gradient,gru,0,720,0.09294705493192644,0.07924220804041347,-0.038567208247483185,0.1765970689758376,0.10759748838841042
topcell,train,id_const_b10_h120_p100_gradient,lstm,0,720,0.18260756372838174,0.14233951809377968,0.13975867636388406,0.40788197648933533,0.23184150033155676
topcell,train,id_const_b10_h120_p100_nominal,physical_rc,0,720,0.015513994565215404,0.009455243533800721,8.91928409252982e-05,0.05668144465294489,0.0062310318677356894
topcell,train,id_const_b10_h120_p100_nominal,mlp,0,720,0.34956793317295126,0.2804576512027082,0.021078417373292118,0.7305199307182733,0.4601438579042626
topcell,train,id_const_b10_h120_p100_nominal,cnn1d,0,720,0.1544237306105321,0.13038386850090344,-0.05448701277936293,0.2845004281821275,0.19970157458679846
topcell,train,id_const_b10_h120_p100_nominal,tcn,0,720,0.48130391910375336,0.394463740680503,-0.33974401554610384,0.9537818478037678,0.3475412358864368
topcell,train,id_const_b10_h120_p100_nominal,gru,0,720,0.08587716265549,0.07008930117055598,0.06738920899292025,0.19283103959627113,0.1483587723407939
topcell,train,id_const_b10_h120_p100_nominal,lstm,0,720,0.21850668582820085,0.17729864428083167,0.1667932613720128,0.4494285269284575,0.2854217943249847
topcell,train,id_step_plasma_b10_h200_p150,physical_rc,0,720,0.036257385849496955,0.029568158310552574,0.004723639433403064,0.09572431041671337,0.026753785422011192
topcell,train,id_step_plasma_b10_h200_p150,mlp,0,720,0.6639549089052436,0.5236731173190343,-0.08354698842435866,1.5833151743096323,0.6261792876970302
topcell,train,id_step_plasma_b10_h200_p150,cnn1d,0,720,0.40024073833951557,0.3068542729607953,0.1460073519224821,0.8798868662935888,0.4505450160568963
topcell,train,id_step_plasma_b10_h200_p150,tcn,0,720,1.3794251507791468,1.0662893057380587,-0.6528006144345798,2.9434726210620568,0.848088632079574
topcell,train,id_step_plasma_b10_h200_p150,gru,0,720,0.11901065479435192,0.09297398712819498,0.07358274566775068,0.2740159462017573,0.18327864009948602
topcell,train,id_step_plasma_b10_h200_p150,lstm,0,720,0.3385558363641792,0.2814783113231453,0.23012791313115616,0.5786878684920964,0.3798897858503431
topcell,train,id_step_brine_b30_h160_p150,physical_rc,0,720,0.025140054741161797,0.015219783190299936,-7.375912470872277e-05,0.09435561456828623,0.010071134889347081
topcell,train,id_step_brine_b30_h160_p150,mlp,0,720,0.17032752472406823,0.13537917595589366,-0.07306810181198921,0.39764913775596256,0.1218576149679902
topcell,train,id_step_brine_b30_h160_p150,cnn1d,0,720,0.1310141495855408,0.100242555118231,0.0932418735446081,0.34053875855269666,0.20429045532608686
topcell,train,id_step_brine_b30_h160_p150,tcn,0,720,0.720011873796915,0.5674586729427613,-0.4622547098330328,1.4691231560825884,0.5524209118430901
topcell,train,id_step_brine_b30_h160_p150,gru,0,720,0.06333629567367784,0.04668830393793007,-0.034991061718976806,0.21028731059561778,0.11889993276851295
topcell,train,id_step_brine_b30_h160_p150,lstm,0,720,0.06000945557295583,0.044639379635144374,0.011664491439937762,0.21970145352675274,0.127155012738845
topcell,train,id_const_b40_h80_p50_cold,physical_rc,0,720,0.009715235024433055,0.005676137455379365,0.0001384779360040235,0.03671485184806045,0.002926839229685048
topcell,train,id_const_b40_h80_p50_cold,mlp,0,720,0.24434717203897569,0.21992720732845505,0.1057512369454351,0.46277394074031974,0.35234859431222953
topcell,train,id_const_b40_h80_p50_cold,cnn1d,0,720,0.1832889020480915,0.15101352443731236,0.014095005957221287,0.4930488721111601,0.30994552545294085
topcell,train,id_const_b40_h80_p50_cold,tcn,0,720,0.33971377357733645,0.2814544210634829,0.2469245601781226,0.7311938671666667,0.3299669139600485
topcell,train,id_const_b40_h80_p50_cold,gru,0,720,0.16991864814519383,0.12724417021107112,-0.12092936106561025,0.37143877952702553,0.13820400276922729
topcell,train,id_const_b40_h80_p50_cold,lstm,0,720,0.21827689283190685,0.18720515164128654,-0.08802778138104365,0.37934023225891167,0.1280686281914226
topcell,train,id_const_b40_h80_p50_gradient,physical_rc,0,720,0.026415429371855013,0.01363374667908784,-0.0022276238384178115,0.09470993467034816,0.0031968291273582294
topcell,train,id_const_b40_h80_p50_gradient,mlp,0,720,0.799083715654982,0.6893501443420735,0.29027918526972,1.4483905117408824,0.9726479080336989
topcell,train,id_const_b40_h80_p50_gradient,cnn1d,0,720,0.17703922068328917,0.1599013951331208,0.08197614164401903,0.33704863621455416,0.12825212173328696
topcell,train,id_const_b40_h80_p50_gradient,tcn,0,720,0.5650128727884625,0.5163939173534121,0.28739213733130264,0.8608843434763855,0.465666847910227
topcell,train,id_const_b40_h80_p50_gradient,gru,0,720,0.09554427164030624,0.08546513012583642,-0.08431895217212822,0.18468108756707124,0.06806577485578907
topcell,train,id_const_b40_h80_p50_gradient,lstm,0,720,0.15111420104611195,0.13596317488077211,0.133372435085682,0.27387754111870777,0.16964701007260438
topcell,train,id_const_b40_h80_p50_nominal,physical_rc,0,720,0.01281017460012515,0.0070997605797222954,-0.0011129005037422523,0.04874547709000865,0.0031080915902145546
topcell,train,id_const_b40_h80_p50_nominal,mlp,0,720,0.32839446583832116,0.2715194340787426,0.11841770728495267,0.7603286619112808,0.5054679563554082
topcell,train,id_const_b40_h80_p50_nominal,cnn1d,0,720,0.1457597673926321,0.11499332772471973,-0.07884295747571328,0.36066479738559565,0.26894726441709754
topcell,train,id_const_b40_h80_p50_nominal,tcn,0,720,0.287397059321893,0.24087698349186532,0.13382407470201377,0.5547111245885645,0.26188273369244974
topcell,train,id_const_b40_h80_p50_nominal,gru,0,720,0.09592711980831066,0.07232553668247427,-0.06265602875944712,0.21621923573081148,0.07544607140528815
topcell,train,id_const_b40_h80_p50_nominal,lstm,0,720,0.136044898198524,0.10880346097469681,0.10178291048925525,0.27895195633533376,0.15268489557499254
topcell,train,id_const_b10_h120_p50_cold,physical_rc,0,720,0.006734569508839648,0.004155156949026523,0.0006968405214427086,0.03569283822160685,0.003684560324019399
topcell,train,id_const_b10_h120_p50_cold,mlp,0,720,0.09886389738304688,0.08362491566861399,0.004004428538284463,0.22049096490746223,0.08334836422922354
topcell,train,id_const_b10_h120_p50_cold,cnn1d,0,720,0.0894486536636689,0.0706084711062307,0.04887738806098153,0.18464402027601068,0.11249752129670099
topcell,train,id_const_b10_h120_p50_cold,tcn,0,720,0.3552504964521947,0.32413545196905486,-0.2844582692234354,0.5696883864466997,0.17295054346167435
topcell,train,id_const_b10_h120_p50_cold,gru,0,720,0.08986873786274313,0.06979392496408725,-0.062463994284147784,0.22062009527563475,0.041979425551549134
topcell,train,id_const_b10_h120_p50_cold,lstm,0,720,0.08724241682821776,0.06963624505322186,0.05424174423217231,0.21099985552258715,0.09755471218567774
topcell,train,id_const_b10_h120_p50_gradient,physical_rc,0,720,0.02287793488774767,0.011469800027192455,-0.0016692584752427643,0.09546781902405144,0.0043534215317377655
topcell,train,id_const_b10_h120_p50_gradient,mlp,0,720,0.46896987468200346,0.34927745618076284,0.002633206551316854,1.0054376567017584,0.5306200778242068
topcell,train,id_const_b10_h120_p50_gradient,cnn1d,0,720,0.11597622666623336,0.08502586294056938,-0.039680875048662856,0.36351282505346205,0.2096285422605286
topcell,train,id_const_b10_h120_p50_gradient,tcn,0,720,0.21498575908780154,0.15535120063647792,-0.08223664817899692,0.587925450792028,0.20355602354018368
topcell,train,id_const_b10_h120_p50_gradient,gru,0,720,0.04247595895370456,0.033733261118639155,-0.0037552546187217335,0.1130242978784537,0.019460880085583294
topcell,train,id_const_b10_h120_p50_gradient,lstm,0,720,0.11546580287617564,0.09976483557306239,0.0965975038056947,0.24494243371357527,0.11879686545780133
topcell,train,id_const_b10_h120_p50_nominal,physical_rc,0,720,0.009173511296079198,0.00519984376584302,-0.0005545045849894336,0.042942331837451775,0.0041796201595803995
topcell,train,id_const_b10_h120_p50_nominal,mlp,0,720,0.24819703233205004,0.19811753573261046,-0.15421270408396773,0.4755317140035942,0.20245306769572613
topcell,train,id_const_b10_h120_p50_nominal,cnn1d,0,720,0.17350841302290615,0.13574343924557347,-0.0696451498711597,0.4771688308712214,0.3012326638275949
topcell,train,id_const_b10_h120_p50_nominal,tcn,0,720,0.4993087156105431,0.4249307438571438,-0.2288031079119633,0.8889497190689326,0.4603227357096531
topcell,train,id_const_b10_h120_p50_nominal,gru,0,720,0.03892948254063689,0.029928235295807307,-0.025839161603426083,0.11089892965401305,0.017276120828462742
topcell,train,id_const_b10_h120_p50_nominal,lstm,0,720,0.07405023501308605,0.05674650175007726,0.033927052387462506,0.19144014235943985,0.06055526379039992
topcell,train,id_step_brine_b10_h200_p150,physical_rc,0,720,0.026176985753735067,0.015426824108893733,0.0005877308654859605,0.1130158996513444,0.010889320278870362
topcell,train,id_step_brine_b10_h200_p150,mlp,0,720,0.2701751513765974,0.2263908573478071,0.049147076674820926,0.6066141388645576,0.37128249210187164
topcell,train,id_step_brine_b10_h200_p150,cnn1d,0,720,0.22421962198603904,0.18623365763362873,0.13934114164884875,0.6155742775344493,0.36837859018696306
topcell,train,id_step_brine_b10_h200_p150,tcn,0,720,0.9432231293272668,0.8128137467948692,-0.6948876562448771,1.8098989722988108,0.63119992126865
topcell,train,id_step_brine_b10_h200_p150,gru,0,720,0.2716704954125007,0.21342569221262417,0.19502724674592106,0.4944307076350185,0.04399197347390884
topcell,train,id_step_brine_b10_h200_p150,lstm,0,720,0.3474866562510548,0.2767317622285536,0.2435514177627204,0.6581434654227678,0.45690771254562446
topcell,train,id_step_heater_b40_h200_p100,physical_rc,0,720,0.02320946348081705,0.016339236771230257,-0.0017852915101217745,0.0724660903565848,0.005071305047804622
topcell,train,id_step_heater_b40_h200_p100,mlp,0,720,1.6545744159886517,1.1510190543349403,0.28222222986608714,4.501379171032511,0.9779429784574787
topcell,train,id_step_heater_b40_h200_p100,cnn1d,0,720,0.9409563140260082,0.7002224991463568,0.05847847513433074,2.7781669946032537,0.37597286340860475
topcell,train,id_step_heater_b40_h200_p100,tcn,0,720,1.9031868336335063,1.2297351021928076,0.47757683056411254,5.237870270881189,0.5524425219534571
topcell,train,id_step_heater_b40_h200_p100,gru,0,720,0.24476049936707386,0.19369081124694412,-0.08637041535861452,0.6141908046023019,0.0858906834014555
topcell,train,id_step_heater_b40_h200_p100,lstm,0,720,0.48379089450054086,0.3767308409894215,0.13487311237346897,1.2898518765241676,0.34806117315410257
topcell,train,id_const_b20_h160_p0_cold,physical_rc,0,720,0.01083921381645592,0.005510545278487664,-0.0004088712634934093,0.06329471051039803,0.004459451970123875
topcell,train,id_const_b20_h160_p0_cold,mlp,0,720,0.4187784477450556,0.34724089008570286,0.17887065814981035,0.8690838930814664,0.482014943183564
topcell,train,id_const_b20_h160_p0_cold,cnn1d,0,720,0.26571940687738554,0.21047027223560155,0.1984500510819096,0.5305192764190423,0.16498274305353727
topcell,train,id_const_b20_h160_p0_cold,tcn,0,720,0.28418954456532974,0.24819433977235894,-0.10083613004214309,0.6548621112439577,0.35257985487712135
topcell,train,id_const_b20_h160_p0_cold,gru,0,720,0.07345856545943535,0.05738726779879665,0.04188820722127426,0.16517480791118544,0.0663433684284889
topcell,train,id_const_b20_h160_p0_cold,lstm,0,720,0.3112341216736359,0.24890203452357937,0.23414767718986207,0.6085194724241205,0.29252542705494
topcell,train,id_const_b20_h160_p0_gradient,physical_rc,0,720,0.021480052873725036,0.01064711755832011,-0.00277495220436659,0.12306969131326895,0.005373897674168823
topcell,train,id_const_b20_h160_p0_gradient,mlp,0,720,0.3213392403596433,0.23963218104967343,0.07647798027673712,0.850910381887644,0.3785573819486275
topcell,train,id_const_b20_h160_p0_gradient,cnn1d,0,720,0.06798449605764924,0.05713288306563643,0.026323196485367194,0.19004324621219837,0.07450887004424185
topcell,train,id_const_b20_h160_p0_gradient,tcn,0,720,0.7395228134708074,0.5575654936437192,0.006452510428108127,1.3536100673837552,0.89080730671555
topcell,train,id_const_b20_h160_p0_gradient,gru,0,720,0.03071604207341577,0.026235188372396696,0.0034152300740569073,0.08932241227056181,0.04985531722212217
topcell,train,id_const_b20_h160_p0_gradient,lstm,0,720,0.08885183226794639,0.06895480287293208,0.056581441052839486,0.20290515603890924,0.11507323899581956
topcell,train,id_const_b20_h160_p0_nominal,physical_rc,0,720,0.011138684750632318,0.005513894093003854,-0.0016602316473372822,0.0705442041265627,0.005145214393297007
topcell,train,id_const_b20_h160_p0_nominal,mlp,0,720,0.3913016662829226,0.3501623790414215,-0.04815697040376093,0.7850197085844144,0.3409675383955298
topcell,train,id_const_b20_h160_p0_nominal,cnn1d,0,720,0.12980769015329374,0.1061067437423294,0.030702335236898637,0.3160718015832771,0.15241046636981123
topcell,train,id_const_b20_h160_p0_nominal,tcn,0,720,0.5396482866687238,0.4788198462724887,-0.1305703413662704,0.8206857628339463,0.44687660337617874
topcell,train,id_const_b20_h160_p0_nominal,gru,0,720,0.08065476732418309,0.06295377039571981,-0.05849024147361434,0.16017920773259675,0.08674286343630233
topcell,train,id_const_b20_h160_p0_nominal,lstm,0,720,0.09941110030790387,0.07600968694205486,-0.02608772819279667,0.21581289663164682,0.12433503802054507
topcell,train,id_step_brine_b40_h200_p100,physical_rc,0,720,0.021249766847422018,0.012138252568208172,-0.0013585878069721483,0.10888976239126436,0.009547628762954983
topcell,train,id_step_brine_b40_h200_p100,mlp,0,720,0.47520329643203385,0.361370054678927,-0.23089028547961732,1.1499014047999196,0.41552901335663756
topcell,train,id_step_brine_b40_h200_p100,cnn1d,0,720,0.14416073568919077,0.1089219469916153,0.08264901175857026,0.3339235229927908,0.10249564892157145
topcell,train,id_step_brine_b40_h200_p100,tcn,0,720,0.7024020445914552,0.5377615481951655,-0.386431786095871,1.6709980337092958,0.4972399313974511
topcell,train,id_step_brine_b40_h200_p100,gru,0,720,0.22703851464871178,0.18512061737923227,-0.17686298585677893,0.41292035250145886,0.1039556950057621
topcell,train,id_step_brine_b40_h200_p100,lstm,0,720,0.09032196631378553,0.0714429380843504,0.01685418086588037,0.2499284136288651,0.020297345525668167
topcell,train,id_const_b30_h200_p50_cold,physical_rc,0,720,0.015672350636472522,0.007710923213344807,-0.0002271493046718377,0.09915085731542916,0.007186501079538598
topcell,train,id_const_b30_h200_p50_cold,mlp,0,720,0.4285051228121489,0.34000920665897905,-0.0011872603210458207,0.9576866088227831,0.5035017093298053
topcell,train,id_const_b30_h200_p50_cold,cnn1d,0,720,0.17681194130359215,0.15410447368783967,0.1319190091981506,0.3141641364165366,0.12074110652323437
topcell,train,id_const_b30_h200_p50_cold,tcn,0,720,0.6235622274910847,0.5311446926691037,-0.49901442141544217,1.3725880852834393,0.10244054333237557
topcell,train,id_const_b30_h200_p50_cold,gru,0,720,0.10172842292343309,0.08600484417702,0.07508411637093697,0.2032201224613317,0.1487501642862121
topcell,train,id_const_b30_h200_p50_cold,lstm,0,720,0.1097564907230453,0.08880781019826095,0.04087598599166243,0.2189987678874843,0.11290713084748366
topcell,train,id_const_b30_h200_p50_gradient,physical_rc,0,720,0.02959677984690789,0.014356007806241263,-0.0025932594124533637,0.15892583811788796,0.007998954424126424
topcell,train,id_const_b30_h200_p50_gradient,mlp,0,720,0.2861750371796752,0.22808128322612214,0.16488710706701692,0.7643658738218875,0.11095190937830109
topcell,train,id_const_b30_h200_p50_gradient,cnn1d,0,720,0.181636369698868,0.14999432852977124,0.12610367045962687,0.40200614535312695,0.09281086877249928
topcell,train,id_const_b30_h200_p50_gradient,tcn,0,720,0.9744282926832232,0.7649929998803998,-0.11450317292630104,2.2344896733545028,1.1952709093325595
topcell,train,id_const_b30_h200_p50_gradient,gru,0,720,0.10282532344628155,0.08633692881272623,-0.08480870426880563,0.2002112844777031,0.02240730337490079
topcell,train,id_const_b30_h200_p50_gradient,lstm,0,720,0.1602143679826232,0.12584198617097825,0.0010703710290824336,0.4301395792519429,0.13484137401317117
topcell,train,id_const_b30_h200_p50_nominal,physical_rc,0,720,0.017375326201585325,0.008561628047966865,-0.0014785235777692504,0.10639935093128372,0.007796695223353568
topcell,train,id_const_b30_h200_p50_nominal,mlp,0,720,0.682402414062273,0.5461337399933511,-0.08866597297423343,1.4105833502289755,0.7800666687036223
topcell,train,id_const_b30_h200_p50_nominal,cnn1d,0,720,0.20136547708171618,0.16908955999430614,0.0304055961537848,0.4075565761586972,0.21897817889394655
topcell,train,id_const_b30_h200_p50_nominal,tcn,0,720,0.432326639420289,0.3367856648301106,-0.2921397045164498,0.9768654579822851,0.22195497114602303
topcell,train,id_const_b30_h200_p50_nominal,gru,0,720,0.06427058194872812,0.054282223818766136,-0.021515571338647444,0.15473289410442703,0.07126324671183257
topcell,train,id_const_b30_h200_p50_nominal,lstm,0,720,0.08348004257537277,0.06354164127680376,-0.003955659580869931,0.20609890822964871,0.08266758747561141
topcell,train,id_ramp_heater_b30_h80_p100,physical_rc,0,720,0.01858359182242811,0.011350303542105096,-5.493438648634571e-05,0.06683854214293206,0.007190287010245554
topcell,train,id_ramp_heater_b30_h80_p100,mlp,0,720,0.2583154939434392,0.21562551125141358,-0.13229339538056098,0.6131184553217821,0.3232300995940377
topcell,train,id_ramp_heater_b30_h80_p100,cnn1d,0,720,0.1817727868644166,0.1293177612374531,-0.04904192806555884,0.5093316418857228,0.12363109856812426
topcell,train,id_ramp_heater_b30_h80_p100,tcn,0,720,0.38123722171263674,0.3202351404804876,-0.18761146279430668,0.7940453128607174,0.4674721779258713
topcell,train,id_ramp_heater_b30_h80_p100,gru,0,720,0.12694729401924176,0.09840875613563145,0.0627832641694545,0.27544160200298506,0.1595294611780184
topcell,train,id_ramp_heater_b30_h80_p100,lstm,0,720,0.18452136205833847,0.15099851299320946,0.1043785292475261,0.4761845277323147,0.3124213470356763
topcell,train,id_const_b30_h120_p0_cold,physical_rc,0,720,0.006045777486658585,0.002905304557417379,-0.0004570224600873196,0.03811460422026869,0.0024713701159855906
topcell,train,id_const_b30_h120_p0_cold,mlp,0,720,0.2746786788857708,0.1916111900588346,0.07372620338002997,0.8441269844459924,0.21014775154945262
topcell,train,id_const_b30_h120_p0_cold,cnn1d,0,720,0.20181716143748793,0.1553279102188953,0.14137311435352196,0.42561133349967406,0.3019679699908243
topcell,train,id_const_b30_h120_p0_cold,tcn,0,720,0.39236957791607857,0.295746257337436,0.24690084111736263,0.827902605271774,0.3805690774463076
topcell,train,id_const_b30_h120_p0_cold,gru,0,720,0.1082971794940943,0.09652943954560611,-0.09400634987714909,0.17826068255331506,0.10321952519558147
topcell,train,id_const_b30_h120_p0_cold,lstm,0,720,0.08870930648834775,0.06832070771777282,0.04817634423647788,0.19604371977400348,0.11724901305898551
topcell,train,id_const_b30_h120_p0_gradient,physical_rc,0,720,0.020125931346651808,0.010276183102605045,-0.002823145067635174,0.09788958502314671,0.0033912398056192934
topcell,train,id_const_b30_h120_p0_gradient,mlp,0,720,0.39855653667845736,0.31133731853344826,0.25756535070698655,0.8059847510001532,0.4694562673334771
topcell,train,id_const_b30_h120_p0_gradient,cnn1d,0,720,0.3646307136357426,0.30453871748784866,0.2242284103393799,0.6692306755573867,0.44864420644945374
topcell,train,id_const_b30_h120_p0_gradient,tcn,0,720,0.5300626031595289,0.4322343437031282,0.012471162435859561,1.092664420823759,0.5812372224375542
topcell,train,id_const_b30_h120_p0_gradient,gru,0,720,0.0608727585653176,0.050608572918131124,-0.046097315657071584,0.13865463240987452,0.059069176918056215
topcell,train,id_const_b30_h120_p0_gradient,lstm,0,720,0.1189245937279079,0.09893026606718595,0.008043891044289007,0.26783634042587323,0.18153733957735171
topcell,train,id_const_b30_h120_p0_nominal,physical_rc,0,720,0.0073635131150438645,0.003976251076224941,-0.0017084245105570457,0.045364097836440465,0.003159352459433782
topcell,train,id_const_b30_h120_p0_nominal,mlp,0,720,0.5873716505928266,0.5271815456991006,-0.057960512999344675,0.9342366262937531,0.6239949287394293
topcell,train,id_const_b30_h120_p0_nominal,cnn1d,0,720,0.13959488375092566,0.11117634813407039,0.08238135928691398,0.3157362667514576,0.197709096788969
topcell,train,id_const_b30_h120_p0_nominal,tcn,0,720,0.4005060661330608,0.3667938294262919,-0.11344765357666502,0.6553252627675263,0.3996319299770189
topcell,train,id_const_b30_h120_p0_nominal,gru,0,720,0.17859840494955023,0.16252466770727947,-0.1596946390753766,0.2905551541677269,0.13890484036933326
topcell,train,id_const_b30_h120_p0_nominal,lstm,0,720,0.15648995526014986,0.11710024980563039,-0.07100966653268495,0.35783860336522366,0.2129915167724964
topcell,train,id_ramp_heater_b40_h200_p100,physical_rc,0,720,0.021549493068626458,0.01549871929413669,-0.001885596841123939,0.0724660903565848,0.011840794277518857
topcell,train,id_ramp_heater_b40_h200_p100,mlp,0,720,1.616330932041401,1.157764490322859,0.349886591644452,4.388802207487387,1.1316365435159965
topcell,train,id_ramp_heater_b40_h200_p100,cnn1d,0,720,0.9055245952946211,0.69492859928895,0.03194849953849632,2.2379271660366413,0.7562765223423925
topcell,train,id_ramp_heater_b40_h200_p100,tcn,0,720,1.7821462418218919,1.2092432299529268,0.46885513599485523,4.821000810116232,0.8006533078062676
topcell,train,id_ramp_heater_b40_h200_p100,gru,0,720,0.23253692390852745,0.1792700149178031,-0.12171210955085149,0.5003215984911833,0.04209193786964581
topcell,train,id_ramp_heater_b40_h200_p100,lstm,0,720,0.5278285457317455,0.41879042155073953,0.058362548665056205,1.1299363488561909,0.4790450086726997
topcell,train,id_const_b20_h160_p50_cold,physical_rc,0,720,0.011002644662747085,0.005815928310442627,0.00023484699730305338,0.06742184776851445,0.005357935610430064
topcell,train,id_const_b20_h160_p50_cold,mlp,0,720,0.30033133223678576,0.22642638565036172,0.14764127360416593,0.7097602609449893,0.25942931299283073
topcell,train,id_const_b20_h160_p50_cold,cnn1d,0,720,0.18831993352314624,0.14616119697634958,0.11438653601718594,0.33969671185016637,0.19911893659093044
topcell,train,id_const_b20_h160_p50_cold,tcn,0,720,0.43117952160582407,0.3692112967912688,-0.3443885176067282,0.8686819511860193,0.08693703644117873
topcell,train,id_const_b20_h160_p50_cold,gru,0,720,0.053849468929712214,0.038622388517425166,-0.021806808635488156,0.16162997778333477,0.032199343850861255
topcell,train,id_const_b20_h160_p50_cold,lstm,0,720,0.15867561612322192,0.12687367451791162,0.1109861009008512,0.3234672652575057,0.1974636641342607
topcell,train,id_const_b20_h160_p50_gradient,physical_rc,0,720,0.025985679019505954,0.01275615181515458,-0.002131254777125433,0.12719682857097325,0.0061288702050133525
topcell,train,id_const_b20_h160_p50_gradient,mlp,0,720,0.5396658611068834,0.4268828250039282,0.12898060203980774,1.1243206446825553,0.501169452337512
topcell,train,id_const_b20_h160_p50_gradient,cnn1d,0,720,0.09132525023505955,0.07944404938648884,0.06322275293269652,0.18139351141476823,0.07221270482712609
topcell,train,id_const_b20_h160_p50_gradient,tcn,0,720,0.4847515014830084,0.35849069347094925,-0.0544968596646628,1.1785990344313007,0.6679870084122883
topcell,train,id_const_b20_h160_p50_gradient,gru,0,720,0.1018555246096781,0.08967652879798584,-0.08927965901573115,0.19725459061183415,0.04539193427600169
topcell,train,id_const_b20_h160_p50_gradient,lstm,0,720,0.12521495910431824,0.09257092807401435,-0.025475191109365754,0.31192917396374753,0.18396908217407754
topcell,train,id_const_b20_h160_p50_nominal,physical_rc,0,720,0.012984502164310777,0.006718773755838608,-0.0010165258868692659,0.07467134138437359,0.00593503345321609
topcell,train,id_const_b20_h160_p50_nominal,mlp,0,720,0.21784221634792617,0.1685249641430612,0.0051929621883795565,0.47170030454994105,0.2514214951269939
topcell,train,id_const_b20_h160_p50_nominal,cnn1d,0,720,0.09944756812252138,0.08384310201385653,0.015350058392678691,0.2338853941961787,0.11924293186264195
topcell,train,id_const_b20_h160_p50_nominal,tcn,0,720,0.3103509141804719,0.2537959228495132,-0.1913336787446892,0.6782113944077537,0.21989215407697874
topcell,train,id_const_b20_h160_p50_nominal,gru,0,720,0.06694989155939234,0.05621339465052035,-0.052556694574639934,0.1466409284913368,0.022377725075805193
topcell,train,id_const_b20_h160_p50_nominal,lstm,0,720,0.06814076057789062,0.052287671723485994,-0.006564518159623578,0.19655231684842533,0.11897931984073402
topcell,train,id_step_plasma_b30_h160_p150,physical_rc,0,720,0.03485655759289073,0.028146892030927104,0.004420330464549021,0.08040404225833697,0.025310360400574855
topcell,train,id_step_plasma_b30_h160_p150,mlp,0,720,0.6033906457046003,0.4805954126181872,-0.09577078792362548,1.4441845099460977,0.6680411182084918
topcell,train,id_step_plasma_b30_h160_p150,cnn1d,0,720,0.4554167701761551,0.3557957611947673,0.24853170580006817,1.0974653097713372,0.6327506012039811
topcell,train,id_step_plasma_b30_h160_p150,tcn,0,720,1.2265432585241869,0.869015074638891,-0.18672999867414078,4.216924267437122,1.4380474009177049
topcell,train,id_step_plasma_b30_h160_p150,gru,0,720,0.2852610083825506,0.2373134385502928,0.21439923000895442,0.5503445581177999,0.15847756192098564
topcell,train,id_step_plasma_b30_h160_p150,lstm,0,720,0.3670975020115617,0.313488663511258,0.2843143155834291,0.6916189251090685,0.47321407422551653
topcell,train,id_ramp_brine_b40_h200_p100,physical_rc,0,720,0.02105263442996267,0.011540032941946521,-0.0016038764583205436,0.10888976239126436,0.010706981942572287
topcell,train,id_ramp_brine_b40_h200_p100,mlp,0,720,0.471358922579272,0.34126034708865105,-0.23470544689059705,1.1693134021814728,0.38853997695620823
topcell,train,id_ramp_brine_b40_h200_p100,cnn1d,0,720,0.15175767963189774,0.11361870210515264,0.08952551033565194,0.3651460525855441,0.09807482282180384
topcell,train,id_ramp_brine_b40_h200_p100,tcn,0,720,0.692636312873453,0.5284100366753471,-0.4023011202252129,1.6046810771531455,0.4800446845553754
topcell,train,id_ramp_brine_b40_h200_p100,gru,0,720,0.23567195540631808,0.19280625340472904,-0.18840514891554677,0.4134738179040056,0.16968362660209876
topcell,train,id_ramp_brine_b40_h200_p100,lstm,0,720,0.09877493120878808,0.081420582537995,0.05668555161522087,0.21560891960329798,0.02164546594154087
topcell,train,id_const_b10_h80_p50_cold,physical_rc,0,720,0.005539533043286704,0.0037313740683576945,0.0009037609937209368,0.01998711052958413,0.0026057448050126227
topcell,train,id_const_b10_h80_p50_cold,mlp,0,720,0.1913582542175556,0.1324932243056724,0.05531504353807193,0.6200542019627164,0.10771220437328853
topcell,train,id_const_b10_h80_p50_cold,cnn1d,0,720,0.10545166027943931,0.08526015603294343,0.008843184989222338,0.22653183644887065,0.13583872601632554
topcell,train,id_const_b10_h80_p50_cold,tcn,0,720,0.1957002645223536,0.1658805948323456,-0.05763331018043799,0.4096281427457171,0.24550546986600133
topcell,train,id_const_b10_h80_p50_cold,gru,0,720,0.11665161173541723,0.10076890034289872,-0.10076501473329663,0.2266157880256685,0.04692166172478346
topcell,train,id_const_b10_h80_p50_cold,lstm,0,720,0.1418619524033385,0.10393124296652773,-0.001799937093596456,0.39177868785087355,0.08195706869315582
topcell,train,id_const_b10_h80_p50_gradient,physical_rc,0,720,0.021976257013099673,0.011312477490605785,-0.0014623310578461002,0.08013779002484966,0.0029367398988066184
topcell,train,id_const_b10_h80_p50_gradient,mlp,0,720,0.42655896559742057,0.3702884349036549,-0.05677651765688532,0.8001120429871804,0.480268802215174
topcell,train,id_const_b10_h80_p50_gradient,cnn1d,0,720,0.1337414030666895,0.11807323234640282,0.011349609798137955,0.25780328012795906,0.1587734117217321
topcell,train,id_const_b10_h80_p50_gradient,tcn,0,720,0.32446522967319846,0.2569742145891488,0.02714684817307274,0.8842350101053853,0.22224156561461533
topcell,train,id_const_b10_h80_p50_gradient,gru,0,720,0.09403795663237016,0.07730916999203913,-0.06326580117603342,0.21287255946053563,0.0604090325290642
topcell,train,id_const_b10_h80_p50_gradient,lstm,0,720,0.09434542072500013,0.08104158598536511,0.06537438417573792,0.17499404806595464,0.10708450350347629
topcell,train,id_const_b10_h80_p50_nominal,physical_rc,0,720,0.008405927569372376,0.004924693389750869,-0.0003476021675018753,0.03193698851337956,0.0028311184320844686
topcell,train,id_const_b10_h80_p50_nominal,mlp,0,720,0.1225342146086018,0.08963168805694567,-0.06131521181403189,0.294828659790042,0.13584042615723765
topcell,train,id_const_b10_h80_p50_nominal,cnn1d,0,720,0.1321464173892579,0.10425006151576323,-0.09324470279312394,0.26537644537275185,0.21015418036836814
topcell,train,id_const_b10_h80_p50_nominal,tcn,0,720,0.19407283763811428,0.16351451665068598,-0.10517869174305775,0.3755627408631881,0.24213923165684048
topcell,train,id_const_b10_h80_p50_nominal,gru,0,720,0.09014554682892659,0.07371509882690787,-0.039016965375310214,0.19249910846752982,0.08529308298232857
topcell,train,id_const_b10_h80_p50_nominal,lstm,0,720,0.09140757624872084,0.07346076031886394,0.0663224461729815,0.18360173500200005,0.11976656108886824
topcell,train,id_const_b40_h120_p0_cold,physical_rc,0,720,0.006417036235012346,0.00297921193974005,-0.0007121510707746421,0.041389055848704004,0.002469594593468472
topcell,train,id_const_b40_h120_p0_cold,mlp,0,720,0.36383635383356544,0.2820654502862177,0.05815202415279408,0.9729873992009601,0.3159600049737113
topcell,train,id_const_b40_h120_p0_cold,cnn1d,0,720,0.23539966152443928,0.19169461039924204,0.18644048439803512,0.49911406865251706,0.3091623169898971
topcell,train,id_const_b40_h120_p0_cold,tcn,0,720,0.5587869496013853,0.4442006831240888,0.43564564421421875,1.1368959980764686,0.6087267277740754
topcell,train,id_const_b40_h120_p0_cold,gru,0,720,0.12485135593029041,0.11080423218566016,-0.10748477145264543,0.19445038446191631,0.12599882852028355
topcell,train,id_const_b40_h120_p0_cold,lstm,0,720,0.084037657226569,0.06373731190503094,0.00632919702017637,0.1757756070280294,0.12196937208203992
topcell,train,id_const_b40_h120_p0_gradient,physical_rc,0,720,0.021448833499532065,0.010982546274702177,-0.003078227844996058,0.10116403665158202,0.003381046172027736
topcell,train,id_const_b40_h120_p0_gradient,mlp,0,720,0.5438447920644957,0.44255568875702067,0.3998379554258251,1.0101962692459452,0.6197300370296279
topcell,train,id_const_b40_h120_p0_gradient,cnn1d,0,720,0.3757925238580036,0.3080197976294795,0.22918807976903502,0.7452504218793123,0.45950729535134854
topcell,train,id_const_b40_h120_p0_gradient,tcn,0,720,0.43662384731024884,0.3522175456778453,0.006659276347924771,0.9022571929256102,0.46419065061908293
topcell,train,id_const_b40_h120_p0_gradient,gru,0,720,0.05915679862062946,0.049306527468891886,-0.030292364183962493,0.15582446938018535,0.06558548013672422
topcell,train,id_const_b40_h120_p0_gradient,lstm,0,720,0.13068378070593326,0.10655730347092687,0.052196437465004804,0.26028389507523997,0.1574010291164719
topcell,train,id_const_b40_h120_p0_nominal,physical_rc,0,720,0.008292276371587538,0.004559028048646397,-0.0019635045101394,0.048638549464882885,0.0031508678018693378
topcell,train,id_const_b40_h120_p0_nominal,mlp,0,720,0.5471011490537427,0.4859661781163707,0.06975359314177032,1.0115643671698393,0.607015043822479
topcell,train,id_const_b40_h120_p0_nominal,cnn1d,0,720,0.16954855033247798,0.12669351026837888,0.08642482975426558,0.4177495972719356,0.2556318506430227
topcell,train,id_const_b40_h120_p0_nominal,tcn,0,720,0.37470823396065894,0.3359729008862413,0.04639006712611242,0.7472127360356637,0.34710916417471427
topcell,train,id_const_b40_h120_p0_nominal,gru,0,720,0.17633774007914535,0.16192178996113799,-0.16031303310183725,0.2848265571866051,0.1480725288865949
topcell,train,id_const_b40_h120_p0_nominal,lstm,0,720,0.12327342135634517,0.10483760267009636,-0.04078122558625672,0.21623223671641512,0.1548083125714474
topcell,train,id_const_b40_h160_p50_cold,physical_rc,0,720,0.012819552653089216,0.006728035635405188,-0.0002753616130942444,0.07396975102541603,0.0054572319447816755
topcell,train,id_const_b40_h160_p50_cold,mlp,0,720,0.3338343445966063,0.29062374544789665,0.10016822012271409,0.6024216122736874,0.4141592676270571
topcell,train,id_const_b40_h160_p50_cold,cnn1d,0,720,0.21438174671329485,0.18425635383683558,0.04842913730837533,0.3637112822195263,0.20807680522071437
topcell,train,id_const_b40_h160_p50_cold,tcn,0,720,0.4093940420405002,0.3366493678159999,-0.14382007610150854,0.9984190450136907,0.5541357640742344
topcell,train,id_const_b40_h160_p50_cold,gru,0,720,0.11305856201938863,0.09402177885759105,-0.08810616299291894,0.2465113226405009,0.0595259445423582
topcell,train,id_const_b40_h160_p50_cold,lstm,0,720,0.10033439842990337,0.07745326450370364,-0.03970466120115715,0.2965643979675434,0.1731720408614063
topcell,train,id_const_b40_h160_p50_gradient,physical_rc,0,720,0.028623163997710754,0.014110959103206571,-0.0026414411653044724,0.1337457318278581,0.006206349923062091
topcell,train,id_const_b40_h160_p50_gradient,mlp,0,720,0.7881095947908726,0.6203413870116816,0.1363289162484777,1.5916544726726158,0.9053726094520186
topcell,train,id_const_b40_h160_p50_gradient,cnn1d,0,720,0.09245630459515117,0.07430669912584538,0.023688551825941692,0.18768704896000088,0.0723463103725376
topcell,train,id_const_b40_h160_p50_gradient,tcn,0,720,0.5083062287723084,0.3789493678234775,0.15246618743200446,1.2862543061188916,0.8373194717635083
topcell,train,id_const_b40_h160_p50_gradient,gru,0,720,0.033252613642770115,0.025693288256548867,0.01281703220687593,0.09013855819883076,0.025135442731753985
topcell,train,id_const_b40_h160_p50_gradient,lstm,0,720,0.14930735230877853,0.11586352093735235,-0.025245853100137702,0.4289915395361561,0.25218591125977824
topcell,train,id_const_b40_h160_p50_nominal,physical_rc,0,720,0.0152219576402571,0.007871233245468082,-0.001526717830627068,0.08121924464126096,0.0060175372802737746
topcell,train,id_const_b40_h160_p50_nominal,mlp,0,720,0.16116791618680695,0.1220082013963063,-0.02697155216200402,0.4479344031909136,0.22311910665106915
topcell,train,id_const_b40_h160_p50_nominal,cnn1d,0,720,0.10346042672175801,0.08208819710133139,-0.034707360208053956,0.249661937532764,0.14982161783831396
topcell,train,id_const_b40_h160_p50_nominal,tcn,0,720,0.30921757200842437,0.24496218398504874,-0.013913595333791958,0.6280308890884783,0.41867581435193507
topcell,train,id_const_b40_h160_p50_nominal,gru,0,720,0.1075604051279181,0.09891049939447155,-0.09769922911346354,0.17370044547161,0.05373888827293231
topcell,train,id_const_b40_h160_p50_nominal,lstm,0,720,0.12973002520505286,0.09208399094950567,-0.0630733923246434,0.3286769093640203,0.2269422087452672
topcell,train,id_const_b40_h80_p0_cold,physical_rc,0,720,0.0028613357579479175,0.001485328669075978,-0.0005052097679378716,0.012934497930146449,0.0005222695839588014
topcell,train,id_const_b40_h80_p0_cold,mlp,0,720,0.3443342919510423,0.26931094251946824,0.17155039375086012,0.6252438382048169,0.4491641941399506
topcell,train,id_const_b40_h80_p0_cold,cnn1d,0,720,0.17469727029439588,0.131059380818997,0.09311206902093246,0.5092193058846277,0.30427996484756675
topcell,train,id_const_b40_h80_p0_cold,tcn,0,720,0.4944623628129984,0.28992700535650706,0.2174050602322505,1.755306133539591,0.9374003912785343
topcell,train,id_const_b40_h80_p0_cold,gru,0,720,0.07296462468051539,0.06011907592920877,-0.05336835874251214,0.15134001490608995,0.11251239484862577
topcell,train,id_const_b40_h80_p0_cold,lstm,0,720,0.1369712887421488,0.10557439072746817,0.010968422320157817,0.2750402484942924,0.20622125152292853
topcell,train,id_const_b40_h80_p0_gradient,physical_rc,0,720,0.020032105240157323,0.010350104986181543,-0.0028713226532707616,0.07539940643030718,0.0014360950118568693
topcell,train,id_const_b40_h80_p0_gradient,mlp,0,720,0.6700653480411952,0.590676028582289,0.5764825952218179,1.042211304113124,0.6646600931513496
topcell,train,id_const_b40_h80_p0_gradient,cnn1d,0,720,0.2742667893755173,0.23197864246199953,0.13645691138106697,0.523456602261426,0.3233904209869095
topcell,train,id_const_b40_h80_p0_gradient,tcn,0,720,0.31664121263065076,0.2204720107479569,0.13895335144749194,1.4471831768143204,0.34846781118126974
topcell,train,id_const_b40_h80_p0_gradient,gru,0,720,0.06936832463228262,0.05770059306137021,0.008069484368158669,0.1403625393507255,0.06153758372478504
topcell,train,id_const_b40_h80_p0_gradient,lstm,0,720,0.21357402088922328,0.1820516977884809,0.17502731000677307,0.40949604444189447,0.21377508394253641
topcell,train,id_const_b40_h80_p0_nominal,physical_rc,0,720,0.00607822125070836,0.0036483395921026625,-0.001756597929518813,0.021570733417014765,0.0011978644221084349
topcell,train,id_const_b40_h80_p0_nominal,mlp,0,720,0.5102702660818768,0.4146702040592568,0.3114129122781843,1.0616298555380155,0.589161188531909
topcell,train,id_const_b40_h80_p0_nominal,cnn1d,0,720,0.11624936386693561,0.08733789672055486,-0.053910728065255556,0.24790445639616365,0.13934311863486723
topcell,train,id_const_b40_h80_p0_nominal,tcn,0,720,0.3137814787879032,0.24313718477217602,0.09510205635279652,1.074458408754417,0.6164823802120524
topcell,train,id_const_b40_h80_p0_nominal,gru,0,720,0.16971205294545258,0.16171938134599637,-0.160542611249205,0.2413590167399704,0.18420540023810292
topcell,train,id_const_b40_h80_p0_nominal,lstm,0,720,0.1634361961594302,0.12626340099184816,0.08775427696565878,0.35027730988417716,0.19312464435799878
topcell,train,id_const_b10_h200_p100_cold,physical_rc,0,720,0.016929599516896886,0.009691444292374889,0.0009267331204376876,0.09672809131849647,0.008592448182565557
topcell,train,id_const_b10_h200_p100_cold,mlp,0,720,0.33747108254022645,0.26505057834252455,-0.07760310213260227,0.6712943722697133,0.3090335964619277
topcell,train,id_const_b10_h200_p100_cold,cnn1d,0,720,0.21886877634614524,0.17396942113470312,0.13025308627388407,0.4138778115441255,0.3152393607994394
topcell,train,id_const_b10_h200_p100_cold,tcn,0,720,1.0591780400156174,0.8861788076506817,-0.8786828912685827,2.178832394973881,0.4632500331516777
topcell,train,id_const_b10_h200_p100_cold,gru,0,720,0.15956957124232457,0.1381893639625867,0.1293798191709618,0.32519065793735535,0.15890459873037224
topcell,train,id_const_b10_h200_p100_cold,lstm,0,720,0.23639279419953477,0.18948463327094286,0.1672801589343635,0.5660482906388182,0.24661574030951774
topcell,train,id_const_b10_h200_p100_gradient,physical_rc,0,720,0.03203909834412088,0.01643043447079593,-0.0014393936539904494,0.15650407212093853,0.009281801552436077
topcell,train,id_const_b10_h200_p100_gradient,mlp,0,720,0.26414686122380954,0.24522427668108707,0.12360230276211273,0.49177791863369436,0.20146797942877856
topcell,train,id_const_b10_h200_p100_gradient,cnn1d,0,720,0.24975353012501375,0.20779039088513346,0.19942161930664856,0.5430297510820594,0.26392552408270864
topcell,train,id_const_b10_h200_p100_gradient,tcn,0,720,0.8827397728111127,0.6236760634898789,-0.43000768228031616,2.1197053873698337,0.8483113674615141
topcell,train,id_const_b10_h200_p100_gradient,gru,0,720,0.08608884880661435,0.06796700019025599,-0.0622776537995348,0.20258445962436156,0.04911956274496981
topcell,train,id_const_b10_h200_p100_gradient,lstm,0,720,0.14023581652648795,0.1061228452474355,0.06470535828018821,0.3936798804568724,0.07239354281905215
topcell,train,id_const_b10_h200_p100_nominal,physical_rc,0,720,0.019079321181904196,0.010593406549867356,-0.0003246355970773903,0.10397758493432008,0.009110138915336198
topcell,train,id_const_b10_h200_p100_nominal,mlp,0,720,0.5111272499111597,0.41845061711886744,-0.1614803985655043,1.0762118385198676,0.5851954515586776
topcell,train,id_const_b10_h200_p100_nominal,cnn1d,0,720,0.20439254031698936,0.1498142088600652,0.06841459169962502,0.48596982249748066,0.22278387430389654
topcell,train,id_const_b10_h200_p100_nominal,tcn,0,720,0.877746326815919,0.7080768728919474,-0.6784292329953253,1.8366425604663448,0.4538893076616473
topcell,train,id_const_b10_h200_p100_nominal,gru,0,720,0.07684976232632354,0.06662046621338034,0.06490577824452212,0.1583872843857108,0.09703455052116423
topcell,train,id_const_b10_h200_p100_nominal,lstm,0,720,0.1316790554914092,0.10811393009844966,0.10511053143657101,0.33189161633163167,0.14606391245850847
topcell,train,id_const_b40_h80_p150_cold,physical_rc,0,720,0.024496763924679473,0.014613252777864212,0.0014258783019533638,0.09668920739558473,0.008203951986904167
topcell,train,id_const_b40_h80_p150_cold,mlp,0,720,0.1743314983551141,0.13049117826052306,0.0271218277778669,0.5321764522085033,0.15941472870094706
topcell,train,id_const_b40_h80_p150_cold,cnn1d,0,720,0.17585894130804397,0.15555679499759947,0.07883218458448192,0.3292701690599742,0.1304769863399599
topcell,train,id_const_b40_h80_p150_cold,tcn,0,720,0.5542035275347128,0.45746155740726674,-0.007468848971272517,1.2879815204176168,0.6751236218129424
topcell,train,id_const_b40_h80_p150_cold,gru,0,720,0.15634181574052897,0.1433383745180337,-0.14327098026699225,0.2495611098087238,0.09367304725484693
topcell,train,id_const_b40_h80_p150_cold,lstm,0,720,0.25210393301630263,0.18079424337574668,-0.07782385673725446,0.6644121001218934,0.34589305074620313
topcell,train,id_const_b40_h80_p150_gradient,physical_rc,0,720,0.04029971163060291,0.02203586010010174,-0.0009402248654710337,0.14864377771965565,0.008287430149743561
topcell,train,id_const_b40_h80_p150_gradient,mlp,0,720,0.2435478048829998,0.2135976604057426,0.020207488116134462,0.47183000909723205,0.2148431518762256
topcell,train,id_const_b40_h80_p150_gradient,cnn1d,0,720,0.20931243353109327,0.18367306897861133,0.07222189020993994,0.39185887484433124,0.1340735746066973
topcell,train,id_const_b40_h80_p150_gradient,tcn,0,720,0.32867002824886254,0.2609158135409553,0.19355857061872148,0.8046063455836077,0.5676769129515219
topcell,train,id_const_b40_h80_p150_gradient,gru,0,720,0.20301557161152495,0.17818607921205845,-0.1758371183595579,0.36440181955799744,0.20652341454309608
topcell,train,id_const_b40_h80_p150_gradient,lstm,0,720,0.14543591837992595,0.12409468213838129,0.05196134379358126,0.4660813867147624,0.2576354731305673
topcell,train,id_const_b40_h80_p150_nominal,physical_rc,0,720,0.027417529188248697,0.015845574763232388,0.0001745081925549267,0.10858052666496576,0.008262147810426392
topcell,train,id_const_b40_h80_p150_nominal,mlp,0,720,0.1449841628786386,0.12709890015544278,-0.014998596716708158,0.34561357149570426,0.12542108394531823
topcell,train,id_const_b40_h80_p150_nominal,cnn1d,0,720,0.15388218921879887,0.13233142333977443,0.06752610142142249,0.2918405481281354,0.09752882650306763
topcell,train,id_const_b40_h80_p150_nominal,tcn,0,720,0.26995371057152684,0.19036499529007586,0.07345130343527816,0.843606937457281,0.5075172457720887
topcell,train,id_const_b40_h80_p150_nominal,gru,0,720,0.08638455683083908,0.07639746235855532,-0.05694352188535989,0.14927963120759102,0.10520083099176611
topcell,train,id_const_b40_h80_p150_nominal,lstm,0,720,0.22289260055336385,0.19268927928733695,0.12493579043590294,0.4539855656663292,0.284896994444551
topcell,train,id_const_b20_h80_p50_cold,physical_rc,0,720,0.00688410214661339,0.004350653518160956,0.0006486768240487982,0.02553679032786249,0.0027121367943270915
topcell,train,id_const_b20_h80_p50_cold,mlp,0,720,0.19529570931940862,0.13968260338081093,0.08251843640484928,0.5888908346557145,0.1253475778193817
topcell,train,id_const_b20_h80_p50_cold,cnn1d,0,720,0.1370016052144822,0.11041385831969373,-0.010395598009360105,0.32553753243189476,0.21426044581825243
topcell,train,id_const_b20_h80_p50_cold,tcn,0,720,0.17287223684158504,0.14683057404985062,-0.03128395217678549,0.3893757902503836,0.22744429556453105
topcell,train,id_const_b20_h80_p50_cold,gru,0,720,0.1766412184560984,0.1564462165124722,-0.15621428346201707,0.3111672502089391,0.10831538984429298
topcell,train,id_const_b20_h80_p50_cold,lstm,0,720,0.17008156509058098,0.13145368258293735,-0.045062781046150184,0.3945840049979523,0.0888318119013608
topcell,train,id_const_b20_h80_p50_gradient,physical_rc,0,720,0.023452777636315487,0.012081496256125203,-0.001717456894806456,0.08499450491253668,0.0030217953466279107
topcell,train,id_const_b20_h80_p50_gradient,mlp,0,720,0.49744912135903874,0.4442614326915197,0.031190427013781767,0.9334272239821644,0.5872012685714805
topcell,train,id_const_b20_h80_p50_gradient,cnn1d,0,720,0.1477494484996159,0.13505563822983263,0.04062089667473609,0.25515367744496587,0.17141982433604147
topcell,train,id_const_b20_h80_p50_gradient,tcn,0,720,0.40201942386275413,0.3517022202381124,0.12632219043564938,0.828705695686466,0.3321999690209626
topcell,train,id_const_b20_h80_p50_gradient,gru,0,720,0.11260104803703863,0.09508836531454207,-0.09471887787276165,0.2404364173057587,0.0695674299384942
topcell,train,id_const_b20_h80_p50_gradient,lstm,0,720,0.08047703951624917,0.07024617702962373,0.0492450626244051,0.15840788745954626,0.08299990895633437
topcell,train,id_const_b20_h80_p50_nominal,physical_rc,0,720,0.009862984303608224,0.005632117371348421,-0.0006027030045772443,0.03754015138762412,0.0029216851854295006
topcell,train,id_const_b20_h80_p50_nominal,mlp,0,720,0.14809652477751734,0.12094900565818784,-0.036878602111212605,0.292109084162135,0.20417426549982676
topcell,train,id_const_b20_h80_p50_nominal,cnn1d,0,720,0.14051114245175417,0.11322370342882711,-0.08246345201678353,0.32464610058438836,0.2398160260447957
topcell,train,id_const_b20_h80_p50_nominal,tcn,0,720,0.14278156385192858,0.09106907925603175,-0.03623381026524249,0.4269393785410216,0.11534636262708443
topcell,train,id_const_b20_h80_p50_nominal,gru,0,720,0.09610400273748121,0.07526766635928836,-0.061003055699700465,0.2179611187313384,0.06692670668024717
topcell,train,id_const_b20_h80_p50_nominal,lstm,0,720,0.07377596397939985,0.05940383665180423,0.043570141038671226,0.1893533597231567,0.07931395197683287
topcell,train,id_ramp_heater_b30_h160_p150,physical_rc,0,720,0.025824122052091485,0.016169402088576104,-0.0004616148442112432,0.09665132774320284,0.008760959173235097
topcell,train,id_ramp_heater_b30_h160_p150,mlp,0,720,0.8873692069232845,0.6356921347663296,0.19584072793831817,2.5452364502702522,0.7475189162494251
topcell,train,id_ramp_heater_b30_h160_p150,cnn1d,0,720,0.5778393252216394,0.4235041576240284,0.0767075146750705,1.5400457564376069,0.5565946136446493
topcell,train,id_ramp_heater_b30_h160_p150,tcn,0,720,0.8541009714544667,0.6314279299629392,0.11998231510871205,2.364610861915736,0.2797330781270905
topcell,train,id_ramp_heater_b30_h160_p150,gru,0,720,0.21757637142745972,0.17083347440325136,-0.16937238841791455,0.4092615701825366,0.06815125731331957
topcell,train,id_ramp_heater_b30_h160_p150,lstm,0,720,0.48856860767708193,0.39178902721840625,-0.08402962156782896,1.0758965592520582,0.6338203644825638
topcell,train,id_const_b20_h120_p0_cold,physical_rc,0,720,0.006037699806280447,0.0030839229345869593,-0.000201950793922497,0.03484015259184048,0.0024782455229472055
topcell,train,id_const_b20_h120_p0_cold,mlp,0,720,0.20422766503852155,0.15093429137840028,0.09052074118169055,0.6494745817575236,0.13870971088290654
topcell,train,id_const_b20_h120_p0_cold,cnn1d,0,720,0.22081143011055096,0.15982748148457349,0.1432420557670859,0.4417081955354405,0.27478862109542845
topcell,train,id_const_b20_h120_p0_cold,tcn,0,720,0.39226318566708657,0.3331006069000182,0.15474759696896048,0.7163191220985254,0.2978115092629294
topcell,train,id_const_b20_h120_p0_cold,gru,0,720,0.07472777042515412,0.06348896216980184,-0.05689578965714754,0.13737524147111912,0.0736952881565409
topcell,train,id_const_b20_h120_p0_cold,lstm,0,720,0.15424566875015952,0.12179647373443196,0.11065819343581776,0.281226214612353,0.15070628743307882
topcell,train,id_const_b20_h120_p0_gradient,physical_rc,0,720,0.018830330329063893,0.009576703425479473,-0.0025680456237040317,0.09461613339470176,0.003404952470987544
topcell,train,id_const_b20_h120_p0_gradient,mlp,0,720,0.24608320357788882,0.17796083166670226,0.11294294353426729,0.5353813873789761,0.3043132491869251
topcell,train,id_const_b20_h120_p0_gradient,cnn1d,0,720,0.27285605125148105,0.22739785046768557,0.1311157352556294,0.4578989019817925,0.23316326861027992
topcell,train,id_const_b20_h120_p0_gradient,tcn,0,720,0.5988404759112287,0.44768638004402717,-0.050585567890612616,1.2873134060064757,0.6016528892224297
topcell,train,id_const_b20_h120_p0_gradient,gru,0,720,0.061210567355685475,0.054142248332061556,-0.05278805869822204,0.11633949473574035,0.051881447925947205
topcell,train,id_const_b20_h120_p0_gradient,lstm,0,720,0.11076849386600413,0.09203680873713505,0.018742890400925295,0.20870787675275437,0.13704721214985519
topcell,train,id_const_b20_h120_p0_nominal,physical_rc,0,720,0.006649028138491146,0.003491850393772891,-0.0014533139555069556,0.04208964620800515,0.0031716785299696314
topcell,train,id_const_b20_h120_p0_nominal,mlp,0,720,0.6127185327899068,0.5364079998472139,-0.14515151970329424,0.8778083852222593,0.63207153201805
topcell,train,id_const_b20_h120_p0_nominal,cnn1d,0,720,0.09141091252954356,0.07611569453707644,0.05608607441889302,0.18067095730233973,0.037423766984424775
topcell,train,id_const_b20_h120_p0_nominal,tcn,0,720,0.5932075757893566,0.5126451925387102,-0.2243212505863796,0.8851817899672056,0.6096225852528595
topcell,train,id_const_b20_h120_p0_nominal,gru,0,720,0.1756479700840096,0.15923807765446538,-0.1555205678045488,0.29557127797826865,0.12127013552211022
topcell,train,id_const_b20_h120_p0_nominal,lstm,0,720,0.15401682639928146,0.11026652560080272,-0.05657986081345072,0.3676390914940981,0.1957401124185014
topcell,validation,id_const_b30_h80_p0_cold,physical_rc,0,720,0.0016225496072429636,0.000799301913038914,-0.0002501478239991744,0.009660046301725345,0.0004967399748367679
topcell,validation,id_const_b30_h80_p0_cold,mlp,0,720,0.25533499058055614,0.21256265830270224,0.08403972101517383,0.4851464546349291,0.33847319947584725
topcell,validation,id_const_b30_h80_p0_cold,cnn1d,0,720,0.1691882287462679,0.13551618868610996,-0.10297440023986763,0.3614565211870229,0.22196870684388614
topcell,validation,id_const_b30_h80_p0_cold,tcn,0,720,0.28688712984518255,0.20031510600609453,0.0591059920418621,0.9624644108495986,0.5339775393561441
topcell,validation,id_const_b30_h80_p0_cold,gru,0,720,0.06591504680571238,0.056354235245046576,-0.05520060533872102,0.12132242820631944,0.07996222534222967
topcell,validation,id_const_b30_h80_p0_cold,lstm,0,720,0.05224152181316419,0.036193989121273126,-0.013160196925012416,0.13568769993621999,0.06888406626312284
topcell,validation,id_const_b30_h80_p0_gradient,physical_rc,0,720,0.018583777315833598,0.009591992876717005,-0.002616216264872377,0.07057092189771907,0.0014482099345385817
topcell,validation,id_const_b30_h80_p0_gradient,mlp,0,720,0.5368396938761588,0.4755340367154951,0.4695229091718674,0.8027696111837201,0.5232729394405936
topcell,validation,id_const_b30_h80_p0_gradient,cnn1d,0,720,0.3259319407919341,0.2783281541185174,0.14292411050781212,0.602714027558811,0.38834568452156826
topcell,validation,id_const_b30_h80_p0_gradient,tcn,0,720,0.3110259537617596,0.2265224014937846,0.04882679391253878,1.3123302008603304,0.2743132131702992
topcell,validation,id_const_b30_h80_p0_gradient,gru,0,720,0.05285392557876033,0.04467354358385496,-0.010164986282101968,0.11312833574671544,0.0843330380053468
topcell,validation,id_const_b30_h80_p0_gradient,lstm,0,720,0.0655255011425785,0.05671557769065708,0.03707837177896696,0.1578547456146282,0.05325649879536877
topcell,validation,id_const_b30_h80_p0_nominal,physical_rc,0,720,0.004634254722267704,0.0028882106900358392,-0.001501498485579569,0.016909539917875804,0.0012049534691554208
topcell,validation,id_const_b30_h80_p0_nominal,mlp,0,720,0.4681758202451892,0.37601720150646545,0.21710055665434752,0.9699742874973509,0.5517722129955198
topcell,validation,id_const_b30_h80_p0_nominal,cnn1d,0,720,0.1309535954866673,0.10312492846596603,-0.03371758792998462,0.28370533954990407,0.16755968877342486
topcell,validation,id_const_b30_h80_p0_nominal,tcn,0,720,0.263108507121906,0.18808105452023005,-0.031665153334036904,0.7844346066217156,0.45341464382335206
topcell,validation,id_const_b30_h80_p0_nominal,gru,0,720,0.19352891324254745,0.17983077213719148,-0.1764418130631653,0.2690295349780243,0.20980726261956847
topcell,validation,id_const_b30_h80_p0_nominal,lstm,0,720,0.06275770231951638,0.05176239637191079,-0.024136435869381127,0.11159293139832727,0.06072728473353646
topcell,validation,id_step_brine_b10_h160_p50,physical_rc,0,720,0.013741511232233052,0.008111882324859267,-0.0004927601205448242,0.07630806719859606,0.006760163339800546
topcell,validation,id_step_brine_b10_h160_p50,mlp,0,720,0.2599305708023954,0.2200650958579788,0.12350613282996288,0.5881517475262541,0.3254264371712735
topcell,validation,id_step_brine_b10_h160_p50,cnn1d,0,720,0.1452779325659929,0.12738884427992755,0.06024681925978336,0.302555635698468,0.2392655393369087
topcell,validation,id_step_brine_b10_h160_p50,tcn,0,720,0.3364294095550701,0.2800125902632601,-0.15031977143906772,0.9522616954847223,0.649120950563753
topcell,validation,id_step_brine_b10_h160_p50,gru,0,720,0.1580671378807633,0.1283867001350272,0.008035021164147062,0.47208823685008383,0.3321040123261678
topcell,validation,id_step_brine_b10_h160_p50,lstm,0,720,0.1651943948939734,0.1152065251438552,0.0932988714484008,0.4542382176647948,0.19726530573454348
topcell,validation,id_ramp_brine_b30_h80_p100,physical_rc,0,720,0.018004044090191736,0.01051800890931481,-0.0003854038300892901,0.07022947825024062,0.006454541675480804
topcell,validation,id_ramp_brine_b30_h80_p100,mlp,0,720,0.10265257192529272,0.07759464731350968,-0.028809922494217124,0.25117660563147126,0.12927720198875176
topcell,validation,id_ramp_brine_b30_h80_p100,cnn1d,0,720,0.09451551540697377,0.0792132789320165,-0.013020039896220897,0.22564248286739996,0.14055771926037672
topcell,validation,id_ramp_brine_b30_h80_p100,tcn,0,720,0.21030634580710794,0.1781757058480903,-0.007574162867281695,0.4195944077711431,0.2718826289542752
topcell,validation,id_ramp_brine_b30_h80_p100,gru,0,720,0.09114060316710401,0.0713220888062699,0.06321940219585125,0.24220114527855685,0.15532140934773359
topcell,validation,id_ramp_brine_b30_h80_p100,lstm,0,720,0.1224710955347531,0.10563028459496317,0.05366064507193106,0.22638603777484434,0.09945418046865803
topcell,validation,id_const_b30_h120_p150_cold,physical_rc,0,720,0.022461389418963102,0.014023718788573437,0.001474053103723912,0.07850254935483747,0.008598367428794714
topcell,validation,id_const_b30_h120_p150_cold,mlp,0,720,0.18919207028078922,0.15325735292036194,0.013336193480934632,0.5363372156121073,0.13818413139904157
topcell,validation,id_const_b30_h120_p150_cold,cnn1d,0,720,0.14696880720488506,0.11764232612132736,0.08122024688099304,0.2764585535974078,0.1845655041922586
topcell,validation,id_const_b30_h120_p150_cold,tcn,0,720,0.5840933987294382,0.4730836881638591,-0.36670384407821593,1.4116064832065973,0.5128519156618107
topcell,validation,id_const_b30_h120_p150_cold,gru,0,720,0.13833631472923377,0.12001092427049752,0.08139649982714743,0.2349834754847251,0.1784697672999859
topcell,validation,id_const_b30_h120_p150_cold,lstm,0,720,0.1056915843362597,0.08719082254849182,0.010487419159583459,0.3147197303362077,0.12329131851755828
topcell,validation,id_const_b30_h120_p150_gradient,physical_rc,0,720,0.038780034169018124,0.021332461413876323,-0.000892059785886998,0.13955639620240134,0.008883272196595663
topcell,validation,id_const_b30_h120_p150_gradient,mlp,0,720,0.16753315390930684,0.14125188217427784,-0.020342271507569037,0.4356873740406684,0.19050013080792652
topcell,validation,id_const_b30_h120_p150_gradient,cnn1d,0,720,0.1363346999147244,0.11541361935575184,0.09622742017926969,0.29704464970053834,0.13665393943857504
topcell,validation,id_const_b30_h120_p150_gradient,tcn,0,720,0.46046939910686846,0.38919001178223767,-0.16447808484801718,1.0530999835776669,0.5588366831505748
topcell,validation,id_const_b30_h120_p150_gradient,gru,0,720,0.13769637651196087,0.11461405100539683,-0.10304534398764274,0.2960482905039754,0.04774008401361303
topcell,validation,id_const_b30_h120_p150_gradient,lstm,0,720,0.12377343846422137,0.10584987012995353,-0.014887519555305604,0.29156728446331215,0.17089642392412788
topcell,validation,id_const_b30_h120_p150_nominal,physical_rc,0,720,0.025397939350910954,0.015209779119683454,0.00022271493877672711,0.09057691547181435,0.008808995651332766
topcell,validation,id_const_b30_h120_p150_nominal,mlp,0,720,0.20778374975707764,0.16270659367016735,-0.09792102013366212,0.4094855736157683,0.2889977554715376
topcell,validation,id_const_b30_h120_p150_nominal,cnn1d,0,720,0.0609065260816927,0.0421977673336516,0.018745923209841635,0.25582012546701094,0.09824990930544425
topcell,validation,id_const_b30_h120_p150_nominal,tcn,0,720,0.4743327796016206,0.3860747609560706,-0.2842763375825448,0.9377840165633273,0.48155096219445986
topcell,validation,id_const_b30_h120_p150_nominal,gru,0,720,0.08602645493056515,0.07146907164101307,0.056841232831532716,0.1755157481516818,0.11289925892707182
topcell,validation,id_const_b30_h120_p150_nominal,lstm,0,720,0.0891735008108414,0.07836323566166147,0.058492939146211426,0.21803955168725508,0.0853634278209358
topcell,validation,id_const_b20_h80_p150_cold,physical_rc,0,720,0.021731732358641467,0.013302613993314625,0.0019360507981269512,0.08564808462510598,0.007982657123802465
topcell,validation,id_const_b20_h80_p150_cold,mlp,0,720,0.3082507737559823,0.2646280133373265,0.12502828497545723,0.5809578007506246,0.305185884267375
topcell,validation,id_const_b20_h80_p150_cold,cnn1d,0,720,0.32950742342844425,0.2754277744176215,0.23839477814698679,0.6179185865683081,0.35644870986947746
topcell,validation,id_const_b20_h80_p150_cold,tcn,0,720,0.5727584788042078,0.470315373648701,-0.31920667534252,1.5042065664118098,0.5087332264289733
topcell,validation,id_const_b20_h80_p150_cold,gru,0,720,0.08303842131638547,0.07219590917459343,-0.06432370994098381,0.15891153043843076,0.04933097088031478
topcell,validation,id_const_b20_h80_p150_cold,lstm,0,720,0.2560301986412533,0.20976809474586947,-0.07747923234043337,0.4972346484944268,0.3546543510543472
topcell,validation,id_const_b20_h80_p150_gradient,physical_rc,0,720,0.03735632736462032,0.020619728074590248,-0.000430038480389763,0.13738968129224816,0.008076213520654903
topcell,validation,id_const_b20_h80_p150_gradient,mlp,0,720,0.2194535930280413,0.20159570104757055,0.07105500284460749,0.38629034952312225,0.1688461067572218
topcell,validation,id_const_b20_h80_p150_gradient,cnn1d,0,720,0.24369576275012103,0.192113913678872,0.18675021401367878,0.5052079441752113,0.25058797323146764
topcell,validation,id_const_b20_h80_p150_gradient,tcn,0,720,0.4133995604480518,0.3569199051237719,-0.12956688767760638,0.8525486576344861,0.3779113852507122
topcell,validation,id_const_b20_h80_p150_gradient,gru,0,720,0.22539690131850257,0.18291813575852328,-0.17833405085170412,0.4525153714764514,0.18627680515901793
topcell,validation,id_const_b20_h80_p150_gradient,lstm,0,720,0.14378746018106,0.11447848664928845,-0.03245947751157441,0.4755411917807493,0.31160180628417244
topcell,validation,id_const_b20_h80_p150_nominal,physical_rc,0,720,0.024577861839999625,0.01447864719868627,0.0006846959665104574,0.09748016710565821,0.008047694607352779
topcell,validation,id_const_b20_h80_p150_nominal,mlp,0,720,0.12073750969501876,0.10181448512039454,-0.0017932076861884028,0.30016545462396493,0.14430382370236058
topcell,validation,id_const_b20_h80_p150_nominal,cnn1d,0,720,0.2929374933955519,0.2504054802209856,0.24532379326318549,0.5326567933436337,0.28415845922816635
topcell,validation,id_const_b20_h80_p150_nominal,tcn,0,720,0.4387189515390743,0.32558450497689834,-0.28725775050675867,1.1725538507100737,0.30191091611419774
topcell,validation,id_const_b20_h80_p150_nominal,gru,0,720,0.07213599440479576,0.05978035067249017,-0.021318407819160265,0.1511886409262928,0.057353969729636536
topcell,validation,id_const_b20_h80_p150_nominal,lstm,0,720,0.15571365682081353,0.1319982459688171,0.061590278317612414,0.30812420193880996,0.19555953032825765
topcell,validation,id_const_b40_h200_p150_cold,physical_rc,0,720,0.02544922791723807,0.015149766042086416,0.000805139101716258,0.1106775834757201,0.010772513893649891
topcell,validation,id_const_b40_h200_p150_cold,mlp,0,720,0.322006412976094,0.26857024283484465,-0.034334211290544314,0.7086282876160652,0.37499329091682143
topcell,validation,id_const_b40_h200_p150_cold,cnn1d,0,720,0.45078933266088284,0.36790797268758574,0.20716138905167492,0.8447073189288687,0.6481105385817044
topcell,validation,id_const_b40_h200_p150_cold,tcn,0,720,0.9387008918634343,0.8048967511581897,-0.7322933846670313,1.7563363417669393,0.4175630183267347
topcell,validation,id_const_b40_h200_p150_cold,gru,0,720,0.12335821453509578,0.09952060331914632,-0.041445214510752185,0.3135103297323525,0.12472951963017108
topcell,validation,id_const_b40_h200_p150_cold,lstm,0,720,0.2066568603324664,0.15863302750020866,0.09622318754692726,0.469903829504716,0.3421194203634094
topcell,validation,id_const_b40_h200_p150_gradient,physical_rc,0,720,0.0418206577877969,0.022399768303931613,-0.0015609640657173172,0.1704525642810495,0.011316012373391318
topcell,validation,id_const_b40_h200_p150_gradient,mlp,0,720,0.5894742586804814,0.531171160642946,0.1466428240731268,1.1025141651251005,0.554624785836238
topcell,validation,id_const_b40_h200_p150_gradient,cnn1d,0,720,0.2357002605828816,0.1899888682512709,0.17015611471201425,0.4725708698160531,0.32594238125425673
topcell,validation,id_const_b40_h200_p150_gradient,tcn,0,720,0.6372836502962311,0.5074351652353931,-0.34341030278600104,1.5113339622757138,0.6490156683772229
topcell,validation,id_const_b40_h200_p150_gradient,gru,0,720,0.1224117768239896,0.09635510357930777,-0.05535738838105657,0.2508822637291672,0.08033514567621869
topcell,validation,id_const_b40_h200_p150_gradient,lstm,0,720,0.1977519404307697,0.17099465913067216,0.16206679596722248,0.4042727911912891,0.2991731976297178
topcell,validation,id_const_b40_h200_p150_nominal,physical_rc,0,720,0.028209421945288034,0.01631871245295617,-0.0004462157299236442,0.11792707709399508,0.011180579594452535
topcell,validation,id_const_b40_h200_p150_nominal,mlp,0,720,0.23128767150309776,0.18395262577431304,-0.08798681983332551,0.5854432250803825,0.19119393876305002
topcell,validation,id_const_b40_h200_p150_nominal,cnn1d,0,720,0.2293231707115701,0.18495566207105607,0.14902945180123817,0.44965284706188413,0.34369840381047195
topcell,validation,id_const_b40_h200_p150_nominal,tcn,0,720,0.7912403143481067,0.6504639204111086,-0.5205075408766924,1.752090094202856,0.5655696428553021
topcell,validation,id_const_b40_h200_p150_nominal,gru,0,720,0.08720368881962962,0.07083372536540584,-0.04680682077014332,0.19843316659611787,0.10832128546001385
topcell,validation,id_const_b40_h200_p150_nominal,lstm,0,720,0.21288612982691718,0.18367889588061714,0.18014106847004097,0.4176698442325062,0.3567520344544641
topcell,validation,id_ramp_heater_b40_h120_p50,physical_rc,0,720,0.012837227918996904,0.0074822232395882066,-0.0014789624422348385,0.04640477637386198,0.0039364628124500195
topcell,validation,id_ramp_heater_b40_h120_p50,mlp,0,720,0.28231536616204955,0.22775226027337578,0.014506233380027952,0.7503024937557115,0.09552153562272019
topcell,validation,id_ramp_heater_b40_h120_p50,cnn1d,0,720,0.25012497533442096,0.18762492674358977,0.13226278881551895,0.6555571383433545,0.30025581531150597
topcell,validation,id_ramp_heater_b40_h120_p50,tcn,0,720,0.37438893112767585,0.26484827404327904,0.11218189542842467,1.0828512399742323,0.30684402269878336
topcell,validation,id_ramp_heater_b40_h120_p50,gru,0,720,0.23412847072534693,0.1927369057524687,-0.16193278009826223,0.4776411507957903,0.2512014148484586
topcell,validation,id_ramp_heater_b40_h120_p50,lstm,0,720,0.19233000301941944,0.15008706805307553,0.026944634221044587,0.4643826475364392,0.21186945232578785
topcell,validation,id_step_heater_b10_h160_p50,physical_rc,0,720,0.011428719117883039,0.008481639235201972,-0.001178630418354566,0.03183263173712447,0.0035224566654458965
topcell,validation,id_step_heater_b10_h160_p50,mlp,0,720,1.09369122967621,0.7959073452275469,0.2291489371419253,2.723691045395796,0.7352692863126127
topcell,validation,id_step_heater_b10_h160_p50,cnn1d,0,720,0.8523515402829901,0.6371200935900507,0.06559940264041447,2.1852162659810404,0.6639799818321095
topcell,validation,id_step_heater_b10_h160_p50,tcn,0,720,1.2442119305772572,0.9177840687625557,0.23464958567712949,3.05880740390387,0.7149251378091827
topcell,validation,id_step_heater_b10_h160_p50,gru,0,720,0.29170777394819614,0.20228667122336497,0.1308978361902045,0.905999138230456,0.24480148554059605
topcell,validation,id_step_heater_b10_h160_p50,lstm,0,720,0.5055054442913465,0.39073930218646274,0.19814221289755893,1.2055980742898953,0.2755908298362531
topcell,validation,id_step_plasma_b40_h120_p50,physical_rc,0,720,0.014027430271606616,0.011034762864319219,0.00014837064824206633,0.048638549464882885,0.00967733024563182
topcell,validation,id_step_plasma_b40_h120_p50,mlp,0,720,0.38829102270161364,0.3149018137231559,-0.1063239506870576,0.7970214480217166,0.3980115906515014
topcell,validation,id_step_plasma_b40_h120_p50,cnn1d,0,720,0.22977554225218894,0.17764952164697664,0.07071911966735625,0.598567138199968,0.3673819125545791
topcell,validation,id_step_plasma_b40_h120_p50,tcn,0,720,0.5493656107154359,0.3415606640605087,0.05907542833656048,1.9463495083773523,0.6549422843604362
topcell,validation,id_step_plasma_b40_h120_p50,gru,0,720,0.11827468069129106,0.08230346562035835,-0.07813153376919997,0.3644541888823909,0.2666470897481514
topcell,validation,id_step_plasma_b40_h120_p50,lstm,0,720,0.16560629545561462,0.14262235414632266,0.08376535385020391,0.37591907307626116,0.24876408396611743
topcell,validation,id_const_b40_h160_p150_cold,physical_rc,0,720,0.024199579661554074,0.01481402396483773,0.0010120498535629945,0.09149097000779705,0.009589028474181947
topcell,validation,id_const_b40_h160_p150_cold,mlp,0,720,0.26236805067415947,0.22307832675955,-0.0003239064253252168,0.4975689657872948,0.2846598945863448
topcell,validation,id_const_b40_h160_p150_cold,cnn1d,0,720,0.3152747667177078,0.25085215264208754,0.13824796417863597,0.6610495945269008,0.4839081279965273
topcell,validation,id_const_b40_h160_p150_cold,tcn,0,720,0.7165251968579759,0.6106522467115233,-0.48640494958819275,1.4435014198728595,0.5875301226066667
topcell,validation,id_const_b40_h160_p150_cold,gru,0,720,0.10552870731535931,0.09166362343504283,0.05431650714989699,0.2175375651435303,0.0810720662969154
topcell,validation,id_const_b40_h160_p150_cold,lstm,0,720,0.12337427344971907,0.10056555474475502,-0.04564418070192347,0.3141039115898252,0.1989454289394478
topcell,validation,id_const_b40_h160_p150_gradient,physical_rc,0,720,0.040757165969694,0.022147081462992702,-0.0013540380360751076,0.15548512986822516,0.010020532412856435
topcell,validation,id_const_b40_h160_p150_gradient,mlp,0,720,0.26816452581973765,0.2219092267674594,0.026092774228477823,0.5879103275506452,0.22518236608446152
topcell,validation,id_const_b40_h160_p150_gradient,cnn1d,0,720,0.16601202627116463,0.1422407454167452,0.1203958878149627,0.35378840190136884,0.2879392641881794
topcell,validation,id_const_b40_h160_p150_gradient,tcn,0,720,0.5085049282671924,0.4163465220028755,-0.18450176312910263,1.0851214847383233,0.74313124992661
topcell,validation,id_const_b40_h160_p150_gradient,gru,0,720,0.11164268809506987,0.09408265653298073,-0.06442764781080389,0.24484025937664455,0.182468888221517
topcell,validation,id_const_b40_h160_p150_gradient,lstm,0,720,0.15499381986501437,0.12450709820837887,0.00397587574865941,0.4045484062701661,0.25047448679785667
topcell,validation,id_const_b40_h160_p150_nominal,physical_rc,0,720,0.02710905060584382,0.016021176522810984,-0.00023931608917026676,0.10164168688670827,0.009911989384860669
topcell,validation,id_const_b40_h160_p150_nominal,mlp,0,720,0.20562772166098953,0.16800077724406556,-0.10137814444754795,0.40728330321135076,0.26653535995852295
topcell,validation,id_const_b40_h160_p150_nominal,cnn1d,0,720,0.14024762965304743,0.1136379526450034,0.07096444790591137,0.33852810733520755,0.26369797859793537
topcell,validation,id_const_b40_h160_p150_nominal,tcn,0,720,0.6242639808507738,0.5093704315315948,-0.3231020912141434,1.3900185196328607,0.6801133014943735
topcell,validation,id_const_b40_h160_p150_nominal,gru,0,720,0.06425847977781414,0.05240070307080591,0.009517628782871353,0.2378868582604241,0.126333575296171
topcell,validation,id_const_b40_h160_p150_nominal,lstm,0,720,0.09883293778286756,0.06987030921507084,0.03915938775348022,0.41716581673978226,0.26353586591741307
topcell,validation,id_const_b40_h120_p100_cold,physical_rc,0,720,0.016806673702391098,0.010213944939117287,0.0005752493373961442,0.061106796546653186,0.0062007600432632285
topcell,validation,id_const_b40_h120_p100_cold,mlp,0,720,0.2519736617144265,0.19669826544365665,0.0750440284212506,0.6529531276643752,0.25709049378522864
topcell,validation,id_const_b40_h120_p100_cold,cnn1d,0,720,0.11000073359680185,0.08216377548731715,-0.03885341443631131,0.2851098999769448,0.15061439327053455
topcell,validation,id_const_b40_h120_p100_cold,tcn,0,720,0.3425740882401982,0.3016928248442597,-0.0813352103931389,0.6698648070871229,0.4004123003694026
topcell,validation,id_const_b40_h120_p100_cold,gru,0,720,0.06366649322347356,0.04583701658303528,0.02798811799212099,0.19033614793255538,0.13055421481765025
topcell,validation,id_const_b40_h120_p100_cold,lstm,0,720,0.11466228610243834,0.08752733221983014,0.00787957534584191,0.3110633265742706,0.10673199782228401
topcell,validation,id_const_b40_h120_p100_gradient,physical_rc,0,720,0.0334951188284557,0.017723967844710625,-0.0017908218814503564,0.1250980322713957,0.006596170843620016
topcell,validation,id_const_b40_h120_p100_gradient,mlp,0,720,0.2565243717591924,0.2261818974989955,0.10570077534569353,0.49272264874142024,0.32321040222363984
topcell,validation,id_const_b40_h120_p100_gradient,cnn1d,0,720,0.14447191998333853,0.11719253178554756,0.006313651076886166,0.29478413732249464,0.14687460116898435
topcell,validation,id_const_b40_h120_p100_gradient,tcn,0,720,0.31206671543004527,0.24357449178407645,0.1615629805067732,0.8414304738607683,0.5800568899767372
topcell,validation,id_const_b40_h120_p100_gradient,gru,0,720,0.08558137886173664,0.0736289124162822,0.06922987417551209,0.16381200027866782,0.11868241624822927
topcell,validation,id_const_b40_h120_p100_gradient,lstm,0,720,0.1536299240505754,0.12864861539222489,0.10491013027938559,0.30029650523060525,0.14432143492292912
topcell,validation,id_const_b40_h120_p100_nominal,physical_rc,0,720,0.01979803189121196,0.011478966201357634,-0.0006761138245463884,0.07125358928964687,0.006491918094515748
topcell,validation,id_const_b40_h120_p100_nominal,mlp,0,720,0.32801566627919077,0.29387097841649823,-0.06713356736833634,0.6106012480143477,0.34043470716226015
topcell,validation,id_const_b40_h120_p100_nominal,cnn1d,0,720,0.19168827322630186,0.1658962849307823,-0.12882099776702244,0.30720696776589307,0.26086851601086863
topcell,validation,id_const_b40_h120_p100_nominal,tcn,0,720,0.4294778801742302,0.3500564319615873,-0.04933014822542348,0.9019516767039164,0.5214495032795816
topcell,validation,id_const_b40_h120_p100_nominal,gru,0,720,0.06134229919192287,0.0502816359178291,0.007274767342571121,0.1467137479305478,0.11191162764546073
topcell,validation,id_const_b40_h120_p100_nominal,lstm,0,720,0.13118936626980707,0.11616098628574487,0.08549603834650119,0.240620821146166,0.15282520095944002
topcell,validation,id_const_b10_h160_p150_cold,physical_rc,0,720,0.020155499953128708,0.01293740054649565,0.0017773495702259033,0.07691782537094127,0.009317885808009933
topcell,validation,id_const_b10_h160_p150_cold,mlp,0,720,0.567984754281457,0.4642100479080532,0.17477570931221817,1.053951032304866,0.6547494150827294
topcell,validation,id_const_b10_h160_p150_cold,cnn1d,0,720,0.18410804983719076,0.15026653899030712,0.03843426797994117,0.4495102586726887,0.3087076721989436
topcell,validation,id_const_b10_h160_p150_cold,tcn,0,720,0.9943303141743673,0.8310596459411266,-0.791987433079673,1.9971494283758204,0.3407840470635167
topcell,validation,id_const_b10_h160_p150_cold,gru,0,720,0.13100507942724912,0.10703011183994818,0.021091072317897138,0.29962127251889115,0.19648513205849588
topcell,validation,id_const_b10_h160_p150_cold,lstm,0,720,0.1762223771792428,0.14930623193319004,0.025207723252780333,0.3740719919677815,0.24385439064262548
topcell,validation,id_const_b10_h160_p150_gradient,physical_rc,0,720,0.03647806220852413,0.02009031232444543,-0.0005887674860426826,0.14091298523139528,0.00977035019150964
topcell,validation,id_const_b10_h160_p150_gradient,mlp,0,720,0.4304163893503233,0.40427322138002164,0.14733936861925415,0.6438620015496781,0.3383512751536632
topcell,validation,id_const_b10_h160_p150_gradient,cnn1d,0,720,0.20578079929143409,0.17007006718763554,0.049041614101695975,0.5016689268941263,0.30155583402072106
topcell,validation,id_const_b10_h160_p150_gradient,tcn,0,720,0.7825980670715567,0.6004130555101368,-0.4761523288283114,1.8189426431996054,0.5301410632825875
topcell,validation,id_const_b10_h160_p150_gradient,gru,0,720,0.19768079267444283,0.1495938565590589,-0.13944207918250612,0.4857839467514964,0.3728963492190892
topcell,validation,id_const_b10_h160_p150_gradient,lstm,0,720,0.0984690966947508,0.08236712197530786,-0.040919219980632755,0.22512584962690596,0.1250962358139696
topcell,validation,id_const_b10_h160_p150_nominal,physical_rc,0,720,0.02292998152284322,0.014056133625158049,0.0005259752941651226,0.08706854224986671,0.009656425207495562
topcell,validation,id_const_b10_h160_p150_nominal,mlp,0,720,0.2775687122808018,0.2387225259763744,0.025777122628806055,0.5177630304744412,0.2596769125925866
topcell,validation,id_const_b10_h160_p150_nominal,cnn1d,0,720,0.20220604903294084,0.1624073243854416,-0.03348219512174753,0.46615343510114826,0.2677462156209466
topcell,validation,id_const_b10_h160_p150_nominal,tcn,0,720,0.8545561712561466,0.6837173364482262,-0.6182003198498958,1.7061939437201374,0.41855906092361467
topcell,validation,id_const_b10_h160_p150_nominal,gru,0,720,0.1320311827931108,0.1013270241587207,-0.017219665512950993,0.42665944031810454,0.27310093880443687
topcell,validation,id_const_b10_h160_p150_nominal,lstm,0,720,0.1406211944757231,0.11564626321642343,0.013470360722400019,0.3122049199115793,0.21491944872457452
topcell,validation,id_step_heater_b30_h160_p150,physical_rc,0,720,0.02619521000814489,0.016308738685524855,-0.0004014233960345158,0.09665132774320284,0.00737208808243187
topcell,validation,id_step_heater_b30_h160_p150,mlp,0,720,0.8768513002054352,0.6204393561985557,0.19907322562287885,2.5180095498239865,0.6290183703285238
topcell,validation,id_step_heater_b30_h160_p150,cnn1d,0,720,0.6677686502905396,0.48457800440815285,0.12185139100905537,1.885239137652377,0.34180240847986076
topcell,validation,id_step_heater_b30_h160_p150,tcn,0,720,0.9175551640629152,0.6670208492217057,0.09782652051974117,2.38506552971549,0.5865386883869098
topcell,validation,id_step_heater_b30_h160_p150,gru,0,720,0.25274174288748474,0.20150199661659404,-0.19796007066394372,0.4803680338807368,0.15005026005728078
topcell,validation,id_step_heater_b30_h160_p150,lstm,0,720,0.48070841851282015,0.36576438072862677,-0.06883155383268988,1.220323249929649,0.6824354658106414
topcell,validation,id_const_b10_h200_p50_cold,physical_rc,0,720,0.014603200474716478,0.00749138058495888,0.00028301902785368645,0.09260195405854432,0.007119997608501899
topcell,validation,id_const_b10_h200_p50_cold,mlp,0,720,0.6703866495949494,0.5308870013968142,0.06076675751373325,1.3655667799597921,0.648747644964811
topcell,validation,id_const_b10_h200_p50_cold,cnn1d,0,720,0.21163373432464133,0.17130975729618825,0.1469201813825604,0.42058921430553653,0.2615215942330708
topcell,validation,id_const_b10_h200_p50_cold,tcn,0,720,0.8785747336174735,0.7091661179860217,-0.701254711636995,1.9381848750940378,0.42002114996675555
topcell,validation,id_const_b10_h200_p50_cold,gru,0,720,0.09741495463153076,0.08377106863629764,0.0736408683297837,0.2766307217091253,0.1674269415199331
topcell,validation,id_const_b10_h200_p50_cold,lstm,0,720,0.14766307062168993,0.12034421556476557,-0.02435324379870242,0.29033903451480114,0.19895560229001882
topcell,validation,id_const_b10_h200_p50_gradient,physical_rc,0,720,0.027255312630265052,0.013148009446332933,-0.002083075802170785,0.15237693486099602,0.00794696924948129
topcell,validation,id_const_b10_h200_p50_gradient,mlp,0,720,0.3127393860739865,0.26359636251843505,0.17311646600125669,0.6301861196503395,0.19129789229942737
topcell,validation,id_const_b10_h200_p50_gradient,cnn1d,0,720,0.2408832109167971,0.1891451156733128,0.16985489116288555,0.5267373614980784,0.21873605888523953
topcell,validation,id_const_b10_h200_p50_gradient,tcn,0,720,1.2428489736678887,0.9483949089847641,-0.28714687204272354,2.746349957787345,1.3973728516728414
topcell,validation,id_const_b10_h200_p50_gradient,gru,0,720,0.15625868113863323,0.13500167665189547,-0.12882187632409117,0.2567795966723594,0.05456548310563509
topcell,validation,id_const_b10_h200_p50_gradient,lstm,0,720,0.2839296077958868,0.23547473744146447,-0.14496858300532314,0.5842340811380353,0.32153699398176266
topcell,validation,id_const_b10_h200_p50_nominal,physical_rc,0,720,0.01580204173473528,0.007740077657993785,-0.0009683455230141469,0.09985144767438214,0.007741071992728757
topcell,validation,id_const_b10_h200_p50_nominal,mlp,0,720,0.936014126442098,0.7752778413013958,-0.100542213867573,1.7763872424682745,1.013528678800185
topcell,validation,id_const_b10_h200_p50_nominal,cnn1d,0,720,0.31575114792272807,0.28343481231298784,0.02694633930125678,0.5687561724504349,0.26291016604178463
topcell,validation,id_const_b10_h200_p50_nominal,tcn,0,720,0.6718394578883279,0.536528658885518,-0.5272833811723452,1.5205755272791066,0.3215874707786733
topcell,validation,id_const_b10_h200_p50_nominal,gru,0,720,0.05077460787689373,0.03934116732750615,-0.010762315578577751,0.2004466406533254,0.11396197693360322
topcell,validation,id_const_b10_h200_p50_nominal,lstm,0,720,0.2201817885125277,0.1747409864210142,-0.13669013621625323,0.4396560534638354,0.2708610460398449
topcell,validation,id_step_brine_b30_h80_p100,physical_rc,0,720,0.018081652499742817,0.010720912305449835,-0.00030366416720908836,0.07022947825024062,0.006003379058569746
topcell,validation,id_step_brine_b30_h80_p100,mlp,0,720,0.10859390003744601,0.08340175746794022,-0.025382873683510977,0.26553270783409744,0.14307118537299182
topcell,validation,id_step_brine_b30_h80_p100,cnn1d,0,720,0.08787717802148487,0.07362922594507085,-0.013144244243706736,0.22477911716330823,0.13693796227069469
topcell,validation,id_step_brine_b30_h80_p100,tcn,0,720,0.199370627875574,0.16992506736646837,-0.006444604028772479,0.39480875764672874,0.25123876676997187
topcell,validation,id_step_brine_b30_h80_p100,gru,0,720,0.10358327374190741,0.07799068405471432,0.07137415933502834,0.273575522872207,0.1767973603870939
topcell,validation,id_step_brine_b30_h80_p100,lstm,0,720,0.11767385582896848,0.09985912786179969,0.05877903861494374,0.2270369720615264,0.0829256657550897
topcell,test,id_const_b30_h200_p100_cold,physical_rc,0,720,0.018957726685541732,0.010678868149494708,0.00041653279041295514,0.10327699458719763,0.008716016050079265
topcell,test,id_const_b30_h200_p100_cold,mlp,0,720,0.2594467796912279,0.19442337737232726,-0.1328595904170619,0.5787203045347837,0.27036130696211164
topcell,test,id_const_b30_h200_p100_cold,cnn1d,0,720,0.33821613095554137,0.264561654691714,0.19018554477785893,0.6441590122461207,0.4392580156972469
topcell,test,id_const_b30_h200_p100_cold,tcn,0,720,0.8233849009043167,0.6961446761516794,-0.6660724480646929,1.7230639283680773,0.26270741345385257
topcell,test,id_const_b30_h200_p100_cold,gru,0,720,0.13079307537211843,0.11250205290100851,0.10606144222975258,0.2614245223718257,0.08331434415492131
topcell,test,id_const_b30_h200_p100_cold,lstm,0,720,0.25496360047227684,0.20531833647658937,0.1836909264729544,0.5394274970819453,0.26240849420107737
topcell,test,id_const_b30_h200_p100_gradient,physical_rc,0,720,0.03464151293905525,0.01771926206270637,-0.0019495787102977009,0.16305197539254834,0.009389716447963006
topcell,test,id_const_b30_h200_p100_gradient,mlp,0,720,0.450527224840604,0.4090422477661316,0.13118274334590177,0.7179459395034797,0.3620768091597501
topcell,test,id_const_b30_h200_p100_gradient,cnn1d,0,720,0.2507752232482236,0.22905480350473156,0.21980184284538165,0.41900176019298385,0.20019704098953786
topcell,test,id_const_b30_h200_p100_gradient,tcn,0,720,0.600793655761565,0.43520821774646645,-0.24626043037949263,1.696003633893227,0.7222693320453014
topcell,test,id_const_b30_h200_p100_gradient,gru,0,720,0.07871860026330846,0.060441463047643515,-0.04306250742478497,0.16003541124069898,0.09424217188609611
topcell,test,id_const_b30_h200_p100_gradient,lstm,0,720,0.19775717090597503,0.16415348800741633,0.1580040101924672,0.4732117626522836,0.09629749909720468
topcell,test,id_const_b30_h200_p100_nominal,physical_rc,0,720,0.02136896616203461,0.011724225377534935,-0.0008348262078468949,0.11052648820547262,0.009221747179390956
topcell,test,id_const_b30_h200_p100_nominal,mlp,0,720,0.3791122190380821,0.2712110680105783,-0.16680846145262676,0.8623162512002693,0.44307948043340895
topcell,test,id_const_b30_h200_p100_nominal,cnn1d,0,720,0.1617653948280376,0.14778173276469125,0.14626835342161154,0.2789972882649323,0.13728600779312722
topcell,test,id_const_b30_h200_p100_nominal,tcn,0,720,0.6463211490210837,0.5133339867875268,-0.4430109237203624,1.4679799974817627,0.4049753872428025
topcell,test,id_const_b30_h200_p100_nominal,gru,0,720,0.050356427020319575,0.04282643467027802,0.03160120011402874,0.1053567252502603,0.014827199051429105
topcell,test,id_const_b30_h200_p100_nominal,lstm,0,720,0.21013084486701863,0.18822935147931258,0.18740419428855945,0.4346912470665387,0.17003688690863467
topcell,test,id_const_b20_h160_p150_cold,physical_rc,0,720,0.0214827284329277,0.013551875840750485,0.0015222251276614943,0.0817755402499003,0.009407616560545017
topcell,test,id_const_b20_h160_p150_cold,mlp,0,720,0.4504324687788258,0.3743096282694896,0.10525635150955573,0.7986489331449889,0.5146792716605766
topcell,test,id_const_b20_h160_p150_cold,cnn1d,0,720,0.2227384167581046,0.1817110739521597,0.14972474251796594,0.4620367411728239,0.35297437081126204
topcell,test,id_const_b20_h160_p150_cold,tcn,0,720,0.8839508466109135,0.7438563759564668,-0.6905412587714379,1.8222106569697019,0.4133694124421436
topcell,test,id_const_b20_h160_p150_cold,gru,0,720,0.12047851397931791,0.0951899498229214,0.06016953666654201,0.28961576258183186,0.10324910495858265
topcell,test,id_const_b20_h160_p150_cold,lstm,0,720,0.122806189275156,0.10419786153822655,0.054962273488735676,0.27443011183217436,0.18037749253911436
topcell,test,id_const_b20_h160_p150_gradient,physical_rc,0,720,0.03789836440812277,0.020769217475771415,-0.0008438419286653046,0.1457707001103472,0.009853113115700323
topcell,test,id_const_b20_h160_p150_gradient,mlp,0,720,0.36469455446066407,0.34019604979825113,0.10273548376344144,0.6121785473839623,0.2568094953202379
topcell,test,id_const_b20_h160_p150_gradient,cnn1d,0,720,0.1639764042382019,0.1351160805909956,0.10695841044352795,0.4094495065604349,0.23451693287803344
topcell,test,id_const_b20_h160_p150_gradient,tcn,0,720,0.6934495066384431,0.5431156740033463,-0.3969967819642423,1.5471802448905407,0.5926680984301123
topcell,test,id_const_b20_h160_p150_gradient,gru,0,720,0.13976057262321986,0.10913493899546829,-0.0900661351883102,0.35295014067631314,0.27061402887075336
topcell,test,id_const_b20_h160_p150_gradient,lstm,0,720,0.11312890059955835,0.09797268870894967,0.0002082022781015189,0.2859658003460481,0.1680692460542948
topcell,test,id_const_b20_h160_p150_nominal,physical_rc,0,720,0.024309686236864598,0.014703149215357373,0.0002708577960370088,0.09192625712881863,0.009740760385617548
topcell,test,id_const_b20_h160_p150_nominal,mlp,0,720,0.20580961655109395,0.16355234872647348,-0.029666686535382535,0.43033586985816896,0.18830606694093482
topcell,test,id_const_b20_h160_p150_nominal,cnn1d,0,720,0.13553656664052077,0.10221544366028053,0.08145224969812573,0.38745050181015017,0.2255188786733531
topcell,test,id_const_b20_h160_p150_nominal,tcn,0,720,0.7527581479103517,0.6083213441473376,-0.5193825189799026,1.4708137733155127,0.5016246943447796
topcell,test,id_const_b20_h160_p150_nominal,gru,0,720,0.0993301775829071,0.07863227534947163,0.02151447130726776,0.3036962422284546,0.1792840100468137
topcell,test,id_const_b20_h160_p150_nominal,lstm,0,720,0.09865621410137726,0.07972506347819809,0.05832101051555941,0.28247709209276195,0.17199348815480728
topcell,test,id_const_b20_h120_p50_cold,physical_rc,0,720,0.007818607564289138,0.004673241032171058,0.0004417521885018575,0.038967289850042164,0.0037558202433961604
topcell,test,id_const_b20_h120_p50_cold,mlp,0,720,0.11146536589103767,0.0939792117064359,-0.05362122617961573,0.23559667400040496,0.12606374845092097
topcell,test,id_const_b20_h120_p50_cold,cnn1d,0,720,0.10075580445552311,0.07911971088479777,0.059193504423199116,0.21542582682744182,0.07642817968815047
topcell,test,id_const_b20_h120_p50_cold,tcn,0,720,0.3427313733147992,0.28424682664364503,-0.27075941212511706,0.6569389864973516,0.0909281081584459
topcell,test,id_const_b20_h120_p50_cold,gru,0,720,0.09119002293698966,0.07554992711666013,-0.07423148701209938,0.20257189071523385,0.041728746779842604
topcell,test,id_const_b20_h120_p50_cold,lstm,0,720,0.07451486332291526,0.06364493987364839,0.013485546722996854,0.1823997700200337,0.05386231989163007
topcell,test,id_const_b20_h120_p50_gradient,physical_rc,0,720,0.02428066290935682,0.012192998270990745,-0.0019243370859366178,0.09874227065250096,0.004407033850911373
topcell,test,id_const_b20_h120_p50_gradient,mlp,0,720,0.4860108038258639,0.3697168902192328,0.03651230404409851,1.1150147368393846,0.5934114900765773
topcell,test,id_const_b20_h120_p50_gradient,cnn1d,0,720,0.10376884691279095,0.07078010890723774,-0.018476595655609607,0.35105428371785763,0.10484059100879359
topcell,test,id_const_b20_h120_p50_gradient,tcn,0,720,0.3174748143353227,0.23593746940023005,-0.1431918219770131,0.9110468985466156,0.3173610463045697
topcell,test,id_const_b20_h120_p50_gradient,gru,0,720,0.04318462714054243,0.030156215858608695,-0.018984308766847795,0.1353585145339622,0.025708471376262754
topcell,test,id_const_b20_h120_p50_gradient,lstm,0,720,0.11227382732845813,0.09495534600608088,0.09121823903081917,0.21847591352158702,0.08133171450846653
topcell,test,id_const_b20_h120_p50_nominal,physical_rc,0,720,0.010480657633740259,0.005846010666231235,-0.0008096234734421041,0.0462167834659013,0.0042374400166883975
topcell,test,id_const_b20_h120_p50_nominal,mlp,0,720,0.3047310702449975,0.23753287936757606,-0.2011852329690128,0.5534210907220825,0.2133293587611898
topcell,test,id_const_b20_h120_p50_nominal,cnn1d,0,720,0.10575917012658555,0.07969976892290408,-0.03898588679444832,0.3144833842364818,0.20321824150761209
topcell,test,id_const_b20_h120_p50_nominal,tcn,0,720,0.5367911698159461,0.4470339560243718,-0.2599626253055037,1.1029595458808643,0.45654123740094277
topcell,test,id_const_b20_h120_p50_nominal,gru,0,720,0.05042344197960375,0.04171073573744914,-0.03806056917595834,0.12516229521027356,0.031173124846369946
topcell,test,id_const_b20_h120_p50_nominal,lstm,0,720,0.0784277266271798,0.07155015178886213,0.02237295820365232,0.13678856589034183,0.058517783177341035
topcell,test,id_const_b30_h120_p50_cold,physical_rc,0,720,0.0090242014600299,0.005248370829954643,0.00018664163335803489,0.04224174147849169,0.003829466627392586
topcell,test,id_const_b30_h120_p50_cold,mlp,0,720,0.12658826921449726,0.10636198176415151,-0.07140861749998052,0.2327567199129703,0.10396258583530475
topcell,test,id_const_b30_h120_p50_cold,cnn1d,0,720,0.16508434552934254,0.1302850804653183,0.09661078992291389,0.3189464202068848,0.18092841938514634
topcell,test,id_const_b30_h120_p50_cold,tcn,0,720,0.30021900931547096,0.24503599865848544,-0.171184311585817,0.6502940625873919,0.25400239378074296
topcell,test,id_const_b30_h120_p50_cold,gru,0,720,0.10940245872702467,0.09507115891088015,-0.09425310756485542,0.20809558026253683,0.07039748751665502
topcell,test,id_const_b30_h120_p50_cold,lstm,0,720,0.11105864161297034,0.08089629491096735,-0.017209048106243706,0.2722606620423349,0.09541100632326538
topcell,test,id_const_b30_h120_p50_gradient,physical_rc,0,720,0.025694925992767084,0.012932559515482793,-0.002179437918841061,0.10201672228094338,0.004463397523384021
topcell,test,id_const_b30_h120_p50_gradient,mlp,0,720,0.5239501994056375,0.4120165477754513,0.07700570125658104,1.2400950337482186,0.6743073918839986
topcell,test,id_const_b30_h120_p50_gradient,cnn1d,0,720,0.17133759131568801,0.14647522514572153,0.060297830706263135,0.36628504280686514,0.08826132303260004
topcell,test,id_const_b30_h120_p50_gradient,tcn,0,720,0.37765254589753877,0.2680820522978059,-0.042721734759321034,1.0281724665556737,0.4873302715061842
topcell,test,id_const_b30_h120_p50_gradient,gru,0,720,0.048796591014434475,0.03914713987049575,-0.030966555472550242,0.13389916098607557,0.03668697140538531
topcell,test,id_const_b30_h120_p50_gradient,lstm,0,720,0.13067550562480232,0.11056111004571226,0.10307349390833953,0.22429207361638248,0.09279047638752695
topcell,test,id_const_b30_h120_p50_nominal,physical_rc,0,720,0.011834817661026878,0.006523432457778652,-0.00106469652860866,0.04949123509432951,0.004297590158512592
topcell,test,id_const_b30_h120_p50_nominal,mlp,0,720,0.2518675587332524,0.19909093898230273,-0.13664323357756322,0.5208913394904755,0.17470866760260556
topcell,test,id_const_b30_h120_p50_nominal,cnn1d,0,720,0.06822015892974018,0.059377156468571675,0.02687636312464906,0.13381736813457223,0.06415529130639604
topcell,test,id_const_b30_h120_p50_nominal,tcn,0,720,0.4904877076768939,0.40572656224824405,-0.2010973205206403,1.0564531071441365,0.43136510962373936
topcell,test,id_const_b30_h120_p50_nominal,gru,0,720,0.06833085856005902,0.06266283070966888,-0.06204468682338751,0.12722599255607747,0.039853076358208055
topcell,test,id_const_b30_h120_p50_nominal,lstm,0,720,0.0893460898187498,0.08192226847253525,0.018469304073666797,0.13367263943199248,0.08583636595442344
topcell,test,id_ramp_brine_b10_h160_p50,physical_rc,0,720,0.013648955437052416,0.00785517638160464,-0.0002474686915107722,0.07630806719859606,0.006862624426516527
topcell,test,id_ramp_brine_b10_h160_p50,mlp,0,720,0.20580097533765015,0.17194416010727018,0.06281336740252506,0.4820377442992907,0.2993298721271629
topcell,test,id_ramp_brine_b10_h160_p50,cnn1d,0,720,0.12012324324515475,0.10696873028290968,0.07754300391151128,0.21598911664452203,0.19909630061333858
topcell,test,id_ramp_brine_b10_h160_p50,tcn,0,720,0.3032668372630825,0.2567319643773727,-0.14538673351896772,0.7645293802154356,0.5101174035206886
topcell,test,id_ramp_brine_b10_h160_p50,gru,0,720,0.10467485346858565,0.087152515829446,0.034828305796515975,0.2888162353042105,0.17780346442722006
topcell,test,id_ramp_brine_b10_h160_p50,lstm,0,720,0.14701502566834837,0.10341548872103458,0.09257163912202465,0.4312838485553243,0.19856633201872823
topcell,test,id_const_b30_h80_p50_cold,physical_rc,0,720,0.008283961322439398,0.005001709272952068,0.0003935634911391459,0.031111688996865894,0.0028189769067346886
topcell,test,id_const_b30_h80_p50_cold,mlp,0,720,0.21991484512496012,0.1857748345251523,0.11586546883756708,0.5143518886667167,0.2295814830245337
topcell,test,id_const_b30_h80_p50_cold,cnn1d,0,720,0.1646384968990204,0.1319086875113417,-0.004044653533289969,0.41438137026796085,0.26582193857534847
topcell,test,id_const_b30_h80_p50_cold,tcn,0,720,0.14779918492942962,0.11590827399484332,0.06208186538546617,0.33689174843325986,0.1581646488297606
topcell,test,id_const_b30_h80_p50_cold,gru,0,720,0.18255383035350217,0.15341839500130267,-0.14873595151123353,0.37559839024216046,0.12239456433012612
topcell,test,id_const_b30_h80_p50_cold,lstm,0,720,0.19305199531084904,0.1593803809495027,-0.07818671833844675,0.3508382399478762,0.10170552573269308
topcell,test,id_const_b30_h80_p50_gradient,physical_rc,0,720,0.02493272083104091,0.012856343595158205,-0.001972524394394457,0.08985221979144598,0.0031082559693619088
topcell,test,id_const_b30_h80_p50_gradient,mlp,0,720,0.6325858613746591,0.5595708487037174,0.16199440909097532,1.1732018925520862,0.7639830290453029
topcell,test,id_const_b30_h80_p50_gradient,cnn1d,0,720,0.1581183873969124,0.1452916568761684,0.05710276606054805,0.27383077716402227,0.15881706499033452
topcell,test,id_const_b30_h80_p50_gradient,tcn,0,720,0.4928394049645015,0.4477303041365267,0.1701046232951839,0.9324230995408129,0.39739756199705334
topcell,test,id_const_b30_h80_p50_gradient,gru,0,720,0.11488018354616729,0.10215523930679403,-0.10152535076851762,0.23190164753336973,0.08071940947209358
topcell,test,id_const_b30_h80_p50_gradient,lstm,0,720,0.09388873864796778,0.07927035780707076,0.07396071563065477,0.19369977843983577,0.0994121757313201
topcell,test,id_const_b30_h80_p50_nominal,physical_rc,0,720,0.011332483434210226,0.006357186694000857,-0.0008577927263794176,0.04314331423882578,0.0030141451874935786
topcell,test,id_const_b30_h80_p50_nominal,mlp,0,720,0.21318010921042474,0.18399218823407015,0.03092058049594585,0.4469953843597452,0.3322695621153087
topcell,test,id_const_b30_h80_p50_nominal,cnn1d,0,720,0.1439247782538188,0.11932160745380914,-0.07549263917195057,0.34119743423850935,0.24112328839517289
topcell,test,id_const_b30_h80_p50_nominal,tcn,0,720,0.22535719747294414,0.18876106640701612,0.046087297504881095,0.5479835992485818,0.17134061882126242
topcell,test,id_const_b30_h80_p50_nominal,gru,0,720,0.09866653343905037,0.07422199351018718,-0.06831909534257993,0.22493963503204384,0.0698290789539054
topcell,test,id_const_b30_h80_p50_nominal,lstm,0,720,0.08490595691058232,0.06556582266864874,0.05706922335756054,0.21171827331141913,0.08637803820644366
topcell,test,id_const_b10_h80_p0_cold,physical_rc,0,720,0.002260361420112304,0.0011783424508010005,0.00026005246785874506,0.010257966008182962,0.0005250050759344815
topcell,test,id_const_b10_h80_p0_cold,mlp,0,720,0.3030605218472297,0.22929615545394305,-0.01961486463344098,0.6647397678543356,0.16563851447048206
topcell,test,id_const_b10_h80_p0_cold,cnn1d,0,720,0.25927632403019074,0.24280199034088226,0.24275758889763446,0.44212140084650997,0.3141582320962505
topcell,test,id_const_b10_h80_p0_cold,tcn,0,720,0.7763939652881344,0.6066983858608833,0.4761951786732979,1.6925046220023034,0.5629970086566872
topcell,test,id_const_b10_h80_p0_cold,gru,0,720,0.07771507272533806,0.06753139710497297,0.03768359687903378,0.143049641526801,0.08015958979476974
topcell,test,id_const_b10_h80_p0_cold,lstm,0,720,0.3749289622911643,0.32689492832141237,0.3223883721549394,0.6876304422348056,0.40088067658334886
topcell,test,id_const_b10_h80_p0_gradient,physical_rc,0,720,0.015718981323616692,0.008097591650466552,-0.0021060534712448744,0.0628871238473181,0.0014992881074999886
topcell,test,id_const_b10_h80_p0_gradient,mlp,0,720,0.2906071107173363,0.26120531731906554,0.25705583056449677,0.46644290452865533,0.28790519113793406
topcell,test,id_const_b10_h80_p0_gradient,cnn1d,0,720,0.3909962912263502,0.32390219972186546,0.2877796076063347,0.7607050739056973,0.5128827500864371
topcell,test,id_const_b10_h80_p0_gradient,tcn,0,720,0.37840241462514645,0.35128673549244566,-0.018009306838664772,0.9086997880674375,0.39075944604840535
topcell,test,id_const_b10_h80_p0_gradient,gru,0,720,0.08081088831131261,0.0687388618030369,0.04591341659609072,0.17702630446022027,0.07132820916257492
topcell,test,id_const_b10_h80_p0_gradient,lstm,0,720,0.18891564149181234,0.16208724889654108,0.15474038595323994,0.3206998189578911,0.22225168493826378
topcell,test,id_const_b10_h80_p0_nominal,physical_rc,0,720,0.002031063912133554,0.001479127402539435,-0.0009913079145597594,0.010360636660635691,0.001253046360598467
topcell,test,id_const_b10_h80_p0_nominal,mlp,0,720,0.36028579866079896,0.268370995501214,0.050998988669465464,0.7318090088670317,0.4604419880114079
topcell,test,id_const_b10_h80_p0_nominal,cnn1d,0,720,0.15232304557252782,0.12195929581622479,0.10743890234378786,0.3714514725603877,0.23554880458361424
topcell,test,id_const_b10_h80_p0_nominal,tcn,0,720,0.2519809938123004,0.20906243090828372,-0.13015926972008857,0.6273082216916777,0.348700211269405
topcell,test,id_const_b10_h80_p0_nominal,gru,0,720,0.11774451615342502,0.10206440506741224,-0.09022789859164118,0.19986451178052533,0.1250698749269323
topcell,test,id_const_b10_h80_p0_nominal,lstm,0,720,0.15162886250964625,0.12695369605958792,0.11907692632976632,0.28245635581139794,0.21610281366249073
topcell,test,id_const_b40_h160_p100_cold,physical_rc,0,720,0.017872551034856826,0.01050260105149961,0.00036835937763537687,0.07809688829700434,0.007337594813521363
topcell,test,id_const_b40_h160_p100_cold,mlp,0,720,0.2244556642048392,0.18196769629541426,0.014333070178651534,0.5255266753568435,0.28873778842871467
topcell,test,id_const_b40_h160_p100_cold,cnn1d,0,720,0.4152403539997125,0.34427747145212034,0.001982398324446994,0.7875619593152123,0.5181737106055084
topcell,test,id_const_b40_h160_p100_cold,tcn,0,720,0.5314525278850127,0.46647310288535704,-0.3064172042931398,1.0042695107882764,0.4545192500380365
topcell,test,id_const_b40_h160_p100_cold,gru,0,720,0.117748472472495,0.10501153925025611,0.10446655748109883,0.1910660195614753,0.09935498460475078
topcell,test,id_const_b40_h160_p100_cold,lstm,0,720,0.1211857483121516,0.10093245951426627,0.03981388652210074,0.33120920144300214,0.13777794083630976
topcell,test,id_const_b40_h160_p100_gradient,physical_rc,0,720,0.03441896347345107,0.017922816058455825,-0.0019977396231091503,0.13787186910234084,0.00790205793436283
topcell,test,id_const_b40_h160_p100_gradient,mlp,0,720,0.26161150861103505,0.2160351262321512,0.043486349253281105,0.6210091290816848,0.2568786849911482
topcell,test,id_const_b40_h160_p100_gradient,cnn1d,0,720,0.15041349092397158,0.13029339577408416,0.05176358469814363,0.26756627199172556,0.18869134501244864
topcell,test,id_const_b40_h160_p100_gradient,tcn,0,720,0.343864805061537,0.2765678682682504,0.01912935519282656,0.8510180155407312,0.6605411643825008
topcell,test,id_const_b40_h160_p100_gradient,gru,0,720,0.05744797505786591,0.04731338355449765,-0.008088712666731763,0.1488517471206876,0.0634014060194238
topcell,test,id_const_b40_h160_p100_gradient,lstm,0,720,0.11413241247869274,0.08820898297355863,-0.018863948059838462,0.3288842426195515,0.21096182246628184
topcell,test,id_const_b40_h160_p100_nominal,physical_rc,0,720,0.020682164184366254,0.011723320913722902,-0.0008830162873226478,0.08534638191527222,0.007758820871066974
topcell,test,id_const_b40_h160_p100_nominal,mlp,0,720,0.3703313732001859,0.26216256552397355,-0.07079718895600579,0.9181323056789807,0.46918282239508136
topcell,test,id_const_b40_h160_p100_nominal,cnn1d,0,720,0.19590231395232918,0.1648961184085639,-0.03569605719877497,0.44010897755218537,0.21533579674674114
topcell,test,id_const_b40_h160_p100_nominal,tcn,0,720,0.5159650192685978,0.41287668977050646,-0.14546708282242227,1.120656724417131,0.5757137022437147
topcell,test,id_const_b40_h160_p100_nominal,gru,0,720,0.047189742254734504,0.04111950730115938,0.029310495477994882,0.08528309513971521,0.04269823277527246
topcell,test,id_const_b40_h160_p100_nominal,lstm,0,720,0.10311136787250941,0.084652306061656,0.03876689730408254,0.22908992461042033,0.14581117791539647
topcell,test,id_const_b10_h80_p150_cold,physical_rc,0,720,0.020375205712824133,0.01266162524451574,0.0021911710739912294,0.08018061278072253,0.007872418608783438
topcell,test,id_const_b10_h80_p150_cold,mlp,0,720,0.40732156702345496,0.34797896833683123,0.1629877282768926,0.8133687848017246,0.39930052247574704
topcell,test,id_const_b10_h80_p150_cold,cnn1d,0,720,0.3469571713300777,0.30054876783267154,0.25961347831119563,0.6153602777475413,0.32404638796336843
topcell,test,id_const_b10_h80_p150_cold,tcn,0,720,0.686309249036213,0.5489651061323862,-0.41377415320399646,1.7095081109878407,0.5492176972522514
topcell,test,id_const_b10_h80_p150_cold,gru,0,720,0.07208323941403477,0.061069866761686215,-0.036289549821864095,0.15002854374190377,0.05050872590302628
topcell,test,id_const_b10_h80_p150_cold,lstm,0,720,0.2534964262976275,0.21648532749945523,-0.03899585857458412,0.5638279329438376,0.3145920024871834
topcell,test,id_const_b10_h80_p150_gradient,physical_rc,0,720,0.035888758762857124,0.019918881057826146,-0.00017492376008663158,0.13176213307860962,0.007970814869891684
topcell,test,id_const_b10_h80_p150_gradient,mlp,0,720,0.22387764938781252,0.20249578450647268,0.07516028228843777,0.41573429892979163,0.20409667994984723
topcell,test,id_const_b10_h80_p150_gradient,cnn1d,0,720,0.22977174894353708,0.20361449194573567,0.19607214996206396,0.40102820436588615,0.20090080658002377
topcell,test,id_const_b10_h80_p150_gradient,tcn,0,720,0.5232272830304091,0.4347836812221915,-0.2613236489002198,1.12687702528153,0.3705001076526751
topcell,test,id_const_b10_h80_p150_gradient,gru,0,720,0.23453422328098367,0.1918579256737874,-0.18675654396619984,0.4809845175813763,0.18550037251369958
topcell,test,id_const_b10_h80_p150_gradient,lstm,0,720,0.15592133416228338,0.11914984920330872,-0.03049763747273947,0.5366059314536358,0.310135642174145
topcell,test,id_const_b10_h80_p150_nominal,physical_rc,0,720,0.02317408149350992,0.013806192454181973,0.0009398079090263739,0.0919294873260128,0.007941154626795711
topcell,test,id_const_b10_h80_p150_nominal,mlp,0,720,0.15700999740204055,0.13556822483963435,0.01269056843726679,0.32285135484075056,0.20890926151479808
topcell,test,id_const_b10_h80_p150_nominal,cnn1d,0,720,0.288805328722429,0.2590549737389744,0.2515725317914469,0.4979821804022464,0.23609182718013708
topcell,test,id_const_b10_h80_p150_nominal,tcn,0,720,0.5718901598853888,0.4306146798877756,-0.40604137862698636,1.4144752613264728,0.303856172609631
topcell,test,id_const_b10_h80_p150_nominal,gru,0,720,0.08245346147274468,0.06825155375863146,0.015054541508198769,0.20133945195328806,0.0475017672193778
topcell,test,id_const_b10_h80_p150_nominal,lstm,0,720,0.16954028546028485,0.1288631736792286,0.07547755177060475,0.4026150095419041,0.1754003108120764
topcell,test,id_const_b10_h80_p100_cold,physical_rc,0,720,0.012937026726745671,0.008189678503141451,0.0015474598050385425,0.05007205020569927,0.005230421623040988
topcell,test,id_const_b10_h80_p100_cold,mlp,0,720,0.24407330776336117,0.18376494956170134,0.16010071100374496,0.5080668818077498,0.21707002094703362
topcell,test,id_const_b10_h80_p100_cold,cnn1d,0,720,0.15855243263909985,0.1422236143817905,0.11576749660898257,0.2665446928137811,0.07433815401954774
topcell,test,id_const_b10_h80_p100_cold,tcn,0,720,0.35527257737725415,0.2814262051073329,-0.24897200068869907,0.8976376719501218,0.17921231095266538
topcell,test,id_const_b10_h80_p100_cold,gru,0,720,0.12063192731888021,0.11164060835169826,0.10723850196126361,0.20730261120044702,0.13986484864143872
topcell,test,id_const_b10_h80_p100_cold,lstm,0,720,0.13431974420608372,0.10778484459135465,-0.007786208383742101,0.3258823102686108,0.17130443879513246
topcell,test,id_const_b10_h80_p100_gradient,physical_rc,0,720,0.028808463001029273,0.015529118904379925,-0.000818622524914176,0.10227530264342022,0.0053899520126983215
topcell,test,id_const_b10_h80_p100_gradient,mlp,0,720,0.21687156817424547,0.16674848418135116,0.07970846469892767,0.48616137199131515,0.24877699788194216
topcell,test,id_const_b10_h80_p100_gradient,cnn1d,0,720,0.11124962793344177,0.08812742174295578,-0.012639188932472924,0.331430708182225,0.2210844413650018
topcell,test,id_const_b10_h80_p100_gradient,tcn,0,720,0.33091874200532573,0.2752058661114433,-0.1054122373914991,0.7276775520868455,0.2700124210108659
topcell,test,id_const_b10_h80_p100_gradient,gru,0,720,0.10507394603653511,0.0804985868640119,0.024778043295593053,0.28076860154804706,0.16304067314428117
topcell,test,id_const_b10_h80_p100_gradient,lstm,0,720,0.12003624450028902,0.0967378136645331,0.04730860809417356,0.3084180538183716,0.1551026648699271
topcell,test,id_const_b10_h80_p100_nominal,physical_rc,0,720,0.015757434539831798,0.009339671256407318,0.00029609664309001953,0.061903958580742824,0.005339816801434843
topcell,test,id_const_b10_h80_p100_nominal,mlp,0,720,0.10464064273701144,0.08768097151018646,0.020606991550349,0.22461775857790656,0.13453302257279826
topcell,test,id_const_b10_h80_p100_nominal,cnn1d,0,720,0.10390688437505392,0.08927463013539211,0.04049186691240015,0.24499249675028523,0.18262541088067008
topcell,test,id_const_b10_h80_p100_nominal,tcn,0,720,0.3208820392224394,0.26706562099111825,-0.2285424817753081,0.6802380381501223,0.2415298908123548
topcell,test,id_const_b10_h80_p100_nominal,gru,0,720,0.15644274347575904,0.1385901624264774,0.13764278446461126,0.27964984713564434,0.16859772125358846
topcell,test,id_const_b10_h80_p100_nominal,lstm,0,720,0.13064440378332887,0.10792648411777259,0.09104296393012466,0.26816887694300817,0.0858926253678262
topcell,test,id_ramp_brine_b30_h160_p150,physical_rc,0,720,0.02507389700653774,0.01503222575421538,-0.00015553628759515565,0.09435561456828623,0.010469926299971212
topcell,test,id_ramp_brine_b30_h160_p150,mlp,0,720,0.18387800213028552,0.1464713690039797,-0.0795945519212849,0.404653530507062,0.13925473106900532
topcell,test,id_ramp_brine_b30_h160_p150,cnn1d,0,720,0.1256026011951318,0.09606380434321425,0.09112188822364783,0.34079695872176785,0.2006066957202007
topcell,test,id_ramp_brine_b30_h160_p150,tcn,0,720,0.7261455533716273,0.5799754688433763,-0.46293362024112306,1.43869770291343,0.5798073655362967
topcell,test,id_ramp_brine_b30_h160_p150,gru,0,720,0.08357434277099407,0.06134945243775333,-0.0410930066992044,0.2512763447082591,0.15002536804054065
topcell,test,id_ramp_brine_b30_h160_p150,lstm,0,720,0.06218221111391404,0.04396228345651429,0.022594559122483933,0.21069881132314094,0.13048343549458713
topcell,test,id_const_b30_h160_p0_cold,physical_rc,0,720,0.010800871459772057,0.0053184283709973535,-0.0006639637629876047,0.06656916213884045,0.004451539991904777
topcell,test,id_const_b30_h160_p0_cold,mlp,0,720,0.4046303049347996,0.33193824763576535,0.14039821811017322,0.9543570818385234,0.5364073996453823
topcell,test,id_const_b30_h160_p0_cold,cnn1d,0,720,0.25637129592608393,0.2167386513269815,0.20456579614727635,0.5002576662338498,0.2087915469683154
topcell,test,id_const_b30_h160_p0_cold,tcn,0,720,0.34081659327897496,0.24782090043010127,0.03409216283922619,0.9003212426797091,0.4844281370277985
topcell,test,id_const_b30_h160_p0_cold,gru,0,720,0.06281537773709665,0.05036584714422582,0.04473759187977993,0.14140910782759875,0.04864759094037631
topcell,test,id_const_b30_h160_p0_cold,lstm,0,720,0.29128105508420726,0.2199522529867891,0.2065229400340912,0.5509395332020119,0.29627900527123885
topcell,test,id_const_b30_h160_p0_gradient,physical_rc,0,720,0.02260389982320722,0.01129048442267122,-0.003030062759421822,0.12634414294170426,0.005361768907468346
topcell,test,id_const_b30_h160_p0_gradient,mlp,0,720,0.3780578872048365,0.2512770559358327,0.1535706366568949,0.9423525141195199,0.4800391836121368
topcell,test,id_const_b30_h160_p0_gradient,cnn1d,0,720,0.11337368868207114,0.09180007408428217,0.07419032113212387,0.2046521254090834,0.12393816757238363
topcell,test,id_const_b30_h160_p0_gradient,tcn,0,720,0.8837485600166531,0.6956355758239905,0.08043098231759697,1.6231374903648117,1.0574585796179279
topcell,test,id_const_b30_h160_p0_gradient,gru,0,720,0.04503225449793945,0.03750772127296256,0.0024356553160107194,0.08810876730295547,0.030464512018579974
topcell,test,id_const_b30_h160_p0_gradient,lstm,0,720,0.13524046356177627,0.10397128115508879,0.07129641791014986,0.2779512528995838,0.18662183904430588
topcell,test,id_const_b30_h160_p0_nominal,physical_rc,0,720,0.011539233969237173,0.005685877747782985,-0.0019153394245660907,0.07381865575500512,0.005134000420147347
topcell,test,id_const_b30_h160_p0_nominal,mlp,0,720,0.38904874192930805,0.3390894391286617,-0.01561525691315432,0.7820508582902406,0.3252327923583046
topcell,test,id_const_b30_h160_p0_nominal,cnn1d,0,720,0.1389142468757698,0.12349708571710087,0.07382064082765212,0.2515992842973418,0.16371503460573286
topcell,test,id_const_b30_h160_p0_nominal,tcn,0,720,0.49218374548978133,0.4618196155792077,-0.008293986115028722,0.7813460574055853,0.40215829539872716
topcell,test,id_const_b30_h160_p0_nominal,gru,0,720,0.07837675620476091,0.060159817129394284,-0.057956090102902785,0.16518093075728757,0.06463185027881872
topcell,test,id_const_b30_h160_p0_nominal,lstm,0,720,0.1252898194199245,0.09891553723858222,-0.020805607041260714,0.27445945498122626,0.19038630108559013
topcell,test,id_ramp_brine_b10_h200_p150,physical_rc,0,720,0.026242623158326192,0.015667460671366897,0.0008330209057489786,0.1130158996513444,0.010262947905609722
topcell,test,id_ramp_brine_b10_h200_p150,mlp,0,720,0.24761904532317155,0.2061872182512829,0.03416481204185467,0.6053578262120141,0.3424873868869342
topcell,test,id_ramp_brine_b10_h200_p150,cnn1d,0,720,0.266812605686386,0.21701172414173117,0.19191114415987884,0.7289698126735118,0.4407168453197406
topcell,test,id_ramp_brine_b10_h200_p150,tcn,0,720,0.9076060197624393,0.7617120275657083,-0.6889825005821266,1.844940780602684,0.5289711967714416
topcell,test,id_ramp_brine_b10_h200_p150,gru,0,720,0.28483619210817324,0.23197166966478958,0.22218419629864125,0.4867284075453142,0.15286448956025936
topcell,test,id_ramp_brine_b10_h200_p150,lstm,0,720,0.354972468256888,0.27370749390468896,0.26777851193806573,0.6482868043894143,0.49113952034133174
topcell,test,id_ramp_plasma_b10_h200_p150,physical_rc,0,720,0.03011254236915775,0.02489542063493962,0.0065585430321760995,0.09572431041671337,0.04172624397608554
topcell,test,id_ramp_plasma_b10_h200_p150,mlp,0,720,0.6263861404916428,0.47247976873037906,-0.09725197052536368,1.5833151743096323,0.26211987242519325
topcell,test,id_ramp_plasma_b10_h200_p150,cnn1d,0,720,0.33856991188056873,0.26262006631852514,0.18118914274451356,0.7407433741316822,0.38832099272367354
topcell,test,id_ramp_plasma_b10_h200_p150,tcn,0,720,1.2990313726138574,0.986463930538879,-0.6916199894016151,3.1933968489763345,1.4373298323946262
topcell,test,id_ramp_plasma_b10_h200_p150,gru,0,720,0.4427716535504796,0.3364827506237751,-0.31438816713030576,1.088216466789902,0.8299786266111187
topcell,test,id_ramp_plasma_b10_h200_p150,lstm,0,720,0.2678873269927418,0.21995894017401652,-0.012174621310383178,0.7431501903270714,0.4038559286217246
topcell,test,id_const_b10_h200_p0_cold,physical_rc,0,720,0.015842916820376852,0.008175858328119033,-0.0003606784001146224,0.08847581680054617,0.006450347405225964
topcell,test,id_const_b10_h200_p0_cold,mlp,0,720,0.8385955739769507,0.6414467562963596,0.4441168906575331,1.95173295181813,0.4142817867238151
topcell,test,id_const_b10_h200_p0_cold,cnn1d,0,720,0.33875634684937367,0.281092330193399,0.15849090044599076,0.6873913174146224,0.27709786613882165
topcell,test,id_const_b10_h200_p0_cold,tcn,0,720,0.6173839349054033,0.560760939326366,-0.5281994209712675,0.9748198504271031,0.11217154169506725
topcell,test,id_const_b10_h200_p0_cold,gru,0,720,0.15881769993431025,0.1343398878345024,0.10048834903236864,0.321823650579546,0.19610355145381417
topcell,test,id_const_b10_h200_p0_cold,lstm,0,720,0.2306028355577936,0.16597738178391888,0.06170361869482916,0.6088055764575415,0.10315332453740238
topcell,test,id_const_b10_h200_p0_gradient,physical_rc,0,720,0.023881071162735235,0.011420248149877417,-0.0027267954521156094,0.14825079760341708,0.007362085559268346
topcell,test,id_const_b10_h200_p0_gradient,mlp,0,720,0.40499554048497427,0.34845371887578214,0.2996235866362002,1.0284979329307617,0.15653116000999984
topcell,test,id_const_b10_h200_p0_gradient,cnn1d,0,720,0.26482948199310336,0.23030187162267113,0.13753986458635437,0.5019408660064073,0.2020412215319387
topcell,test,id_const_b10_h200_p0_gradient,tcn,0,720,0.8169752039523945,0.6002479525486066,-0.2105698256745066,1.7839777162849089,0.9410326262816935
topcell,test,id_const_b10_h200_p0_gradient,gru,0,720,0.1495828406755219,0.1275845801171783,-0.10060291110039397,0.2912123444600212,0.13867150153922173
topcell,test,id_const_b10_h200_p0_gradient,lstm,0,720,0.19737570516629052,0.16769960086452393,-0.1300230321803317,0.35515453978483436,0.23209056837148798
topcell,test,id_const_b10_h200_p0_nominal,physical_rc,0,720,0.015700026941904033,0.007953986676167417,-0.0016120401728044916,0.09572431041671337,0.007134830309121973
topcell,test,id_const_b10_h200_p0_nominal,mlp,0,720,0.8548753807254479,0.6930699392625101,0.1271826448552531,1.5833151743096323,0.8473207456581777
topcell,test,id_const_b10_h200_p0_nominal,cnn1d,0,720,0.13788555767931654,0.11127029197271784,-0.034359968340702846,0.30751908976277775,0.14518804784305775
topcell,test,id_const_b10_h200_p0_nominal,tcn,0,720,0.782790451526428,0.6326614106768248,-0.47996302973222904,1.5956073554999648,0.4684546371889894
topcell,test,id_const_b10_h200_p0_nominal,gru,0,720,0.08106433356915489,0.06458323933143977,-0.05212291248262643,0.17775737679036752,0.09852008179135392
topcell,test,id_const_b10_h200_p0_nominal,lstm,0,720,0.28448121273877186,0.22998593482066343,-0.20961566266033016,0.5334878226124147,0.34203367754687464
linear_comsol,train,T07_coolant_step_15c,physical_rc,0,1080,0.014416836445977797,0.011898368305276507,-0.007547746790396214,0.081629869465079,0.013807723939824325
linear_comsol,train,T07_coolant_step_15c,mlp,0,1080,0.07129013727842139,0.05774182560825237,-0.024082316604943595,0.17585558707909144,0.12921552247532228
linear_comsol,train,T07_coolant_step_15c,cnn1d,0,1080,0.02574231863219308,0.019539117012085636,0.01670188814843459,0.0690802674050488,0.062495461351966715
linear_comsol,train,T07_coolant_step_15c,tcn,0,1080,0.13961868539440717,0.11802586345245679,-0.02902159600053609,0.37040982664957056,0.2565135652747503
linear_comsol,train,T07_coolant_step_15c,gru,0,1080,0.10173751239171396,0.08169341110887575,-0.05445048036235552,0.2231813783838028,0.14026357246951074
linear_comsol,train,T07_coolant_step_15c,lstm,0,1080,0.1494296396265039,0.12556106249742957,-0.10371628789068119,0.2762883400450775,0.15574845153416458
linear_comsol,train,T16_warm_start,physical_rc,0,900,0.045435720543480815,0.03267785113376314,0.027416844727899282,0.167271749957699,0.0065819451666983345
linear_comsol,train,T16_warm_start,mlp,0,900,0.1371231877241724,0.11876667494951716,0.11780534413743735,0.31075088613450674,0.22278341037639382
linear_comsol,train,T16_warm_start,cnn1d,0,900,0.030075618216178757,0.022021546673236858,0.016860290201968286,0.06879965446854186,0.04483709330971114
linear_comsol,train,T16_warm_start,tcn,0,900,0.1923227232313824,0.15955765418788473,0.15878775112854715,0.35261194607662816,0.32962461112493024
linear_comsol,train,T16_warm_start,gru,0,900,0.17124788610766448,0.14256174256912316,-0.034993966565636275,0.4189278857723977,0.2019440563837247
linear_comsol,train,T16_warm_start,lstm,0,900,0.16608056797246845,0.13019005585469642,0.02947339990077761,0.33718543843723836,0.24105557992744447
linear_comsol,train,T12_power_multilevel,physical_rc,0,900,0.044477978776451696,0.03611131026308088,0.017818948337136875,0.15388144283780747,0.030354606841522244
linear_comsol,train,T12_power_multilevel,mlp,0,900,0.09041666054452,0.0712195873383364,0.03457484835980139,0.23295207077144653,0.09921285729822066
linear_comsol,train,T12_power_multilevel,cnn1d,0,900,0.05277158729658046,0.04372000696890953,0.009017303983805774,0.11666118269928916,0.07321211910452347
linear_comsol,train,T12_power_multilevel,tcn,0,900,0.17579588295403067,0.13543496791838433,0.07189187824836792,0.38363384823112767,0.20624023187819884
linear_comsol,train,T12_power_multilevel,gru,0,900,0.14226041098037956,0.10845469905246193,0.07546095350775811,0.31598466296352967,0.16951042833786129
linear_comsol,train,T12_power_multilevel,lstm,0,900,0.13738900448036892,0.09971831893879449,0.008717228816972842,0.3118987538014224,0.0350020553124678
linear_comsol,train,T11_coolant_ramp,physical_rc,0,900,0.01128629548770684,0.00860668655051458,0.0024420813696133456,0.081629869465079,0.015724636730285697
linear_comsol,train,T11_coolant_ramp,mlp,0,900,0.05059564950696144,0.04497100197650491,-0.02440420162169046,0.09620229619093834,0.0493570737710764
linear_comsol,train,T11_coolant_ramp,cnn1d,0,900,0.028577759995905894,0.02219415637733335,0.018903899452866284,0.07969832603391325,0.060452957521012825
linear_comsol,train,T11_coolant_ramp,tcn,0,900,0.11871567326086674,0.10300540449216672,-0.09180730492556737,0.19328850778359907,0.11353676845345928
linear_comsol,train,T11_coolant_ramp,gru,0,900,0.0753915941963507,0.05789891853886351,-0.02806122783613607,0.2231813783838028,0.07140307756392825
linear_comsol,train,T11_coolant_ramp,lstm,0,900,0.13053027630820685,0.09644318183642787,-0.07325932823562988,0.26680003979937794,0.14785187271696343
linear_comsol,train,T10_power_ramp,physical_rc,0,900,0.05546758715289233,0.039990239276850366,0.03650519098974303,0.13058867504508243,0.007902359776935552
linear_comsol,train,T10_power_ramp,mlp,0,900,0.08814822905543307,0.06368468026637927,-0.030184615962580905,0.2578299079362125,0.04519284298151674
linear_comsol,train,T10_power_ramp,cnn1d,0,900,0.05375239434536565,0.041268271065737626,0.01872118517688007,0.11798845618131537,0.05269034181592222
linear_comsol,train,T10_power_ramp,tcn,0,900,0.19269781453397097,0.13334891171884486,-0.057901270070598684,0.6050429351954563,0.14567194981084572
linear_comsol,train,T10_power_ramp,gru,0,900,0.11734559837635739,0.0986734119863872,0.04803644804844632,0.24616256913623857,0.13415812958735984
linear_comsol,train,T10_power_ramp,lstm,0,900,0.16313779453642752,0.136139921035848,0.037919859196002347,0.3387404086894108,0.1915554923820029
linear_comsol,train,T04_power_step_10w,physical_rc,0,900,0.009160362167312232,0.005282905448332514,0.0029402366695875652,0.10203733683210459,0.005123354089255023
linear_comsol,train,T04_power_step_10w,mlp,0,900,0.14026977817933073,0.11545032089809713,-0.11284545379189191,0.29067421615192046,0.07079831156384916
linear_comsol,train,T04_power_step_10w,cnn1d,0,900,0.06101195962313864,0.04664781628128698,0.008065691255554109,0.19119730822087888,0.11556724836021884
linear_comsol,train,T04_power_step_10w,tcn,0,900,0.11580692519267405,0.09751268948837727,-0.061279748337523254,0.2157289235284665,0.1319834957725769
linear_comsol,train,T04_power_step_10w,gru,0,900,0.10558328811308132,0.085716099325521,0.03451711597036059,0.2722628611282154,0.046551382949345056
linear_comsol,train,T04_power_step_10w,lstm,0,900,0.11797193416206501,0.09002001672674798,-0.03538653147929552,0.27061108675843215,0.10978250876088987
linear_comsol,train,T01_power_step_4w,physical_rc,0,900,0.004827796164934532,0.003003450777694283,0.0026134729463660336,0.054778314733695765,0.0018003834022330542
linear_comsol,train,T01_power_step_4w,mlp,0,900,0.09759818701492518,0.08331862969077024,0.04671808484054221,0.2002413671733052,0.06328136374297683
linear_comsol,train,T01_power_step_4w,cnn1d,0,900,0.04981770944997813,0.03577704431000009,-0.004669615074346321,0.12136893721331887,0.051727971092413165
linear_comsol,train,T01_power_step_4w,tcn,0,900,0.05392950837621216,0.04565235725402845,0.013297835731728398,0.11122915795832711,0.08744650197250625
linear_comsol,train,T01_power_step_4w,gru,0,900,0.272141199706677,0.2057727969846736,-0.016010040221751072,0.6384367228758805,0.4318293597874398
linear_comsol,train,T01_power_step_4w,lstm,0,900,0.10946617773010342,0.07966251501294126,0.06913212946898625,0.2323458068642168,0.14565355299945007
linear_comsol,train,T08_coolant_step_30c,physical_rc,0,1080,0.009298812261630346,0.0067089059004094564,0.006221027075356366,0.081629869465079,0.003789329012261771
linear_comsol,train,T08_coolant_step_30c,mlp,0,1080,0.0564459552057653,0.043570309694990504,-0.010799551418991948,0.1820696995115867,0.1369608567061573
linear_comsol,train,T08_coolant_step_30c,cnn1d,0,1080,0.032349602980439214,0.02576843124206389,0.023504021540685437,0.10214552825682688,0.07479496688091203
linear_comsol,train,T08_coolant_step_30c,tcn,0,1080,0.13011212823033796,0.1092773212664385,-0.05159951463256179,0.30099291432776454,0.2407485495510183
linear_comsol,train,T08_coolant_step_30c,gru,0,1080,0.08885815435665613,0.0700291797743833,-0.023722839055424345,0.2231813783838028,0.031723451967629775
linear_comsol,train,T08_coolant_step_30c,lstm,0,1080,0.11553473440655548,0.0922033756350793,-0.07532200416946087,0.23909220356344107,0.13506811508077862
linear_comsol,train,T13_coolant_multilevel,physical_rc,0,900,0.01371194055523549,0.01081723643214963,0.0024690069967250967,0.081629869465079,0.0075876275308565866
linear_comsol,train,T13_coolant_multilevel,mlp,0,900,0.05229536722211081,0.042008590968007506,-0.013279410377083951,0.13924464507948642,0.09166962758670003
linear_comsol,train,T13_coolant_multilevel,cnn1d,0,900,0.040721752081803106,0.03520574220612791,0.033030059307023525,0.08905089930293997,0.06746411241168508
linear_comsol,train,T13_coolant_multilevel,tcn,0,900,0.09822802278088191,0.08106715894776682,-0.0615202551679663,0.19238028964539922,0.11171432954577248
linear_comsol,train,T13_coolant_multilevel,gru,0,900,0.1220877888634287,0.10142535763402874,-0.08788447561599823,0.2231813783838028,0.12757314831228286
linear_comsol,train,T13_coolant_multilevel,lstm,0,900,0.10490654698008096,0.08307879567064874,0.011589107544512684,0.23909220356344107,0.12593346478774867
linear_comsol,train,T06_coolant_step_20c,physical_rc,0,1080,0.009463412862701064,0.007308698625944187,-0.0029511454307643314,0.081629869465079,0.009131659137979725
linear_comsol,train,T06_coolant_step_20c,mlp,0,1080,0.06740424727674654,0.05592406753966946,-0.023168996987093238,0.1537039310089412,0.10287711339295477
linear_comsol,train,T06_coolant_step_20c,cnn1d,0,1080,0.02577340742986042,0.02018781527608512,0.01830824650394621,0.09353723236119293,0.06231851598621966
linear_comsol,train,T06_coolant_step_20c,tcn,0,1080,0.128235020305429,0.10981851198928456,-0.04896860781668171,0.3161121626469807,0.24260140596851779
linear_comsol,train,T06_coolant_step_20c,gru,0,1080,0.11455212995856488,0.09215832159880931,-0.008349519551194128,0.2536547573783281,0.19995044189887554
linear_comsol,train,T06_coolant_step_20c,lstm,0,1080,0.15668714301947406,0.12421919445530623,-0.061983049249334954,0.3585331871709698,0.25686389978717517
linear_comsol,train,T03_power_step_8w,physical_rc,0,900,0.007328289620674935,0.004226324154325619,0.002352189132155363,0.08162986946596718,0.004098678166007857
linear_comsol,train,T03_power_step_8w,mlp,0,900,0.04340544483380067,0.035362388226163916,-0.011518871970933035,0.12408668313659632,0.10046741231326722
linear_comsol,train,T03_power_step_8w,cnn1d,0,900,0.01988536669703524,0.015088036651558683,0.0013675849241110822,0.07207735417018313,0.0367098051459372
linear_comsol,train,T03_power_step_8w,tcn,0,900,0.1099115053624914,0.09087262398625828,-0.08541599594382177,0.19560018674516044,0.05414657103120287
linear_comsol,train,T03_power_step_8w,gru,0,900,0.06247148576198551,0.04846166798248021,-0.022049271252684063,0.18983948541603368,0.07667665022625697
linear_comsol,train,T03_power_step_8w,lstm,0,900,0.11036658803502195,0.08751205181202397,-0.07288437553339833,0.2814733519990327,0.16291123516226957
linear_comsol,train,T05_power_step_12w,physical_rc,0,900,0.010992434600167555,0.0063394862867815266,0.003528283906900474,0.12244480419823844,0.0061480210833800225
linear_comsol,train,T05_power_step_12w,mlp,0,900,0.24799467908628858,0.21034603295599757,-0.20744764673901916,0.4751787121579767,0.15161320232709996
linear_comsol,train,T05_power_step_12w,cnn1d,0,900,0.044863750478766846,0.037434306543329375,-0.01384802918948947,0.13243958038929904,0.05965032240980569
linear_comsol,train,T05_power_step_12w,tcn,0,900,0.19718840948681104,0.16828914618663962,-0.08795529959915531,0.3853973078475903,0.20729784673854104
linear_comsol,train,T05_power_step_12w,gru,0,900,0.21212175604492914,0.17340221589067348,-0.16245351932449748,0.3965850495653598,0.18902490339429479
linear_comsol,train,T05_power_step_12w,lstm,0,900,0.22912306304906374,0.193065475440941,-0.016262844117050715,0.41945831499471353,0.26354090271747777
linear_comsol,validation,T15_combined_ramps,physical_rc,0,900,0.053372901462527066,0.04612865536526223,0.046125385456214966,0.10424036545217064,0.0773511075683928
linear_comsol,validation,T15_combined_ramps,mlp,0,900,0.07252300240141973,0.05447997305030967,0.029191165393211517,0.19109824004335962,0.10165890933764396
linear_comsol,validation,T15_combined_ramps,cnn1d,0,900,0.06721972990045286,0.050429785591662175,0.01627757252740779,0.18967650056531937,0.151146692736261
linear_comsol,validation,T15_combined_ramps,tcn,0,900,0.1293566576752478,0.1037579529969809,0.007591025759347249,0.2661840975031424,0.18780403403486637
linear_comsol,validation,T15_combined_ramps,gru,0,900,0.15101301000400003,0.12571064374593463,0.047534248081998534,0.3536905457855113,0.09668617965865833
linear_comsol,validation,T15_combined_ramps,lstm,0,900,0.10582939975959349,0.09179319423818211,0.05307783948734743,0.2031697680815867,0.06916252444875783
linear_comsol,validation,T02_power_step_6w,physical_rc,0,900,0.00816538799488782,0.005606929487072365,0.0051976366059367585,0.07086511209983115,0.002705114784165618
linear_comsol,validation,T02_power_step_6w,mlp,0,900,0.12108159521764261,0.07709897270936336,-0.06032861633363909,0.3957328108156659,0.2986885915053706
linear_comsol,validation,T02_power_step_6w,cnn1d,0,900,0.07412818282300009,0.0525533999819898,0.0015241390083651396,0.22691652157126896,0.15061363716649595
linear_comsol,validation,T02_power_step_6w,tcn,0,900,0.0638901350507105,0.050432152868082586,-0.011142762554292722,0.12738340968333972,0.03710993237224314
linear_comsol,validation,T02_power_step_6w,gru,0,900,0.1375068892592923,0.10103258170255255,-0.035861843083876195,0.3405760425311044,0.21576541341663003
linear_comsol,validation,T02_power_step_6w,lstm,0,900,0.09652558884954607,0.0723846862886587,-0.03135340765449642,0.30253109373187925,0.18495367225395
linear_comsol,test,T14_combined_recipe,physical_rc,0,900,0.039519022479152614,0.03141515264161165,0.016386846594665806,0.12299491960448705,0.02300745993596964
linear_comsol,test,T14_combined_recipe,mlp,0,900,0.07604224865551953,0.05055746566215763,0.013958095576118216,0.21643631836167998,0.13297620095356508
linear_comsol,test,T14_combined_recipe,cnn1d,0,900,0.10145765534962532,0.07081951801341335,0.06623471872076961,0.284732273625103,0.08673281676467
linear_comsol,test,T14_combined_recipe,tcn,0,900,0.17031998943329996,0.12697788070764604,0.09904238050733899,0.40976238573256296,0.15624063515660175
linear_comsol,test,T14_combined_recipe,gru,0,900,0.13033818128771063,0.0925426025677136,0.03303212605349308,0.3687294190910606,0.057416278224453346
linear_comsol,test,T14_combined_recipe,lstm,0,900,0.14076057000444275,0.10200315581080047,0.021902693142667715,0.4093247646768674,0.06753057105874004
linear_comsol,test,T09_coolant_step_35c,physical_rc,0,1080,0.014357938264803855,0.011273044583021159,0.01095320694407002,0.081629869465079,0.007370612729995921
linear_comsol,test,T09_coolant_step_35c,mlp,0,1080,0.09873485128313608,0.0752739741440233,-0.025146741894212274,0.23728380893508216,0.10327563210137503
linear_comsol,test,T09_coolant_step_35c,cnn1d,0,1080,0.04186781632109894,0.027993629584181008,0.020287127651610604,0.13325674625755823,0.09377409719578196
linear_comsol,test,T09_coolant_step_35c,tcn,0,1080,0.16806211545776936,0.14164531615571282,-0.13350302536663683,0.3219146292120101,0.11948730697235374
linear_comsol,test,T09_coolant_step_35c,gru,0,1080,0.13404800114984636,0.10054389679468279,-0.01792825996315632,0.44155681893423093,0.33453456940002785
linear_comsol,test,T09_coolant_step_35c,lstm,0,1080,0.10938570787326314,0.09570963139935366,-0.03898647212242231,0.23909220356344107,0.11786672211121743
nonlinear_comsol,train,NT06_combined_levels,physical_rc,0,270,0.30096346828398396,0.24022698849732949,-0.019599883062813,0.640774704895982,0.4113764795189957
nonlinear_comsol,train,NT06_combined_levels,mlp,0,270,0.3405174003804415,0.29304333758901213,0.28726844097000975,0.7378367982954899,0.36923979105808985
nonlinear_comsol,train,NT06_combined_levels,cnn1d,0,270,0.18722016720906842,0.14396991248557756,-0.08677628676369378,0.5392795220528654,0.13977901043735505
nonlinear_comsol,train,NT06_combined_levels,tcn,0,270,0.37950845792804927,0.3371486639837612,0.32651171694734715,0.7810255307010934,0.4194049840106152
nonlinear_comsol,train,NT06_combined_levels,gru,0,270,0.17550517533760257,0.13927617682034285,0.07486624631755591,0.49159831690953837,0.0917039663120502
nonlinear_comsol,train,NT06_combined_levels,lstm,0,270,0.10775480894547348,0.08245055968684296,0.014372160432408994,0.2619990290201031,0.11999622915070153
nonlinear_comsol,train,NT07_combined_ramps,physical_rc,0,270,0.08971614601241944,0.07822265473427556,0.0782222786268931,0.17034758742996559,0.09017621542357608
nonlinear_comsol,train,NT07_combined_ramps,mlp,0,270,0.18056198227434042,0.13556433965290826,-0.06123198023797558,0.4456015258542507,0.215349520438194
nonlinear_comsol,train,NT07_combined_ramps,cnn1d,0,270,0.2477007005909478,0.20508317359123332,-0.1300756611288948,0.655237196901389,0.5087242095828209
nonlinear_comsol,train,NT07_combined_ramps,tcn,0,270,0.3400647888553842,0.26128137449298294,0.2109836766837019,0.9880233791069841,0.6073402482064713
nonlinear_comsol,train,NT07_combined_ramps,gru,0,270,0.33881659474242454,0.20595888065871876,-0.17653990973677258,0.9108645922011291,0.4495787412827903
nonlinear_comsol,train,NT07_combined_ramps,lstm,0,270,0.19475378075034172,0.14110213822626025,-0.13504165929060502,0.4616137875224595,0.317508733086953
nonlinear_comsol,train,NT01_power_levels,physical_rc,0,270,0.23681224169576864,0.20309057719096282,0.20309045716172874,0.5055326009332148,0.3125878637782172
nonlinear_comsol,train,NT01_power_levels,mlp,0,270,0.23564915586173646,0.1799914770936542,0.15399413852069607,0.6296105588397936,0.11076212887183162
nonlinear_comsol,train,NT01_power_levels,cnn1d,0,270,0.2404193965594512,0.18531750868771535,-0.05171972304501635,0.6353325323348855,0.1699671396875933
nonlinear_comsol,train,NT01_power_levels,tcn,0,270,0.5045407340333751,0.4062681513466683,0.4062681513466683,1.206465589257114,0.6021328307599427
nonlinear_comsol,train,NT01_power_levels,gru,0,270,0.2812625369186945,0.2062723998212445,0.16815561893322803,0.6474920061629916,0.4301352510978243
nonlinear_comsol,train,NT01_power_levels,lstm,0,270,0.17649255417611395,0.13836480712519267,0.1215134003858386,0.4301129693432699,0.31946081411040844
nonlinear_comsol,train,NT08_hot_low_flow,physical_rc,0,270,0.15032979772033364,0.09748611129884781,-0.06353127256508984,0.46442027250797935,0.17454799725947195
nonlinear_comsol,train,NT08_hot_low_flow,mlp,0,270,0.22611359154884778,0.17973566186366804,0.0040540155335078085,0.5794726845256264,0.22349864961912877
nonlinear_comsol,train,NT08_hot_low_flow,cnn1d,0,270,0.18632660102758178,0.15392776221271903,0.05995353889382997,0.5357929393188243,0.22018136213334308
nonlinear_comsol,train,NT08_hot_low_flow,tcn,0,270,0.6159910833338801,0.518823138139754,0.5061470820045073,1.1477897327399091,0.6655357509375416
nonlinear_comsol,train,NT08_hot_low_flow,gru,0,270,0.17610263447547964,0.13605570163542685,-0.0020900641499055073,0.5472335680475879,0.18272783241513516
nonlinear_comsol,train,NT08_hot_low_flow,lstm,0,270,0.2179183691739626,0.18481124059043624,0.027014364455163548,0.5003958469172716,0.21311291203653285
nonlinear_comsol,train,NT04_air_velocity_levels,physical_rc,0,270,0.12625221601717096,0.11220330383016022,0.10402662262184498,0.25669872220115053,0.06617524963485133
nonlinear_comsol,train,NT04_air_velocity_levels,mlp,0,270,0.13119888186377357,0.09837049438877714,-0.003968269736133368,0.39399339314978477,0.08868868921059064
nonlinear_comsol,train,NT04_air_velocity_levels,cnn1d,0,270,0.2826852218594971,0.22119595223261498,-0.007940294060142855,0.685081134490396,0.5135799162944006
nonlinear_comsol,train,NT04_air_velocity_levels,tcn,0,270,0.45535543626434566,0.3830001294684716,0.3658117123911896,0.7765414507098711,0.47242108861531285
nonlinear_comsol,train,NT04_air_velocity_levels,gru,0,270,0.3108652930490793,0.22560685341421852,-0.11348653352289015,0.9061544110782336,0.5805808375669185
nonlinear_comsol,train,NT04_air_velocity_levels,lstm,0,270,0.14799926330367294,0.1304497373416324,-0.043082417465929744,0.35796434335495775,0.24045242051874618
nonlinear_comsol,train,NT03_inlet_temperature_levels,physical_rc,0,270,0.23663177481033484,0.20812861895912133,0.2081285755519114,0.4543613241570128,0.13693999771285245
nonlinear_comsol,train,NT03_inlet_temperature_levels,mlp,0,270,0.12986754199479822,0.10206199175837333,0.029393188128886187,0.2758617499618339,0.12896678936513217
nonlinear_comsol,train,NT03_inlet_temperature_levels,cnn1d,0,270,0.2159346074966244,0.1841807416169257,-0.13902744717083185,0.5248495660499302,0.40004795161837425
nonlinear_comsol,train,NT03_inlet_temperature_levels,tcn,0,270,0.3385606708680732,0.27855697565191795,0.2613685585746359,0.802236676725343,0.5646237978856314
nonlinear_comsol,train,NT03_inlet_temperature_levels,gru,0,270,0.1522559470513204,0.13396644385028622,-0.0009167294581688325,0.43589508516289754,0.2528752572402594
nonlinear_comsol,train,NT03_inlet_temperature_levels,lstm,0,270,0.22306576607621684,0.19280812823583202,-0.09279122577776214,0.45585111653547017,0.3592917339249176
nonlinear_comsol,train,NT05_power_ramp,physical_rc,0,270,0.21619889434545367,0.16821243586953943,0.16814123362433778,0.468344642147585,0.0748989083726415
nonlinear_comsol,train,NT05_power_ramp,mlp,0,270,0.27195288602438916,0.17968766144121687,-0.1250710778027708,0.8087735585424412,0.47348853052175477
nonlinear_comsol,train,NT05_power_ramp,cnn1d,0,270,0.1986957237516265,0.16054347733905863,-0.11068561324438551,0.49732251798101146,0.2593797198656321
nonlinear_comsol,train,NT05_power_ramp,tcn,0,270,0.3821391395254202,0.3208502308256252,0.3004009568177296,0.7888029394198455,0.48805499382397943
nonlinear_comsol,train,NT05_power_ramp,gru,0,270,0.17989897985483688,0.13023932962103818,-0.06295107002256084,0.49731560263608543,0.3621332043610427
nonlinear_comsol,train,NT05_power_ramp,lstm,0,270,0.1452499546522795,0.11899895709502975,0.06285651668068722,0.3342034706663739,0.20497698748278614
nonlinear_comsol,train,NT10_stationary_hot_start,physical_rc,0,270,0.36000291198880363,0.27744240380064916,-0.21473885261763234,0.7624403288658073,0.18921521118768103
nonlinear_comsol,train,NT10_stationary_hot_start,mlp,0,270,0.1851598739401475,0.1509431366949978,0.07368734527683232,0.4041726588041641,0.18422506863107416
nonlinear_comsol,train,NT10_stationary_hot_start,cnn1d,0,270,0.19457650983694072,0.15548291437598966,0.08610506815711627,0.49686546396532805,0.11199739424078392
nonlinear_comsol,train,NT10_stationary_hot_start,tcn,0,270,0.8382149094047731,0.7293547662245361,0.7293547662245361,1.4101747101967135,0.6270194307281457
nonlinear_comsol,train,NT10_stationary_hot_start,gru,0,270,0.21044658719434453,0.16496289899679908,0.1330206805812229,0.4114997720283782,0.22271877899305434
nonlinear_comsol,train,NT10_stationary_hot_start,lstm,0,270,0.17183616948940358,0.1334925857206688,0.05064950518649564,0.4373661294455218,0.29672736970703095
nonlinear_comsol,validation,NT02_power_reverse,physical_rc,0,270,0.31268718753489244,0.24909776147163953,-0.058297509068687865,0.6604472898990679,0.24765000624554231
nonlinear_comsol,validation,NT02_power_reverse,mlp,0,270,0.9359789440867633,0.7365823268521932,-0.5165554086315282,2.207636834510332,0.6179976236548396
nonlinear_comsol,validation,NT02_power_reverse,cnn1d,0,270,0.471833231369365,0.4103020565846966,-0.0358501586686589,1.0733001471041774,0.37260843435358754
nonlinear_comsol,validation,NT02_power_reverse,tcn,0,270,0.5848238040227886,0.4654201501976514,-0.2939748584041822,1.1565278562332892,0.5048490322351378
nonlinear_comsol,validation,NT02_power_reverse,gru,0,270,0.9000188252420394,0.7536316483511215,-0.5027537652104664,1.8512469629370258,0.6818931012798101
nonlinear_comsol,validation,NT02_power_reverse,lstm,0,270,1.0403486720052513,0.8560254100579717,-0.8164408725977618,2.115810718452316,0.3000788770831805
nonlinear_comsol,test,NT09_cold_high_flow,physical_rc,0,270,0.4047870456013327,0.3690815167980062,0.3690810753412792,0.6735666441097763,0.4996399052094961
nonlinear_comsol,test,NT09_cold_high_flow,mlp,0,270,1.2905171855621913,1.1138138568332276,-0.10372547758204018,2.9107979736873517,2.1333371836347848
nonlinear_comsol,test,NT09_cold_high_flow,cnn1d,0,270,1.9579923079222008,1.4689889977314683,1.0376273712189559,4.824049118738827,3.514969721818565
nonlinear_comsol,test,NT09_cold_high_flow,tcn,0,270,1.5767365666364437,1.3506878610392268,-0.39499860667564796,2.6489060749652715,1.8133877656306285
nonlinear_comsol,test,NT09_cold_high_flow,gru,0,270,2.76693416957518,2.3654333500693414,-2.041287285615381,4.90413396987492,1.6550453727580152
nonlinear_comsol,test,NT09_cold_high_flow,lstm,0,270,2.699118421052928,2.2601574440565835,-2.1126486067435195,4.905048855977544,1.6137876273451819
