evaluation,boundary,category,case_id,model,noise_std_k,repeat,observed_temperature_points,realized_noise_rmse_k,forecast_origin_index,n_points,rmse_k,mae_k,bias_k,max_abs_error_k,terminal_rmse_k
topcell,internal_test,configured_data_pool,id_const_b30_h200_p100_cold,physical_rc,0.0,0,4,0.0,0,720,0.018957726685541732,0.010678868149494708,0.00041653279041295514,0.10327699458719763,0.008716016050079265
topcell,internal_test,configured_data_pool,id_const_b30_h200_p100_cold,mlp,0.0,0,4,0.0,0,720,0.2594467796912279,0.19442337737232726,-0.1328595904170619,0.5787203045347837,0.27036130696211164
topcell,internal_test,configured_data_pool,id_const_b30_h200_p100_cold,cnn1d,0.0,0,4,0.0,0,720,0.33821613095554137,0.264561654691714,0.19018554477785893,0.6441590122461207,0.4392580156972469
topcell,internal_test,configured_data_pool,id_const_b30_h200_p100_cold,tcn,0.0,0,4,0.0,0,720,0.8233849009043167,0.6961446761516794,-0.6660724480646929,1.7230639283680773,0.26270741345385257
topcell,internal_test,configured_data_pool,id_const_b30_h200_p100_cold,gru,0.0,0,4,0.0,0,720,0.13079307537211843,0.11250205290100851,0.10606144222975258,0.2614245223718257,0.08331434415492131
topcell,internal_test,configured_data_pool,id_const_b30_h200_p100_cold,lstm,0.0,0,4,0.0,0,720,0.25496360047227684,0.20531833647658937,0.1836909264729544,0.5394274970819453,0.26240849420107737
topcell,internal_test,configured_data_pool,id_const_b30_h200_p100_gradient,physical_rc,0.0,0,4,0.0,0,720,0.03464151293905525,0.01771926206270637,-0.0019495787102977009,0.16305197539254834,0.009389716447963006
topcell,internal_test,configured_data_pool,id_const_b30_h200_p100_gradient,mlp,0.0,0,4,0.0,0,720,0.450527224840604,0.4090422477661316,0.13118274334590177,0.7179459395034797,0.3620768091597501
topcell,internal_test,configured_data_pool,id_const_b30_h200_p100_gradient,cnn1d,0.0,0,4,0.0,0,720,0.2507752232482236,0.22905480350473156,0.21980184284538165,0.41900176019298385,0.20019704098953786
topcell,internal_test,configured_data_pool,id_const_b30_h200_p100_gradient,tcn,0.0,0,4,0.0,0,720,0.600793655761565,0.43520821774646645,-0.24626043037949263,1.696003633893227,0.7222693320453014
topcell,internal_test,configured_data_pool,id_const_b30_h200_p100_gradient,gru,0.0,0,4,0.0,0,720,0.07871860026330846,0.060441463047643515,-0.04306250742478497,0.16003541124069898,0.09424217188609611
topcell,internal_test,configured_data_pool,id_const_b30_h200_p100_gradient,lstm,0.0,0,4,0.0,0,720,0.19775717090597503,0.16415348800741633,0.1580040101924672,0.4732117626522836,0.09629749909720468
topcell,internal_test,configured_data_pool,id_const_b30_h200_p100_nominal,physical_rc,0.0,0,4,0.0,0,720,0.02136896616203461,0.011724225377534935,-0.0008348262078468949,0.11052648820547262,0.009221747179390956
topcell,internal_test,configured_data_pool,id_const_b30_h200_p100_nominal,mlp,0.0,0,4,0.0,0,720,0.3791122190380821,0.2712110680105783,-0.16680846145262676,0.8623162512002693,0.44307948043340895
topcell,internal_test,configured_data_pool,id_const_b30_h200_p100_nominal,cnn1d,0.0,0,4,0.0,0,720,0.1617653948280376,0.14778173276469125,0.14626835342161154,0.2789972882649323,0.13728600779312722
topcell,internal_test,configured_data_pool,id_const_b30_h200_p100_nominal,tcn,0.0,0,4,0.0,0,720,0.6463211490210837,0.5133339867875268,-0.4430109237203624,1.4679799974817627,0.4049753872428025
topcell,internal_test,configured_data_pool,id_const_b30_h200_p100_nominal,gru,0.0,0,4,0.0,0,720,0.050356427020319575,0.04282643467027802,0.03160120011402874,0.1053567252502603,0.014827199051429105
topcell,internal_test,configured_data_pool,id_const_b30_h200_p100_nominal,lstm,0.0,0,4,0.0,0,720,0.21013084486701863,0.18822935147931258,0.18740419428855945,0.4346912470665387,0.17003688690863467
topcell,internal_test,configured_data_pool,id_const_b20_h160_p150_cold,physical_rc,0.0,0,4,0.0,0,720,0.0214827284329277,0.013551875840750485,0.0015222251276614943,0.0817755402499003,0.009407616560545017
topcell,internal_test,configured_data_pool,id_const_b20_h160_p150_cold,mlp,0.0,0,4,0.0,0,720,0.4504324687788258,0.3743096282694896,0.10525635150955573,0.7986489331449889,0.5146792716605766
topcell,internal_test,configured_data_pool,id_const_b20_h160_p150_cold,cnn1d,0.0,0,4,0.0,0,720,0.2227384167581046,0.1817110739521597,0.14972474251796594,0.4620367411728239,0.35297437081126204
topcell,internal_test,configured_data_pool,id_const_b20_h160_p150_cold,tcn,0.0,0,4,0.0,0,720,0.8839508466109135,0.7438563759564668,-0.6905412587714379,1.8222106569697019,0.4133694124421436
topcell,internal_test,configured_data_pool,id_const_b20_h160_p150_cold,gru,0.0,0,4,0.0,0,720,0.12047851397931791,0.0951899498229214,0.06016953666654201,0.28961576258183186,0.10324910495858265
topcell,internal_test,configured_data_pool,id_const_b20_h160_p150_cold,lstm,0.0,0,4,0.0,0,720,0.122806189275156,0.10419786153822655,0.054962273488735676,0.27443011183217436,0.18037749253911436
topcell,internal_test,configured_data_pool,id_const_b20_h160_p150_gradient,physical_rc,0.0,0,4,0.0,0,720,0.03789836440812277,0.020769217475771415,-0.0008438419286653046,0.1457707001103472,0.009853113115700323
topcell,internal_test,configured_data_pool,id_const_b20_h160_p150_gradient,mlp,0.0,0,4,0.0,0,720,0.36469455446066407,0.34019604979825113,0.10273548376344144,0.6121785473839623,0.2568094953202379
topcell,internal_test,configured_data_pool,id_const_b20_h160_p150_gradient,cnn1d,0.0,0,4,0.0,0,720,0.1639764042382019,0.1351160805909956,0.10695841044352795,0.4094495065604349,0.23451693287803344
topcell,internal_test,configured_data_pool,id_const_b20_h160_p150_gradient,tcn,0.0,0,4,0.0,0,720,0.6934495066384431,0.5431156740033463,-0.3969967819642423,1.5471802448905407,0.5926680984301123
topcell,internal_test,configured_data_pool,id_const_b20_h160_p150_gradient,gru,0.0,0,4,0.0,0,720,0.13976057262321986,0.10913493899546829,-0.0900661351883102,0.35295014067631314,0.27061402887075336
topcell,internal_test,configured_data_pool,id_const_b20_h160_p150_gradient,lstm,0.0,0,4,0.0,0,720,0.11312890059955835,0.09797268870894967,0.0002082022781015189,0.2859658003460481,0.1680692460542948
topcell,internal_test,configured_data_pool,id_const_b20_h160_p150_nominal,physical_rc,0.0,0,4,0.0,0,720,0.024309686236864598,0.014703149215357373,0.0002708577960370088,0.09192625712881863,0.009740760385617548
topcell,internal_test,configured_data_pool,id_const_b20_h160_p150_nominal,mlp,0.0,0,4,0.0,0,720,0.20580961655109395,0.16355234872647348,-0.029666686535382535,0.43033586985816896,0.18830606694093482
topcell,internal_test,configured_data_pool,id_const_b20_h160_p150_nominal,cnn1d,0.0,0,4,0.0,0,720,0.13553656664052077,0.10221544366028053,0.08145224969812573,0.38745050181015017,0.2255188786733531
topcell,internal_test,configured_data_pool,id_const_b20_h160_p150_nominal,tcn,0.0,0,4,0.0,0,720,0.7527581479103517,0.6083213441473376,-0.5193825189799026,1.4708137733155127,0.5016246943447796
topcell,internal_test,configured_data_pool,id_const_b20_h160_p150_nominal,gru,0.0,0,4,0.0,0,720,0.0993301775829071,0.07863227534947163,0.02151447130726776,0.3036962422284546,0.1792840100468137
topcell,internal_test,configured_data_pool,id_const_b20_h160_p150_nominal,lstm,0.0,0,4,0.0,0,720,0.09865621410137726,0.07972506347819809,0.05832101051555941,0.28247709209276195,0.17199348815480728
topcell,internal_test,configured_data_pool,id_const_b20_h120_p50_cold,physical_rc,0.0,0,4,0.0,0,720,0.007818607564289138,0.004673241032171058,0.0004417521885018575,0.038967289850042164,0.0037558202433961604
topcell,internal_test,configured_data_pool,id_const_b20_h120_p50_cold,mlp,0.0,0,4,0.0,0,720,0.11146536589103767,0.0939792117064359,-0.05362122617961573,0.23559667400040496,0.12606374845092097
topcell,internal_test,configured_data_pool,id_const_b20_h120_p50_cold,cnn1d,0.0,0,4,0.0,0,720,0.10075580445552311,0.07911971088479777,0.059193504423199116,0.21542582682744182,0.07642817968815047
topcell,internal_test,configured_data_pool,id_const_b20_h120_p50_cold,tcn,0.0,0,4,0.0,0,720,0.3427313733147992,0.28424682664364503,-0.27075941212511706,0.6569389864973516,0.0909281081584459
topcell,internal_test,configured_data_pool,id_const_b20_h120_p50_cold,gru,0.0,0,4,0.0,0,720,0.09119002293698966,0.07554992711666013,-0.07423148701209938,0.20257189071523385,0.041728746779842604
topcell,internal_test,configured_data_pool,id_const_b20_h120_p50_cold,lstm,0.0,0,4,0.0,0,720,0.07451486332291526,0.06364493987364839,0.013485546722996854,0.1823997700200337,0.05386231989163007
topcell,internal_test,configured_data_pool,id_const_b20_h120_p50_gradient,physical_rc,0.0,0,4,0.0,0,720,0.02428066290935682,0.012192998270990745,-0.0019243370859366178,0.09874227065250096,0.004407033850911373
topcell,internal_test,configured_data_pool,id_const_b20_h120_p50_gradient,mlp,0.0,0,4,0.0,0,720,0.4860108038258639,0.3697168902192328,0.03651230404409851,1.1150147368393846,0.5934114900765773
topcell,internal_test,configured_data_pool,id_const_b20_h120_p50_gradient,cnn1d,0.0,0,4,0.0,0,720,0.10376884691279095,0.07078010890723774,-0.018476595655609607,0.35105428371785763,0.10484059100879359
topcell,internal_test,configured_data_pool,id_const_b20_h120_p50_gradient,tcn,0.0,0,4,0.0,0,720,0.3174748143353227,0.23593746940023005,-0.1431918219770131,0.9110468985466156,0.3173610463045697
topcell,internal_test,configured_data_pool,id_const_b20_h120_p50_gradient,gru,0.0,0,4,0.0,0,720,0.04318462714054243,0.030156215858608695,-0.018984308766847795,0.1353585145339622,0.025708471376262754
topcell,internal_test,configured_data_pool,id_const_b20_h120_p50_gradient,lstm,0.0,0,4,0.0,0,720,0.11227382732845813,0.09495534600608088,0.09121823903081917,0.21847591352158702,0.08133171450846653
topcell,internal_test,configured_data_pool,id_const_b20_h120_p50_nominal,physical_rc,0.0,0,4,0.0,0,720,0.010480657633740259,0.005846010666231235,-0.0008096234734421041,0.0462167834659013,0.0042374400166883975
topcell,internal_test,configured_data_pool,id_const_b20_h120_p50_nominal,mlp,0.0,0,4,0.0,0,720,0.3047310702449975,0.23753287936757606,-0.2011852329690128,0.5534210907220825,0.2133293587611898
topcell,internal_test,configured_data_pool,id_const_b20_h120_p50_nominal,cnn1d,0.0,0,4,0.0,0,720,0.10575917012658555,0.07969976892290408,-0.03898588679444832,0.3144833842364818,0.20321824150761209
topcell,internal_test,configured_data_pool,id_const_b20_h120_p50_nominal,tcn,0.0,0,4,0.0,0,720,0.5367911698159461,0.4470339560243718,-0.2599626253055037,1.1029595458808643,0.45654123740094277
topcell,internal_test,configured_data_pool,id_const_b20_h120_p50_nominal,gru,0.0,0,4,0.0,0,720,0.05042344197960375,0.04171073573744914,-0.03806056917595834,0.12516229521027356,0.031173124846369946
topcell,internal_test,configured_data_pool,id_const_b20_h120_p50_nominal,lstm,0.0,0,4,0.0,0,720,0.0784277266271798,0.07155015178886213,0.02237295820365232,0.13678856589034183,0.058517783177341035
topcell,internal_test,configured_data_pool,id_const_b30_h120_p50_cold,physical_rc,0.0,0,4,0.0,0,720,0.0090242014600299,0.005248370829954643,0.00018664163335803489,0.04224174147849169,0.003829466627392586
topcell,internal_test,configured_data_pool,id_const_b30_h120_p50_cold,mlp,0.0,0,4,0.0,0,720,0.12658826921449726,0.10636198176415151,-0.07140861749998052,0.2327567199129703,0.10396258583530475
topcell,internal_test,configured_data_pool,id_const_b30_h120_p50_cold,cnn1d,0.0,0,4,0.0,0,720,0.16508434552934254,0.1302850804653183,0.09661078992291389,0.3189464202068848,0.18092841938514634
topcell,internal_test,configured_data_pool,id_const_b30_h120_p50_cold,tcn,0.0,0,4,0.0,0,720,0.30021900931547096,0.24503599865848544,-0.171184311585817,0.6502940625873919,0.25400239378074296
topcell,internal_test,configured_data_pool,id_const_b30_h120_p50_cold,gru,0.0,0,4,0.0,0,720,0.10940245872702467,0.09507115891088015,-0.09425310756485542,0.20809558026253683,0.07039748751665502
topcell,internal_test,configured_data_pool,id_const_b30_h120_p50_cold,lstm,0.0,0,4,0.0,0,720,0.11105864161297034,0.08089629491096735,-0.017209048106243706,0.2722606620423349,0.09541100632326538
topcell,internal_test,configured_data_pool,id_const_b30_h120_p50_gradient,physical_rc,0.0,0,4,0.0,0,720,0.025694925992767084,0.012932559515482793,-0.002179437918841061,0.10201672228094338,0.004463397523384021
topcell,internal_test,configured_data_pool,id_const_b30_h120_p50_gradient,mlp,0.0,0,4,0.0,0,720,0.5239501994056375,0.4120165477754513,0.07700570125658104,1.2400950337482186,0.6743073918839986
topcell,internal_test,configured_data_pool,id_const_b30_h120_p50_gradient,cnn1d,0.0,0,4,0.0,0,720,0.17133759131568801,0.14647522514572153,0.060297830706263135,0.36628504280686514,0.08826132303260004
topcell,internal_test,configured_data_pool,id_const_b30_h120_p50_gradient,tcn,0.0,0,4,0.0,0,720,0.37765254589753877,0.2680820522978059,-0.042721734759321034,1.0281724665556737,0.4873302715061842
topcell,internal_test,configured_data_pool,id_const_b30_h120_p50_gradient,gru,0.0,0,4,0.0,0,720,0.048796591014434475,0.03914713987049575,-0.030966555472550242,0.13389916098607557,0.03668697140538531
topcell,internal_test,configured_data_pool,id_const_b30_h120_p50_gradient,lstm,0.0,0,4,0.0,0,720,0.13067550562480232,0.11056111004571226,0.10307349390833953,0.22429207361638248,0.09279047638752695
topcell,internal_test,configured_data_pool,id_const_b30_h120_p50_nominal,physical_rc,0.0,0,4,0.0,0,720,0.011834817661026878,0.006523432457778652,-0.00106469652860866,0.04949123509432951,0.004297590158512592
topcell,internal_test,configured_data_pool,id_const_b30_h120_p50_nominal,mlp,0.0,0,4,0.0,0,720,0.2518675587332524,0.19909093898230273,-0.13664323357756322,0.5208913394904755,0.17470866760260556
topcell,internal_test,configured_data_pool,id_const_b30_h120_p50_nominal,cnn1d,0.0,0,4,0.0,0,720,0.06822015892974018,0.059377156468571675,0.02687636312464906,0.13381736813457223,0.06415529130639604
topcell,internal_test,configured_data_pool,id_const_b30_h120_p50_nominal,tcn,0.0,0,4,0.0,0,720,0.4904877076768939,0.40572656224824405,-0.2010973205206403,1.0564531071441365,0.43136510962373936
topcell,internal_test,configured_data_pool,id_const_b30_h120_p50_nominal,gru,0.0,0,4,0.0,0,720,0.06833085856005902,0.06266283070966888,-0.06204468682338751,0.12722599255607747,0.039853076358208055
topcell,internal_test,configured_data_pool,id_const_b30_h120_p50_nominal,lstm,0.0,0,4,0.0,0,720,0.0893460898187498,0.08192226847253525,0.018469304073666797,0.13367263943199248,0.08583636595442344
topcell,internal_test,configured_data_pool,id_ramp_brine_b10_h160_p50,physical_rc,0.0,0,4,0.0,0,720,0.013648955437052416,0.00785517638160464,-0.0002474686915107722,0.07630806719859606,0.006862624426516527
topcell,internal_test,configured_data_pool,id_ramp_brine_b10_h160_p50,mlp,0.0,0,4,0.0,0,720,0.20580097533765015,0.17194416010727018,0.06281336740252506,0.4820377442992907,0.2993298721271629
topcell,internal_test,configured_data_pool,id_ramp_brine_b10_h160_p50,cnn1d,0.0,0,4,0.0,0,720,0.12012324324515475,0.10696873028290968,0.07754300391151128,0.21598911664452203,0.19909630061333858
topcell,internal_test,configured_data_pool,id_ramp_brine_b10_h160_p50,tcn,0.0,0,4,0.0,0,720,0.3032668372630825,0.2567319643773727,-0.14538673351896772,0.7645293802154356,0.5101174035206886
topcell,internal_test,configured_data_pool,id_ramp_brine_b10_h160_p50,gru,0.0,0,4,0.0,0,720,0.10467485346858565,0.087152515829446,0.034828305796515975,0.2888162353042105,0.17780346442722006
topcell,internal_test,configured_data_pool,id_ramp_brine_b10_h160_p50,lstm,0.0,0,4,0.0,0,720,0.14701502566834837,0.10341548872103458,0.09257163912202465,0.4312838485553243,0.19856633201872823
topcell,internal_test,configured_data_pool,id_const_b30_h80_p50_cold,physical_rc,0.0,0,4,0.0,0,720,0.008283961322439398,0.005001709272952068,0.0003935634911391459,0.031111688996865894,0.0028189769067346886
topcell,internal_test,configured_data_pool,id_const_b30_h80_p50_cold,mlp,0.0,0,4,0.0,0,720,0.21991484512496012,0.1857748345251523,0.11586546883756708,0.5143518886667167,0.2295814830245337
topcell,internal_test,configured_data_pool,id_const_b30_h80_p50_cold,cnn1d,0.0,0,4,0.0,0,720,0.1646384968990204,0.1319086875113417,-0.004044653533289969,0.41438137026796085,0.26582193857534847
topcell,internal_test,configured_data_pool,id_const_b30_h80_p50_cold,tcn,0.0,0,4,0.0,0,720,0.14779918492942962,0.11590827399484332,0.06208186538546617,0.33689174843325986,0.1581646488297606
topcell,internal_test,configured_data_pool,id_const_b30_h80_p50_cold,gru,0.0,0,4,0.0,0,720,0.18255383035350217,0.15341839500130267,-0.14873595151123353,0.37559839024216046,0.12239456433012612
topcell,internal_test,configured_data_pool,id_const_b30_h80_p50_cold,lstm,0.0,0,4,0.0,0,720,0.19305199531084904,0.1593803809495027,-0.07818671833844675,0.3508382399478762,0.10170552573269308
topcell,internal_test,configured_data_pool,id_const_b30_h80_p50_gradient,physical_rc,0.0,0,4,0.0,0,720,0.02493272083104091,0.012856343595158205,-0.001972524394394457,0.08985221979144598,0.0031082559693619088
topcell,internal_test,configured_data_pool,id_const_b30_h80_p50_gradient,mlp,0.0,0,4,0.0,0,720,0.6325858613746591,0.5595708487037174,0.16199440909097532,1.1732018925520862,0.7639830290453029
topcell,internal_test,configured_data_pool,id_const_b30_h80_p50_gradient,cnn1d,0.0,0,4,0.0,0,720,0.1581183873969124,0.1452916568761684,0.05710276606054805,0.27383077716402227,0.15881706499033452
topcell,internal_test,configured_data_pool,id_const_b30_h80_p50_gradient,tcn,0.0,0,4,0.0,0,720,0.4928394049645015,0.4477303041365267,0.1701046232951839,0.9324230995408129,0.39739756199705334
topcell,internal_test,configured_data_pool,id_const_b30_h80_p50_gradient,gru,0.0,0,4,0.0,0,720,0.11488018354616729,0.10215523930679403,-0.10152535076851762,0.23190164753336973,0.08071940947209358
topcell,internal_test,configured_data_pool,id_const_b30_h80_p50_gradient,lstm,0.0,0,4,0.0,0,720,0.09388873864796778,0.07927035780707076,0.07396071563065477,0.19369977843983577,0.0994121757313201
topcell,internal_test,configured_data_pool,id_const_b30_h80_p50_nominal,physical_rc,0.0,0,4,0.0,0,720,0.011332483434210226,0.006357186694000857,-0.0008577927263794176,0.04314331423882578,0.0030141451874935786
topcell,internal_test,configured_data_pool,id_const_b30_h80_p50_nominal,mlp,0.0,0,4,0.0,0,720,0.21318010921042474,0.18399218823407015,0.03092058049594585,0.4469953843597452,0.3322695621153087
topcell,internal_test,configured_data_pool,id_const_b30_h80_p50_nominal,cnn1d,0.0,0,4,0.0,0,720,0.1439247782538188,0.11932160745380914,-0.07549263917195057,0.34119743423850935,0.24112328839517289
topcell,internal_test,configured_data_pool,id_const_b30_h80_p50_nominal,tcn,0.0,0,4,0.0,0,720,0.22535719747294414,0.18876106640701612,0.046087297504881095,0.5479835992485818,0.17134061882126242
topcell,internal_test,configured_data_pool,id_const_b30_h80_p50_nominal,gru,0.0,0,4,0.0,0,720,0.09866653343905037,0.07422199351018718,-0.06831909534257993,0.22493963503204384,0.0698290789539054
topcell,internal_test,configured_data_pool,id_const_b30_h80_p50_nominal,lstm,0.0,0,4,0.0,0,720,0.08490595691058232,0.06556582266864874,0.05706922335756054,0.21171827331141913,0.08637803820644366
topcell,internal_test,configured_data_pool,id_const_b10_h80_p0_cold,physical_rc,0.0,0,4,0.0,0,720,0.002260361420112304,0.0011783424508010005,0.00026005246785874506,0.010257966008182962,0.0005250050759344815
topcell,internal_test,configured_data_pool,id_const_b10_h80_p0_cold,mlp,0.0,0,4,0.0,0,720,0.3030605218472297,0.22929615545394305,-0.01961486463344098,0.6647397678543356,0.16563851447048206
topcell,internal_test,configured_data_pool,id_const_b10_h80_p0_cold,cnn1d,0.0,0,4,0.0,0,720,0.25927632403019074,0.24280199034088226,0.24275758889763446,0.44212140084650997,0.3141582320962505
topcell,internal_test,configured_data_pool,id_const_b10_h80_p0_cold,tcn,0.0,0,4,0.0,0,720,0.7763939652881344,0.6066983858608833,0.4761951786732979,1.6925046220023034,0.5629970086566872
topcell,internal_test,configured_data_pool,id_const_b10_h80_p0_cold,gru,0.0,0,4,0.0,0,720,0.07771507272533806,0.06753139710497297,0.03768359687903378,0.143049641526801,0.08015958979476974
topcell,internal_test,configured_data_pool,id_const_b10_h80_p0_cold,lstm,0.0,0,4,0.0,0,720,0.3749289622911643,0.32689492832141237,0.3223883721549394,0.6876304422348056,0.40088067658334886
topcell,internal_test,configured_data_pool,id_const_b10_h80_p0_gradient,physical_rc,0.0,0,4,0.0,0,720,0.015718981323616692,0.008097591650466552,-0.0021060534712448744,0.0628871238473181,0.0014992881074999886
topcell,internal_test,configured_data_pool,id_const_b10_h80_p0_gradient,mlp,0.0,0,4,0.0,0,720,0.2906071107173363,0.26120531731906554,0.25705583056449677,0.46644290452865533,0.28790519113793406
topcell,internal_test,configured_data_pool,id_const_b10_h80_p0_gradient,cnn1d,0.0,0,4,0.0,0,720,0.3909962912263502,0.32390219972186546,0.2877796076063347,0.7607050739056973,0.5128827500864371
topcell,internal_test,configured_data_pool,id_const_b10_h80_p0_gradient,tcn,0.0,0,4,0.0,0,720,0.37840241462514645,0.35128673549244566,-0.018009306838664772,0.9086997880674375,0.39075944604840535
topcell,internal_test,configured_data_pool,id_const_b10_h80_p0_gradient,gru,0.0,0,4,0.0,0,720,0.08081088831131261,0.0687388618030369,0.04591341659609072,0.17702630446022027,0.07132820916257492
topcell,internal_test,configured_data_pool,id_const_b10_h80_p0_gradient,lstm,0.0,0,4,0.0,0,720,0.18891564149181234,0.16208724889654108,0.15474038595323994,0.3206998189578911,0.22225168493826378
topcell,internal_test,configured_data_pool,id_const_b10_h80_p0_nominal,physical_rc,0.0,0,4,0.0,0,720,0.002031063912133554,0.001479127402539435,-0.0009913079145597594,0.010360636660635691,0.001253046360598467
topcell,internal_test,configured_data_pool,id_const_b10_h80_p0_nominal,mlp,0.0,0,4,0.0,0,720,0.36028579866079896,0.268370995501214,0.050998988669465464,0.7318090088670317,0.4604419880114079
topcell,internal_test,configured_data_pool,id_const_b10_h80_p0_nominal,cnn1d,0.0,0,4,0.0,0,720,0.15232304557252782,0.12195929581622479,0.10743890234378786,0.3714514725603877,0.23554880458361424
topcell,internal_test,configured_data_pool,id_const_b10_h80_p0_nominal,tcn,0.0,0,4,0.0,0,720,0.2519809938123004,0.20906243090828372,-0.13015926972008857,0.6273082216916777,0.348700211269405
topcell,internal_test,configured_data_pool,id_const_b10_h80_p0_nominal,gru,0.0,0,4,0.0,0,720,0.11774451615342502,0.10206440506741224,-0.09022789859164118,0.19986451178052533,0.1250698749269323
topcell,internal_test,configured_data_pool,id_const_b10_h80_p0_nominal,lstm,0.0,0,4,0.0,0,720,0.15162886250964625,0.12695369605958792,0.11907692632976632,0.28245635581139794,0.21610281366249073
topcell,internal_test,configured_data_pool,id_const_b40_h160_p100_cold,physical_rc,0.0,0,4,0.0,0,720,0.017872551034856826,0.01050260105149961,0.00036835937763537687,0.07809688829700434,0.007337594813521363
topcell,internal_test,configured_data_pool,id_const_b40_h160_p100_cold,mlp,0.0,0,4,0.0,0,720,0.2244556642048392,0.18196769629541426,0.014333070178651534,0.5255266753568435,0.28873778842871467
topcell,internal_test,configured_data_pool,id_const_b40_h160_p100_cold,cnn1d,0.0,0,4,0.0,0,720,0.4152403539997125,0.34427747145212034,0.001982398324446994,0.7875619593152123,0.5181737106055084
topcell,internal_test,configured_data_pool,id_const_b40_h160_p100_cold,tcn,0.0,0,4,0.0,0,720,0.5314525278850127,0.46647310288535704,-0.3064172042931398,1.0042695107882764,0.4545192500380365
topcell,internal_test,configured_data_pool,id_const_b40_h160_p100_cold,gru,0.0,0,4,0.0,0,720,0.117748472472495,0.10501153925025611,0.10446655748109883,0.1910660195614753,0.09935498460475078
topcell,internal_test,configured_data_pool,id_const_b40_h160_p100_cold,lstm,0.0,0,4,0.0,0,720,0.1211857483121516,0.10093245951426627,0.03981388652210074,0.33120920144300214,0.13777794083630976
topcell,internal_test,configured_data_pool,id_const_b40_h160_p100_gradient,physical_rc,0.0,0,4,0.0,0,720,0.03441896347345107,0.017922816058455825,-0.0019977396231091503,0.13787186910234084,0.00790205793436283
topcell,internal_test,configured_data_pool,id_const_b40_h160_p100_gradient,mlp,0.0,0,4,0.0,0,720,0.26161150861103505,0.2160351262321512,0.043486349253281105,0.6210091290816848,0.2568786849911482
topcell,internal_test,configured_data_pool,id_const_b40_h160_p100_gradient,cnn1d,0.0,0,4,0.0,0,720,0.15041349092397158,0.13029339577408416,0.05176358469814363,0.26756627199172556,0.18869134501244864
topcell,internal_test,configured_data_pool,id_const_b40_h160_p100_gradient,tcn,0.0,0,4,0.0,0,720,0.343864805061537,0.2765678682682504,0.01912935519282656,0.8510180155407312,0.6605411643825008
topcell,internal_test,configured_data_pool,id_const_b40_h160_p100_gradient,gru,0.0,0,4,0.0,0,720,0.05744797505786591,0.04731338355449765,-0.008088712666731763,0.1488517471206876,0.0634014060194238
topcell,internal_test,configured_data_pool,id_const_b40_h160_p100_gradient,lstm,0.0,0,4,0.0,0,720,0.11413241247869274,0.08820898297355863,-0.018863948059838462,0.3288842426195515,0.21096182246628184
topcell,internal_test,configured_data_pool,id_const_b40_h160_p100_nominal,physical_rc,0.0,0,4,0.0,0,720,0.020682164184366254,0.011723320913722902,-0.0008830162873226478,0.08534638191527222,0.007758820871066974
topcell,internal_test,configured_data_pool,id_const_b40_h160_p100_nominal,mlp,0.0,0,4,0.0,0,720,0.3703313732001859,0.26216256552397355,-0.07079718895600579,0.9181323056789807,0.46918282239508136
topcell,internal_test,configured_data_pool,id_const_b40_h160_p100_nominal,cnn1d,0.0,0,4,0.0,0,720,0.19590231395232918,0.1648961184085639,-0.03569605719877497,0.44010897755218537,0.21533579674674114
topcell,internal_test,configured_data_pool,id_const_b40_h160_p100_nominal,tcn,0.0,0,4,0.0,0,720,0.5159650192685978,0.41287668977050646,-0.14546708282242227,1.120656724417131,0.5757137022437147
topcell,internal_test,configured_data_pool,id_const_b40_h160_p100_nominal,gru,0.0,0,4,0.0,0,720,0.047189742254734504,0.04111950730115938,0.029310495477994882,0.08528309513971521,0.04269823277527246
topcell,internal_test,configured_data_pool,id_const_b40_h160_p100_nominal,lstm,0.0,0,4,0.0,0,720,0.10311136787250941,0.084652306061656,0.03876689730408254,0.22908992461042033,0.14581117791539647
topcell,internal_test,configured_data_pool,id_const_b10_h80_p150_cold,physical_rc,0.0,0,4,0.0,0,720,0.020375205712824133,0.01266162524451574,0.0021911710739912294,0.08018061278072253,0.007872418608783438
topcell,internal_test,configured_data_pool,id_const_b10_h80_p150_cold,mlp,0.0,0,4,0.0,0,720,0.40732156702345496,0.34797896833683123,0.1629877282768926,0.8133687848017246,0.39930052247574704
topcell,internal_test,configured_data_pool,id_const_b10_h80_p150_cold,cnn1d,0.0,0,4,0.0,0,720,0.3469571713300777,0.30054876783267154,0.25961347831119563,0.6153602777475413,0.32404638796336843
topcell,internal_test,configured_data_pool,id_const_b10_h80_p150_cold,tcn,0.0,0,4,0.0,0,720,0.686309249036213,0.5489651061323862,-0.41377415320399646,1.7095081109878407,0.5492176972522514
topcell,internal_test,configured_data_pool,id_const_b10_h80_p150_cold,gru,0.0,0,4,0.0,0,720,0.07208323941403477,0.061069866761686215,-0.036289549821864095,0.15002854374190377,0.05050872590302628
topcell,internal_test,configured_data_pool,id_const_b10_h80_p150_cold,lstm,0.0,0,4,0.0,0,720,0.2534964262976275,0.21648532749945523,-0.03899585857458412,0.5638279329438376,0.3145920024871834
topcell,internal_test,configured_data_pool,id_const_b10_h80_p150_gradient,physical_rc,0.0,0,4,0.0,0,720,0.035888758762857124,0.019918881057826146,-0.00017492376008663158,0.13176213307860962,0.007970814869891684
topcell,internal_test,configured_data_pool,id_const_b10_h80_p150_gradient,mlp,0.0,0,4,0.0,0,720,0.22387764938781252,0.20249578450647268,0.07516028228843777,0.41573429892979163,0.20409667994984723
topcell,internal_test,configured_data_pool,id_const_b10_h80_p150_gradient,cnn1d,0.0,0,4,0.0,0,720,0.22977174894353708,0.20361449194573567,0.19607214996206396,0.40102820436588615,0.20090080658002377
topcell,internal_test,configured_data_pool,id_const_b10_h80_p150_gradient,tcn,0.0,0,4,0.0,0,720,0.5232272830304091,0.4347836812221915,-0.2613236489002198,1.12687702528153,0.3705001076526751
topcell,internal_test,configured_data_pool,id_const_b10_h80_p150_gradient,gru,0.0,0,4,0.0,0,720,0.23453422328098367,0.1918579256737874,-0.18675654396619984,0.4809845175813763,0.18550037251369958
topcell,internal_test,configured_data_pool,id_const_b10_h80_p150_gradient,lstm,0.0,0,4,0.0,0,720,0.15592133416228338,0.11914984920330872,-0.03049763747273947,0.5366059314536358,0.310135642174145
topcell,internal_test,configured_data_pool,id_const_b10_h80_p150_nominal,physical_rc,0.0,0,4,0.0,0,720,0.02317408149350992,0.013806192454181973,0.0009398079090263739,0.0919294873260128,0.007941154626795711
topcell,internal_test,configured_data_pool,id_const_b10_h80_p150_nominal,mlp,0.0,0,4,0.0,0,720,0.15700999740204055,0.13556822483963435,0.01269056843726679,0.32285135484075056,0.20890926151479808
topcell,internal_test,configured_data_pool,id_const_b10_h80_p150_nominal,cnn1d,0.0,0,4,0.0,0,720,0.288805328722429,0.2590549737389744,0.2515725317914469,0.4979821804022464,0.23609182718013708
topcell,internal_test,configured_data_pool,id_const_b10_h80_p150_nominal,tcn,0.0,0,4,0.0,0,720,0.5718901598853888,0.4306146798877756,-0.40604137862698636,1.4144752613264728,0.303856172609631
topcell,internal_test,configured_data_pool,id_const_b10_h80_p150_nominal,gru,0.0,0,4,0.0,0,720,0.08245346147274468,0.06825155375863146,0.015054541508198769,0.20133945195328806,0.0475017672193778
topcell,internal_test,configured_data_pool,id_const_b10_h80_p150_nominal,lstm,0.0,0,4,0.0,0,720,0.16954028546028485,0.1288631736792286,0.07547755177060475,0.4026150095419041,0.1754003108120764
topcell,internal_test,configured_data_pool,id_const_b10_h80_p100_cold,physical_rc,0.0,0,4,0.0,0,720,0.012937026726745671,0.008189678503141451,0.0015474598050385425,0.05007205020569927,0.005230421623040988
topcell,internal_test,configured_data_pool,id_const_b10_h80_p100_cold,mlp,0.0,0,4,0.0,0,720,0.24407330776336117,0.18376494956170134,0.16010071100374496,0.5080668818077498,0.21707002094703362
topcell,internal_test,configured_data_pool,id_const_b10_h80_p100_cold,cnn1d,0.0,0,4,0.0,0,720,0.15855243263909985,0.1422236143817905,0.11576749660898257,0.2665446928137811,0.07433815401954774
topcell,internal_test,configured_data_pool,id_const_b10_h80_p100_cold,tcn,0.0,0,4,0.0,0,720,0.35527257737725415,0.2814262051073329,-0.24897200068869907,0.8976376719501218,0.17921231095266538
topcell,internal_test,configured_data_pool,id_const_b10_h80_p100_cold,gru,0.0,0,4,0.0,0,720,0.12063192731888021,0.11164060835169826,0.10723850196126361,0.20730261120044702,0.13986484864143872
topcell,internal_test,configured_data_pool,id_const_b10_h80_p100_cold,lstm,0.0,0,4,0.0,0,720,0.13431974420608372,0.10778484459135465,-0.007786208383742101,0.3258823102686108,0.17130443879513246
topcell,internal_test,configured_data_pool,id_const_b10_h80_p100_gradient,physical_rc,0.0,0,4,0.0,0,720,0.028808463001029273,0.015529118904379925,-0.000818622524914176,0.10227530264342022,0.0053899520126983215
topcell,internal_test,configured_data_pool,id_const_b10_h80_p100_gradient,mlp,0.0,0,4,0.0,0,720,0.21687156817424547,0.16674848418135116,0.07970846469892767,0.48616137199131515,0.24877699788194216
topcell,internal_test,configured_data_pool,id_const_b10_h80_p100_gradient,cnn1d,0.0,0,4,0.0,0,720,0.11124962793344177,0.08812742174295578,-0.012639188932472924,0.331430708182225,0.2210844413650018
topcell,internal_test,configured_data_pool,id_const_b10_h80_p100_gradient,tcn,0.0,0,4,0.0,0,720,0.33091874200532573,0.2752058661114433,-0.1054122373914991,0.7276775520868455,0.2700124210108659
topcell,internal_test,configured_data_pool,id_const_b10_h80_p100_gradient,gru,0.0,0,4,0.0,0,720,0.10507394603653511,0.0804985868640119,0.024778043295593053,0.28076860154804706,0.16304067314428117
topcell,internal_test,configured_data_pool,id_const_b10_h80_p100_gradient,lstm,0.0,0,4,0.0,0,720,0.12003624450028902,0.0967378136645331,0.04730860809417356,0.3084180538183716,0.1551026648699271
topcell,internal_test,configured_data_pool,id_const_b10_h80_p100_nominal,physical_rc,0.0,0,4,0.0,0,720,0.015757434539831798,0.009339671256407318,0.00029609664309001953,0.061903958580742824,0.005339816801434843
topcell,internal_test,configured_data_pool,id_const_b10_h80_p100_nominal,mlp,0.0,0,4,0.0,0,720,0.10464064273701144,0.08768097151018646,0.020606991550349,0.22461775857790656,0.13453302257279826
topcell,internal_test,configured_data_pool,id_const_b10_h80_p100_nominal,cnn1d,0.0,0,4,0.0,0,720,0.10390688437505392,0.08927463013539211,0.04049186691240015,0.24499249675028523,0.18262541088067008
topcell,internal_test,configured_data_pool,id_const_b10_h80_p100_nominal,tcn,0.0,0,4,0.0,0,720,0.3208820392224394,0.26706562099111825,-0.2285424817753081,0.6802380381501223,0.2415298908123548
topcell,internal_test,configured_data_pool,id_const_b10_h80_p100_nominal,gru,0.0,0,4,0.0,0,720,0.15644274347575904,0.1385901624264774,0.13764278446461126,0.27964984713564434,0.16859772125358846
topcell,internal_test,configured_data_pool,id_const_b10_h80_p100_nominal,lstm,0.0,0,4,0.0,0,720,0.13064440378332887,0.10792648411777259,0.09104296393012466,0.26816887694300817,0.0858926253678262
topcell,internal_test,configured_data_pool,id_ramp_brine_b30_h160_p150,physical_rc,0.0,0,4,0.0,0,720,0.02507389700653774,0.01503222575421538,-0.00015553628759515565,0.09435561456828623,0.010469926299971212
topcell,internal_test,configured_data_pool,id_ramp_brine_b30_h160_p150,mlp,0.0,0,4,0.0,0,720,0.18387800213028552,0.1464713690039797,-0.0795945519212849,0.404653530507062,0.13925473106900532
topcell,internal_test,configured_data_pool,id_ramp_brine_b30_h160_p150,cnn1d,0.0,0,4,0.0,0,720,0.1256026011951318,0.09606380434321425,0.09112188822364783,0.34079695872176785,0.2006066957202007
topcell,internal_test,configured_data_pool,id_ramp_brine_b30_h160_p150,tcn,0.0,0,4,0.0,0,720,0.7261455533716273,0.5799754688433763,-0.46293362024112306,1.43869770291343,0.5798073655362967
topcell,internal_test,configured_data_pool,id_ramp_brine_b30_h160_p150,gru,0.0,0,4,0.0,0,720,0.08357434277099407,0.06134945243775333,-0.0410930066992044,0.2512763447082591,0.15002536804054065
topcell,internal_test,configured_data_pool,id_ramp_brine_b30_h160_p150,lstm,0.0,0,4,0.0,0,720,0.06218221111391404,0.04396228345651429,0.022594559122483933,0.21069881132314094,0.13048343549458713
topcell,internal_test,configured_data_pool,id_const_b30_h160_p0_cold,physical_rc,0.0,0,4,0.0,0,720,0.010800871459772057,0.0053184283709973535,-0.0006639637629876047,0.06656916213884045,0.004451539991904777
topcell,internal_test,configured_data_pool,id_const_b30_h160_p0_cold,mlp,0.0,0,4,0.0,0,720,0.4046303049347996,0.33193824763576535,0.14039821811017322,0.9543570818385234,0.5364073996453823
topcell,internal_test,configured_data_pool,id_const_b30_h160_p0_cold,cnn1d,0.0,0,4,0.0,0,720,0.25637129592608393,0.2167386513269815,0.20456579614727635,0.5002576662338498,0.2087915469683154
topcell,internal_test,configured_data_pool,id_const_b30_h160_p0_cold,tcn,0.0,0,4,0.0,0,720,0.34081659327897496,0.24782090043010127,0.03409216283922619,0.9003212426797091,0.4844281370277985
topcell,internal_test,configured_data_pool,id_const_b30_h160_p0_cold,gru,0.0,0,4,0.0,0,720,0.06281537773709665,0.05036584714422582,0.04473759187977993,0.14140910782759875,0.04864759094037631
topcell,internal_test,configured_data_pool,id_const_b30_h160_p0_cold,lstm,0.0,0,4,0.0,0,720,0.29128105508420726,0.2199522529867891,0.2065229400340912,0.5509395332020119,0.29627900527123885
topcell,internal_test,configured_data_pool,id_const_b30_h160_p0_gradient,physical_rc,0.0,0,4,0.0,0,720,0.02260389982320722,0.01129048442267122,-0.003030062759421822,0.12634414294170426,0.005361768907468346
topcell,internal_test,configured_data_pool,id_const_b30_h160_p0_gradient,mlp,0.0,0,4,0.0,0,720,0.3780578872048365,0.2512770559358327,0.1535706366568949,0.9423525141195199,0.4800391836121368
topcell,internal_test,configured_data_pool,id_const_b30_h160_p0_gradient,cnn1d,0.0,0,4,0.0,0,720,0.11337368868207114,0.09180007408428217,0.07419032113212387,0.2046521254090834,0.12393816757238363
topcell,internal_test,configured_data_pool,id_const_b30_h160_p0_gradient,tcn,0.0,0,4,0.0,0,720,0.8837485600166531,0.6956355758239905,0.08043098231759697,1.6231374903648117,1.0574585796179279
topcell,internal_test,configured_data_pool,id_const_b30_h160_p0_gradient,gru,0.0,0,4,0.0,0,720,0.04503225449793945,0.03750772127296256,0.0024356553160107194,0.08810876730295547,0.030464512018579974
topcell,internal_test,configured_data_pool,id_const_b30_h160_p0_gradient,lstm,0.0,0,4,0.0,0,720,0.13524046356177627,0.10397128115508879,0.07129641791014986,0.2779512528995838,0.18662183904430588
topcell,internal_test,configured_data_pool,id_const_b30_h160_p0_nominal,physical_rc,0.0,0,4,0.0,0,720,0.011539233969237173,0.005685877747782985,-0.0019153394245660907,0.07381865575500512,0.005134000420147347
topcell,internal_test,configured_data_pool,id_const_b30_h160_p0_nominal,mlp,0.0,0,4,0.0,0,720,0.38904874192930805,0.3390894391286617,-0.01561525691315432,0.7820508582902406,0.3252327923583046
topcell,internal_test,configured_data_pool,id_const_b30_h160_p0_nominal,cnn1d,0.0,0,4,0.0,0,720,0.1389142468757698,0.12349708571710087,0.07382064082765212,0.2515992842973418,0.16371503460573286
topcell,internal_test,configured_data_pool,id_const_b30_h160_p0_nominal,tcn,0.0,0,4,0.0,0,720,0.49218374548978133,0.4618196155792077,-0.008293986115028722,0.7813460574055853,0.40215829539872716
topcell,internal_test,configured_data_pool,id_const_b30_h160_p0_nominal,gru,0.0,0,4,0.0,0,720,0.07837675620476091,0.060159817129394284,-0.057956090102902785,0.16518093075728757,0.06463185027881872
topcell,internal_test,configured_data_pool,id_const_b30_h160_p0_nominal,lstm,0.0,0,4,0.0,0,720,0.1252898194199245,0.09891553723858222,-0.020805607041260714,0.27445945498122626,0.19038630108559013
topcell,internal_test,configured_data_pool,id_ramp_brine_b10_h200_p150,physical_rc,0.0,0,4,0.0,0,720,0.026242623158326192,0.015667460671366897,0.0008330209057489786,0.1130158996513444,0.010262947905609722
topcell,internal_test,configured_data_pool,id_ramp_brine_b10_h200_p150,mlp,0.0,0,4,0.0,0,720,0.24761904532317155,0.2061872182512829,0.03416481204185467,0.6053578262120141,0.3424873868869342
topcell,internal_test,configured_data_pool,id_ramp_brine_b10_h200_p150,cnn1d,0.0,0,4,0.0,0,720,0.266812605686386,0.21701172414173117,0.19191114415987884,0.7289698126735118,0.4407168453197406
topcell,internal_test,configured_data_pool,id_ramp_brine_b10_h200_p150,tcn,0.0,0,4,0.0,0,720,0.9076060197624393,0.7617120275657083,-0.6889825005821266,1.844940780602684,0.5289711967714416
topcell,internal_test,configured_data_pool,id_ramp_brine_b10_h200_p150,gru,0.0,0,4,0.0,0,720,0.28483619210817324,0.23197166966478958,0.22218419629864125,0.4867284075453142,0.15286448956025936
topcell,internal_test,configured_data_pool,id_ramp_brine_b10_h200_p150,lstm,0.0,0,4,0.0,0,720,0.354972468256888,0.27370749390468896,0.26777851193806573,0.6482868043894143,0.49113952034133174
topcell,internal_test,configured_data_pool,id_ramp_plasma_b10_h200_p150,physical_rc,0.0,0,4,0.0,0,720,0.03011254236915775,0.02489542063493962,0.0065585430321760995,0.09572431041671337,0.04172624397608554
topcell,internal_test,configured_data_pool,id_ramp_plasma_b10_h200_p150,mlp,0.0,0,4,0.0,0,720,0.6263861404916428,0.47247976873037906,-0.09725197052536368,1.5833151743096323,0.26211987242519325
topcell,internal_test,configured_data_pool,id_ramp_plasma_b10_h200_p150,cnn1d,0.0,0,4,0.0,0,720,0.33856991188056873,0.26262006631852514,0.18118914274451356,0.7407433741316822,0.38832099272367354
topcell,internal_test,configured_data_pool,id_ramp_plasma_b10_h200_p150,tcn,0.0,0,4,0.0,0,720,1.2990313726138574,0.986463930538879,-0.6916199894016151,3.1933968489763345,1.4373298323946262
topcell,internal_test,configured_data_pool,id_ramp_plasma_b10_h200_p150,gru,0.0,0,4,0.0,0,720,0.4427716535504796,0.3364827506237751,-0.31438816713030576,1.088216466789902,0.8299786266111187
topcell,internal_test,configured_data_pool,id_ramp_plasma_b10_h200_p150,lstm,0.0,0,4,0.0,0,720,0.2678873269927418,0.21995894017401652,-0.012174621310383178,0.7431501903270714,0.4038559286217246
topcell,internal_test,configured_data_pool,id_const_b10_h200_p0_cold,physical_rc,0.0,0,4,0.0,0,720,0.015842916820376852,0.008175858328119033,-0.0003606784001146224,0.08847581680054617,0.006450347405225964
topcell,internal_test,configured_data_pool,id_const_b10_h200_p0_cold,mlp,0.0,0,4,0.0,0,720,0.8385955739769507,0.6414467562963596,0.4441168906575331,1.95173295181813,0.4142817867238151
topcell,internal_test,configured_data_pool,id_const_b10_h200_p0_cold,cnn1d,0.0,0,4,0.0,0,720,0.33875634684937367,0.281092330193399,0.15849090044599076,0.6873913174146224,0.27709786613882165
topcell,internal_test,configured_data_pool,id_const_b10_h200_p0_cold,tcn,0.0,0,4,0.0,0,720,0.6173839349054033,0.560760939326366,-0.5281994209712675,0.9748198504271031,0.11217154169506725
topcell,internal_test,configured_data_pool,id_const_b10_h200_p0_cold,gru,0.0,0,4,0.0,0,720,0.15881769993431025,0.1343398878345024,0.10048834903236864,0.321823650579546,0.19610355145381417
topcell,internal_test,configured_data_pool,id_const_b10_h200_p0_cold,lstm,0.0,0,4,0.0,0,720,0.2306028355577936,0.16597738178391888,0.06170361869482916,0.6088055764575415,0.10315332453740238
topcell,internal_test,configured_data_pool,id_const_b10_h200_p0_gradient,physical_rc,0.0,0,4,0.0,0,720,0.023881071162735235,0.011420248149877417,-0.0027267954521156094,0.14825079760341708,0.007362085559268346
topcell,internal_test,configured_data_pool,id_const_b10_h200_p0_gradient,mlp,0.0,0,4,0.0,0,720,0.40499554048497427,0.34845371887578214,0.2996235866362002,1.0284979329307617,0.15653116000999984
topcell,internal_test,configured_data_pool,id_const_b10_h200_p0_gradient,cnn1d,0.0,0,4,0.0,0,720,0.26482948199310336,0.23030187162267113,0.13753986458635437,0.5019408660064073,0.2020412215319387
topcell,internal_test,configured_data_pool,id_const_b10_h200_p0_gradient,tcn,0.0,0,4,0.0,0,720,0.8169752039523945,0.6002479525486066,-0.2105698256745066,1.7839777162849089,0.9410326262816935
topcell,internal_test,configured_data_pool,id_const_b10_h200_p0_gradient,gru,0.0,0,4,0.0,0,720,0.1495828406755219,0.1275845801171783,-0.10060291110039397,0.2912123444600212,0.13867150153922173
topcell,internal_test,configured_data_pool,id_const_b10_h200_p0_gradient,lstm,0.0,0,4,0.0,0,720,0.19737570516629052,0.16769960086452393,-0.1300230321803317,0.35515453978483436,0.23209056837148798
topcell,internal_test,configured_data_pool,id_const_b10_h200_p0_nominal,physical_rc,0.0,0,4,0.0,0,720,0.015700026941904033,0.007953986676167417,-0.0016120401728044916,0.09572431041671337,0.007134830309121973
topcell,internal_test,configured_data_pool,id_const_b10_h200_p0_nominal,mlp,0.0,0,4,0.0,0,720,0.8548753807254479,0.6930699392625101,0.1271826448552531,1.5833151743096323,0.8473207456581777
topcell,internal_test,configured_data_pool,id_const_b10_h200_p0_nominal,cnn1d,0.0,0,4,0.0,0,720,0.13788555767931654,0.11127029197271784,-0.034359968340702846,0.30751908976277775,0.14518804784305775
topcell,internal_test,configured_data_pool,id_const_b10_h200_p0_nominal,tcn,0.0,0,4,0.0,0,720,0.782790451526428,0.6326614106768248,-0.47996302973222904,1.5956073554999648,0.4684546371889894
topcell,internal_test,configured_data_pool,id_const_b10_h200_p0_nominal,gru,0.0,0,4,0.0,0,720,0.08106433356915489,0.06458323933143977,-0.05212291248262643,0.17775737679036752,0.09852008179135392
topcell,internal_test,configured_data_pool,id_const_b10_h200_p0_nominal,lstm,0.0,0,4,0.0,0,720,0.28448121273877186,0.22998593482066343,-0.20961566266033016,0.5334878226124147,0.34203367754687464
topcell,internal_test,configured_data_pool,id_const_b30_h200_p100_cold,physical_rc,0.15,0,4,0.12145041633936725,0,720,0.03611251347646784,0.021545267730305264,0.015132460318281598,0.17128919060889558,0.007277793519628456
topcell,internal_test,configured_data_pool,id_const_b30_h200_p100_cold,mlp,0.15,0,4,0.12145041633936725,0,720,0.31654568020491397,0.22540735349566318,-0.1295160266849455,0.7107916309830671,0.34215812656892536
topcell,internal_test,configured_data_pool,id_const_b30_h200_p100_cold,cnn1d,0.15,0,4,0.12145041633936725,0,720,0.36478702706528265,0.2890831243588616,0.21604626871620358,0.6522971569816889,0.4661658309683325
topcell,internal_test,configured_data_pool,id_const_b30_h200_p100_cold,tcn,0.15,0,4,0.12145041633936725,0,720,0.8376594535884849,0.7020024163186488,-0.6628392640640073,1.8055204630196755,0.3158091234865302
topcell,internal_test,configured_data_pool,id_const_b30_h200_p100_cold,gru,0.15,0,4,0.12145041633936725,0,720,0.15744876648081635,0.14445354850200723,0.14317522373344294,0.2494700636862177,0.10279734361043277
topcell,internal_test,configured_data_pool,id_const_b30_h200_p100_cold,lstm,0.15,0,4,0.12145041633936725,0,720,0.28853945521349406,0.24030630023481692,0.22684282063187744,0.5405132221839182,0.30164040915944773
topcell,internal_test,configured_data_pool,id_const_b30_h200_p100_gradient,physical_rc,0.15,0,4,0.17777630060726385,0,720,0.07579093271279609,0.050275480979883845,-0.04582971730014312,0.3088339505219295,0.01718066683137633
topcell,internal_test,configured_data_pool,id_const_b30_h200_p100_gradient,mlp,0.15,0,4,0.17777630060726385,0,720,0.49664604277129987,0.4414882722147298,0.10356951897225189,0.8743297986975875,0.4133232846839365
topcell,internal_test,configured_data_pool,id_const_b30_h200_p100_gradient,cnn1d,0.15,0,4,0.17777630060726385,0,720,0.281047217694824,0.24169772077903773,0.2073093057862852,0.5170571747845543,0.2591099573827614
topcell,internal_test,configured_data_pool,id_const_b30_h200_p100_gradient,tcn,0.15,0,4,0.17777630060726385,0,720,0.6820213499281392,0.5078714064613461,-0.2997706819268588,1.8743035216920703,0.7662107158885424
topcell,internal_test,configured_data_pool,id_const_b30_h200_p100_gradient,gru,0.15,0,4,0.17777630060726385,0,720,0.05722131917318043,0.04040104728593649,-0.034005542510173715,0.28707196177823135,0.0577385921792186
topcell,internal_test,configured_data_pool,id_const_b30_h200_p100_gradient,lstm,0.15,0,4,0.17777630060726385,0,720,0.21860955825584347,0.19376638937736088,0.17352854926537944,0.4233257241832433,0.1393506281825218
topcell,internal_test,configured_data_pool,id_const_b30_h200_p100_nominal,physical_rc,0.15,0,4,0.10884738693600196,0,720,0.036040487934634574,0.020761490792995423,0.011815107679329362,0.1686365479489922,0.007703821826041617
topcell,internal_test,configured_data_pool,id_const_b30_h200_p100_nominal,mlp,0.15,0,4,0.10884738693600196,0,720,0.41174047073139586,0.27624237805217644,-0.15630292563902393,0.9491833308258038,0.48207373137507953
topcell,internal_test,configured_data_pool,id_const_b30_h200_p100_nominal,cnn1d,0.15,0,4,0.10884738693600196,0,720,0.18428165188383058,0.17144013152450302,0.1691401971145722,0.2939618287876442,0.15463962118226862
topcell,internal_test,configured_data_pool,id_const_b30_h200_p100_nominal,tcn,0.15,0,4,0.10884738693600196,0,720,0.6609625769395602,0.5201842300628788,-0.440134181484462,1.5322385436095942,0.43507394428792584
topcell,internal_test,configured_data_pool,id_const_b30_h200_p100_nominal,gru,0.15,0,4,0.10884738693600196,0,720,0.090780715734896,0.07539255697827671,0.07079822169680981,0.17608274419800551,0.06376610692039189
topcell,internal_test,configured_data_pool,id_const_b30_h200_p100_nominal,lstm,0.15,0,4,0.10884738693600196,0,720,0.2535668115441213,0.2297669504648899,0.22822026393337624,0.4295070058327042,0.2183814479979103
topcell,internal_test,configured_data_pool,id_const_b20_h160_p150_cold,physical_rc,0.15,0,4,0.11204862734018779,0,720,0.02069841189623923,0.0152113062866132,0.01093800070644551,0.11092803004338947,0.0089365109417722
topcell,internal_test,configured_data_pool,id_const_b20_h160_p150_cold,mlp,0.15,0,4,0.11204862734018779,0,720,0.5209949014080022,0.4345840492102902,0.1360960742869774,0.9200576806017864,0.5964501851292786
topcell,internal_test,configured_data_pool,id_const_b20_h160_p150_cold,cnn1d,0.15,0,4,0.11204862734018779,0,720,0.23637190435493974,0.19739080052005067,0.15979677545844745,0.45416563416031863,0.3686979871720296
topcell,internal_test,configured_data_pool,id_const_b20_h160_p150_cold,tcn,0.15,0,4,0.11204862734018779,0,720,0.8907985618970407,0.7457461544505207,-0.6821573708385938,1.8953960583009746,0.451907621054566
topcell,internal_test,configured_data_pool,id_const_b20_h160_p150_cold,gru,0.15,0,4,0.11204862734018779,0,720,0.15589327489234833,0.12497311136838829,0.10897265831595387,0.3191709461506207,0.10436276711504812
topcell,internal_test,configured_data_pool,id_const_b20_h160_p150_cold,lstm,0.15,0,4,0.11204862734018779,0,720,0.1522086601705886,0.12878240137112792,0.09704565972518928,0.29100845804642006,0.2160678801762027
topcell,internal_test,configured_data_pool,id_const_b20_h160_p150_gradient,physical_rc,0.15,0,4,0.1014470446911164,0,720,0.041497751909999575,0.023072495034795103,0.0026930016600317094,0.1871765725247201,0.009543566478985474
topcell,internal_test,configured_data_pool,id_const_b20_h160_p150_gradient,mlp,0.15,0,4,0.1014470446911164,0,720,0.3478898144403524,0.3170198844347799,0.09754785094077813,0.5665336717790694,0.23892110072817768
topcell,internal_test,configured_data_pool,id_const_b20_h160_p150_gradient,cnn1d,0.15,0,4,0.1014470446911164,0,720,0.15693323049393057,0.10933307505611913,0.09522690647290956,0.43730796452857135,0.23000131601896354
topcell,internal_test,configured_data_pool,id_const_b20_h160_p150_gradient,tcn,0.15,0,4,0.1014470446911164,0,720,0.7099506837322266,0.5503971258036926,-0.4143329956327269,1.4963475168698892,0.5787001323877552
topcell,internal_test,configured_data_pool,id_const_b20_h160_p150_gradient,gru,0.15,0,4,0.1014470446911164,0,720,0.13200835984495937,0.09354654322173607,-0.056977589921575464,0.43221136162884477,0.26358357962237805
topcell,internal_test,configured_data_pool,id_const_b20_h160_p150_gradient,lstm,0.15,0,4,0.1014470446911164,0,720,0.1264698534988016,0.10252631478671642,0.03303303550308616,0.3458985997422417,0.16614695959395068
topcell,internal_test,configured_data_pool,id_const_b20_h160_p150_nominal,physical_rc,0.15,0,4,0.10649804109535704,0,720,0.0314350773612383,0.018885435115211607,0.004031340419909224,0.16123780470216786,0.009415347844539741
topcell,internal_test,configured_data_pool,id_const_b20_h160_p150_nominal,mlp,0.15,0,4,0.10649804109535704,0,720,0.24514996436116435,0.20277087486359818,-0.02356337396940729,0.4589729719374418,0.22322946798617807
topcell,internal_test,configured_data_pool,id_const_b20_h160_p150_nominal,cnn1d,0.15,0,4,0.10649804109535704,0,720,0.1434204740633729,0.10775511334498054,0.0898482725641564,0.42503143700238866,0.2404266382130368
topcell,internal_test,configured_data_pool,id_const_b20_h160_p150_nominal,tcn,0.15,0,4,0.10649804109535704,0,720,0.7802089130751156,0.62548059631544,-0.5343612004034475,1.5796415540948772,0.5053082136548593
topcell,internal_test,configured_data_pool,id_const_b20_h160_p150_nominal,gru,0.15,0,4,0.10649804109535704,0,720,0.18819963299167142,0.15630399368493925,0.08611007334924446,0.3893164514026495,0.2163858574936123
topcell,internal_test,configured_data_pool,id_const_b20_h160_p150_nominal,lstm,0.15,0,4,0.10649804109535704,0,720,0.1911460761943708,0.1416220958335789,0.12421829256872811,0.4044138745765906,0.2695185420797352
topcell,internal_test,configured_data_pool,id_const_b20_h120_p50_cold,physical_rc,0.15,0,4,0.06383223492286531,0,720,0.01723429245211921,0.009777934921945884,0.003590059366207359,0.07274558580384394,0.0034157347379743072
topcell,internal_test,configured_data_pool,id_const_b20_h120_p50_cold,mlp,0.15,0,4,0.06383223492286531,0,720,0.10836668903623524,0.09482053230216173,-0.050479719985139046,0.21525030855413263,0.10953241352984124
topcell,internal_test,configured_data_pool,id_const_b20_h120_p50_cold,cnn1d,0.15,0,4,0.06383223492286531,0,720,0.13881586857769887,0.10961984721622497,0.08059710828768729,0.28834270683771024,0.11366278221463101
topcell,internal_test,configured_data_pool,id_const_b20_h120_p50_cold,tcn,0.15,0,4,0.06383223492286531,0,720,0.3496511210203522,0.28675193369045365,-0.27258778639886766,0.6895600603421315,0.10749105574510551
topcell,internal_test,configured_data_pool,id_const_b20_h120_p50_cold,gru,0.15,0,4,0.06383223492286531,0,720,0.08483232248221632,0.06846028136770767,-0.045316172506286084,0.1922081963830351,0.057425332869974144
topcell,internal_test,configured_data_pool,id_const_b20_h120_p50_cold,lstm,0.15,0,4,0.06383223492286531,0,720,0.07101773140553419,0.05960899190917762,0.041701991560757545,0.16497173192752967,0.06776554449372232
topcell,internal_test,configured_data_pool,id_const_b20_h120_p50_gradient,physical_rc,0.15,0,4,0.16950302912942672,0,720,0.047573719366653,0.03306628109391435,0.03302112679265789,0.2886626688125773,0.005826820049083395
topcell,internal_test,configured_data_pool,id_const_b20_h120_p50_gradient,mlp,0.15,0,4,0.16950302912942672,0,720,0.508663283815396,0.4380051184425354,0.0698966782803368,1.0435363296054447,0.6011056566888648
topcell,internal_test,configured_data_pool,id_const_b20_h120_p50_gradient,cnn1d,0.15,0,4,0.16950302912942672,0,720,0.18691076812601692,0.15066647587625057,0.016164068217794834,0.35547520156578116,0.17484739179103792
topcell,internal_test,configured_data_pool,id_const_b20_h120_p50_gradient,tcn,0.15,0,4,0.16950302912942672,0,720,0.34453012014314804,0.2524538903041563,-0.12750644917115886,0.9639729089328455,0.3735567171177823
topcell,internal_test,configured_data_pool,id_const_b20_h120_p50_gradient,gru,0.15,0,4,0.16950302912942672,0,720,0.16396199505086517,0.12683896284914897,0.08880451549104632,0.33100745015912025,0.16612959653135764
topcell,internal_test,configured_data_pool,id_const_b20_h120_p50_gradient,lstm,0.15,0,4,0.16950302912942672,0,720,0.22650792525224267,0.19834091239316617,0.19097264752603305,0.39897362383523216,0.2307210866513721
topcell,internal_test,configured_data_pool,id_const_b20_h120_p50_nominal,physical_rc,0.15,0,4,0.12043579664454787,0,720,0.030637119998976507,0.016422734840807744,0.007852728911073411,0.168717973733159,0.003331099897564668
topcell,internal_test,configured_data_pool,id_const_b20_h120_p50_nominal,mlp,0.15,0,4,0.12043579664454787,0,720,0.3095429510076617,0.24287387827879567,-0.20027535707349667,0.5981844538217729,0.21016501653665107
topcell,internal_test,configured_data_pool,id_const_b20_h120_p50_nominal,cnn1d,0.15,0,4,0.12043579664454787,0,720,0.07439367419065476,0.05639115683026616,0.0018027065856686243,0.24428985473359432,0.15061503464788786
topcell,internal_test,configured_data_pool,id_const_b20_h120_p50_nominal,tcn,0.15,0,4,0.12043579664454787,0,720,0.5628604986067995,0.46618888089399907,-0.2603826525038738,1.167472563602658,0.4911742011709365
topcell,internal_test,configured_data_pool,id_const_b20_h120_p50_nominal,gru,0.15,0,4,0.12043579664454787,0,720,0.0351668221082921,0.024979810349772483,-0.0112014681267386,0.15033145568925477,0.022469341062520555
topcell,internal_test,configured_data_pool,id_const_b20_h120_p50_nominal,lstm,0.15,0,4,0.12043579664454787,0,720,0.07430551525118352,0.06540123515686763,0.047796267266324806,0.1504596218308052,0.06653406658361158
topcell,internal_test,configured_data_pool,id_const_b30_h120_p50_cold,physical_rc,0.15,0,4,0.10123297577669496,0,720,0.026291849727413365,0.016890959343607195,-0.014208125795313324,0.1357418188242363,0.0060256624193844605
topcell,internal_test,configured_data_pool,id_const_b30_h120_p50_cold,mlp,0.15,0,4,0.10123297577669496,0,720,0.1759792985876899,0.14480458932805693,-0.09678633209789432,0.343661299773089,0.13008981793741978
topcell,internal_test,configured_data_pool,id_const_b30_h120_p50_cold,cnn1d,0.15,0,4,0.10123297577669496,0,720,0.1690989702430558,0.13473087612786358,0.09145780327085963,0.37276687520001417,0.17487047821312135
topcell,internal_test,configured_data_pool,id_const_b30_h120_p50_cold,tcn,0.15,0,4,0.10123297577669496,0,720,0.28917476190315017,0.23882281963069593,-0.17948130812865548,0.6002744033747263,0.21716316558666512
topcell,internal_test,configured_data_pool,id_const_b30_h120_p50_cold,gru,0.15,0,4,0.10123297577669496,0,720,0.15075175625556594,0.1420083712066044,-0.14107072840243204,0.2142995016023974,0.09976848229946492
topcell,internal_test,configured_data_pool,id_const_b30_h120_p50_cold,lstm,0.15,0,4,0.10123297577669496,0,720,0.15034420655671046,0.1043840238740569,-0.053981577019782775,0.331296709502638,0.14122558161347723
topcell,internal_test,configured_data_pool,id_const_b30_h120_p50_gradient,physical_rc,0.15,0,4,0.08695619713941241,0,720,0.02542484110518791,0.014294787143426014,0.008098132827066864,0.11683352069163533,0.003472905316390013
topcell,internal_test,configured_data_pool,id_const_b30_h120_p50_gradient,mlp,0.15,0,4,0.08695619713941241,0,720,0.5129573060876197,0.37669453831157385,0.0862781098697745,1.2628360421663558,0.6680164430260825
topcell,internal_test,configured_data_pool,id_const_b30_h120_p50_gradient,cnn1d,0.15,0,4,0.08695619713941241,0,720,0.15410601628498727,0.13516103134491414,0.056188421342425666,0.29179085374292413,0.07703556166614281
topcell,internal_test,configured_data_pool,id_const_b30_h120_p50_gradient,tcn,0.15,0,4,0.08695619713941241,0,720,0.3512137192455027,0.2605254133046037,-0.024205077087129705,0.9450460327367267,0.4651067739046253
topcell,internal_test,configured_data_pool,id_const_b30_h120_p50_gradient,gru,0.15,0,4,0.08695619713941241,0,720,0.08763549738524894,0.06950867587743544,-0.06401528407801521,0.18901158767943826,0.057378963866147166
topcell,internal_test,configured_data_pool,id_const_b30_h120_p50_gradient,lstm,0.15,0,4,0.08695619713941241,0,720,0.15030987521074762,0.13703495796645357,0.07470111463206601,0.26901677433259863,0.10602760351956877
topcell,internal_test,configured_data_pool,id_const_b30_h120_p50_nominal,physical_rc,0.15,0,4,0.06998843781190006,0,720,0.027245847224939602,0.019096953716477818,0.018930332543844852,0.1217723755271578,0.00384879213597204
topcell,internal_test,configured_data_pool,id_const_b30_h120_p50_nominal,mlp,0.15,0,4,0.06998843781190006,0,720,0.22564565681551169,0.17795174777705303,-0.11435598964153068,0.5037277029370841,0.15038319205049033
topcell,internal_test,configured_data_pool,id_const_b30_h120_p50_nominal,cnn1d,0.15,0,4,0.06998843781190006,0,720,0.07682463566776199,0.06784880947807756,0.05336254636146326,0.15831082593999213,0.04739751878577485
topcell,internal_test,configured_data_pool,id_const_b30_h120_p50_nominal,tcn,0.15,0,4,0.06998843781190006,0,720,0.47926128063231327,0.3886968344145795,-0.18577794598021985,1.0615786911805145,0.4312114751852337
topcell,internal_test,configured_data_pool,id_const_b30_h120_p50_nominal,gru,0.15,0,4,0.06998843781190006,0,720,0.05063534901565871,0.04237248996252084,-0.018067327401069703,0.15835728455310516,0.0474129257945469
topcell,internal_test,configured_data_pool,id_const_b30_h120_p50_nominal,lstm,0.15,0,4,0.06998843781190006,0,720,0.0878149881871002,0.076812172230325,0.06116041906461834,0.14672003026380054,0.08523513285891252
topcell,internal_test,configured_data_pool,id_ramp_brine_b10_h160_p50,physical_rc,0.15,0,4,0.07300876945543387,0,720,0.03249154212417798,0.023422249384942855,0.022470438171684037,0.12269386552929973,0.0021770367491443367
topcell,internal_test,configured_data_pool,id_ramp_brine_b10_h160_p50,mlp,0.15,0,4,0.07300876945543387,0,720,0.2280068624859515,0.18841325468599462,0.07787114479046474,0.5189277824326979,0.3209978627090109
topcell,internal_test,configured_data_pool,id_ramp_brine_b10_h160_p50,cnn1d,0.15,0,4,0.07300876945543387,0,720,0.13827738641992643,0.12447998826778404,0.09527362891336967,0.2534156760609534,0.2084423737321775
topcell,internal_test,configured_data_pool,id_ramp_brine_b10_h160_p50,tcn,0.15,0,4,0.07300876945543387,0,720,0.2970148873670621,0.2515760337446712,-0.12348894677381947,0.7788321308325408,0.49878911775202217
topcell,internal_test,configured_data_pool,id_ramp_brine_b10_h160_p50,gru,0.15,0,4,0.07300876945543387,0,720,0.10553868213021925,0.08500758715294653,0.047742649018431255,0.28142952054611214,0.176422571410624
topcell,internal_test,configured_data_pool,id_ramp_brine_b10_h160_p50,lstm,0.15,0,4,0.07300876945543387,0,720,0.15161656207231844,0.1099825238227455,0.10493077345318022,0.43996259118542014,0.19574993807667912
topcell,internal_test,configured_data_pool,id_const_b30_h80_p50_cold,physical_rc,0.15,0,4,0.12672354995003343,0,720,0.05009576846686033,0.037813624431892616,-0.037813624431892616,0.20953548034121638,0.00899659799638755
topcell,internal_test,configured_data_pool,id_const_b30_h80_p50_cold,mlp,0.15,0,4,0.12672354995003343,0,720,0.21366418053905445,0.18665468066185803,0.09174541642484436,0.40817758837239637,0.26442590715855085
topcell,internal_test,configured_data_pool,id_const_b30_h80_p50_cold,cnn1d,0.15,0,4,0.12672354995003343,0,720,0.14153864891044446,0.11797558997356121,-0.011992289465216407,0.3449666447003068,0.22607298835237286
topcell,internal_test,configured_data_pool,id_const_b30_h80_p50_cold,tcn,0.15,0,4,0.12672354995003343,0,720,0.12377592165166011,0.10551449279176843,0.03261117011225147,0.2604215710898785,0.12296183236873673
topcell,internal_test,configured_data_pool,id_const_b30_h80_p50_cold,gru,0.15,0,4,0.12672354995003343,0,720,0.1895582564242628,0.16781883630720418,-0.16780539846894274,0.3722070459746689,0.12059339517404422
topcell,internal_test,configured_data_pool,id_const_b30_h80_p50_cold,lstm,0.15,0,4,0.12672354995003343,0,720,0.1868900707369192,0.15454279187516692,-0.09684323448617636,0.33689630573737617,0.10027651844941418
topcell,internal_test,configured_data_pool,id_const_b30_h80_p50_gradient,physical_rc,0.15,0,4,0.14995835563137322,0,720,0.03603850210612297,0.02163868021115401,0.016640731213315472,0.1682497285187381,0.004166725516916113
topcell,internal_test,configured_data_pool,id_const_b30_h80_p50_gradient,mlp,0.15,0,4,0.14995835563137322,0,720,0.6916241575802096,0.5663129221258951,0.1995285314964757,1.3918927294736676,0.8175537161136388
topcell,internal_test,configured_data_pool,id_const_b30_h80_p50_gradient,cnn1d,0.15,0,4,0.14995835563137322,0,720,0.24834922943353677,0.21929448694524223,0.08262184931510325,0.40649145410880294,0.26722873410372483
topcell,internal_test,configured_data_pool,id_const_b30_h80_p50_gradient,tcn,0.15,0,4,0.14995835563137322,0,720,0.570051353823168,0.5128416115596101,0.21238595511494662,0.9775905722969327,0.4550217090930813
topcell,internal_test,configured_data_pool,id_const_b30_h80_p50_gradient,gru,0.15,0,4,0.14995835563137322,0,720,0.18360404365619462,0.15209802851238266,-0.13568826073680257,0.3339493913831788,0.17486368729713275
topcell,internal_test,configured_data_pool,id_const_b30_h80_p50_gradient,lstm,0.15,0,4,0.14995835563137322,0,720,0.1756206543785301,0.15995816042996136,0.052679432180259014,0.26078732479769684,0.1547359509060239
topcell,internal_test,configured_data_pool,id_const_b30_h80_p50_nominal,physical_rc,0.15,0,4,0.13654004564048616,0,720,0.03961319760150198,0.02030128679372044,-0.01469532936868526,0.2415089022725141,0.004722974404302496
topcell,internal_test,configured_data_pool,id_const_b30_h80_p50_nominal,mlp,0.15,0,4,0.13654004564048616,0,720,0.24499075040523735,0.21668626267013247,0.026255904030515045,0.49679032043768245,0.36804888339421665
topcell,internal_test,configured_data_pool,id_const_b30_h80_p50_nominal,cnn1d,0.15,0,4,0.13654004564048616,0,720,0.12272490606257833,0.10142262505044482,-0.03939317446205703,0.3122715861879186,0.19078413565191263
topcell,internal_test,configured_data_pool,id_const_b30_h80_p50_nominal,tcn,0.15,0,4,0.13654004564048616,0,720,0.25958460874929123,0.22108747708309956,0.041119108401999,0.6173970712703891,0.19479960101960572
topcell,internal_test,configured_data_pool,id_const_b30_h80_p50_nominal,gru,0.15,0,4,0.13654004564048616,0,720,0.08981947533880447,0.07045824844507605,-0.059346991546739974,0.2521853982752731,0.06094168064623092
topcell,internal_test,configured_data_pool,id_const_b30_h80_p50_nominal,lstm,0.15,0,4,0.13654004564048616,0,720,0.09747798463278155,0.07801726424885523,0.060054412114571826,0.31198502076359347,0.09426007596869244
topcell,internal_test,configured_data_pool,id_const_b10_h80_p0_cold,physical_rc,0.15,0,4,0.09095188616922074,0,720,0.02002277041908415,0.01022806034487654,0.0075258775530919015,0.10869798242436701,0.001014776242394028
topcell,internal_test,configured_data_pool,id_const_b10_h80_p0_cold,mlp,0.15,0,4,0.09095188616922074,0,720,0.3306166181250439,0.2696083621216984,0.004508408000905392,0.7347265886788676,0.1595025010340519
topcell,internal_test,configured_data_pool,id_const_b10_h80_p0_cold,cnn1d,0.15,0,4,0.09095188616922074,0,720,0.2666799991332,0.2514563625172252,0.2502986870036424,0.45190528320271994,0.3133065003971937
topcell,internal_test,configured_data_pool,id_const_b10_h80_p0_cold,tcn,0.15,0,4,0.09095188616922074,0,720,0.8589644731849408,0.6791181243139406,0.5264466772038283,1.8178746181858685,0.626412142939656
topcell,internal_test,configured_data_pool,id_const_b10_h80_p0_cold,gru,0.15,0,4,0.09095188616922074,0,720,0.06992181549002044,0.059622981283839645,0.017047139845203032,0.1431648527338396,0.046910215770552585
topcell,internal_test,configured_data_pool,id_const_b10_h80_p0_cold,lstm,0.15,0,4,0.09095188616922074,0,720,0.37083342988485296,0.3216537359740419,0.3119920391350384,0.6913980127035018,0.39544536299860167
topcell,internal_test,configured_data_pool,id_const_b10_h80_p0_gradient,physical_rc,0.15,0,4,0.14396162501386733,0,720,0.04075015542020375,0.03118403292635257,-0.02921630987946257,0.1736826030058367,0.007716192840275964
topcell,internal_test,configured_data_pool,id_const_b10_h80_p0_gradient,mlp,0.15,0,4,0.14396162501386733,0,720,0.2514168978706613,0.21983967359263493,0.2119311585358462,0.5264745286288885,0.2857613807591213
topcell,internal_test,configured_data_pool,id_const_b10_h80_p0_gradient,cnn1d,0.15,0,4,0.14396162501386733,0,720,0.3203951451582424,0.25898980883689016,0.2189338569806317,0.6941384134366331,0.44825588114369624
topcell,internal_test,configured_data_pool,id_const_b10_h80_p0_gradient,tcn,0.15,0,4,0.14396162501386733,0,720,0.4290913804426583,0.40175505595679417,-0.05687485547037984,0.9422884458984768,0.4485066953087075
topcell,internal_test,configured_data_pool,id_const_b10_h80_p0_gradient,gru,0.15,0,4,0.14396162501386733,0,720,0.07782007761958588,0.06074291547114461,-0.011398070396066048,0.18681689059339845,0.1003069946149342
topcell,internal_test,configured_data_pool,id_const_b10_h80_p0_gradient,lstm,0.15,0,4,0.14396162501386733,0,720,0.17690192803007948,0.1559106200182835,0.10887010285755834,0.2728247215712969,0.21184457868438458
topcell,internal_test,configured_data_pool,id_const_b10_h80_p0_nominal,physical_rc,0.15,0,4,0.09455999363912816,0,720,0.018914507032094796,0.010266118589914925,0.00672323459854502,0.12227715785049753,0.0006575861105825602
topcell,internal_test,configured_data_pool,id_const_b10_h80_p0_nominal,mlp,0.15,0,4,0.09455999363912816,0,720,0.32681001194838777,0.24463360480598592,0.0688132683201119,0.7040020520274979,0.42339231157911617
topcell,internal_test,configured_data_pool,id_const_b10_h80_p0_nominal,cnn1d,0.15,0,4,0.09455999363912816,0,720,0.21099382960774782,0.16382758974587272,0.1557636614734542,0.4961702157109542,0.30139565536161983
topcell,internal_test,configured_data_pool,id_const_b10_h80_p0_nominal,tcn,0.15,0,4,0.09455999363912816,0,720,0.24049507726801064,0.20453976733681709,-0.11062157229252166,0.6244999660047981,0.3482744103735021
topcell,internal_test,configured_data_pool,id_const_b10_h80_p0_nominal,gru,0.15,0,4,0.09455999363912816,0,720,0.10507947951546284,0.09146374155737104,-0.08104929292447216,0.16328138057666308,0.1228702049951054
topcell,internal_test,configured_data_pool,id_const_b10_h80_p0_nominal,lstm,0.15,0,4,0.09455999363912816,0,720,0.16272327232805556,0.1387203469478313,0.12816552854644583,0.2868580165908625,0.21857133620450628
topcell,internal_test,configured_data_pool,id_const_b40_h160_p100_cold,physical_rc,0.15,0,4,0.06251322120651898,0,720,0.019704243484446504,0.012159144051566824,0.0014748242085045426,0.08752981019959805,0.007214741731468046
topcell,internal_test,configured_data_pool,id_const_b40_h160_p100_cold,mlp,0.15,0,4,0.06251322120651898,0,720,0.24401007036907787,0.1995123047755703,0.024631644224997157,0.5003071351660395,0.306462126063791
topcell,internal_test,configured_data_pool,id_const_b40_h160_p100_cold,cnn1d,0.15,0,4,0.06251322120651898,0,720,0.4360037051550083,0.3646376525866347,0.01361276142209768,0.8033271905979262,0.5460719770953029
topcell,internal_test,configured_data_pool,id_const_b40_h160_p100_cold,tcn,0.15,0,4,0.06251322120651898,0,720,0.5447542275512678,0.4713666573483529,-0.31178435995467246,1.0785493175116017,0.47533868519855565
topcell,internal_test,configured_data_pool,id_const_b40_h160_p100_cold,gru,0.15,0,4,0.06251322120651898,0,720,0.16554725977539836,0.1478713388951182,0.1467201711413568,0.2773234176259791,0.14162605649492163
topcell,internal_test,configured_data_pool,id_const_b40_h160_p100_cold,lstm,0.15,0,4,0.06251322120651898,0,720,0.1449598009854815,0.12504069743327462,0.07794172992956891,0.292770619275629,0.18512393238798625
topcell,internal_test,configured_data_pool,id_const_b40_h160_p100_gradient,physical_rc,0.15,0,4,0.07210622961516217,0,720,0.03823687918352568,0.022646882618848084,-0.016021567609015235,0.19588457272121218,0.010009707831770888
topcell,internal_test,configured_data_pool,id_const_b40_h160_p100_gradient,mlp,0.15,0,4,0.07210622961516217,0,720,0.2332288625064641,0.19063867074977411,0.017203322976261523,0.5850714827880381,0.2431523636330389
topcell,internal_test,configured_data_pool,id_const_b40_h160_p100_gradient,cnn1d,0.15,0,4,0.07210622961516217,0,720,0.1283231726676068,0.11091287581214482,0.020256878262825625,0.26953229801753764,0.16394977194723442
topcell,internal_test,configured_data_pool,id_const_b40_h160_p100_gradient,tcn,0.15,0,4,0.07210622961516217,0,720,0.34938619826486916,0.28393053237160654,-0.004762832214062366,0.8204654733387429,0.6414496424046099
topcell,internal_test,configured_data_pool,id_const_b40_h160_p100_gradient,gru,0.15,0,4,0.07210622961516217,0,720,0.055401749880365496,0.04651961919464263,-0.03165283964794652,0.12081304743843191,0.0649783020068359
topcell,internal_test,configured_data_pool,id_const_b40_h160_p100_gradient,lstm,0.15,0,4,0.07210622961516217,0,720,0.1168576465814744,0.08768438454274297,-0.03881917400779724,0.3476555548204203,0.21594939619989334
topcell,internal_test,configured_data_pool,id_const_b40_h160_p100_nominal,physical_rc,0.15,0,4,0.10304435887931963,0,720,0.033304271052312547,0.020109259099803652,-0.015492844181695858,0.1551638622229845,0.00978888691324468
topcell,internal_test,configured_data_pool,id_const_b40_h160_p100_nominal,mlp,0.15,0,4,0.10304435887931963,0,720,0.307431034276305,0.2271603031387896,-0.06963820075272475,0.7774252838906506,0.40213336275725703
topcell,internal_test,configured_data_pool,id_const_b40_h160_p100_nominal,cnn1d,0.15,0,4,0.10304435887931963,0,720,0.22637408268025339,0.1944329315471395,-0.017440640934658653,0.47179529323732083,0.26579169917132345
topcell,internal_test,configured_data_pool,id_const_b40_h160_p100_nominal,tcn,0.15,0,4,0.10304435887931963,0,720,0.47496158544801337,0.3874168010980406,-0.1428242729052289,0.9896635636053759,0.5506510045076667
topcell,internal_test,configured_data_pool,id_const_b40_h160_p100_nominal,gru,0.15,0,4,0.10304435887931963,0,720,0.0640528954422978,0.04839508146627964,0.017857566041058093,0.17986483692887134,0.03006006031248226
topcell,internal_test,configured_data_pool,id_const_b40_h160_p100_nominal,lstm,0.15,0,4,0.10304435887931963,0,720,0.13524180400090718,0.11753341926610336,0.028604754180723516,0.2950108130857103,0.14474488038405284
topcell,internal_test,configured_data_pool,id_const_b10_h80_p150_cold,physical_rc,0.15,0,4,0.07047383191679624,0,720,0.03065908537140902,0.023419269703898928,0.021884657132820864,0.09506109860834044,0.009104398347032694
topcell,internal_test,configured_data_pool,id_const_b10_h80_p150_cold,mlp,0.15,0,4,0.07047383191679624,0,720,0.4321388342773935,0.37562322529813613,0.18731193918151204,0.8335315383214095,0.41671749031976224
topcell,internal_test,configured_data_pool,id_const_b10_h80_p150_cold,cnn1d,0.15,0,4,0.07047383191679624,0,720,0.3714462606308913,0.3207629232485396,0.2845235997046095,0.6370725037092058,0.34347968021289893
topcell,internal_test,configured_data_pool,id_const_b10_h80_p150_cold,tcn,0.15,0,4,0.07047383191679624,0,720,0.6853441571549145,0.5452164052305526,-0.3969535872990461,1.7051745702027432,0.5499438209395315
topcell,internal_test,configured_data_pool,id_const_b10_h80_p150_cold,gru,0.15,0,4,0.07047383191679624,0,720,0.07016722226885774,0.056726564478996995,0.01694160197609431,0.17583545715552873,0.023062161929954975
topcell,internal_test,configured_data_pool,id_const_b10_h80_p150_cold,lstm,0.15,0,4,0.07047383191679624,0,720,0.25560694059051503,0.20853339600314058,0.007257882743920124,0.614920689959547,0.2761614511320654
topcell,internal_test,configured_data_pool,id_const_b10_h80_p150_gradient,physical_rc,0.15,0,4,0.1698177627744155,0,720,0.07033881280183961,0.05195900238835841,-0.05195900238835841,0.225014883598476,0.014690582712725974
topcell,internal_test,configured_data_pool,id_const_b10_h80_p150_gradient,mlp,0.15,0,4,0.1698177627744155,0,720,0.2158045290372372,0.19635198567768256,0.026485188906201915,0.3912984002323441,0.23794416432515247
topcell,internal_test,configured_data_pool,id_const_b10_h80_p150_gradient,cnn1d,0.15,0,4,0.1698177627744155,0,720,0.22209834243202034,0.18857954684860792,0.1484772812035546,0.4150520772001727,0.23124563747835103
topcell,internal_test,configured_data_pool,id_const_b10_h80_p150_gradient,tcn,0.15,0,4,0.1698177627744155,0,720,0.5587459072985158,0.46599932759063023,-0.3116689036553266,1.2158791832368792,0.41049921318462684
topcell,internal_test,configured_data_pool,id_const_b10_h80_p150_gradient,gru,0.15,0,4,0.1698177627744155,0,720,0.3150830810829767,0.26192138767158674,-0.2554104472346675,0.6131700953531265,0.2488808854305864
topcell,internal_test,configured_data_pool,id_const_b10_h80_p150_gradient,lstm,0.15,0,4,0.1698177627744155,0,720,0.18464205353776042,0.14058159683628538,-0.09992639970521869,0.6680444707832862,0.3722343220857994
topcell,internal_test,configured_data_pool,id_const_b10_h80_p150_nominal,physical_rc,0.15,0,4,0.14472760030827306,0,720,0.05690967723829083,0.03654230446210406,-0.036239894682045984,0.22855335289590073,0.011728820351499492
topcell,internal_test,configured_data_pool,id_const_b10_h80_p150_nominal,mlp,0.15,0,4,0.14472760030827306,0,720,0.2064183034330764,0.16580157028691783,-0.016735524013184913,0.45235194518815547,0.22843302623793665
topcell,internal_test,configured_data_pool,id_const_b10_h80_p150_nominal,cnn1d,0.15,0,4,0.14472760030827306,0,720,0.31075371255348677,0.2687005103209249,0.23700324335911488,0.5832782653757818,0.26859817225847626
topcell,internal_test,configured_data_pool,id_const_b10_h80_p150_nominal,tcn,0.15,0,4,0.14472760030827306,0,720,0.6163617095524098,0.4701079711605729,-0.451445258496291,1.541774273260458,0.24572792113308464
topcell,internal_test,configured_data_pool,id_const_b10_h80_p150_nominal,gru,0.15,0,4,0.14472760030827306,0,720,0.11391117015664376,0.09100901243165285,0.051658703669143116,0.2745019120022647,0.049590998677709525
topcell,internal_test,configured_data_pool,id_const_b10_h80_p150_nominal,lstm,0.15,0,4,0.14472760030827306,0,720,0.22485248665367039,0.1737328123426656,0.10078677464030757,0.4564029346103098,0.13295112208542972
topcell,internal_test,configured_data_pool,id_const_b10_h80_p100_cold,physical_rc,0.15,0,4,0.11862938311365231,0,720,0.030801760092924995,0.02235744748379167,0.020081053361727868,0.15765219870548464,0.006693701475823119
topcell,internal_test,configured_data_pool,id_const_b10_h80_p100_cold,mlp,0.15,0,4,0.11862938311365231,0,720,0.3188112233013589,0.22849256408197674,0.193934948324653,0.6541721433952432,0.30725592539959473
topcell,internal_test,configured_data_pool,id_const_b10_h80_p100_cold,cnn1d,0.15,0,4,0.11862938311365231,0,720,0.21237579079719437,0.19046471016220567,0.15871809064553843,0.3773285587589754,0.12264641835319048
topcell,internal_test,configured_data_pool,id_const_b10_h80_p100_cold,tcn,0.15,0,4,0.11862938311365231,0,720,0.3844417723213188,0.3163893967571296,-0.21325051491731045,0.9352715598230077,0.2378240659310975
topcell,internal_test,configured_data_pool,id_const_b10_h80_p100_cold,gru,0.15,0,4,0.11862938311365231,0,720,0.15237173409458515,0.12019708664536677,0.107611701786205,0.32699191461502863,0.16506279033109417
topcell,internal_test,configured_data_pool,id_const_b10_h80_p100_cold,lstm,0.15,0,4,0.11862938311365231,0,720,0.1789282793047366,0.1286764418589804,-0.0031961595779169314,0.49593527141551874,0.25125405163053716
topcell,internal_test,configured_data_pool,id_const_b10_h80_p100_gradient,physical_rc,0.15,0,4,0.10422927565536365,0,720,0.05295200688141799,0.035376319618132986,-0.03343725311004595,0.18799366914329596,0.009750889538170413
topcell,internal_test,configured_data_pool,id_const_b10_h80_p100_gradient,mlp,0.15,0,4,0.10422927565536365,0,720,0.24838851274151197,0.18593844082149513,0.05601334611022894,0.5589811459241645,0.2820750917738812
topcell,internal_test,configured_data_pool,id_const_b10_h80_p100_gradient,cnn1d,0.15,0,4,0.10422927565536365,0,720,0.14767905581352855,0.12304869031322,-0.03576288008049033,0.38874922515944377,0.24235738083373168
topcell,internal_test,configured_data_pool,id_const_b10_h80_p100_gradient,tcn,0.15,0,4,0.10422927565536365,0,720,0.33863434238991713,0.2859982801102781,-0.13175826093664245,0.7019701574828474,0.26751157173151174
topcell,internal_test,configured_data_pool,id_const_b10_h80_p100_gradient,gru,0.15,0,4,0.10422927565536365,0,720,0.14965946655808926,0.13106826045375242,-0.016791134944501875,0.31571438177932976,0.19541335072946903
topcell,internal_test,configured_data_pool,id_const_b10_h80_p100_gradient,lstm,0.15,0,4,0.10422927565536365,0,720,0.13390076625480676,0.10458440812808736,0.005070925688015265,0.4040828878698335,0.2059700570810504
topcell,internal_test,configured_data_pool,id_const_b10_h80_p100_nominal,physical_rc,0.15,0,4,0.14877617744552163,0,720,0.022191984826284355,0.01084870764115429,-0.0025317884001177108,0.21698599462640544,0.00546428035718717
topcell,internal_test,configured_data_pool,id_const_b10_h80_p100_nominal,mlp,0.15,0,4,0.14877617744552163,0,720,0.13245309538505645,0.11160221299306239,-0.02175751122383828,0.32742467191240365,0.12098129688134207
topcell,internal_test,configured_data_pool,id_const_b10_h80_p100_nominal,cnn1d,0.15,0,4,0.14877617744552163,0,720,0.15254461169563513,0.1223955565940378,-0.012872430483924951,0.43392267430141374,0.24418322365657055
topcell,internal_test,configured_data_pool,id_const_b10_h80_p100_nominal,tcn,0.15,0,4,0.14877617744552163,0,720,0.4103528964545527,0.3042542151958878,-0.2506538538913415,0.9393037248626683,0.38569960993063773
topcell,internal_test,configured_data_pool,id_const_b10_h80_p100_nominal,gru,0.15,0,4,0.14877617744552163,0,720,0.13345549233512669,0.12024471235465736,0.11127270686273924,0.24034803233925572,0.15735433693860998
topcell,internal_test,configured_data_pool,id_const_b10_h80_p100_nominal,lstm,0.15,0,4,0.14877617744552163,0,720,0.14832257859583625,0.11489704989494832,0.06940591523557134,0.2998589150272295,0.07493543774214032
topcell,internal_test,configured_data_pool,id_ramp_brine_b30_h160_p150,physical_rc,0.15,0,4,0.12391268131821273,0,720,0.05173777756167031,0.03472182463836607,-0.03338116582826472,0.2312665690639193,0.014449019565768552
topcell,internal_test,configured_data_pool,id_ramp_brine_b30_h160_p150,mlp,0.15,0,4,0.12391268131821273,0,720,0.22588700461186914,0.17970927511515605,-0.11781968513661208,0.5543474403377218,0.1719830604190371
topcell,internal_test,configured_data_pool,id_ramp_brine_b30_h160_p150,cnn1d,0.15,0,4,0.12391268131821273,0,720,0.11383265829485643,0.08063040795706049,0.057055633606963446,0.35481594033336705,0.20350930849034327
topcell,internal_test,configured_data_pool,id_ramp_brine_b30_h160_p150,tcn,0.15,0,4,0.12391268131821273,0,720,0.7797744817053033,0.6198375277177164,-0.5125201500933596,1.6010241181793248,0.576362910791135
topcell,internal_test,configured_data_pool,id_ramp_brine_b30_h160_p150,gru,0.15,0,4,0.12391268131821273,0,720,0.1175346651912369,0.09045428152050264,-0.0471317894505439,0.3165807986907794,0.17590746639321322
topcell,internal_test,configured_data_pool,id_ramp_brine_b30_h160_p150,lstm,0.15,0,4,0.12391268131821273,0,720,0.10115729509733645,0.08799672980669594,0.018144506792489877,0.2676661413597401,0.16514829093917807
topcell,internal_test,configured_data_pool,id_const_b30_h160_p0_cold,physical_rc,0.15,0,4,0.12272535958927663,0,720,0.03071055121115036,0.021979117154679293,0.021552575789465796,0.2119917117596728,0.0024599371350295957
topcell,internal_test,configured_data_pool,id_const_b30_h160_p0_cold,mlp,0.15,0,4,0.12272535958927663,0,720,0.4257965757471645,0.3697626968157551,0.1618271190094407,0.8703189502075901,0.5443443945575078
topcell,internal_test,configured_data_pool,id_const_b30_h160_p0_cold,cnn1d,0.15,0,4,0.12272535958927663,0,720,0.2891217825205752,0.22343405074433803,0.20913829121973085,0.620942387194134,0.21464088213206736
topcell,internal_test,configured_data_pool,id_const_b30_h160_p0_cold,tcn,0.15,0,4,0.12272535958927663,0,720,0.3107795946158818,0.2441160322166289,0.022492157393152114,0.7730551569164561,0.4393678887103477
topcell,internal_test,configured_data_pool,id_const_b30_h160_p0_cold,gru,0.15,0,4,0.12272535958927663,0,720,0.19376372109790457,0.14426615022673406,0.12760769358508597,0.38762225946585716,0.18248483502375326
topcell,internal_test,configured_data_pool,id_const_b30_h160_p0_cold,lstm,0.15,0,4,0.12272535958927663,0,720,0.4003243427535975,0.28518811612309797,0.2719602699129681,0.7778275799286973,0.4132174693157259
topcell,internal_test,configured_data_pool,id_const_b30_h160_p0_gradient,physical_rc,0.15,0,4,0.12937176683653068,0,720,0.041094152531311545,0.020698857675719967,0.010341959489993613,0.22903201063896006,0.0028099769440990043
topcell,internal_test,configured_data_pool,id_const_b30_h160_p0_gradient,mlp,0.15,0,4,0.12937176683653068,0,720,0.4394739806895004,0.29237699638046066,0.18035921362125693,1.0869314143542823,0.5524799587224406
topcell,internal_test,configured_data_pool,id_const_b30_h160_p0_gradient,cnn1d,0.15,0,4,0.12937176683653068,0,720,0.1697796342599709,0.13870820535817072,0.11759450903822671,0.3160966975719788,0.17468705613243524
topcell,internal_test,configured_data_pool,id_const_b30_h160_p0_gradient,tcn,0.15,0,4,0.12937176683653068,0,720,0.9686886340704634,0.7653606849653015,0.1125100460177341,1.7895522896482419,1.1467912268749307
topcell,internal_test,configured_data_pool,id_const_b30_h160_p0_gradient,gru,0.15,0,4,0.12937176683653068,0,720,0.07578696257636856,0.06639771593185408,0.005398809545928184,0.21615307676087525,0.0487590937942238
topcell,internal_test,configured_data_pool,id_const_b30_h160_p0_gradient,lstm,0.15,0,4,0.12937176683653068,0,720,0.1411843424800478,0.11541581758302602,0.07869961397956268,0.27638410565698734,0.1809050338431185
topcell,internal_test,configured_data_pool,id_const_b30_h160_p0_nominal,physical_rc,0.15,0,4,0.15694869040185977,0,720,0.030015897137614888,0.017577428156968743,0.01587513427972854,0.19007458194410276,0.002388469965243091
topcell,internal_test,configured_data_pool,id_const_b30_h160_p0_nominal,mlp,0.15,0,4,0.15694869040185977,0,720,0.3886496348474281,0.31555713093635224,-0.0010538444946004669,0.82272592871022,0.31234497395442284
topcell,internal_test,configured_data_pool,id_const_b30_h160_p0_nominal,cnn1d,0.15,0,4,0.15694869040185977,0,720,0.14559798932914053,0.12037713910832568,0.029589772391723904,0.29719130026495577,0.15917056484775832
topcell,internal_test,configured_data_pool,id_const_b30_h160_p0_nominal,tcn,0.15,0,4,0.15694869040185977,0,720,0.5014290542847739,0.4457612332772959,-0.03367758642867496,0.8063866560336237,0.39057238767194374
topcell,internal_test,configured_data_pool,id_const_b30_h160_p0_nominal,gru,0.15,0,4,0.15694869040185977,0,720,0.10334388672339,0.09615049941597562,0.01191346488827994,0.2467050160965698,0.11790665189407347
topcell,internal_test,configured_data_pool,id_const_b30_h160_p0_nominal,lstm,0.15,0,4,0.15694869040185977,0,720,0.13654507654428655,0.10572393219880381,0.033108556836975084,0.26124216140382117,0.17797709805834291
topcell,internal_test,configured_data_pool,id_ramp_brine_b10_h200_p150,physical_rc,0.15,0,4,0.13655441423021766,0,720,0.06015780761625551,0.04533162208877024,-0.04533162208877024,0.22935142496856287,0.01935665009119617
topcell,internal_test,configured_data_pool,id_ramp_brine_b10_h200_p150,mlp,0.15,0,4,0.13655441423021766,0,720,0.26565434790606285,0.21486385832518032,-0.00925178290844679,0.6458232631680829,0.3382534735774967
topcell,internal_test,configured_data_pool,id_ramp_brine_b10_h200_p150,cnn1d,0.15,0,4,0.13655441423021766,0,720,0.25901516914405603,0.2125207028247013,0.13369808685461,0.7273371588849216,0.4333371862888881
topcell,internal_test,configured_data_pool,id_ramp_brine_b10_h200_p150,tcn,0.15,0,4,0.13655441423021766,0,720,0.9717179261646871,0.8217597017503184,-0.749816628082965,1.9738788718555185,0.531697463539863
topcell,internal_test,configured_data_pool,id_ramp_brine_b10_h200_p150,gru,0.15,0,4,0.13655441423021766,0,720,0.29714629671175163,0.2491351546173266,0.20741754134245943,0.546911948199579,0.17851342558429353
topcell,internal_test,configured_data_pool,id_ramp_brine_b10_h200_p150,lstm,0.15,0,4,0.13655441423021766,0,720,0.3663279474939835,0.28233250768444756,0.2504657097428398,0.7272672066010841,0.5246541939819651
topcell,internal_test,configured_data_pool,id_ramp_plasma_b10_h200_p150,physical_rc,0.15,0,4,0.1432376633132866,0,720,0.04916376012846462,0.034860696779528064,-0.024673976828105983,0.19770953527243051,0.045341649215185915
topcell,internal_test,configured_data_pool,id_ramp_plasma_b10_h200_p150,mlp,0.15,0,4,0.1432376633132866,0,720,0.6622617385471746,0.5020097590512757,-0.1414697921246225,1.659400098814487,0.28467481788090787
topcell,internal_test,configured_data_pool,id_ramp_plasma_b10_h200_p150,cnn1d,0.15,0,4,0.1432376633132866,0,720,0.29150503618798784,0.24307394032936053,0.10631553452514167,0.6860965040930864,0.30945643376103305
topcell,internal_test,configured_data_pool,id_ramp_plasma_b10_h200_p150,tcn,0.15,0,4,0.1432376633132866,0,720,1.2975601437332211,0.9984907350458725,-0.7227164836813139,3.0399248909450876,1.456020115715747
topcell,internal_test,configured_data_pool,id_ramp_plasma_b10_h200_p150,gru,0.15,0,4,0.1432376633132866,0,720,0.4919577416705139,0.39517673180851964,-0.38792427394894163,1.1914017671703618,0.8734101427276825
topcell,internal_test,configured_data_pool,id_ramp_plasma_b10_h200_p150,lstm,0.15,0,4,0.1432376633132866,0,720,0.27220435991108666,0.21131546302667786,-0.09687661099767311,0.7464264353198473,0.44556455659703637
topcell,internal_test,configured_data_pool,id_const_b10_h200_p0_cold,physical_rc,0.15,0,4,0.27329526410203797,0,720,0.10996468201630641,0.08644648934959791,0.08644648934959791,0.42910620736549276,0.014178063808048487
topcell,internal_test,configured_data_pool,id_const_b10_h200_p0_cold,mlp,0.15,0,4,0.27329526410203797,0,720,0.8324442523466024,0.6351225649573711,0.5103186156475839,1.9284692785125799,0.4059538569269299
topcell,internal_test,configured_data_pool,id_const_b10_h200_p0_cold,cnn1d,0.15,0,4,0.27329526410203797,0,720,0.4542786495529213,0.38000962376423936,0.2979672433048309,0.7961155745152553,0.34566668530617645
topcell,internal_test,configured_data_pool,id_const_b10_h200_p0_cold,tcn,0.15,0,4,0.27329526410203797,0,720,0.545728538397243,0.4895121965492031,-0.4423305339988518,1.0663194796034645,0.24065375250323165
topcell,internal_test,configured_data_pool,id_const_b10_h200_p0_cold,gru,0.15,0,4,0.27329526410203797,0,720,0.2446069155347384,0.22283678033382018,0.2117227619046292,0.3978939374497372,0.18858985710502596
topcell,internal_test,configured_data_pool,id_const_b10_h200_p0_cold,lstm,0.15,0,4,0.27329526410203797,0,720,0.34597292584278183,0.2613862163513627,0.20670399379707327,0.9009048927803036,0.10057304826903275
topcell,internal_test,configured_data_pool,id_const_b10_h200_p0_gradient,physical_rc,0.15,0,4,0.18012826117227085,0,720,0.057185863595064765,0.04003367965313625,-0.03690328825906107,0.27821526106170325,0.01465144691840747
topcell,internal_test,configured_data_pool,id_const_b10_h200_p0_gradient,mlp,0.15,0,4,0.18012826117227085,0,720,0.43254870034236853,0.3779404453638468,0.25088678636875184,1.085751059490498,0.256986109063419
topcell,internal_test,configured_data_pool,id_const_b10_h200_p0_gradient,cnn1d,0.15,0,4,0.18012826117227085,0,720,0.25936918542159076,0.23448352899473004,0.12050261754815404,0.4309311066379422,0.20803345112363697
topcell,internal_test,configured_data_pool,id_const_b10_h200_p0_gradient,tcn,0.15,0,4,0.18012826117227085,0,720,0.7653912380251442,0.5790055841205672,-0.21788529520612107,1.6986139454103721,0.8871777947992172
topcell,internal_test,configured_data_pool,id_const_b10_h200_p0_gradient,gru,0.15,0,4,0.18012826117227085,0,720,0.2603160441139535,0.22627568370570905,-0.20560820542439068,0.45740695397986997,0.19424131907452707
topcell,internal_test,configured_data_pool,id_const_b10_h200_p0_gradient,lstm,0.15,0,4,0.18012826117227085,0,720,0.31158879221238706,0.2594740543346828,-0.22393448363286853,0.5683815758915358,0.3579011938968333
topcell,internal_test,configured_data_pool,id_const_b10_h200_p0_nominal,physical_rc,0.15,0,4,0.08310729130283002,0,720,0.03579781257730438,0.027906568077379075,-0.027773595991202545,0.16553492708637663,0.012555324338068522
topcell,internal_test,configured_data_pool,id_const_b10_h200_p0_nominal,mlp,0.15,0,4,0.08310729130283002,0,720,0.8300102291515115,0.6779863961762166,0.10410483260125389,1.4877751938748105,0.8275249219821478
topcell,internal_test,configured_data_pool,id_const_b10_h200_p0_nominal,cnn1d,0.15,0,4,0.08310729130283002,0,720,0.12494008987014284,0.10423813174840338,-0.041587834805195824,0.25840445210240404,0.1095616551840157
topcell,internal_test,configured_data_pool,id_const_b10_h200_p0_nominal,tcn,0.15,0,4,0.08310729130283002,0,720,0.766646045706465,0.6224410415129394,-0.49701186769412925,1.5459743385913072,0.42998755574523057
topcell,internal_test,configured_data_pool,id_const_b10_h200_p0_nominal,gru,0.15,0,4,0.08310729130283002,0,720,0.10275478944331805,0.08816656010125051,-0.08473013744862423,0.18844773816331895,0.08470954889530517
topcell,internal_test,configured_data_pool,id_const_b10_h200_p0_nominal,lstm,0.15,0,4,0.08310729130283002,0,720,0.305145451730658,0.24984692680749399,-0.23306212337512217,0.571529404568409,0.3599818795823393
topcell,internal_test,configured_data_pool,id_const_b30_h200_p100_cold,physical_rc,0.15,1,4,0.11271783440875915,0,720,0.022244527658061168,0.009947639546149686,-0.0022853414505180363,0.1674361491961065,0.009208775942115307
topcell,internal_test,configured_data_pool,id_const_b30_h200_p100_cold,mlp,0.15,1,4,0.11271783440875915,0,720,0.29895405312725215,0.21987661468114833,-0.14407529997136068,0.6598574047972647,0.31054365347079055
topcell,internal_test,configured_data_pool,id_const_b30_h200_p100_cold,cnn1d,0.15,1,4,0.11271783440875915,0,720,0.2715914498268017,0.21051418988646453,0.12927389133101302,0.502506719035793,0.359093670708278
topcell,internal_test,configured_data_pool,id_const_b30_h200_p100_cold,tcn,0.15,1,4,0.11271783440875915,0,720,0.8545172753956835,0.7210601992902956,-0.6812314374035774,1.8375669276336168,0.3042127305825957
topcell,internal_test,configured_data_pool,id_const_b30_h200_p100_cold,gru,0.15,1,4,0.11271783440875915,0,720,0.11797315277392882,0.10383337755906166,0.08892061194431788,0.20540731545862911,0.08414393796659997
topcell,internal_test,configured_data_pool,id_const_b30_h200_p100_cold,lstm,0.15,1,4,0.11271783440875915,0,720,0.23273029924575842,0.1934954710937611,0.14466123648466211,0.45189103862507807,0.25178524339567826
topcell,internal_test,configured_data_pool,id_const_b30_h200_p100_gradient,physical_rc,0.15,1,4,0.18628899559610038,0,720,0.06317930012776521,0.029639063042248507,-0.0030437498685623805,0.2963236861367733,0.009335003369148956
topcell,internal_test,configured_data_pool,id_const_b30_h200_p100_gradient,mlp,0.15,1,4,0.18628899559610038,0,720,0.5166171486550258,0.4634923870474026,0.14909130278895427,0.8399130793722804,0.4285592853589151
topcell,internal_test,configured_data_pool,id_const_b30_h200_p100_gradient,cnn1d,0.15,1,4,0.18628899559610038,0,720,0.3141804805053796,0.2899183090997298,0.27139623425726717,0.5281767344122557,0.27158364193322754
topcell,internal_test,configured_data_pool,id_const_b30_h200_p100_gradient,tcn,0.15,1,4,0.18628899559610038,0,720,0.630554745318736,0.4447650984469067,-0.23181261836776634,1.7679026917335108,0.7611274412466587
topcell,internal_test,configured_data_pool,id_const_b30_h200_p100_gradient,gru,0.15,1,4,0.18628899559610038,0,720,0.13536903364068528,0.10618756891177876,-0.07081834441056487,0.26918868267648577,0.14113151640843757
topcell,internal_test,configured_data_pool,id_const_b30_h200_p100_gradient,lstm,0.15,1,4,0.18628899559610038,0,720,0.18649655984692876,0.1530832306456396,0.12853385017150992,0.4308239910717333,0.09914706263066023
topcell,internal_test,configured_data_pool,id_const_b30_h200_p100_nominal,physical_rc,0.15,1,4,0.12177136875066748,0,720,0.01997576040869552,0.013286667419559153,-0.011110250869016071,0.13903908635710138,0.010928771657336819
topcell,internal_test,configured_data_pool,id_const_b30_h200_p100_nominal,mlp,0.15,1,4,0.12177136875066748,0,720,0.3502061467144551,0.25375417981212617,-0.17312981238933794,0.789272445231461,0.40510998757919603
topcell,internal_test,configured_data_pool,id_const_b30_h200_p100_nominal,cnn1d,0.15,1,4,0.12177136875066748,0,720,0.13844162615674319,0.12348081463902479,0.11263188361358474,0.27510755886090976,0.11250445973567295
topcell,internal_test,configured_data_pool,id_const_b30_h200_p100_nominal,tcn,0.15,1,4,0.12177136875066748,0,720,0.6438990348146277,0.5140998803414992,-0.4519295623494555,1.435257448447686,0.3900833932350105
topcell,internal_test,configured_data_pool,id_const_b30_h200_p100_nominal,gru,0.15,1,4,0.12177136875066748,0,720,0.055933645364798064,0.044955979501386495,0.016220450752926385,0.17151939017838203,0.021756248227964545
topcell,internal_test,configured_data_pool,id_const_b30_h200_p100_nominal,lstm,0.15,1,4,0.12177136875066748,0,720,0.1958698349958215,0.17153609589818458,0.16743530336082202,0.43887902145843327,0.15730724049710365
topcell,internal_test,configured_data_pool,id_const_b20_h160_p150_cold,physical_rc,0.15,1,4,0.19358810041088878,0,720,0.03681094664792547,0.01913397734870843,-0.001975720697963358,0.2741085524410636,0.009648222822121558
topcell,internal_test,configured_data_pool,id_const_b20_h160_p150_cold,mlp,0.15,1,4,0.19358810041088878,0,720,0.5494907779822754,0.47881145747295445,0.12220044290097043,1.0051258986239873,0.61062242473343
topcell,internal_test,configured_data_pool,id_const_b20_h160_p150_cold,cnn1d,0.15,1,4,0.19358810041088878,0,720,0.31494280215426856,0.25488306237161124,0.16779158806097932,0.6629970505667586,0.4470962386123873
topcell,internal_test,configured_data_pool,id_const_b20_h160_p150_cold,tcn,0.15,1,4,0.19358810041088878,0,720,0.9632805061695169,0.8071181789935634,-0.7273583797646542,1.9817759394470613,0.4753084763849275
topcell,internal_test,configured_data_pool,id_const_b20_h160_p150_cold,gru,0.15,1,4,0.19358810041088878,0,720,0.29103715143072195,0.23883411380904115,0.19491007204812696,0.6097345303705168,0.23095012606498913
topcell,internal_test,configured_data_pool,id_const_b20_h160_p150_cold,lstm,0.15,1,4,0.19358810041088878,0,720,0.30075774284599377,0.22241537212075155,0.19212870413056102,0.6521699487565371,0.39421181834729696
topcell,internal_test,configured_data_pool,id_const_b20_h160_p150_gradient,physical_rc,0.15,1,4,0.11939748328845859,0,720,0.04609051454944066,0.028480314237334534,0.016423972482238616,0.19107565319966113,0.008934874893780743
topcell,internal_test,configured_data_pool,id_const_b20_h160_p150_gradient,mlp,0.15,1,4,0.11939748328845859,0,720,0.33442400990092264,0.30567694152205027,0.10504113646980255,0.5547593066453231,0.22544245590085255
topcell,internal_test,configured_data_pool,id_const_b20_h160_p150_gradient,cnn1d,0.15,1,4,0.11939748328845859,0,720,0.16655759421088667,0.11561866528079244,0.10142544483656259,0.434289278905851,0.22942081735662215
topcell,internal_test,configured_data_pool,id_const_b20_h160_p150_gradient,tcn,0.15,1,4,0.11939748328845859,0,720,0.696819420535957,0.5401819585259489,-0.4000904983973756,1.4350466479160389,0.5801828957538261
topcell,internal_test,configured_data_pool,id_const_b20_h160_p150_gradient,gru,0.15,1,4,0.11939748328845859,0,720,0.13272943226134956,0.09303228861836892,-0.06495049503318542,0.4272243725812075,0.26705090296159706
topcell,internal_test,configured_data_pool,id_const_b20_h160_p150_gradient,lstm,0.15,1,4,0.11939748328845859,0,720,0.13298880252956802,0.1030600666199152,0.022822374913592174,0.36886781462071383,0.166598984185501
topcell,internal_test,configured_data_pool,id_const_b20_h160_p150_nominal,physical_rc,0.15,1,4,0.06064919180141857,0,720,0.02899070485296575,0.016388699278929903,-0.004762774099015922,0.10761369844988167,0.010225153263799917
topcell,internal_test,configured_data_pool,id_const_b20_h160_p150_nominal,mlp,0.15,1,4,0.06064919180141857,0,720,0.1997310477243173,0.15887536355109416,-0.03874245097917596,0.41702154085660936,0.18855963281195542
topcell,internal_test,configured_data_pool,id_const_b20_h160_p150_nominal,cnn1d,0.15,1,4,0.06064919180141857,0,720,0.16155852118674952,0.14567522950272338,0.08389894040056804,0.3670644571608932,0.24067555028814838
topcell,internal_test,configured_data_pool,id_const_b20_h160_p150_nominal,tcn,0.15,1,4,0.06064919180141857,0,720,0.7474531346763412,0.6077248642730583,-0.5140830901580249,1.430989590263593,0.5075127416277959
topcell,internal_test,configured_data_pool,id_const_b20_h160_p150_nominal,gru,0.15,1,4,0.06064919180141857,0,720,0.09349710431986888,0.07384908929297986,-0.021252912469718402,0.2629552601138414,0.18868476512040386
topcell,internal_test,configured_data_pool,id_const_b20_h160_p150_nominal,lstm,0.15,1,4,0.06064919180141857,0,720,0.08943407818503947,0.07258608512839064,0.017668096221824057,0.2711471662863545,0.14872485907672364
topcell,internal_test,configured_data_pool,id_const_b20_h120_p50_cold,physical_rc,0.15,1,4,0.13772316979832383,0,720,0.048464327026791966,0.036933475096237886,-0.036775675083182406,0.19135081253156017,0.010631844134867792
topcell,internal_test,configured_data_pool,id_const_b20_h120_p50_cold,mlp,0.15,1,4,0.13772316979832383,0,720,0.15436216854563203,0.1250307873975629,-0.10130866942267648,0.3435650646574544,0.14196042498545236
topcell,internal_test,configured_data_pool,id_const_b20_h120_p50_cold,cnn1d,0.15,1,4,0.13772316979832383,0,720,0.08406420754483743,0.06872590030553487,0.02622060515613474,0.2024564580033541,0.03595400936847023
topcell,internal_test,configured_data_pool,id_const_b20_h120_p50_cold,tcn,0.15,1,4,0.13772316979832383,0,720,0.36973462768251913,0.31711891116286806,-0.30132883669940036,0.7321400961658924,0.08694785556069293
topcell,internal_test,configured_data_pool,id_const_b20_h120_p50_cold,gru,0.15,1,4,0.13772316979832383,0,720,0.1543347807812773,0.14473211681286685,-0.14470337569226055,0.24707084104321098,0.07440235733242731
topcell,internal_test,configured_data_pool,id_const_b20_h120_p50_cold,lstm,0.15,1,4,0.13772316979832383,0,720,0.12084979385249232,0.09364575953581,-0.05086503936008636,0.2641129483056659,0.08770834349400027
topcell,internal_test,configured_data_pool,id_const_b20_h120_p50_gradient,physical_rc,0.15,1,4,0.12127985025059729,0,720,0.03643442007843056,0.02326101618932067,0.02203308074413067,0.23089922979813338,0.003984344504066748
topcell,internal_test,configured_data_pool,id_const_b20_h120_p50_gradient,mlp,0.15,1,4,0.12127985025059729,0,720,0.4253379452606683,0.31627837513105994,0.0452348464585719,1.0190786875833027,0.5324112763034781
topcell,internal_test,configured_data_pool,id_const_b20_h120_p50_gradient,cnn1d,0.15,1,4,0.12127985025059729,0,720,0.08699357848708288,0.06345964390505883,-0.025411325587701396,0.27775744477045805,0.1586378704590674
topcell,internal_test,configured_data_pool,id_const_b20_h120_p50_gradient,tcn,0.15,1,4,0.12127985025059729,0,720,0.2778831303186056,0.21390478405237517,-0.1264605202751021,0.7550241715794925,0.28234984449668904
topcell,internal_test,configured_data_pool,id_const_b20_h120_p50_gradient,gru,0.15,1,4,0.12127985025059729,0,720,0.052661195128692245,0.04091112514723876,-0.02673462564560765,0.22683304809567062,0.02955183159520436
topcell,internal_test,configured_data_pool,id_const_b20_h120_p50_gradient,lstm,0.15,1,4,0.12127985025059729,0,720,0.11892863996091298,0.09928994303810966,0.08160200452377411,0.3241604506973843,0.06750940294026178
topcell,internal_test,configured_data_pool,id_const_b20_h120_p50_nominal,physical_rc,0.15,1,4,0.13303793202653053,0,720,0.04002438888332035,0.028985534288397338,0.028758272215590134,0.18940373911959085,0.005035996836860396
topcell,internal_test,configured_data_pool,id_const_b20_h120_p50_nominal,mlp,0.15,1,4,0.13303793202653053,0,720,0.35891640912749895,0.291206748449135,-0.1855876213891841,0.6570970568707963,0.2962833557200191
topcell,internal_test,configured_data_pool,id_const_b20_h120_p50_nominal,cnn1d,0.15,1,4,0.13303793202653053,0,720,0.17568055605413366,0.14272533200319729,-0.03345431123569468,0.4155756948890996,0.26901861329472276
topcell,internal_test,configured_data_pool,id_const_b20_h120_p50_nominal,tcn,0.15,1,4,0.13303793202653053,0,720,0.5911308864691548,0.5139311812583391,-0.2282546750688561,1.0983870401885838,0.5284804216209406
topcell,internal_test,configured_data_pool,id_const_b20_h120_p50_nominal,gru,0.15,1,4,0.13303793202653053,0,720,0.11319814285221307,0.09024581336397156,-0.058993489342654006,0.2026295007816259,0.10349186599527044
topcell,internal_test,configured_data_pool,id_const_b20_h120_p50_nominal,lstm,0.15,1,4,0.13303793202653053,0,720,0.13770235789696544,0.11059245790965236,-0.0016733044822419588,0.25805487500265656,0.11046982943944524
topcell,internal_test,configured_data_pool,id_const_b30_h120_p50_cold,physical_rc,0.15,1,4,0.1514048801473718,0,720,0.021625286756303017,0.012471410076184084,0.009914105827124707,0.1767218632218075,0.0033343535649643812
topcell,internal_test,configured_data_pool,id_const_b30_h120_p50_cold,mlp,0.15,1,4,0.1514048801473718,0,720,0.10266321693092045,0.08481196238109506,-0.044032144616939925,0.2889413845874458,0.1454593252173204
topcell,internal_test,configured_data_pool,id_const_b30_h120_p50_cold,cnn1d,0.15,1,4,0.1514048801473718,0,720,0.14757586716345628,0.1139318803179149,0.08352222671643668,0.32683918567771286,0.16441222627098903
topcell,internal_test,configured_data_pool,id_const_b30_h120_p50_cold,tcn,0.15,1,4,0.1514048801473718,0,720,0.3194704095405601,0.26410487314845216,-0.15679415549739503,0.6658110361394591,0.30285944266758175
topcell,internal_test,configured_data_pool,id_const_b30_h120_p50_cold,gru,0.15,1,4,0.1514048801473718,0,720,0.11098533814802616,0.09378150898153706,-0.08163659677233348,0.22247769493237968,0.07461036216233155
topcell,internal_test,configured_data_pool,id_const_b30_h120_p50_cold,lstm,0.15,1,4,0.1514048801473718,0,720,0.11645372521169114,0.08575646908484218,-0.008901633324005528,0.32095331638462454,0.09373343641522222
topcell,internal_test,configured_data_pool,id_const_b30_h120_p50_gradient,physical_rc,0.15,1,4,0.2067698897198073,0,720,0.048659395420270486,0.031323847523644734,0.02463620668017073,0.24593096840654738,0.004665469072222881
topcell,internal_test,configured_data_pool,id_const_b30_h120_p50_gradient,mlp,0.15,1,4,0.2067698897198073,0,720,0.6774444544511713,0.5671433700892976,0.13052620840532048,1.458594229043456,0.8277310107505448
topcell,internal_test,configured_data_pool,id_const_b30_h120_p50_gradient,cnn1d,0.15,1,4,0.2067698897198073,0,720,0.2825025185529494,0.2342606803333289,0.13332969498269967,0.49086292490339645,0.20820975247236934
topcell,internal_test,configured_data_pool,id_const_b30_h120_p50_gradient,tcn,0.15,1,4,0.2067698897198073,0,720,0.5258651691067011,0.4163882723236966,-0.0007296019047767703,1.2709092537407827,0.6470185696038968
topcell,internal_test,configured_data_pool,id_const_b30_h120_p50_gradient,gru,0.15,1,4,0.2067698897198073,0,720,0.11825411181567924,0.08819727540910767,0.07667604625456402,0.270318338968913,0.10976836268214696
topcell,internal_test,configured_data_pool,id_const_b30_h120_p50_gradient,lstm,0.15,1,4,0.2067698897198073,0,720,0.21506379373138215,0.19974956376185837,0.19588918666552388,0.3258349257744584,0.1559554211708278
topcell,internal_test,configured_data_pool,id_const_b30_h120_p50_nominal,physical_rc,0.15,1,4,0.15568125831905427,0,720,0.022482561244219944,0.01642975956783405,-0.015540372659607686,0.14649966944501358,0.006857877947039654
topcell,internal_test,configured_data_pool,id_const_b30_h120_p50_nominal,mlp,0.15,1,4,0.15568125831905427,0,720,0.24462676736038888,0.1874926675198511,-0.13171075145832262,0.5006794486242825,0.22475620044461614
topcell,internal_test,configured_data_pool,id_const_b30_h120_p50_nominal,cnn1d,0.15,1,4,0.15568125831905427,0,720,0.120461644810818,0.11006285578899726,0.0068891442257183475,0.22354515168326827,0.12489417992500261
topcell,internal_test,configured_data_pool,id_const_b30_h120_p50_nominal,tcn,0.15,1,4,0.15568125831905427,0,720,0.4155298438476136,0.3488923772477452,-0.18864807741715878,0.8619157661367751,0.345647603333914
topcell,internal_test,configured_data_pool,id_const_b30_h120_p50_nominal,gru,0.15,1,4,0.15568125831905427,0,720,0.14133233944983625,0.11133452485950748,-0.1050857963195746,0.24942590516438656,0.11342663795492529
topcell,internal_test,configured_data_pool,id_const_b30_h120_p50_nominal,lstm,0.15,1,4,0.15568125831905427,0,720,0.165228459017437,0.12911961730647362,-0.017301522122849713,0.3031847468785571,0.1537259071536719
topcell,internal_test,configured_data_pool,id_ramp_brine_b10_h160_p50,physical_rc,0.15,1,4,0.05791643463397466,0,720,0.01624073013653792,0.008205541037710538,-0.00013330753897573545,0.09981131837403723,0.006904999558817138
topcell,internal_test,configured_data_pool,id_ramp_brine_b10_h160_p50,mlp,0.15,1,4,0.05791643463397466,0,720,0.235469894869032,0.18894313264818585,0.053219701342907585,0.5694676805074863,0.34261914468764393
topcell,internal_test,configured_data_pool,id_ramp_brine_b10_h160_p50,cnn1d,0.15,1,4,0.05791643463397466,0,720,0.11296683447479165,0.09513133802363309,0.05369902724640547,0.2665940028068974,0.21545059354962812
topcell,internal_test,configured_data_pool,id_ramp_brine_b10_h160_p50,tcn,0.15,1,4,0.05791643463397466,0,720,0.31573088290024187,0.2695414362790027,-0.15333645785042122,0.7553148295923222,0.4902629086392077
topcell,internal_test,configured_data_pool,id_ramp_brine_b10_h160_p50,gru,0.15,1,4,0.05791643463397466,0,720,0.10666398168739924,0.09017786608632086,0.032917799823892376,0.30687984577213,0.17986057568514552
topcell,internal_test,configured_data_pool,id_ramp_brine_b10_h160_p50,lstm,0.15,1,4,0.05791643463397466,0,720,0.144735904928919,0.10595382875367747,0.08784111332945731,0.40364568233643183,0.20585393347403805
topcell,internal_test,configured_data_pool,id_const_b30_h80_p50_cold,physical_rc,0.15,1,4,0.1190074079808759,0,720,0.0420842823010284,0.03400223220125774,0.03400223220125774,0.17933477662538166,0.007808691781995128
topcell,internal_test,configured_data_pool,id_const_b30_h80_p50_cold,mlp,0.15,1,4,0.1190074079808759,0,720,0.24960009132238978,0.21130465118630057,0.16212337744912747,0.5114941154288175,0.25945396691215794
topcell,internal_test,configured_data_pool,id_const_b30_h80_p50_cold,cnn1d,0.15,1,4,0.1190074079808759,0,720,0.17986056245055496,0.15478028752848116,0.04119938086609227,0.37638185924524237,0.26065262928831595
topcell,internal_test,configured_data_pool,id_const_b30_h80_p50_cold,tcn,0.15,1,4,0.1190074079808759,0,720,0.14579213446015898,0.12166792151406224,0.11070356866592207,0.31827180368595975,0.10434684889886
topcell,internal_test,configured_data_pool,id_const_b30_h80_p50_cold,gru,0.15,1,4,0.1190074079808759,0,720,0.16789975548974598,0.15199881616184227,-0.12932013176726648,0.27929655321572255,0.12315708845058562
topcell,internal_test,configured_data_pool,id_const_b30_h80_p50_cold,lstm,0.15,1,4,0.1190074079808759,0,720,0.20614778032240583,0.16054359205942323,-0.049165043935013614,0.4048533447995766,0.15116054826302577
topcell,internal_test,configured_data_pool,id_const_b30_h80_p50_gradient,physical_rc,0.15,1,4,0.1897681072120817,0,720,0.0780083207527722,0.05780203390307646,-0.05780203390307646,0.2871039878758026,0.013770365997228013
topcell,internal_test,configured_data_pool,id_const_b30_h80_p50_gradient,mlp,0.15,1,4,0.1897681072120817,0,720,0.7127334206779032,0.6295653773049523,0.1247717494595889,1.3287470621348518,0.8483670923919969
topcell,internal_test,configured_data_pool,id_const_b30_h80_p50_gradient,cnn1d,0.15,1,4,0.1897681072120817,0,720,0.21357167100386198,0.19298369825932873,0.04449027518684444,0.43868802499169135,0.19841548320401353
topcell,internal_test,configured_data_pool,id_const_b30_h80_p50_gradient,tcn,0.15,1,4,0.1897681072120817,0,720,0.5833995141651456,0.5135067559513053,0.13569292467593036,1.1511796763587796,0.4984769101129071
topcell,internal_test,configured_data_pool,id_const_b30_h80_p50_gradient,gru,0.15,1,4,0.1897681072120817,0,720,0.12383118056655587,0.11754357719885646,-0.11754357719885646,0.30841363014694423,0.07072936118219661
topcell,internal_test,configured_data_pool,id_const_b30_h80_p50_gradient,lstm,0.15,1,4,0.1897681072120817,0,720,0.10061602724311138,0.08784948999519339,0.04591868161065265,0.3105890332233372,0.10550567292044599
topcell,internal_test,configured_data_pool,id_const_b30_h80_p50_nominal,physical_rc,0.15,1,4,0.13993048822856574,0,720,0.034286290402992324,0.02396059764146138,-0.022873042925774783,0.16928384542688235,0.006452594573973343
topcell,internal_test,configured_data_pool,id_const_b30_h80_p50_nominal,mlp,0.15,1,4,0.13993048822856574,0,720,0.3062850185271643,0.2735954749178371,0.019743362578561425,0.6515463406479896,0.42795481121296053
topcell,internal_test,configured_data_pool,id_const_b30_h80_p50_nominal,cnn1d,0.15,1,4,0.13993048822856574,0,720,0.12062227744904346,0.10000358693107217,-0.04573956335315198,0.22718708969284762,0.14338834558240043
topcell,internal_test,configured_data_pool,id_const_b30_h80_p50_nominal,tcn,0.15,1,4,0.13993048822856574,0,720,0.3188197102555701,0.24996471986560453,0.03157316646941212,0.6731797847035068,0.28643395953754425
topcell,internal_test,configured_data_pool,id_const_b30_h80_p50_nominal,gru,0.15,1,4,0.13993048822856574,0,720,0.16854872145354555,0.1576010794315422,-0.0015304154099363032,0.26186421903224044,0.16789936997587904
topcell,internal_test,configured_data_pool,id_const_b30_h80_p50_nominal,lstm,0.15,1,4,0.13993048822856574,0,720,0.16544897286301888,0.13130313420400838,0.1045136171244574,0.3295726792641105,0.19664358255567815
topcell,internal_test,configured_data_pool,id_const_b10_h80_p0_cold,physical_rc,0.15,1,4,0.0870856660615832,0,720,0.013295484431316241,0.006081383575054892,0.004633393737902529,0.13426502335508417,0.0006119862660843073
topcell,internal_test,configured_data_pool,id_const_b10_h80_p0_cold,mlp,0.15,1,4,0.0870856660615832,0,720,0.30011867912683887,0.2482207339960826,-0.03861669604884419,0.6823256747264068,0.16675843819062813
topcell,internal_test,configured_data_pool,id_const_b10_h80_p0_cold,cnn1d,0.15,1,4,0.0870856660615832,0,720,0.27744922664206356,0.25633969632883696,0.25558050860634235,0.49997215905514025,0.32949492403303976
topcell,internal_test,configured_data_pool,id_const_b10_h80_p0_cold,tcn,0.15,1,4,0.0870856660615832,0,720,0.7458075093496664,0.5952413785979866,0.4350393109674723,1.6502314698225504,0.5688634698116856
topcell,internal_test,configured_data_pool,id_const_b10_h80_p0_cold,gru,0.15,1,4,0.0870856660615832,0,720,0.07730303840396481,0.06252424744064213,0.019600604740702684,0.157497994280277,0.03818239759439133
topcell,internal_test,configured_data_pool,id_const_b10_h80_p0_cold,lstm,0.15,1,4,0.0870856660615832,0,720,0.3844740020388054,0.32420728155385986,0.3206342113444326,0.7342591582931348,0.4010446585139893
topcell,internal_test,configured_data_pool,id_const_b10_h80_p0_gradient,physical_rc,0.15,1,4,0.12061739718251632,0,720,0.01756313561876541,0.010065597738809216,0.009475411714943663,0.1417967659587518,0.0009621037748984738
topcell,internal_test,configured_data_pool,id_const_b10_h80_p0_gradient,mlp,0.15,1,4,0.12061739718251632,0,720,0.30102531216904427,0.27381120776931944,0.27294777534411013,0.5271517454583758,0.28189885046816865
topcell,internal_test,configured_data_pool,id_const_b10_h80_p0_gradient,cnn1d,0.15,1,4,0.12061739718251632,0,720,0.36792270555401324,0.3070055391907369,0.2770162472593061,0.7351034461427517,0.4880789167327876
topcell,internal_test,configured_data_pool,id_const_b10_h80_p0_gradient,tcn,0.15,1,4,0.12061739718251632,0,720,0.3334815807036502,0.30768065398105066,0.013324831666338355,0.8861393327731264,0.3487830670432205
topcell,internal_test,configured_data_pool,id_const_b10_h80_p0_gradient,gru,0.15,1,4,0.12061739718251632,0,720,0.0934927229392036,0.07530687396120103,0.04561671580774264,0.24155051184620646,0.07754743382269146
topcell,internal_test,configured_data_pool,id_const_b10_h80_p0_gradient,lstm,0.15,1,4,0.12061739718251632,0,720,0.19698368961614474,0.16312767498194647,0.15633242349752371,0.36517434876254384,0.220599665828133
topcell,internal_test,configured_data_pool,id_const_b10_h80_p0_nominal,physical_rc,0.15,1,4,0.08603755703218492,0,720,0.019497689782866576,0.014455512870086996,-0.014269459001523672,0.14540507568398198,0.004251662046704514
topcell,internal_test,configured_data_pool,id_const_b10_h80_p0_nominal,mlp,0.15,1,4,0.08603755703218492,0,720,0.3082908054409265,0.21479454194731112,0.051561255322823525,0.660427009893958,0.4098124723535136
topcell,internal_test,configured_data_pool,id_const_b10_h80_p0_nominal,cnn1d,0.15,1,4,0.08603755703218492,0,720,0.13266924391028243,0.10436842248704425,0.09412976479708696,0.3287496652015989,0.21408690271730868
topcell,internal_test,configured_data_pool,id_const_b10_h80_p0_nominal,tcn,0.15,1,4,0.08603755703218492,0,720,0.20999458538483526,0.18038217600122022,-0.12697957013764594,0.5267857565956646,0.3069306151059537
topcell,internal_test,configured_data_pool,id_const_b10_h80_p0_nominal,gru,0.15,1,4,0.08603755703218492,0,720,0.1215673602578074,0.09930201459799526,-0.08007164585860632,0.22318719085129146,0.12620118843796974
topcell,internal_test,configured_data_pool,id_const_b10_h80_p0_nominal,lstm,0.15,1,4,0.08603755703218492,0,720,0.15501114350188283,0.12841067394498118,0.12162344156061129,0.30818845326827216,0.22916435345589511
topcell,internal_test,configured_data_pool,id_const_b40_h160_p100_cold,physical_rc,0.15,1,4,0.23622616303330868,0,720,0.09093938179214557,0.06824805521863811,0.06824805521863811,0.3530769141946237,0.013616811886873
topcell,internal_test,configured_data_pool,id_const_b40_h160_p100_cold,mlp,0.15,1,4,0.23622616303330868,0,720,0.3118906858990041,0.2552138424751753,0.08535375599248132,0.5491733154730412,0.35458289626345557
topcell,internal_test,configured_data_pool,id_const_b40_h160_p100_cold,cnn1d,0.15,1,4,0.23622616303330868,0,720,0.49291720385727816,0.4248509858418707,0.12459574292209624,0.8773049776118285,0.6260345614842264
topcell,internal_test,configured_data_pool,id_const_b40_h160_p100_cold,tcn,0.15,1,4,0.23622616303330868,0,720,0.5033539117039793,0.43157602280589913,-0.24935920924207108,0.9985926356623196,0.4954669761754896
topcell,internal_test,configured_data_pool,id_const_b40_h160_p100_cold,gru,0.15,1,4,0.23622616303330868,0,720,0.2694680919214469,0.24933051722165148,0.24933051722165148,0.42472123464379763,0.18823483854216017
topcell,internal_test,configured_data_pool,id_const_b40_h160_p100_cold,lstm,0.15,1,4,0.23622616303330868,0,720,0.23930502921765986,0.20218893316131875,0.19053854207421772,0.5099039157621732,0.2533617473296282
topcell,internal_test,configured_data_pool,id_const_b40_h160_p100_gradient,physical_rc,0.15,1,4,0.1362692558129183,0,720,0.06578087289109594,0.04724734470033879,-0.045758094439888264,0.23281557124062147,0.015522696069075264
topcell,internal_test,configured_data_pool,id_const_b40_h160_p100_gradient,mlp,0.15,1,4,0.1362692558129183,0,720,0.2685834642770637,0.20659884944753903,0.002845257403958564,0.6644750443672223,0.25261763680999266
topcell,internal_test,configured_data_pool,id_const_b40_h160_p100_gradient,cnn1d,0.15,1,4,0.1362692558129183,0,720,0.16451680356098974,0.1407311965587361,0.016348447078053635,0.31205201164853236,0.20483767703422254
topcell,internal_test,configured_data_pool,id_const_b40_h160_p100_gradient,tcn,0.15,1,4,0.1362692558129183,0,720,0.3676184632313176,0.3052592891825394,-0.013322290648160123,0.8596582185194563,0.6562432964068512
topcell,internal_test,configured_data_pool,id_const_b40_h160_p100_gradient,gru,0.15,1,4,0.1362692558129183,0,720,0.14177911508501465,0.11855589414294702,-0.07456799598939663,0.2649021429397891,0.12693248002744137
topcell,internal_test,configured_data_pool,id_const_b40_h160_p100_gradient,lstm,0.15,1,4,0.1362692558129183,0,720,0.1567097124778923,0.12004451683144733,-0.07792405891135518,0.3476613294033797,0.23291592539450806
topcell,internal_test,configured_data_pool,id_const_b40_h160_p100_nominal,physical_rc,0.15,1,4,0.11889712603579716,0,720,0.015249602816618966,0.009292205747731774,-0.0012572633963020528,0.10679721896553218,0.007879377397192674
topcell,internal_test,configured_data_pool,id_const_b40_h160_p100_nominal,mlp,0.15,1,4,0.11889712603579716,0,720,0.330466576889384,0.25409119699274096,-0.06482834419963268,0.8080740158545865,0.4275424240515272
topcell,internal_test,configured_data_pool,id_const_b40_h160_p100_nominal,cnn1d,0.15,1,4,0.11889712603579716,0,720,0.20253619034615997,0.1725385218428276,-0.04322080084610638,0.4335522393293161,0.21826613159545488
topcell,internal_test,configured_data_pool,id_const_b40_h160_p100_nominal,tcn,0.15,1,4,0.11889712603579716,0,720,0.48192174149358563,0.3884695974087002,-0.13078189473569357,0.9924079351996511,0.5585705898990403
topcell,internal_test,configured_data_pool,id_const_b40_h160_p100_nominal,gru,0.15,1,4,0.11889712603579716,0,720,0.06679504037381379,0.05668472859974345,0.003527039937628314,0.16433983071463132,0.03779145716103581
topcell,internal_test,configured_data_pool,id_const_b40_h160_p100_nominal,lstm,0.15,1,4,0.11889712603579716,0,720,0.13597819222415813,0.11870458668813086,0.008340172142955411,0.28554747402444036,0.15323380525043706
topcell,internal_test,configured_data_pool,id_const_b10_h80_p150_cold,physical_rc,0.15,1,4,0.18441981289044335,0,720,0.07124913069317959,0.04909862216876058,-0.04909862216876058,0.3137963394636927,0.013504791171195029
topcell,internal_test,configured_data_pool,id_const_b10_h80_p150_cold,mlp,0.15,1,4,0.18441981289044335,0,720,0.4590593224280507,0.3780475012494506,0.13265314698156475,0.9408226287117714,0.47786917329225326
topcell,internal_test,configured_data_pool,id_const_b10_h80_p150_cold,cnn1d,0.15,1,4,0.18441981289044335,0,720,0.3902361502680833,0.3281652974035384,0.25127703290448355,0.7424104255894264,0.3799964817712503
topcell,internal_test,configured_data_pool,id_const_b10_h80_p150_cold,tcn,0.15,1,4,0.18441981289044335,0,720,0.7811730312828202,0.6343207618011023,-0.4527236370424425,1.920605899276083,0.6370490202881545
topcell,internal_test,configured_data_pool,id_const_b10_h80_p150_cold,gru,0.15,1,4,0.18441981289044335,0,720,0.12984518632411654,0.10292733370571913,-0.06451269430968509,0.40435132976983823,0.10423208666909359
topcell,internal_test,configured_data_pool,id_const_b10_h80_p150_cold,lstm,0.15,1,4,0.18441981289044335,0,720,0.23283154807788323,0.20349085156126848,-0.07384638388858598,0.5796595351393989,0.3363631695894573
topcell,internal_test,configured_data_pool,id_const_b10_h80_p150_gradient,physical_rc,0.15,1,4,0.18401156541277386,0,720,0.07921260873164238,0.058973719546567605,-0.058973719546567605,0.24042089519181786,0.015985265405451282
topcell,internal_test,configured_data_pool,id_const_b10_h80_p150_gradient,mlp,0.15,1,4,0.18401156541277386,0,720,0.2289757853286362,0.208994008009701,0.025434868455471805,0.42290716386914085,0.24595946686460404
topcell,internal_test,configured_data_pool,id_const_b10_h80_p150_gradient,cnn1d,0.15,1,4,0.18401156541277386,0,720,0.2303829053600288,0.1925704816066563,0.15141316477529432,0.4410513004172998,0.23986165820656555
topcell,internal_test,configured_data_pool,id_const_b10_h80_p150_gradient,tcn,0.15,1,4,0.18401156541277386,0,720,0.5649806872686691,0.46839519970401605,-0.3163497425857622,1.2538101394934529,0.40966217615913264
topcell,internal_test,configured_data_pool,id_const_b10_h80_p150_gradient,gru,0.15,1,4,0.18401156541277386,0,720,0.3149071188745378,0.2605831010087423,-0.25290836433481984,0.6130061384587862,0.2515751779785188
topcell,internal_test,configured_data_pool,id_const_b10_h80_p150_gradient,lstm,0.15,1,4,0.18401156541277386,0,720,0.1833906856845794,0.1379403660921104,-0.10018982991554777,0.6698055855906091,0.3711113680033296
topcell,internal_test,configured_data_pool,id_const_b10_h80_p150_nominal,physical_rc,0.15,1,4,0.24611361799789197,0,720,0.04372687003454374,0.02660413746969299,0.021903869748611183,0.2738134649338093,0.008917641828241061
topcell,internal_test,configured_data_pool,id_const_b10_h80_p150_nominal,mlp,0.15,1,4,0.24611361799789197,0,720,0.18623350149916057,0.15536460703990018,-0.025752643300276674,0.47730796502480644,0.28802827128743036
topcell,internal_test,configured_data_pool,id_const_b10_h80_p150_nominal,cnn1d,0.15,1,4,0.24611361799789197,0,720,0.20762117179006903,0.1871314402544102,0.16740453134739708,0.3604029849247894,0.1675279199612377
topcell,internal_test,configured_data_pool,id_const_b10_h80_p150_nominal,tcn,0.15,1,4,0.24611361799789197,0,720,0.5383868011089488,0.45098825030576406,-0.3940919799856725,1.0097984108542022,0.3899725936818953
topcell,internal_test,configured_data_pool,id_const_b10_h80_p150_nominal,gru,0.15,1,4,0.24611361799789197,0,720,0.21738101437986762,0.18553455192223198,-0.17271160058211774,0.4271735442077329,0.15936452735167847
topcell,internal_test,configured_data_pool,id_const_b10_h80_p150_nominal,lstm,0.15,1,4,0.24611361799789197,0,720,0.20719250278939655,0.17657651720731493,-0.06813951590153156,0.5899149483691417,0.3509980640261831
topcell,internal_test,configured_data_pool,id_const_b10_h80_p100_cold,physical_rc,0.15,1,4,0.23793152902826442,0,720,0.04030217060726545,0.023474970733171348,0.02140328076816299,0.38875343947479024,0.006689815398999904
topcell,internal_test,configured_data_pool,id_const_b10_h80_p100_cold,mlp,0.15,1,4,0.23793152902826442,0,720,0.24150491843049757,0.17608558228350432,0.13182333832070312,0.7148793973654364,0.1430157020265426
topcell,internal_test,configured_data_pool,id_const_b10_h80_p100_cold,cnn1d,0.15,1,4,0.23793152902826442,0,720,0.1320139561357438,0.10624586397299414,0.03369837870699338,0.3413844368546535,0.1794325635709163
topcell,internal_test,configured_data_pool,id_const_b10_h80_p100_cold,tcn,0.15,1,4,0.23793152902826442,0,720,0.2779203483071372,0.2495362959786916,-0.24696563093802246,0.5387719506839517,0.1728563037420749
topcell,internal_test,configured_data_pool,id_const_b10_h80_p100_cold,gru,0.15,1,4,0.23793152902826442,0,720,0.07184849938158713,0.05874511837268158,0.031746741575246436,0.36382133682616313,0.11015751991484551
topcell,internal_test,configured_data_pool,id_const_b10_h80_p100_cold,lstm,0.15,1,4,0.23793152902826442,0,720,0.20479168481387308,0.1687561571268605,-0.07136118519305987,0.4869247368153822,0.22109712986426433
topcell,internal_test,configured_data_pool,id_const_b10_h80_p100_gradient,physical_rc,0.15,1,4,0.16132319329331607,0,720,0.03677036416907666,0.021685438189043026,0.01540786438083346,0.22922164938564293,0.005865045557234961
topcell,internal_test,configured_data_pool,id_const_b10_h80_p100_gradient,mlp,0.15,1,4,0.16132319329331607,0,720,0.1323977667423953,0.10940879034412979,0.062025514525450444,0.2735226355406368,0.14605564549833255
topcell,internal_test,configured_data_pool,id_const_b10_h80_p100_gradient,cnn1d,0.15,1,4,0.16132319329331607,0,720,0.16935671162499744,0.1338905735824709,-0.0541003364703523,0.4634101300553226,0.3037981303847341
topcell,internal_test,configured_data_pool,id_const_b10_h80_p100_gradient,tcn,0.15,1,4,0.16132319329331607,0,720,0.40859967291232946,0.3242623035727442,-0.10655611068806543,0.8044341038597622,0.4065773995646338
topcell,internal_test,configured_data_pool,id_const_b10_h80_p100_gradient,gru,0.15,1,4,0.16132319329331607,0,720,0.11507133783434226,0.09763833814210869,-0.03136262209689689,0.24994051128652472,0.14848073228805672
topcell,internal_test,configured_data_pool,id_const_b10_h80_p100_gradient,lstm,0.15,1,4,0.16132319329331607,0,720,0.13521126724941634,0.09886031311422011,0.0052101188383208786,0.377157688677471,0.1954353769552278
topcell,internal_test,configured_data_pool,id_const_b10_h80_p100_nominal,physical_rc,0.15,1,4,0.1122186982865942,0,720,0.029805672754480046,0.022222208789110985,-0.021862675683993752,0.18153910374438453,0.007856312887280762
topcell,internal_test,configured_data_pool,id_const_b10_h80_p100_nominal,mlp,0.15,1,4,0.1122186982865942,0,720,0.08134818153763358,0.0692506340174796,-0.004372349424709654,0.18275173902696906,0.10371102481750462
topcell,internal_test,configured_data_pool,id_const_b10_h80_p100_nominal,cnn1d,0.15,1,4,0.1122186982865942,0,720,0.10484992108825751,0.08652130324067231,0.0104662390800836,0.3078640083732722,0.1805284777749362
topcell,internal_test,configured_data_pool,id_const_b10_h80_p100_nominal,tcn,0.15,1,4,0.1122186982865942,0,720,0.33780079660529916,0.27559554402871195,-0.2581213712474238,0.7283212134519204,0.23801476960745246
topcell,internal_test,configured_data_pool,id_const_b10_h80_p100_nominal,gru,0.15,1,4,0.1122186982865942,0,720,0.15845822297400827,0.14806418724514295,0.139176669847497,0.2562955486011873,0.16667970358018838
topcell,internal_test,configured_data_pool,id_const_b10_h80_p100_nominal,lstm,0.15,1,4,0.1122186982865942,0,720,0.13813738300436487,0.10423742767046708,0.09130591388566284,0.2926306621461947,0.05718201324438299
topcell,internal_test,configured_data_pool,id_ramp_brine_b30_h160_p150,physical_rc,0.15,1,4,0.0524989395301384,0,720,0.028342715281815648,0.01728325956619055,-0.011605278674491131,0.1109091319990938,0.011489430187833707
topcell,internal_test,configured_data_pool,id_ramp_brine_b30_h160_p150,mlp,0.15,1,4,0.0524989395301384,0,720,0.19945538064230003,0.15917173890205205,-0.08721792723402583,0.43190551269816524,0.14501624999396873
topcell,internal_test,configured_data_pool,id_ramp_brine_b30_h160_p150,cnn1d,0.15,1,4,0.0524989395301384,0,720,0.11704409722125317,0.08563194860528453,0.078149616511553,0.35320209712995165,0.20355598405457054
topcell,internal_test,configured_data_pool,id_ramp_brine_b30_h160_p150,tcn,0.15,1,4,0.0524989395301384,0,720,0.7443135667163869,0.5919285420291326,-0.48216450493062,1.484802000531701,0.5734918544925077
topcell,internal_test,configured_data_pool,id_ramp_brine_b30_h160_p150,gru,0.15,1,4,0.0524989395301384,0,720,0.09725333338942235,0.07046335258020166,-0.02215342457643467,0.2837167425822713,0.15793854516065253
topcell,internal_test,configured_data_pool,id_ramp_brine_b30_h160_p150,lstm,0.15,1,4,0.0524989395301384,0,720,0.08495968504855696,0.06718217250357195,0.04006039626562407,0.21714183767487327,0.15451528272090354
topcell,internal_test,configured_data_pool,id_const_b30_h160_p0_cold,physical_rc,0.15,1,4,0.08860902456121228,0,720,0.03458690125710734,0.025966724708066134,0.025910796242889302,0.12487603982645368,0.0029781840024907646
topcell,internal_test,configured_data_pool,id_const_b30_h160_p0_cold,mlp,0.15,1,4,0.08860902456121228,0,720,0.41893490300049296,0.3284617282564214,0.1686985265696669,1.001264416699641,0.5483779023967221
topcell,internal_test,configured_data_pool,id_const_b30_h160_p0_cold,cnn1d,0.15,1,4,0.08860902456121228,0,720,0.2645762741008854,0.23006303474106696,0.22658891933258513,0.5286857755625505,0.21147704560734795
topcell,internal_test,configured_data_pool,id_const_b30_h160_p0_cold,tcn,0.15,1,4,0.08860902456121228,0,720,0.34957508011481697,0.25354558227291657,0.0711554742673222,0.9380005387431396,0.4995526286922724
topcell,internal_test,configured_data_pool,id_const_b30_h160_p0_cold,gru,0.15,1,4,0.08860902456121228,0,720,0.06276290723723144,0.05429128280129936,0.05223477519902977,0.11224792804632955,0.02436212802327843
topcell,internal_test,configured_data_pool,id_const_b30_h160_p0_cold,lstm,0.15,1,4,0.08860902456121228,0,720,0.2764912543820819,0.2212901643340278,0.2147357478241232,0.5045556334785744,0.264774131805761
topcell,internal_test,configured_data_pool,id_const_b30_h160_p0_gradient,physical_rc,0.15,1,4,0.05922816582856736,0,720,0.026719128083732595,0.014789545739168582,-0.007855197719521348,0.14225538267631777,0.006351811300194573
topcell,internal_test,configured_data_pool,id_const_b30_h160_p0_gradient,mlp,0.15,1,4,0.05922816582856736,0,720,0.393988530679475,0.2711726670854272,0.14877168841780242,0.9678851112737163,0.4919150625225344
topcell,internal_test,configured_data_pool,id_const_b30_h160_p0_gradient,cnn1d,0.15,1,4,0.05922816582856736,0,720,0.14530549915519905,0.12308536312228983,0.07814459968783471,0.2561708213068954,0.16848300777357428
topcell,internal_test,configured_data_pool,id_const_b30_h160_p0_gradient,tcn,0.15,1,4,0.05922816582856736,0,720,0.8821047407765317,0.6924302949360245,0.09250280955576382,1.6716524772240149,1.0598716934895165
topcell,internal_test,configured_data_pool,id_const_b30_h160_p0_gradient,gru,0.15,1,4,0.05922816582856736,0,720,0.10470881349064455,0.0896505801098789,-0.03334564967346064,0.19786565720727367,0.08108529577284673
topcell,internal_test,configured_data_pool,id_const_b30_h160_p0_gradient,lstm,0.15,1,4,0.05922816582856736,0,720,0.11862273774409425,0.09414551832395243,0.042538142040209476,0.240069603962354,0.18277103016760504
topcell,internal_test,configured_data_pool,id_const_b30_h160_p0_nominal,physical_rc,0.15,1,4,0.1986458424669449,0,720,0.0665318084350929,0.05256424072856193,0.05256424072856193,0.24858522508024095,0.007835732766477189
topcell,internal_test,configured_data_pool,id_const_b30_h160_p0_nominal,mlp,0.15,1,4,0.1986458424669449,0,720,0.3177248135907131,0.2601157905769149,0.05220990189098627,0.7440263693823752,0.26719927653921544
topcell,internal_test,configured_data_pool,id_const_b30_h160_p0_nominal,cnn1d,0.15,1,4,0.1986458424669449,0,720,0.16616263616142873,0.14256050951794116,0.13280984966742576,0.37137991079512744,0.14435610794342002
topcell,internal_test,configured_data_pool,id_const_b30_h160_p0_nominal,tcn,0.15,1,4,0.1986458424669449,0,720,0.40716554939352734,0.37769878784146993,0.050743796816474875,0.6956423550327742,0.3188208247989616
topcell,internal_test,configured_data_pool,id_const_b30_h160_p0_nominal,gru,0.15,1,4,0.1986458424669449,0,720,0.059673195947621466,0.042907766141686336,0.019634493251613795,0.2491979997673326,0.0355162391151815
topcell,internal_test,configured_data_pool,id_const_b30_h160_p0_nominal,lstm,0.15,1,4,0.1986458424669449,0,720,0.13067890009346006,0.10786525229938572,0.051032908891689745,0.2623085254231512,0.1742942277017847
topcell,internal_test,configured_data_pool,id_ramp_brine_b10_h200_p150,physical_rc,0.15,1,4,0.13640053267969088,0,720,0.04160749822829662,0.022351545806048694,-0.0023358542562996396,0.19361535813770558,0.0106844165228256
topcell,internal_test,configured_data_pool,id_ramp_brine_b10_h200_p150,mlp,0.15,1,4,0.13640053267969088,0,720,0.2637791149285362,0.2139841016850506,0.03678245928402994,0.6017635178652085,0.3457629771754995
topcell,internal_test,configured_data_pool,id_ramp_brine_b10_h200_p150,cnn1d,0.15,1,4,0.13640053267969088,0,720,0.3051571012235115,0.2510702945207787,0.2078711086501441,0.7540625597278279,0.4758621037638475
topcell,internal_test,configured_data_pool,id_ramp_brine_b10_h200_p150,tcn,0.15,1,4,0.13640053267969088,0,720,0.9469582274532492,0.7955528540654822,-0.7094507358523511,1.9444876907669908,0.56027784210779
topcell,internal_test,configured_data_pool,id_ramp_brine_b10_h200_p150,gru,0.15,1,4,0.13640053267969088,0,720,0.3537260318217114,0.29537005398853283,0.28372328103957434,0.6666892785858067,0.2280868090818842
topcell,internal_test,configured_data_pool,id_ramp_brine_b10_h200_p150,lstm,0.15,1,4,0.13640053267969088,0,720,0.43284913248728685,0.34129624011936827,0.3358232818229324,0.8716289187562438,0.5877754961891825
topcell,internal_test,configured_data_pool,id_ramp_plasma_b10_h200_p150,physical_rc,0.15,1,4,0.1562586425842283,0,720,0.0386834311960942,0.028766925760435394,0.009340907153934215,0.25481702133363626,0.04142777233047267
topcell,internal_test,configured_data_pool,id_ramp_plasma_b10_h200_p150,mlp,0.15,1,4,0.1562586425842283,0,720,0.6912442921298233,0.5212932735040409,-0.10376164255799493,1.6438580930833524,0.3509787914393107
topcell,internal_test,configured_data_pool,id_ramp_plasma_b10_h200_p150,cnn1d,0.15,1,4,0.1562586425842283,0,720,0.37708038622865464,0.2856600785256709,0.1879887785991285,0.8798098433717598,0.4467501641109722
topcell,internal_test,configured_data_pool,id_ramp_plasma_b10_h200_p150,tcn,0.15,1,4,0.1562586425842283,0,720,1.3326357248631042,1.0223419019004762,-0.7118619152983746,3.1824015649307,1.4571542673254183
topcell,internal_test,configured_data_pool,id_ramp_plasma_b10_h200_p150,gru,0.15,1,4,0.1562586425842283,0,720,0.40762117324606056,0.3166582519972411,-0.25951770153720666,0.9344520117805644,0.7782386252789127
topcell,internal_test,configured_data_pool,id_ramp_plasma_b10_h200_p150,lstm,0.15,1,4,0.1562586425842283,0,720,0.30092090622579026,0.23838605248515374,0.04219584375646872,0.7701063677924651,0.388685104173714
topcell,internal_test,configured_data_pool,id_const_b10_h200_p0_cold,physical_rc,0.15,1,4,0.0926998627952046,0,720,0.02471813930538509,0.017051169221256362,-0.015592315785615303,0.1422546520980319,0.009426552296207157
topcell,internal_test,configured_data_pool,id_const_b10_h200_p0_cold,mlp,0.15,1,4,0.0926998627952046,0,720,0.8094222402998729,0.626910213049628,0.4304898704746672,1.8494331645605655,0.4113615276303093
topcell,internal_test,configured_data_pool,id_const_b10_h200_p0_cold,cnn1d,0.15,1,4,0.0926998627952046,0,720,0.383633846532305,0.32072739075295637,0.16746318453424486,0.7607370205491719,0.3190383171513884
topcell,internal_test,configured_data_pool,id_const_b10_h200_p0_cold,tcn,0.15,1,4,0.0926998627952046,0,720,0.6345585042345991,0.575175603372734,-0.5514521871495423,1.0872653693564587,0.17986981989960457
topcell,internal_test,configured_data_pool,id_const_b10_h200_p0_cold,gru,0.15,1,4,0.0926998627952046,0,720,0.1870194158922872,0.15376666605056352,0.11641072167603193,0.3699025191242953,0.2262190556336874
topcell,internal_test,configured_data_pool,id_const_b10_h200_p0_cold,lstm,0.15,1,4,0.0926998627952046,0,720,0.26153950616624283,0.1928715459952371,0.0887029011729183,0.6311304174174381,0.10214898943386941
topcell,internal_test,configured_data_pool,id_const_b10_h200_p0_gradient,physical_rc,0.15,1,4,0.03206999848002036,0,720,0.027311942342511934,0.014908388587938958,-0.008934081580278846,0.16790495837339847,0.008595466672155518
topcell,internal_test,configured_data_pool,id_const_b10_h200_p0_gradient,mlp,0.15,1,4,0.03206999848002036,0,720,0.40689227739683115,0.35101629683873986,0.2955066876869116,0.994643559429079,0.17093665243976686
topcell,internal_test,configured_data_pool,id_const_b10_h200_p0_gradient,cnn1d,0.15,1,4,0.03206999848002036,0,720,0.26952325232719604,0.2385556595066734,0.1396601206385367,0.4789294360730736,0.2071559580828621
topcell,internal_test,configured_data_pool,id_const_b10_h200_p0_gradient,tcn,0.15,1,4,0.03206999848002036,0,720,0.829820796304703,0.6092668527578681,-0.20985718229534037,1.81038250830278,0.956957594830318
topcell,internal_test,configured_data_pool,id_const_b10_h200_p0_gradient,gru,0.15,1,4,0.03206999848002036,0,720,0.15912416773702426,0.14011808393029493,-0.1159057662632366,0.28223039872437994,0.13793260976692207
topcell,internal_test,configured_data_pool,id_const_b10_h200_p0_gradient,lstm,0.15,1,4,0.03206999848002036,0,720,0.2103370029913648,0.1793275112722785,-0.1407935915306392,0.3904430941105872,0.24635011422137315
topcell,internal_test,configured_data_pool,id_const_b10_h200_p0_nominal,physical_rc,0.15,1,4,0.22299454835707055,0,720,0.043554358321081885,0.024328710632651223,-0.018239603029705155,0.3657070669366149,0.010650730556046123
topcell,internal_test,configured_data_pool,id_const_b10_h200_p0_nominal,mlp,0.15,1,4,0.22299454835707055,0,720,0.9920446888611177,0.7956370042230783,0.08005744537478841,1.7633900413731567,0.9971926042611114
topcell,internal_test,configured_data_pool,id_const_b10_h200_p0_nominal,cnn1d,0.15,1,4,0.22299454835707055,0,720,0.1966107954188451,0.15325247244293017,-0.07837596784408078,0.5079867936301312,0.21736396990616488
topcell,internal_test,configured_data_pool,id_const_b10_h200_p0_nominal,tcn,0.15,1,4,0.22299454835707055,0,720,0.9223623639878642,0.7435401964456018,-0.5269346331111441,1.8813490074933554,0.615424025280532
topcell,internal_test,configured_data_pool,id_const_b10_h200_p0_nominal,gru,0.15,1,4,0.22299454835707055,0,720,0.1016061087706826,0.07720705011358117,-0.05663094179430151,0.3619780761025737,0.13108716112436303
topcell,internal_test,configured_data_pool,id_const_b10_h200_p0_nominal,lstm,0.15,1,4,0.22299454835707055,0,720,0.2754422346887013,0.2379321804359979,-0.22680720226941928,0.4669772316973422,0.3106558486270462
topcell,internal_test,configured_data_pool,id_const_b30_h200_p100_cold,physical_rc,0.15,2,4,0.1386909067966352,0,720,0.03685167912056581,0.02393279699977767,-0.02083977472200659,0.22348528561823144,0.012137110861959894
topcell,internal_test,configured_data_pool,id_const_b30_h200_p100_cold,mlp,0.15,2,4,0.1386909067966352,0,720,0.2861288865995647,0.21568919367408737,-0.1711956926671629,0.5932349369318217,0.27461202251179534
topcell,internal_test,configured_data_pool,id_const_b30_h200_p100_cold,cnn1d,0.15,2,4,0.1386909067966352,0,720,0.3167024166606018,0.24814790192693542,0.16262422588563355,0.6835756343385242,0.4084916908580094
topcell,internal_test,configured_data_pool,id_const_b30_h200_p100_cold,tcn,0.15,2,4,0.1386909067966352,0,720,0.8307889220450354,0.704263398165638,-0.667076207274259,1.7085787789275457,0.23923029926226216
topcell,internal_test,configured_data_pool,id_const_b30_h200_p100_cold,gru,0.15,2,4,0.1386909067966352,0,720,0.16897286336865977,0.1466717543183332,-0.0033812939223319934,0.3262081696725829,0.13750635351750404
topcell,internal_test,configured_data_pool,id_const_b30_h200_p100_cold,lstm,0.15,2,4,0.1386909067966352,0,720,0.221719991415601,0.1729598477299231,0.07797395530261254,0.5293349306868151,0.1972594936237661
topcell,internal_test,configured_data_pool,id_const_b30_h200_p100_gradient,physical_rc,0.15,2,4,0.1866068311351413,0,720,0.040752063206994316,0.019770755162429224,0.00617942540325922,0.25589879139805305,0.008401413118717388
topcell,internal_test,configured_data_pool,id_const_b30_h200_p100_gradient,mlp,0.15,2,4,0.1866068311351413,0,720,0.3613388006841754,0.3284192250917868,0.10951235336664666,0.6942076180692851,0.25872465890622165
topcell,internal_test,configured_data_pool,id_const_b30_h200_p100_gradient,cnn1d,0.15,2,4,0.1866068311351413,0,720,0.24944804940167886,0.1937289775709366,0.17734041250272697,0.4958943101587465,0.19115765380106448
topcell,internal_test,configured_data_pool,id_const_b30_h200_p100_gradient,tcn,0.15,2,4,0.1866068311351413,0,720,0.5662199925922823,0.4356753768391136,-0.2757562365872155,1.5097017019523378,0.6471311562626115
topcell,internal_test,configured_data_pool,id_const_b30_h200_p100_gradient,gru,0.15,2,4,0.1866068311351413,0,720,0.07712682482201857,0.06541438576437451,-0.009006559755997639,0.23982006638059516,0.08202134747519715
topcell,internal_test,configured_data_pool,id_const_b30_h200_p100_gradient,lstm,0.15,2,4,0.1866068311351413,0,720,0.2398966279793834,0.20699233284510177,0.1807062598222691,0.5674560637136921,0.17286123323457733
topcell,internal_test,configured_data_pool,id_const_b30_h200_p100_nominal,physical_rc,0.15,2,4,0.12803562848383668,0,720,0.0373192086049809,0.017068984245519805,-0.0007246768190912967,0.1998769069188029,0.009124517750116494
topcell,internal_test,configured_data_pool,id_const_b30_h200_p100_nominal,mlp,0.15,2,4,0.12803562848383668,0,720,0.42357558792109556,0.32707181423731374,-0.176573440078537,0.9262557874369577,0.49235599738200064
topcell,internal_test,configured_data_pool,id_const_b30_h200_p100_nominal,cnn1d,0.15,2,4,0.12803562848383668,0,720,0.18788253323610304,0.16976043062636625,0.16501711962722646,0.3098488038659468,0.16482665846490588
topcell,internal_test,configured_data_pool,id_const_b30_h200_p100_nominal,tcn,0.15,2,4,0.12803562848383668,0,720,0.6523331098090931,0.5187214119388105,-0.43559563190175765,1.48840588485605,0.4078901985147987
topcell,internal_test,configured_data_pool,id_const_b30_h200_p100_nominal,gru,0.15,2,4,0.12803562848383668,0,720,0.06324495194613276,0.05418289296503842,-0.0026513322317103733,0.15844106138764857,0.04230499725753323
topcell,internal_test,configured_data_pool,id_const_b30_h200_p100_nominal,lstm,0.15,2,4,0.12803562848383668,0,720,0.1857763699817877,0.16286852626808615,0.1598190040483732,0.42972516925745197,0.1401348193159164
topcell,internal_test,configured_data_pool,id_const_b20_h160_p150_cold,physical_rc,0.15,2,4,0.16634936593386526,0,720,0.0685785543072421,0.0548125803140238,0.05472051619787466,0.20368037166988984,0.012353143428961561
topcell,internal_test,configured_data_pool,id_const_b20_h160_p150_cold,mlp,0.15,2,4,0.16634936593386526,0,720,0.5116440163733749,0.42755806698902277,0.17393508407215233,0.929025183897636,0.5803714094679889
topcell,internal_test,configured_data_pool,id_const_b20_h160_p150_cold,cnn1d,0.15,2,4,0.16634936593386526,0,720,0.2692905088128964,0.2325823757931217,0.21486912646939704,0.5044474023362966,0.3857214803951532
topcell,internal_test,configured_data_pool,id_const_b20_h160_p150_cold,tcn,0.15,2,4,0.16634936593386526,0,720,0.8447020497633477,0.7001528899811723,-0.6324481332352151,1.8249536570468763,0.46017072136640674
topcell,internal_test,configured_data_pool,id_const_b20_h160_p150_cold,gru,0.15,2,4,0.16634936593386526,0,720,0.18106410152755942,0.15517238559527022,0.1455025689875458,0.37770980917721886,0.09265029178856891
topcell,internal_test,configured_data_pool,id_const_b20_h160_p150_cold,lstm,0.15,2,4,0.16634936593386526,0,720,0.17751806489775562,0.15098032965797475,0.1395588814747895,0.36272960335309534,0.21671958914931677
topcell,internal_test,configured_data_pool,id_const_b20_h160_p150_gradient,physical_rc,0.15,2,4,0.15014133422249562,0,720,0.05059684422865854,0.03504786254770188,0.03347875530619749,0.25527497772717567,0.00950651633527432
topcell,internal_test,configured_data_pool,id_const_b20_h160_p150_gradient,mlp,0.15,2,4,0.15014133422249562,0,720,0.3428112653352042,0.32125313031511593,0.12438921898478113,0.5539314678580212,0.2307570231230632
topcell,internal_test,configured_data_pool,id_const_b20_h160_p150_gradient,cnn1d,0.15,2,4,0.15014133422249562,0,720,0.18016993196133838,0.12656793322003487,0.10956978477857547,0.48613430376497035,0.2302061689990833
topcell,internal_test,configured_data_pool,id_const_b20_h160_p150_gradient,tcn,0.15,2,4,0.15014133422249562,0,720,0.6728316226508171,0.5208299740783021,-0.375656004919423,1.431616697035338,0.5874675122767521
topcell,internal_test,configured_data_pool,id_const_b20_h160_p150_gradient,gru,0.15,2,4,0.15014133422249562,0,720,0.12843408138213153,0.09710042539336237,-0.047432912958590014,0.3975990799700071,0.2596539368665985
topcell,internal_test,configured_data_pool,id_const_b20_h160_p150_gradient,lstm,0.15,2,4,0.15014133422249562,0,720,0.132391457394621,0.1040527046617554,0.039956764176288545,0.3889994671426109,0.16033035960672282
topcell,internal_test,configured_data_pool,id_const_b20_h160_p150_nominal,physical_rc,0.15,2,4,0.12680333478688793,0,720,0.027932019556968637,0.016652368455310967,-0.011760838966141229,0.13445557597732716,0.01111908190696276
topcell,internal_test,configured_data_pool,id_const_b20_h160_p150_nominal,mlp,0.15,2,4,0.12680333478688793,0,720,0.2597068362065117,0.21142715035379453,-0.03897735126037702,0.49956018748873987,0.23491423213453932
topcell,internal_test,configured_data_pool,id_const_b20_h160_p150_nominal,cnn1d,0.15,2,4,0.12680333478688793,0,720,0.149551853058851,0.11333394713782591,0.04918888135069921,0.4256772290311801,0.2337067247653746
topcell,internal_test,configured_data_pool,id_const_b20_h160_p150_nominal,tcn,0.15,2,4,0.12680333478688793,0,720,0.8024008140687295,0.6457152383561725,-0.5575211445316052,1.6286832307831673,0.5031209126970095
topcell,internal_test,configured_data_pool,id_const_b20_h160_p150_nominal,gru,0.15,2,4,0.12680333478688793,0,720,0.20197639287019184,0.1705927768337861,0.08214524632291711,0.41460271685805594,0.23099171620877512
topcell,internal_test,configured_data_pool,id_const_b20_h160_p150_nominal,lstm,0.15,2,4,0.12680333478688793,0,720,0.20364082234452105,0.1523927072022275,0.11529605812156925,0.44123987751926563,0.28863818481207903
topcell,internal_test,configured_data_pool,id_const_b20_h120_p50_cold,physical_rc,0.15,2,4,0.12056221134186632,0,720,0.044936433636027305,0.03541705485331762,0.03529604130053816,0.16110875267515468,0.006664585600589104
topcell,internal_test,configured_data_pool,id_const_b20_h120_p50_cold,mlp,0.15,2,4,0.12056221134186632,0,720,0.11847081289529315,0.10060383523925484,-0.030555757407785142,0.26524882212172685,0.071464160619878
topcell,internal_test,configured_data_pool,id_const_b20_h120_p50_cold,cnn1d,0.15,2,4,0.12056221134186632,0,720,0.14272612666589368,0.10967546275145132,0.09037487533077228,0.30056371769427415,0.12067218562119977
topcell,internal_test,configured_data_pool,id_const_b20_h120_p50_cold,tcn,0.15,2,4,0.12056221134186632,0,720,0.33207331395087675,0.27364712317193385,-0.250607710548041,0.6799942053157935,0.10472845965648854
topcell,internal_test,configured_data_pool,id_const_b20_h120_p50_cold,gru,0.15,2,4,0.12056221134186632,0,720,0.09712381739961815,0.08373193558892579,-0.01254803430777359,0.1929161838705653,0.08071024919285676
topcell,internal_test,configured_data_pool,id_const_b20_h120_p50_cold,lstm,0.15,2,4,0.12056221134186632,0,720,0.09568471005729297,0.07526823559286112,0.06949985398527771,0.2730527421315614,0.08479000741379143
topcell,internal_test,configured_data_pool,id_const_b20_h120_p50_gradient,physical_rc,0.15,2,4,0.1886153432913541,0,720,0.03189817612324862,0.013574206912088974,0.006640606782100919,0.2689676578810207,0.0035373810321477576
topcell,internal_test,configured_data_pool,id_const_b20_h120_p50_gradient,mlp,0.15,2,4,0.1886153432913541,0,720,0.450518136141168,0.3424132980296855,0.031656249746209474,1.0963195415423428,0.5633740846839413
topcell,internal_test,configured_data_pool,id_const_b20_h120_p50_gradient,cnn1d,0.15,2,4,0.1886153432913541,0,720,0.13680886593362795,0.11506874405041935,-0.049074838300482704,0.3341653800651443,0.21279182820504466
topcell,internal_test,configured_data_pool,id_const_b20_h120_p50_gradient,tcn,0.15,2,4,0.1886153432913541,0,720,0.2992693482696121,0.23520915655413457,-0.1258013540735519,0.7187048192224808,0.29000708050699364
topcell,internal_test,configured_data_pool,id_const_b20_h120_p50_gradient,gru,0.15,2,4,0.1886153432913541,0,720,0.16050909612384157,0.12907436234365774,-0.08810474359037873,0.3377764927553315,0.13437083430541424
topcell,internal_test,configured_data_pool,id_const_b20_h120_p50_gradient,lstm,0.15,2,4,0.1886153432913541,0,720,0.16885833096175623,0.14198596843145891,0.02213466816230743,0.3124959376936829,0.12544460842903074
topcell,internal_test,configured_data_pool,id_const_b20_h120_p50_nominal,physical_rc,0.15,2,4,0.15610949748636074,0,720,0.035686347928514224,0.01911998819220416,0.009021460837959457,0.20195010646667555,0.003291961768636927
topcell,internal_test,configured_data_pool,id_const_b20_h120_p50_nominal,mlp,0.15,2,4,0.15610949748636074,0,720,0.2639727087090851,0.21104988191307517,-0.1877645598518873,0.5680030846456816,0.14202837892449627
topcell,internal_test,configured_data_pool,id_const_b20_h120_p50_nominal,cnn1d,0.15,2,4,0.15610949748636074,0,720,0.0783624358213779,0.056556360771877014,0.021440350645336802,0.24318000572054643,0.11723196471162242
topcell,internal_test,configured_data_pool,id_const_b20_h120_p50_nominal,tcn,0.15,2,4,0.15610949748636074,0,720,0.5216428637367453,0.4124394450075725,-0.26190777484064476,1.1518222200931092,0.4459146672234557
topcell,internal_test,configured_data_pool,id_const_b20_h120_p50_nominal,gru,0.15,2,4,0.15610949748636074,0,720,0.08565589278585052,0.06374728290589142,0.036099460106423946,0.2455247310785964,0.08259175909329554
topcell,internal_test,configured_data_pool,id_const_b20_h120_p50_nominal,lstm,0.15,2,4,0.15610949748636074,0,720,0.11733459236996113,0.10678433635077399,0.09618443361435879,0.24284559073084466,0.12985114204907278
topcell,internal_test,configured_data_pool,id_const_b30_h120_p50_cold,physical_rc,0.15,2,4,0.1298436058091266,0,720,0.04934254311449839,0.03946583316763122,-0.03946583316763122,0.16005269971202551,0.011193036564257203
topcell,internal_test,configured_data_pool,id_const_b30_h120_p50_cold,mlp,0.15,2,4,0.1298436058091266,0,720,0.15291839754900202,0.11955299911314902,-0.11027501424851939,0.35574073555335417,0.06358716730030202
topcell,internal_test,configured_data_pool,id_const_b30_h120_p50_cold,cnn1d,0.15,2,4,0.1298436058091266,0,720,0.18380567918641805,0.14239596413225822,0.05294384419562216,0.42281362441130454,0.213632141061361
topcell,internal_test,configured_data_pool,id_const_b30_h120_p50_cold,tcn,0.15,2,4,0.1298436058091266,0,720,0.34808646340034355,0.2871378776850191,-0.2275076260730316,0.759740615765665,0.2577919723360638
topcell,internal_test,configured_data_pool,id_const_b30_h120_p50_cold,gru,0.15,2,4,0.1298436058091266,0,720,0.15245069060456515,0.1214830086110371,-0.09766598829689425,0.31065373963997445,0.11547929258392245
topcell,internal_test,configured_data_pool,id_const_b30_h120_p50_cold,lstm,0.15,2,4,0.1298436058091266,0,720,0.10216281687854123,0.08447340052035605,-0.030161769437548093,0.22563770594435084,0.0752927265641345
topcell,internal_test,configured_data_pool,id_const_b30_h120_p50_gradient,physical_rc,0.15,2,4,0.11257786338262626,0,720,0.04366169352223446,0.02687915805907154,0.01923596173316063,0.18571703950857454,0.003948103677375746
topcell,internal_test,configured_data_pool,id_const_b30_h120_p50_gradient,mlp,0.15,2,4,0.11257786338262626,0,720,0.582880998264198,0.48036563650885994,0.10608547284026125,1.3082769082126617,0.7309052001840373
topcell,internal_test,configured_data_pool,id_const_b30_h120_p50_gradient,cnn1d,0.15,2,4,0.11257786338262626,0,720,0.2256224296929611,0.19017197742675226,0.10494447512820927,0.40691638337960967,0.14715987653125465
topcell,internal_test,configured_data_pool,id_const_b30_h120_p50_gradient,tcn,0.15,2,4,0.11257786338262626,0,720,0.43368780033107734,0.3279512470149051,-0.018653992218798245,1.1170256267866705,0.5510151840312907
topcell,internal_test,configured_data_pool,id_const_b30_h120_p50_gradient,gru,0.15,2,4,0.11257786338262626,0,720,0.07501622597866614,0.06086329014719295,0.026225853539484815,0.17822483249844367,0.08413821280870461
topcell,internal_test,configured_data_pool,id_const_b30_h120_p50_gradient,lstm,0.15,2,4,0.11257786338262626,0,720,0.1713176315025203,0.15910635613951368,0.15496929979857788,0.2580830750398775,0.12657884597989474
topcell,internal_test,configured_data_pool,id_const_b30_h120_p50_nominal,physical_rc,0.15,2,4,0.1761963863448212,0,720,0.04358408478345146,0.022899066053634697,-0.017752537579078936,0.31276854710905866,0.0069634217043788365
topcell,internal_test,configured_data_pool,id_const_b30_h120_p50_nominal,mlp,0.15,2,4,0.1761963863448212,0,720,0.19668512676804767,0.1638453040323008,-0.1237283931258765,0.3632831122286717,0.17714935608374957
topcell,internal_test,configured_data_pool,id_const_b30_h120_p50_nominal,cnn1d,0.15,2,4,0.1761963863448212,0,720,0.14958180848812908,0.1279119824668575,0.07335116265001068,0.38094496182783644,0.09677564791406809
topcell,internal_test,configured_data_pool,id_const_b30_h120_p50_nominal,tcn,0.15,2,4,0.1761963863448212,0,720,0.3898365974501656,0.3152732985916782,-0.19478201112091034,0.8934324388852559,0.3251180360369287
topcell,internal_test,configured_data_pool,id_const_b30_h120_p50_nominal,gru,0.15,2,4,0.1761963863448212,0,720,0.07605627433748613,0.05402639613045275,-0.05077923182910926,0.3376429247446424,0.048634107328699966
topcell,internal_test,configured_data_pool,id_const_b30_h120_p50_nominal,lstm,0.15,2,4,0.1761963863448212,0,720,0.11768770157050402,0.10609389200299206,0.03837858526691308,0.327562472675929,0.09173833175355894
topcell,internal_test,configured_data_pool,id_ramp_brine_b10_h160_p50,physical_rc,0.15,2,4,0.20632034432486004,0,720,0.03476498454902672,0.014818065353285103,-0.007278268038400911,0.29213206750389276,0.008476929339183243
topcell,internal_test,configured_data_pool,id_ramp_brine_b10_h160_p50,mlp,0.15,2,4,0.20632034432486004,0,720,0.3122703656600409,0.24167826934237893,0.019735853630420526,0.7480035763370694,0.4380616870604129
topcell,internal_test,configured_data_pool,id_ramp_brine_b10_h160_p50,cnn1d,0.15,2,4,0.20632034432486004,0,720,0.13025906674637344,0.10671299500798158,0.03245592986596577,0.3383308667509084,0.24572588571728404
topcell,internal_test,configured_data_pool,id_ramp_brine_b10_h160_p50,tcn,0.15,2,4,0.20632034432486004,0,720,0.384837940839276,0.33624853886788564,-0.16845903752518268,0.8236096414641736,0.46439370148789727
topcell,internal_test,configured_data_pool,id_ramp_brine_b10_h160_p50,gru,0.15,2,4,0.20632034432486004,0,720,0.10411621441975075,0.09196310270395587,-0.0054566637588180315,0.30108012599190204,0.18874461702644627
topcell,internal_test,configured_data_pool,id_ramp_brine_b10_h160_p50,lstm,0.15,2,4,0.20632034432486004,0,720,0.12893414622719143,0.09700530977120915,0.05085351223036535,0.3597377928453369,0.19036699719033487
topcell,internal_test,configured_data_pool,id_const_b30_h80_p50_cold,physical_rc,0.15,2,4,0.17640563568868853,0,720,0.03872785071397348,0.025128018011536794,0.018485817144145846,0.21125513301051768,0.004939387183222726
topcell,internal_test,configured_data_pool,id_const_b30_h80_p50_cold,mlp,0.15,2,4,0.17640563568868853,0,720,0.26891274269414167,0.22455455320187076,0.1622334564417484,0.536006433151158,0.3234177018396045
topcell,internal_test,configured_data_pool,id_const_b30_h80_p50_cold,cnn1d,0.15,2,4,0.17640563568868853,0,720,0.17415307763211685,0.15397554796329113,0.08026550845988872,0.35023314739239453,0.19140055857067814
topcell,internal_test,configured_data_pool,id_const_b30_h80_p50_cold,tcn,0.15,2,4,0.17640563568868853,0,720,0.15651609186177004,0.13803031284774664,0.10725317781507357,0.27635472727405386,0.10243741373941873
topcell,internal_test,configured_data_pool,id_const_b30_h80_p50_cold,gru,0.15,2,4,0.17640563568868853,0,720,0.14651177247940805,0.1344850037309363,-0.10393820047825394,0.2277139785737674,0.10967992137975445
topcell,internal_test,configured_data_pool,id_const_b30_h80_p50_cold,lstm,0.15,2,4,0.17640563568868853,0,720,0.1830631551463514,0.1403562500955326,-0.025737014936115344,0.356291700447116,0.13177393458235354
topcell,internal_test,configured_data_pool,id_const_b30_h80_p50_gradient,physical_rc,0.15,2,4,0.11083902971663405,0,720,0.040259628639991815,0.02630027483388215,0.020419881127491962,0.15455800044341572,0.004847032705164731
topcell,internal_test,configured_data_pool,id_const_b30_h80_p50_gradient,mlp,0.15,2,4,0.11083902971663405,0,720,0.7165673483479884,0.6382074416006576,0.20195127051287123,1.2803856731866148,0.8479894798425172
topcell,internal_test,configured_data_pool,id_const_b30_h80_p50_gradient,cnn1d,0.15,2,4,0.11083902971663405,0,720,0.2109138086593299,0.19752951946698577,0.1208429777844874,0.31460162942764924,0.17321405669366763
topcell,internal_test,configured_data_pool,id_const_b30_h80_p50_gradient,tcn,0.15,2,4,0.11083902971663405,0,720,0.577495511109021,0.5248325504207196,0.21090471311255862,1.0098343282825084,0.48756438962992904
topcell,internal_test,configured_data_pool,id_const_b30_h80_p50_gradient,gru,0.15,2,4,0.11083902971663405,0,720,0.08089672846230304,0.06299708439018442,-0.03090949496106454,0.17074893831001248,0.06901513194275423
topcell,internal_test,configured_data_pool,id_const_b30_h80_p50_gradient,lstm,0.15,2,4,0.11083902971663405,0,720,0.14006562990042098,0.13247069178925075,0.13126042219502113,0.24581834137025282,0.14017942769493882
topcell,internal_test,configured_data_pool,id_const_b30_h80_p50_nominal,physical_rc,0.15,2,4,0.07095963213546971,0,720,0.014667881314783901,0.009600975783733536,-0.00887004728214474,0.1096323027560473,0.003984463618882245
topcell,internal_test,configured_data_pool,id_const_b30_h80_p50_nominal,mlp,0.15,2,4,0.07095963213546971,0,720,0.19762995292079222,0.16664480179655328,0.02394447252281567,0.4713680705304597,0.3120855242022679
topcell,internal_test,configured_data_pool,id_const_b30_h80_p50_nominal,cnn1d,0.15,2,4,0.07095963213546971,0,720,0.18870217286299024,0.1602847008440358,-0.10313912211797999,0.45863192324442537,0.29567462414843615
topcell,internal_test,configured_data_pool,id_const_b30_h80_p50_nominal,tcn,0.15,2,4,0.07095963213546971,0,720,0.2154283249000491,0.1849989205148917,0.04062313834836676,0.5484949062494877,0.13874848192084624
topcell,internal_test,configured_data_pool,id_const_b30_h80_p50_nominal,gru,0.15,2,4,0.07095963213546971,0,720,0.12001896270337026,0.11208170934889843,-0.11131148372932485,0.20905982279786173,0.07537085898455348
topcell,internal_test,configured_data_pool,id_const_b30_h80_p50_nominal,lstm,0.15,2,4,0.07095963213546971,0,720,0.08885390702370603,0.07752107506969005,0.023581434749708287,0.17134196295180004,0.07515165423803546
topcell,internal_test,configured_data_pool,id_const_b10_h80_p0_cold,physical_rc,0.15,2,4,0.11350553471418734,0,720,0.015246510528849188,0.0052889023069948235,0.001753150624732363,0.13857785380861998,0.0002916798131271255
topcell,internal_test,configured_data_pool,id_const_b10_h80_p0_cold,mlp,0.15,2,4,0.11350553471418734,0,720,0.334310981453394,0.2596800256539623,0.005198976871755671,0.6958785884709044,0.2396948295658732
topcell,internal_test,configured_data_pool,id_const_b10_h80_p0_cold,cnn1d,0.15,2,4,0.11350553471418734,0,720,0.27906681781137166,0.25311807779948786,0.24922170643276853,0.4280014394753593,0.3278979698194082
topcell,internal_test,configured_data_pool,id_const_b10_h80_p0_cold,tcn,0.15,2,4,0.11350553471418734,0,720,0.7941394062201872,0.601325878694706,0.5148638101571914,1.698408405317771,0.5396846922772015
topcell,internal_test,configured_data_pool,id_const_b10_h80_p0_cold,gru,0.15,2,4,0.11350553471418734,0,720,0.1415236539402232,0.10634633438384825,0.07781017255152103,0.29454135275848614,0.17099645803145558
topcell,internal_test,configured_data_pool,id_const_b10_h80_p0_cold,lstm,0.15,2,4,0.11350553471418734,0,720,0.38922653350176145,0.35733502818070345,0.34465673331775004,0.6164667471860028,0.4253374078844754
topcell,internal_test,configured_data_pool,id_const_b10_h80_p0_gradient,physical_rc,0.15,2,4,0.1390912629373736,0,720,0.01525080091085347,0.00912834815754292,-0.0069393055519774375,0.14908017858726907,0.0026811928449546277
topcell,internal_test,configured_data_pool,id_const_b10_h80_p0_gradient,mlp,0.15,2,4,0.1390912629373736,0,720,0.29868487967543333,0.2652137971516265,0.2643287221772809,0.5708403628614178,0.2762890839867427
topcell,internal_test,configured_data_pool,id_const_b10_h80_p0_gradient,cnn1d,0.15,2,4,0.1390912629373736,0,720,0.3753777816965014,0.3100872633355523,0.26866908462028427,0.7849087237441168,0.5004947731554301
topcell,internal_test,configured_data_pool,id_const_b10_h80_p0_gradient,tcn,0.15,2,4,0.1390912629373736,0,720,0.3193880019410766,0.29339984490613535,0.0054606499465373265,0.7949224255615945,0.34910828876705957
topcell,internal_test,configured_data_pool,id_const_b10_h80_p0_gradient,gru,0.15,2,4,0.1390912629373736,0,720,0.09966695073970948,0.07565940350329411,0.01647138875909395,0.255050319551124,0.1064755579248188
topcell,internal_test,configured_data_pool,id_const_b10_h80_p0_gradient,lstm,0.15,2,4,0.1390912629373736,0,720,0.20133591244161317,0.17760444556700586,0.13352607444543366,0.3744006445315904,0.22206833234859819
topcell,internal_test,configured_data_pool,id_const_b10_h80_p0_nominal,physical_rc,0.15,2,4,0.11906308348308546,0,720,0.041557752678766484,0.03268564359993002,0.03268564359993002,0.18750225312083302,0.006308483235252538
topcell,internal_test,configured_data_pool,id_const_b10_h80_p0_nominal,mlp,0.15,2,4,0.11906308348308546,0,720,0.37579731002422834,0.30018928442866416,0.0867012205689916,0.7635321707190172,0.464063217143518
topcell,internal_test,configured_data_pool,id_const_b10_h80_p0_nominal,cnn1d,0.15,2,4,0.11906308348308546,0,720,0.2152226419859231,0.18885910661185443,0.14859285419364976,0.4642094643985075,0.2905406791756349
topcell,internal_test,configured_data_pool,id_const_b10_h80_p0_nominal,tcn,0.15,2,4,0.11906308348308546,0,720,0.2772206690809641,0.22749319338786897,-0.0898234937969619,0.7156113195656744,0.3878298545599216
topcell,internal_test,configured_data_pool,id_const_b10_h80_p0_nominal,gru,0.15,2,4,0.11906308348308546,0,720,0.1381534666914305,0.11831767774603491,-0.09132172825076725,0.2539668593793607,0.15742619978629285
topcell,internal_test,configured_data_pool,id_const_b10_h80_p0_nominal,lstm,0.15,2,4,0.11906308348308546,0,720,0.1821707379577313,0.16833955259336533,0.1326208882497443,0.3035333443799786,0.21991906323334195
topcell,internal_test,configured_data_pool,id_const_b40_h160_p100_cold,physical_rc,0.15,2,4,0.20079519892097542,0,720,0.08360757108803886,0.06463580990215091,0.06463580990215091,0.3457416191436167,0.01281639504438076
topcell,internal_test,configured_data_pool,id_const_b40_h160_p100_cold,mlp,0.15,2,4,0.20079519892097542,0,720,0.22987713893533557,0.18628027312905993,0.07033901073097633,0.48982735730342597,0.2716467808233401
topcell,internal_test,configured_data_pool,id_const_b40_h160_p100_cold,cnn1d,0.15,2,4,0.20079519892097542,0,720,0.4439548205424738,0.3681930102854067,0.09775297438368885,0.9072805137022897,0.56304150935846
topcell,internal_test,configured_data_pool,id_const_b40_h160_p100_cold,tcn,0.15,2,4,0.20079519892097542,0,720,0.46629299637034255,0.4119007052492345,-0.2228388484342671,0.8725280002807949,0.4677463260600702
topcell,internal_test,configured_data_pool,id_const_b40_h160_p100_cold,gru,0.15,2,4,0.20079519892097542,0,720,0.15793991824190248,0.1322678809396202,0.1322678809396202,0.33814073426916025,0.09346776453892099
topcell,internal_test,configured_data_pool,id_const_b40_h160_p100_cold,lstm,0.15,2,4,0.20079519892097542,0,720,0.16819448244350757,0.1354494056204623,0.08251916593469522,0.3962454534964408,0.12149010624224309
topcell,internal_test,configured_data_pool,id_const_b40_h160_p100_gradient,physical_rc,0.15,2,4,0.19614061198279598,0,720,0.04997198107693169,0.026025614696070124,-0.015066506470604837,0.3058939692533684,0.009733465782750488
topcell,internal_test,configured_data_pool,id_const_b40_h160_p100_gradient,mlp,0.15,2,4,0.19614061198279598,0,720,0.3102926677528427,0.259287583611556,0.02086570496467995,0.6871154953687792,0.3143092079755321
topcell,internal_test,configured_data_pool,id_const_b40_h160_p100_gradient,cnn1d,0.15,2,4,0.19614061198279598,0,720,0.2301321569421981,0.18170349584967485,0.03412171295880347,0.48864702730072906,0.24945398126862844
topcell,internal_test,configured_data_pool,id_const_b40_h160_p100_gradient,tcn,0.15,2,4,0.19614061198279598,0,720,0.4041124354849691,0.3112343981984431,-0.03411940955563395,1.0707078567685357,0.6730436702121284
topcell,internal_test,configured_data_pool,id_const_b40_h160_p100_gradient,gru,0.15,2,4,0.19614061198279598,0,720,0.1520414749886069,0.1268364344482071,0.06266761497600623,0.2922334268661331,0.16077586801102595
topcell,internal_test,configured_data_pool,id_const_b40_h160_p100_gradient,lstm,0.15,2,4,0.19614061198279598,0,720,0.18127509190360913,0.14952768296180252,0.04864547110921423,0.415728435352122,0.2831459153129718
topcell,internal_test,configured_data_pool,id_const_b40_h160_p100_nominal,physical_rc,0.15,2,4,0.18156224509080054,0,720,0.03379568956251038,0.024862946639105172,-0.023737100914447102,0.20143103834688247,0.011448098919682756
topcell,internal_test,configured_data_pool,id_const_b40_h160_p100_nominal,mlp,0.15,2,4,0.18156224509080054,0,720,0.32330044399098706,0.2614700954679326,-0.08554632117621055,0.7741014276531786,0.41392527781974076
topcell,internal_test,configured_data_pool,id_const_b40_h160_p100_nominal,cnn1d,0.15,2,4,0.18156224509080054,0,720,0.22064575541027737,0.1848097836121045,-0.07201141565654993,0.45018639731601695,0.22413286562840098
topcell,internal_test,configured_data_pool,id_const_b40_h160_p100_nominal,tcn,0.15,2,4,0.18156224509080054,0,720,0.4871067600718037,0.39497742743038855,-0.14585687988931098,0.9593638086655147,0.5512250624773379
topcell,internal_test,configured_data_pool,id_const_b40_h160_p100_nominal,gru,0.15,2,4,0.18156224509080054,0,720,0.11256717584763627,0.10019484986778117,-0.03765874662967612,0.22718716120890292,0.07581149783571764
topcell,internal_test,configured_data_pool,id_const_b40_h160_p100_nominal,lstm,0.15,2,4,0.18156224509080054,0,720,0.1703059103133575,0.14585565103198864,-0.03356773206084244,0.32590799264069403,0.1766311885452431
topcell,internal_test,configured_data_pool,id_const_b10_h80_p150_cold,physical_rc,0.15,2,4,0.1435382581197349,0,720,0.047845486199200586,0.023976613557817147,-0.01371830328507165,0.24330039184248875,0.008430839600610824
topcell,internal_test,configured_data_pool,id_const_b10_h80_p150_cold,mlp,0.15,2,4,0.1435382581197349,0,720,0.40556484993172237,0.3573036526978457,0.14722745183697405,0.7696513259046043,0.3967089857971973
topcell,internal_test,configured_data_pool,id_const_b10_h80_p150_cold,cnn1d,0.15,2,4,0.1435382581197349,0,720,0.3777540844536193,0.3245781006365493,0.26763996660702516,0.6437940996255662,0.356000441188567
topcell,internal_test,configured_data_pool,id_const_b10_h80_p150_cold,tcn,0.15,2,4,0.1435382581197349,0,720,0.7099083167662107,0.5575196906281943,-0.43325913960100465,1.7819540532971416,0.5404811973946567
topcell,internal_test,configured_data_pool,id_const_b10_h80_p150_cold,gru,0.15,2,4,0.1435382581197349,0,720,0.07329473253049641,0.05392118877246658,-0.02328730081216784,0.3037274525527991,0.023342342745955025
topcell,internal_test,configured_data_pool,id_const_b10_h80_p150_cold,lstm,0.15,2,4,0.1435382581197349,0,720,0.24189446250985555,0.20399430539863495,-0.02605085033981089,0.489444746658549,0.2808555443620917
topcell,internal_test,configured_data_pool,id_const_b10_h80_p150_gradient,physical_rc,0.15,2,4,0.20418420541475119,0,720,0.07123422363728078,0.04871053950130255,-0.047334846574071235,0.3067939279418823,0.01378381646036639
topcell,internal_test,configured_data_pool,id_const_b10_h80_p150_gradient,mlp,0.15,2,4,0.20418420541475119,0,720,0.19497149643527012,0.14203136643165262,-0.003925833224033799,0.4835348378738473,0.26501090772291613
topcell,internal_test,configured_data_pool,id_const_b10_h80_p150_gradient,cnn1d,0.15,2,4,0.20418420541475119,0,720,0.23350847430288565,0.21123767244855216,0.10425469029378955,0.41218373258611507,0.2641684246201387
topcell,internal_test,configured_data_pool,id_const_b10_h80_p150_gradient,tcn,0.15,2,4,0.20418420541475119,0,720,0.5834225467700298,0.5138209979043851,-0.3105358364334971,0.9892659760770357,0.4987155578784216
topcell,internal_test,configured_data_pool,id_const_b10_h80_p150_gradient,gru,0.15,2,4,0.20418420541475119,0,720,0.4330166999022263,0.3665855021843719,-0.3627045195484306,0.8039375333544285,0.32148082087710644
topcell,internal_test,configured_data_pool,id_const_b10_h80_p150_gradient,lstm,0.15,2,4,0.20418420541475119,0,720,0.2755978398535477,0.21691271267745532,-0.18391199019170545,0.8424992883708597,0.47678825370767386
topcell,internal_test,configured_data_pool,id_const_b10_h80_p150_nominal,physical_rc,0.15,2,4,0.07292597917008946,0,720,0.033530743214281795,0.022243576338410707,0.013259377576741362,0.1038282349235331,0.008254034449312648
topcell,internal_test,configured_data_pool,id_const_b10_h80_p150_nominal,mlp,0.15,2,4,0.07292597917008946,0,720,0.20022013549586867,0.17444698921578775,0.03748958860897952,0.37291307002908525,0.22253823647630197
topcell,internal_test,configured_data_pool,id_const_b10_h80_p150_nominal,cnn1d,0.15,2,4,0.07292597917008946,0,720,0.3401181453894363,0.30380141493665236,0.29298001523907535,0.5660790815944523,0.28027031730873936
topcell,internal_test,configured_data_pool,id_const_b10_h80_p150_nominal,tcn,0.15,2,4,0.07292597917008946,0,720,0.5820080116275821,0.425472516999739,-0.3923823595946022,1.4751137950500919,0.3038569621968194
topcell,internal_test,configured_data_pool,id_const_b10_h80_p150_nominal,gru,0.15,2,4,0.07292597917008946,0,720,0.1254444815009146,0.09384747009402082,0.07861802518175541,0.2918534194625977,0.03919213477908035
topcell,internal_test,configured_data_pool,id_const_b10_h80_p150_nominal,lstm,0.15,2,4,0.07292597917008946,0,720,0.20587984715634808,0.15533965811056438,0.12820265303509465,0.4462814971950735,0.13536515701307164
topcell,internal_test,configured_data_pool,id_const_b10_h80_p100_cold,physical_rc,0.15,2,4,0.08899037324801311,0,720,0.016842959374736517,0.012131545799755668,0.010780526609457199,0.10110552317769361,0.005578148194264816
topcell,internal_test,configured_data_pool,id_const_b10_h80_p100_cold,mlp,0.15,2,4,0.08899037324801311,0,720,0.2511830744005355,0.20639365845219823,0.17452291629312697,0.508622698663487,0.2153777517188077
topcell,internal_test,configured_data_pool,id_const_b10_h80_p100_cold,cnn1d,0.15,2,4,0.08899037324801311,0,720,0.18034262058386907,0.1547326910278872,0.12690291166958798,0.3514997097266672,0.08924186811928078
topcell,internal_test,configured_data_pool,id_const_b10_h80_p100_cold,tcn,0.15,2,4,0.08899037324801311,0,720,0.3606352069413505,0.2812788848419268,-0.2460662602494112,0.8852618977479239,0.18940626219263026
topcell,internal_test,configured_data_pool,id_const_b10_h80_p100_cold,gru,0.15,2,4,0.08899037324801311,0,720,0.17000700706751995,0.15267441812576601,0.14969001955570463,0.3016096350159927,0.16566932881949534
topcell,internal_test,configured_data_pool,id_const_b10_h80_p100_cold,lstm,0.15,2,4,0.08899037324801311,0,720,0.13657365341522237,0.10978112304115613,0.025588008422287048,0.33890293367186075,0.12270641045716449
topcell,internal_test,configured_data_pool,id_const_b10_h80_p100_gradient,physical_rc,0.15,2,4,0.07112278835237723,0,720,0.02999658516826354,0.017434498367242035,0.005305649132198395,0.11305459119086692,0.005311225614840195
topcell,internal_test,configured_data_pool,id_const_b10_h80_p100_gradient,mlp,0.15,2,4,0.07112278835237723,0,720,0.23863018431047822,0.20180581568800188,0.0904844229695277,0.48927340005703,0.26903190299277335
topcell,internal_test,configured_data_pool,id_const_b10_h80_p100_gradient,cnn1d,0.15,2,4,0.07112278835237723,0,720,0.08152040430081685,0.06799163024645738,0.012007087374887496,0.20045516948542286,0.16715528177838004
topcell,internal_test,configured_data_pool,id_const_b10_h80_p100_gradient,tcn,0.15,2,4,0.07112278835237723,0,720,0.3127619333646479,0.2619520777951039,-0.09992914882978444,0.6744931094975897,0.22040547645703562
topcell,internal_test,configured_data_pool,id_const_b10_h80_p100_gradient,gru,0.15,2,4,0.07112278835237723,0,720,0.10154274217168913,0.08224592220135113,0.07898044418560939,0.24872007250061756,0.14828970395107655
topcell,internal_test,configured_data_pool,id_const_b10_h80_p100_gradient,lstm,0.15,2,4,0.07112278835237723,0,720,0.13541560912666,0.11320670180454183,0.09596941162985205,0.2814109417627151,0.0829156356770747
topcell,internal_test,configured_data_pool,id_const_b10_h80_p100_nominal,physical_rc,0.15,2,4,0.07663970970242799,0,720,0.025136496784629824,0.016669904469412886,0.013906536390921698,0.1224640869549134,0.005764561510219114
topcell,internal_test,configured_data_pool,id_const_b10_h80_p100_nominal,mlp,0.15,2,4,0.07663970970242799,0,720,0.12941644916954403,0.11332490200177761,0.018302263086868387,0.23535649255147462,0.14423110729382885
topcell,internal_test,configured_data_pool,id_const_b10_h80_p100_nominal,cnn1d,0.15,2,4,0.07663970970242799,0,720,0.12939320537735433,0.10452755840079744,0.027714774222515417,0.31423947430391763,0.22831872183586
topcell,internal_test,configured_data_pool,id_const_b10_h80_p100_nominal,tcn,0.15,2,4,0.07663970970242799,0,720,0.3456133985955918,0.27928190146647724,-0.21738540050893443,0.7416782248102862,0.3090254571171134
topcell,internal_test,configured_data_pool,id_const_b10_h80_p100_nominal,gru,0.15,2,4,0.07663970970242799,0,720,0.1336843481105447,0.10748627774938053,0.1073778468529046,0.2859430278639792,0.1652671870788761
topcell,internal_test,configured_data_pool,id_const_b10_h80_p100_nominal,lstm,0.15,2,4,0.07663970970242799,0,720,0.12198552296909544,0.09811209685993205,0.06587646888650761,0.24274053943501883,0.12230569385660131
topcell,internal_test,configured_data_pool,id_ramp_brine_b30_h160_p150,physical_rc,0.15,2,4,0.27347521709705297,0,720,0.1214079155942079,0.09749667171877442,-0.09749667171877442,0.3110064776407455,0.02666351130646556
topcell,internal_test,configured_data_pool,id_ramp_brine_b30_h160_p150,mlp,0.15,2,4,0.27347521709705297,0,720,0.2553868198457124,0.19665813982397434,-0.1639101953990618,0.577707993816972,0.1438210154707093
topcell,internal_test,configured_data_pool,id_ramp_brine_b30_h160_p150,cnn1d,0.15,2,4,0.27347521709705297,0,720,0.12260284486546881,0.09376872838653157,0.0008810680758617017,0.34893954573250596,0.19302069959388915
topcell,internal_test,configured_data_pool,id_ramp_brine_b30_h160_p150,tcn,0.15,2,4,0.27347521709705297,0,720,0.8153727540626003,0.6636833004836813,-0.5658871348630394,1.5778909472107472,0.5479246147841386
topcell,internal_test,configured_data_pool,id_ramp_brine_b30_h160_p150,gru,0.15,2,4,0.27347521709705297,0,720,0.12533927388684443,0.09884571671143998,-0.09713147001668838,0.34821681069366406,0.1575327746254435
topcell,internal_test,configured_data_pool,id_ramp_brine_b30_h160_p150,lstm,0.15,2,4,0.27347521709705297,0,720,0.11344976402042431,0.08761717481874466,-0.037023528305279114,0.39083429101783906,0.13683174798050932
topcell,internal_test,configured_data_pool,id_const_b30_h160_p0_cold,physical_rc,0.15,2,4,0.08014737603978539,0,720,0.009651457974416525,0.004645801347834894,-0.00011551338593266773,0.06989089353046296,0.0042979379521017776
topcell,internal_test,configured_data_pool,id_const_b30_h160_p0_cold,mlp,0.15,2,4,0.08014737603978539,0,720,0.4421715735459499,0.3473677056784684,0.14963266755205262,1.074593138856784,0.5864006792383348
topcell,internal_test,configured_data_pool,id_const_b30_h160_p0_cold,cnn1d,0.15,2,4,0.08014737603978539,0,720,0.28606975513071764,0.24564522966956115,0.22613974536091394,0.5872714480290995,0.24734460657579815
topcell,internal_test,configured_data_pool,id_const_b30_h160_p0_cold,tcn,0.15,2,4,0.08014737603978539,0,720,0.4115815663744198,0.3000722880326192,0.055117380717007974,1.056770957145659,0.5686639812865655
topcell,internal_test,configured_data_pool,id_const_b30_h160_p0_cold,gru,0.15,2,4,0.08014737603978539,0,720,0.055052045939479065,0.04720037070758264,0.029242076852797273,0.11159128126914197,0.021849993285723096
topcell,internal_test,configured_data_pool,id_const_b30_h160_p0_cold,lstm,0.15,2,4,0.08014737603978539,0,720,0.2670954900956141,0.21591796898139418,0.19895448149906017,0.4848811020363968,0.25603425112755757
topcell,internal_test,configured_data_pool,id_const_b30_h160_p0_gradient,physical_rc,0.15,2,4,0.16407902120386225,0,720,0.06345729401754874,0.04705819386257725,0.04705819386257725,0.23574548982264787,0.006605361563171245
topcell,internal_test,configured_data_pool,id_const_b30_h160_p0_gradient,mlp,0.15,2,4,0.16407902120386225,0,720,0.4346396740544384,0.3034007237186769,0.20541493038111291,1.0103203389731874,0.5162163958187754
topcell,internal_test,configured_data_pool,id_const_b30_h160_p0_gradient,cnn1d,0.15,2,4,0.16407902120386225,0,720,0.18519828238817343,0.16594988447034234,0.1265703092815043,0.3114782451711733,0.19702405462601516
topcell,internal_test,configured_data_pool,id_const_b30_h160_p0_gradient,tcn,0.15,2,4,0.16407902120386225,0,720,0.8890249137092352,0.7098145672432521,0.15512239284592125,1.7162894111284004,1.0702292841020211
topcell,internal_test,configured_data_pool,id_const_b30_h160_p0_gradient,gru,0.15,2,4,0.16407902120386225,0,720,0.13356084479967983,0.12000824947716227,-0.0035402565414439794,0.21912945814251827,0.10730801920054107
topcell,internal_test,configured_data_pool,id_const_b30_h160_p0_gradient,lstm,0.15,2,4,0.16407902120386225,0,720,0.14984190549207096,0.1270387194624568,0.06999323826432449,0.27271297562067787,0.1907789363944642
topcell,internal_test,configured_data_pool,id_const_b30_h160_p0_nominal,physical_rc,0.15,2,4,0.13531262240586162,0,720,0.053163316359895234,0.04284165248363076,-0.042437304511837554,0.19697983138662778,0.013917352488036891
topcell,internal_test,configured_data_pool,id_const_b30_h160_p0_nominal,mlp,0.15,2,4,0.13531262240586162,0,720,0.4133057678625475,0.3580203566482589,-0.06131581688286092,0.9353197168466494,0.3359019073176831
topcell,internal_test,configured_data_pool,id_const_b30_h160_p0_nominal,cnn1d,0.15,2,4,0.13531262240586162,0,720,0.12663164841767707,0.10999862187121343,-0.007688396813199342,0.2333153706742337,0.15882316073071612
topcell,internal_test,configured_data_pool,id_const_b30_h160_p0_nominal,tcn,0.15,2,4,0.13531262240586162,0,720,0.5327914196751337,0.4900321957496781,-0.06934798639319914,0.8373786660629321,0.43111125499142244
topcell,internal_test,configured_data_pool,id_const_b30_h160_p0_nominal,gru,0.15,2,4,0.13531262240586162,0,720,0.09660697777694155,0.090038228396998,-0.08941949397534014,0.19483851595145296,0.05787821981326633
topcell,internal_test,configured_data_pool,id_const_b30_h160_p0_nominal,lstm,0.15,2,4,0.13531262240586162,0,720,0.1327558218765229,0.1186566666009986,-0.05684251103593928,0.26385984450657674,0.18101777052854282
topcell,internal_test,configured_data_pool,id_ramp_brine_b10_h200_p150,physical_rc,0.15,2,4,0.1595184128807208,0,720,0.05667888084278842,0.03469429392419045,0.02244912304794276,0.2795615275390517,0.007092928107433364
topcell,internal_test,configured_data_pool,id_ramp_brine_b10_h200_p150,mlp,0.15,2,4,0.1595184128807208,0,720,0.2511173944250629,0.20922415770500039,0.06174748446689078,0.6087419102138654,0.34309586851909996
topcell,internal_test,configured_data_pool,id_ramp_brine_b10_h200_p150,cnn1d,0.15,2,4,0.1595184128807208,0,720,0.319677816542582,0.2685860685342071,0.26170759398699334,0.7388522989299418,0.48275963947502093
topcell,internal_test,configured_data_pool,id_ramp_brine_b10_h200_p150,tcn,0.15,2,4,0.1595184128807208,0,720,0.8849094853513205,0.7436889157461783,-0.6587493549853205,1.7710088213100192,0.5474928594575303
topcell,internal_test,configured_data_pool,id_ramp_brine_b10_h200_p150,gru,0.15,2,4,0.1595184128807208,0,720,0.30619067346752404,0.2591340579592003,0.25677488355748906,0.5174104242973101,0.16059384642047592
topcell,internal_test,configured_data_pool,id_ramp_brine_b10_h200_p150,lstm,0.15,2,4,0.1595184128807208,0,720,0.39058921228459176,0.31790164874406024,0.31513338127877283,0.6891116694044683,0.5122116079049738
topcell,internal_test,configured_data_pool,id_ramp_plasma_b10_h200_p150,physical_rc,0.15,2,4,0.13773905035301692,0,720,0.03662718911206648,0.027543951995086375,-0.012724955164691002,0.16308363988091656,0.04372489556576441
topcell,internal_test,configured_data_pool,id_ramp_plasma_b10_h200_p150,mlp,0.15,2,4,0.13773905035301692,0,720,0.5777778028125502,0.4458369613795771,-0.10696862973232621,1.420715634976716,0.20209911241717546
topcell,internal_test,configured_data_pool,id_ramp_plasma_b10_h200_p150,cnn1d,0.15,2,4,0.13773905035301692,0,720,0.36609393731432727,0.293546404184177,0.2081093431929795,0.7163344974851782,0.3991266443282057
topcell,internal_test,configured_data_pool,id_ramp_plasma_b10_h200_p150,tcn,0.15,2,4,0.13773905035301692,0,720,1.3001648057141064,0.968807055740926,-0.6784686419745517,3.355971936562696,1.4101861905770692
topcell,internal_test,configured_data_pool,id_ramp_plasma_b10_h200_p150,gru,0.15,2,4,0.13773905035301692,0,720,0.5026236458183614,0.4029417362726538,-0.3739116210027577,1.2580034108879943,0.8945887264968042
topcell,internal_test,configured_data_pool,id_ramp_plasma_b10_h200_p150,lstm,0.15,2,4,0.13773905035301692,0,720,0.2768106652937187,0.2272905684860225,-0.05566274557125726,0.7057223424971539,0.43811838163545375
topcell,internal_test,configured_data_pool,id_const_b10_h200_p0_cold,physical_rc,0.15,2,4,0.16080743371632056,0,720,0.03452536696915223,0.02285587435831186,-0.022027915710172014,0.27083842301078676,0.010878581926518326
topcell,internal_test,configured_data_pool,id_const_b10_h200_p0_cold,mlp,0.15,2,4,0.16080743371632056,0,720,0.8810325046788396,0.6871699692303985,0.4150479857301254,1.9377827123140747,0.533640873588099
topcell,internal_test,configured_data_pool,id_const_b10_h200_p0_cold,cnn1d,0.15,2,4,0.16080743371632056,0,720,0.3931174083627388,0.3033292959906572,0.12135683196049268,0.8605413679340757,0.353445536170267
topcell,internal_test,configured_data_pool,id_const_b10_h200_p0_cold,tcn,0.15,2,4,0.16080743371632056,0,720,0.6927081306691258,0.6245844929376877,-0.5977035721259827,1.2254386716111583,0.10794481966556417
topcell,internal_test,configured_data_pool,id_const_b10_h200_p0_cold,gru,0.15,2,4,0.16080743371632056,0,720,0.29248205429203694,0.23147370875344242,0.15911790275992674,0.553262448090365,0.34516821138055104
topcell,internal_test,configured_data_pool,id_const_b10_h200_p0_cold,lstm,0.15,2,4,0.16080743371632056,0,720,0.2701617946664567,0.2050518807223298,0.10227654378197393,0.5723354348265417,0.1614947335663051
topcell,internal_test,configured_data_pool,id_const_b10_h200_p0_gradient,physical_rc,0.15,2,4,0.10713708710245617,0,720,0.045401608992848744,0.030525162677730026,-0.026194810528287465,0.2592770569113725,0.012186428883467217
topcell,internal_test,configured_data_pool,id_const_b10_h200_p0_gradient,mlp,0.15,2,4,0.10713708710245617,0,720,0.39687380875021483,0.342999289068283,0.2749572408747911,0.974099545318829,0.17292831848739612
topcell,internal_test,configured_data_pool,id_const_b10_h200_p0_gradient,cnn1d,0.15,2,4,0.10713708710245617,0,720,0.2735218511450511,0.24404394391890366,0.13109670637246124,0.4588165769247041,0.2128101493507316
topcell,internal_test,configured_data_pool,id_const_b10_h200_p0_gradient,tcn,0.15,2,4,0.10713708710245617,0,720,0.8214615065314187,0.600983816082904,-0.22636620975966698,1.8143072611493096,0.9387443130430327
topcell,internal_test,configured_data_pool,id_const_b10_h200_p0_gradient,gru,0.15,2,4,0.10713708710245617,0,720,0.17379000711707082,0.15597477561186907,-0.13941175564270633,0.28910167136221787,0.14258443928357728
topcell,internal_test,configured_data_pool,id_const_b10_h200_p0_gradient,lstm,0.15,2,4,0.10713708710245617,0,720,0.22263692870243487,0.1921639800001761,-0.1618844948152796,0.4444103027530133,0.25468207898988565
topcell,internal_test,configured_data_pool,id_const_b10_h200_p0_nominal,physical_rc,0.15,2,4,0.10656776283628842,0,720,0.03849734803473597,0.026478158976618704,0.02532944089921802,0.20005974454629438,0.0031229190399120923
topcell,internal_test,configured_data_pool,id_const_b10_h200_p0_nominal,mlp,0.15,2,4,0.10656776283628842,0,720,0.8338814058094789,0.6843048310153146,0.15240607392319572,1.5623918046124743,0.8224228690437773
topcell,internal_test,configured_data_pool,id_const_b10_h200_p0_nominal,cnn1d,0.15,2,4,0.10656776283628842,0,720,0.11094525846469418,0.08831512309495633,0.02938868742161574,0.2503993391133008,0.07426891181985217
topcell,internal_test,configured_data_pool,id_const_b10_h200_p0_nominal,tcn,0.15,2,4,0.10656776283628842,0,720,0.7007659787012941,0.5703304339617313,-0.4350016519893376,1.423302427524817,0.3942381960982475
topcell,internal_test,configured_data_pool,id_const_b10_h200_p0_nominal,gru,0.15,2,4,0.10656776283628842,0,720,0.08524992452640158,0.0711218716389472,-0.03692147620344043,0.1960055154094249,0.07391007399957543
topcell,internal_test,configured_data_pool,id_const_b10_h200_p0_nominal,lstm,0.15,2,4,0.10656776283628842,0,720,0.28907999129213435,0.22523301648369537,-0.1799967621649505,0.5670484054443534,0.3588307703099959
topcell,internal_test,configured_data_pool,id_const_b30_h200_p100_cold,physical_rc,0.15,3,4,0.14126025418463414,0,720,0.032646645871084914,0.01767404580854095,-0.013095803958308247,0.23028777566882042,0.010688209477862639
topcell,internal_test,configured_data_pool,id_const_b30_h200_p100_cold,mlp,0.15,3,4,0.14126025418463414,0,720,0.35476564857836823,0.27470500847849183,-0.14792070620596162,0.734967973308045,0.37450110976305667
topcell,internal_test,configured_data_pool,id_const_b30_h200_p100_cold,cnn1d,0.15,3,4,0.14126025418463414,0,720,0.37600849368433625,0.30257060077129755,0.17541925458696034,0.7306056430708026,0.4773918054099206
topcell,internal_test,configured_data_pool,id_const_b30_h200_p100_cold,tcn,0.15,3,4,0.14126025418463414,0,720,0.8924064770222225,0.7486133347938255,-0.7093491934174886,1.8998335756305238,0.3616438790220177
topcell,internal_test,configured_data_pool,id_const_b30_h200_p100_cold,gru,0.15,3,4,0.14126025418463414,0,720,0.2062755571990741,0.1737421265084201,0.16577211960641658,0.38852411452207036,0.16771985450836416
topcell,internal_test,configured_data_pool,id_const_b30_h200_p100_cold,lstm,0.15,3,4,0.14126025418463414,0,720,0.32940773529308487,0.2683925585400143,0.2390948093648047,0.651221664944444,0.3711758567668625
topcell,internal_test,configured_data_pool,id_const_b30_h200_p100_gradient,physical_rc,0.15,3,4,0.0927133486905018,0,720,0.041319394880661026,0.025323739393153015,0.02005953867703906,0.180382811770329,0.007256074689254041
topcell,internal_test,configured_data_pool,id_const_b30_h200_p100_gradient,mlp,0.15,3,4,0.0927133486905018,0,720,0.4182070740459807,0.38290298486687246,0.1409666192577442,0.7304262489731315,0.32250360905014575
topcell,internal_test,configured_data_pool,id_const_b30_h200_p100_gradient,cnn1d,0.15,3,4,0.0927133486905018,0,720,0.24388919729989006,0.22884399323566373,0.22418200522726114,0.3814082088506723,0.17131545158681907
topcell,internal_test,configured_data_pool,id_const_b30_h200_p100_gradient,tcn,0.15,3,4,0.0927133486905018,0,720,0.5516945287061674,0.3977004400993677,-0.22092999565725632,1.5762499768396054,0.6868420274093932
topcell,internal_test,configured_data_pool,id_const_b30_h200_p100_gradient,gru,0.15,3,4,0.0927133486905018,0,720,0.11245653972337238,0.08476123939582339,-0.05654525835661038,0.22096091609004986,0.12502624889257818
topcell,internal_test,configured_data_pool,id_const_b30_h200_p100_gradient,lstm,0.15,3,4,0.0927133486905018,0,720,0.19227887296489374,0.15615863479240713,0.13970988631414077,0.500981214200408,0.09623566201240565
topcell,internal_test,configured_data_pool,id_const_b30_h200_p100_nominal,physical_rc,0.15,3,4,0.21412168862507713,0,720,0.07095684140607826,0.053898203718834345,0.05371809053341153,0.31107288434112945,0.009321909646464708
topcell,internal_test,configured_data_pool,id_const_b30_h200_p100_nominal,mlp,0.15,3,4,0.21412168862507713,0,720,0.3716311389222707,0.30474418751321714,-0.12039293907165752,0.8019363116804072,0.4441172838837639
topcell,internal_test,configured_data_pool,id_const_b30_h200_p100_nominal,cnn1d,0.15,3,4,0.21412168862507713,0,720,0.19225923459208727,0.16542413974918502,0.15731113915668804,0.40740027050608774,0.12145905351842406
topcell,internal_test,configured_data_pool,id_const_b30_h200_p100_nominal,tcn,0.15,3,4,0.21412168862507713,0,720,0.5912836542655447,0.467262124347376,-0.37907602253650846,1.3625612537439338,0.39899853326441637
topcell,internal_test,configured_data_pool,id_const_b30_h200_p100_nominal,gru,0.15,3,4,0.21412168862507713,0,720,0.09014228439016687,0.07493823107445624,0.03551698903388662,0.2841681070437829,0.060926861313263775
topcell,internal_test,configured_data_pool,id_const_b30_h200_p100_nominal,lstm,0.15,3,4,0.21412168862507713,0,720,0.21067130497208014,0.1842045654621922,0.1842045654621922,0.47743397910797114,0.13619229887305762
topcell,internal_test,configured_data_pool,id_const_b20_h160_p150_cold,physical_rc,0.15,3,4,0.10566859150825869,0,720,0.02467059892171878,0.015571401649832388,0.00781312545246038,0.14777358549477526,0.009050486312948908
topcell,internal_test,configured_data_pool,id_const_b20_h160_p150_cold,mlp,0.15,3,4,0.10566859150825869,0,720,0.3970914134052533,0.3380649423544626,0.09247408799302974,0.6838237273985186,0.44589983951603746
topcell,internal_test,configured_data_pool,id_const_b20_h160_p150_cold,cnn1d,0.15,3,4,0.10566859150825869,0,720,0.19372113145465267,0.15874574963696814,0.11809044206925114,0.38824339616684256,0.3113958535921017
topcell,internal_test,configured_data_pool,id_const_b20_h160_p150_cold,tcn,0.15,3,4,0.10566859150825869,0,720,0.8854614851214366,0.7475381334635395,-0.7011760388369144,1.6965107931644212,0.37796063992311435
topcell,internal_test,configured_data_pool,id_const_b20_h160_p150_cold,gru,0.15,3,4,0.10566859150825869,0,720,0.12419127540820146,0.10371459205060193,0.05640030392589525,0.25749624107712066,0.12618302505985102
topcell,internal_test,configured_data_pool,id_const_b20_h160_p150_cold,lstm,0.15,3,4,0.10566859150825869,0,720,0.14068163172744322,0.11443429654004109,0.04526232538306247,0.3696830764723842,0.1942647554832214
topcell,internal_test,configured_data_pool,id_const_b20_h160_p150_gradient,physical_rc,0.15,3,4,0.2069922155279329,0,720,0.08078249301723331,0.06183423944950768,-0.06157733432783026,0.2688307538716117,0.019978921724032237
topcell,internal_test,configured_data_pool,id_const_b20_h160_p150_gradient,mlp,0.15,3,4,0.2069922155279329,0,720,0.3141052148645571,0.2723139425894493,0.02761204892191352,0.6366137234194014,0.23058147555854322
topcell,internal_test,configured_data_pool,id_const_b20_h160_p150_gradient,cnn1d,0.15,3,4,0.2069922155279329,0,720,0.1539666724606951,0.1281024842976538,0.03410635925800608,0.3870320101824234,0.22523954906499735
topcell,internal_test,configured_data_pool,id_const_b20_h160_p150_gradient,tcn,0.15,3,4,0.2069922155279329,0,720,0.7407074035134051,0.5935143929227956,-0.4641400351140429,1.5620031104182033,0.5691713754215648
topcell,internal_test,configured_data_pool,id_const_b20_h160_p150_gradient,gru,0.15,3,4,0.2069922155279329,0,720,0.17954048410744297,0.156770589931093,-0.1566596282942297,0.3572501489751403,0.2849246672919317
topcell,internal_test,configured_data_pool,id_const_b20_h160_p150_gradient,lstm,0.15,3,4,0.2069922155279329,0,720,0.11875946301450711,0.10379256572942402,-0.058409456920302714,0.2539515019343668,0.17114614351291094
topcell,internal_test,configured_data_pool,id_const_b20_h160_p150_nominal,physical_rc,0.15,3,4,0.17262641274821708,0,720,0.05162406472933301,0.026514968338336026,0.005479949218478917,0.2867126858355533,0.00925724205207284
topcell,internal_test,configured_data_pool,id_const_b20_h160_p150_nominal,mlp,0.15,3,4,0.17262641274821708,0,720,0.20353912841530197,0.16268855977686963,-0.02626944719985817,0.44836336670785215,0.19092875812312726
topcell,internal_test,configured_data_pool,id_const_b20_h160_p150_nominal,cnn1d,0.15,3,4,0.17262641274821708,0,720,0.20618152668953185,0.18344043329398307,0.1390157742346201,0.37004095869832554,0.28314849883290677
topcell,internal_test,configured_data_pool,id_const_b20_h160_p150_nominal,tcn,0.15,3,4,0.17262641274821708,0,720,0.7355267525078466,0.5994677746814048,-0.49516310894458215,1.4096432251935056,0.5145477903477028
topcell,internal_test,configured_data_pool,id_const_b20_h160_p150_nominal,gru,0.15,3,4,0.17262641274821708,0,720,0.10606620700806513,0.08519316391637818,-0.015642255304222412,0.2537089742146179,0.19214245910099467
topcell,internal_test,configured_data_pool,id_const_b20_h160_p150_nominal,lstm,0.15,3,4,0.17262641274821708,0,720,0.10892081704561904,0.08715740835420835,0.03379710868198979,0.29784327373175756,0.15459105410139756
topcell,internal_test,configured_data_pool,id_const_b20_h120_p50_cold,physical_rc,0.15,3,4,0.11704457104973086,0,720,0.01701057085175772,0.0058312556790754266,5.480805290330398e-05,0.1521770970808305,0.0038599263947866917
topcell,internal_test,configured_data_pool,id_const_b20_h120_p50_cold,mlp,0.15,3,4,0.11704457104973086,0,720,0.14265706346600576,0.1184236285411626,-0.07419853466938467,0.29094852260691084,0.049106493970774955
topcell,internal_test,configured_data_pool,id_const_b20_h120_p50_cold,cnn1d,0.15,3,4,0.11704457104973086,0,720,0.11989064035238574,0.09707408940003334,0.02232240725971129,0.2550993421982497,0.1307511879298238
topcell,internal_test,configured_data_pool,id_const_b20_h120_p50_cold,tcn,0.15,3,4,0.11704457104973086,0,720,0.3730519459048515,0.31952769428774475,-0.29479417662997276,0.7049629324610152,0.12442462813963089
topcell,internal_test,configured_data_pool,id_const_b20_h120_p50_cold,gru,0.15,3,4,0.11704457104973086,0,720,0.13196061562582753,0.10785048368902811,-0.06280914877771185,0.2935243733283954,0.09756593438764925
topcell,internal_test,configured_data_pool,id_const_b20_h120_p50_cold,lstm,0.15,3,4,0.11704457104973086,0,720,0.0893506906235919,0.07057390205744876,0.01408109173457711,0.27219188296387387,0.07821793001014961
topcell,internal_test,configured_data_pool,id_const_b20_h120_p50_gradient,physical_rc,0.15,3,4,0.05875318192074617,0,720,0.02432816337779518,0.013093075263869557,0.0007376971412304793,0.09284663681908967,0.004029305453853733
topcell,internal_test,configured_data_pool,id_const_b20_h120_p50_gradient,mlp,0.15,3,4,0.05875318192074617,0,720,0.509378055817779,0.4079331251066836,0.043283304542699304,1.126099855062833,0.6135144770011455
topcell,internal_test,configured_data_pool,id_const_b20_h120_p50_gradient,cnn1d,0.15,3,4,0.05875318192074617,0,720,0.12884740118037838,0.09133000871724097,-0.008195468990008435,0.38390689119837873,0.10426445444597957
topcell,internal_test,configured_data_pool,id_const_b20_h120_p50_gradient,tcn,0.15,3,4,0.05875318192074617,0,720,0.3362793039068543,0.24383812256863643,-0.1437297943998527,0.9739508683959315,0.34384356614403927
topcell,internal_test,configured_data_pool,id_const_b20_h120_p50_gradient,gru,0.15,3,4,0.05875318192074617,0,720,0.05693330651245222,0.04372015711994887,0.014843464399789506,0.14640987207623368,0.062068768927702696
topcell,internal_test,configured_data_pool,id_const_b20_h120_p50_gradient,lstm,0.15,3,4,0.05875318192074617,0,720,0.1382919231212303,0.12797227160269023,0.12264774543906282,0.21914168986266702,0.12583514289565617
topcell,internal_test,configured_data_pool,id_const_b20_h120_p50_nominal,physical_rc,0.15,3,4,0.22728529391254582,0,720,0.056183573784001184,0.03793355922782535,0.03610739451799564,0.3662083888261023,0.006529534027992426
topcell,internal_test,configured_data_pool,id_const_b20_h120_p50_nominal,mlp,0.15,3,4,0.22728529391254582,0,720,0.3977287008211875,0.3345098996429957,-0.19521209716685017,0.6581474140023431,0.3260040880683438
topcell,internal_test,configured_data_pool,id_const_b20_h120_p50_nominal,cnn1d,0.15,3,4,0.22728529391254582,0,720,0.15613360252838282,0.13071148548971648,0.0008694347921395204,0.3777490763919502,0.23218324065399912
topcell,internal_test,configured_data_pool,id_const_b20_h120_p50_nominal,tcn,0.15,3,4,0.22728529391254582,0,720,0.6595011348087119,0.5722353490237571,-0.23444186055887759,1.21800136682603,0.6061014425904044
topcell,internal_test,configured_data_pool,id_const_b20_h120_p50_nominal,gru,0.15,3,4,0.22728529391254582,0,720,0.10152818232686607,0.0823246061157926,-0.04566341224555892,0.34737184056787385,0.09218062043690617
topcell,internal_test,configured_data_pool,id_const_b20_h120_p50_nominal,lstm,0.15,3,4,0.22728529391254582,0,720,0.12057032487969548,0.1001518492327569,0.009017847721919894,0.3517982378757125,0.09137723529446866
topcell,internal_test,configured_data_pool,id_const_b30_h120_p50_cold,physical_rc,0.15,3,4,0.11738270033020824,0,720,0.03980789079080703,0.03180718140735611,0.031806194579598546,0.167701698757881,0.00610757564877349
topcell,internal_test,configured_data_pool,id_const_b30_h120_p50_cold,mlp,0.15,3,4,0.11738270033020824,0,720,0.12856932905763785,0.1002223671483084,-0.028728153427015613,0.3105751202155176,0.17325194926036222
topcell,internal_test,configured_data_pool,id_const_b30_h120_p50_cold,cnn1d,0.15,3,4,0.11738270033020824,0,720,0.19191968914065755,0.1578743055609929,0.13623335616286392,0.3945827781457467,0.18411358195372826
topcell,internal_test,configured_data_pool,id_const_b30_h120_p50_cold,tcn,0.15,3,4,0.11738270033020824,0,720,0.30581650370872526,0.2534861485564674,-0.12105788827838353,0.5774326359340165,0.3110050311692572
topcell,internal_test,configured_data_pool,id_const_b30_h120_p50_cold,gru,0.15,3,4,0.11738270033020824,0,720,0.1082821351112266,0.09816386259367872,-0.08192872467471012,0.18350092306231858,0.08479354630617719
topcell,internal_test,configured_data_pool,id_const_b30_h120_p50_cold,lstm,0.15,3,4,0.11738270033020824,0,720,0.15108046628146496,0.11494339393465818,0.0019708500899889873,0.30411420869794625,0.14283684011805328
topcell,internal_test,configured_data_pool,id_const_b30_h120_p50_gradient,physical_rc,0.15,3,4,0.06812275808642601,0,720,0.031985657630004244,0.017669007442243995,-0.009707878760006661,0.1331134585444147,0.005673070071986096
topcell,internal_test,configured_data_pool,id_const_b30_h120_p50_gradient,mlp,0.15,3,4,0.06812275808642601,0,720,0.5177752459893447,0.382385111731406,0.07014097129119547,1.2634950122078124,0.6711203068624572
topcell,internal_test,configured_data_pool,id_const_b30_h120_p50_gradient,cnn1d,0.15,3,4,0.06812275808642601,0,720,0.16874222847669393,0.14698362500712217,0.05124567857139157,0.3633737118726259,0.08529980822544186
topcell,internal_test,configured_data_pool,id_const_b30_h120_p50_gradient,tcn,0.15,3,4,0.06812275808642601,0,720,0.3653248922853617,0.2685988060697178,-0.042155373388923424,0.9883214609524487,0.46979499781563316
topcell,internal_test,configured_data_pool,id_const_b30_h120_p50_gradient,gru,0.15,3,4,0.06812275808642601,0,720,0.09404785901718166,0.07716012267329825,-0.07494223978345457,0.2129946021982363,0.05196915852951737
topcell,internal_test,configured_data_pool,id_const_b30_h120_p50_gradient,lstm,0.15,3,4,0.06812275808642601,0,720,0.13588165345129583,0.12429238085971449,0.06587708147626722,0.23757397957193405,0.1001384228357239
topcell,internal_test,configured_data_pool,id_const_b30_h120_p50_nominal,physical_rc,0.15,3,4,0.11811755800069888,0,720,0.03294869415623815,0.021819578977655112,0.018194537743334918,0.15457844737611026,0.0038211548911626036
topcell,internal_test,configured_data_pool,id_const_b30_h120_p50_nominal,mlp,0.15,3,4,0.11811755800069888,0,720,0.1787349964464328,0.14313943797642825,-0.09878709245898148,0.4029885404320055,0.1419294183808867
topcell,internal_test,configured_data_pool,id_const_b30_h120_p50_nominal,cnn1d,0.15,3,4,0.11811755800069888,0,720,0.11512143156125795,0.10198523340094268,0.08245719934551853,0.22047993827609957,0.058321421746172934
topcell,internal_test,configured_data_pool,id_const_b30_h120_p50_nominal,tcn,0.15,3,4,0.11811755800069888,0,720,0.41701679761616633,0.33331118082808003,-0.17461526506027253,0.9643857249339902,0.3720450877168222
topcell,internal_test,configured_data_pool,id_const_b30_h120_p50_nominal,gru,0.15,3,4,0.11811755800069888,0,720,0.046548241817298774,0.03587686636377938,-0.0017650349962080073,0.19026044354168192,0.04069309599181315
topcell,internal_test,configured_data_pool,id_const_b30_h120_p50_nominal,lstm,0.15,3,4,0.11811755800069888,0,720,0.10537266372541752,0.08978421427846703,0.08129921479192048,0.17766663417248907,0.0871393187571358
topcell,internal_test,configured_data_pool,id_ramp_brine_b10_h160_p50,physical_rc,0.15,3,4,0.084138855005476,0,720,0.02536534364820962,0.014680193610536168,0.01189915163153559,0.14620452862480704,0.004176378121481551
topcell,internal_test,configured_data_pool,id_ramp_brine_b10_h160_p50,mlp,0.15,3,4,0.084138855005476,0,720,0.18926983390504343,0.15992015190193082,0.07889133995413453,0.38309234728443187,0.2597565094539227
topcell,internal_test,configured_data_pool,id_ramp_brine_b10_h160_p50,cnn1d,0.15,3,4,0.084138855005476,0,720,0.18006970994447663,0.15806245108042558,0.12181682721457886,0.34078073198838865,0.219371653519418
topcell,internal_test,configured_data_pool,id_ramp_brine_b10_h160_p50,tcn,0.15,3,4,0.084138855005476,0,720,0.3000376732181835,0.2620982199645214,-0.11640207088615606,0.8226844218900737,0.5296683126576633
topcell,internal_test,configured_data_pool,id_ramp_brine_b10_h160_p50,gru,0.15,3,4,0.084138855005476,0,720,0.11811531439076285,0.09539585495033864,0.018218738623266194,0.2934927792047972,0.19614962254497512
topcell,internal_test,configured_data_pool,id_ramp_brine_b10_h160_p50,lstm,0.15,3,4,0.084138855005476,0,720,0.1537483969855415,0.10284863764970247,0.08192917407824062,0.48081959856470746,0.17246779845838742
topcell,internal_test,configured_data_pool,id_const_b30_h80_p50_cold,physical_rc,0.15,3,4,0.2331670250748438,0,720,0.09507585511495983,0.07694127107688654,-0.07694127107688654,0.2739329858887629,0.017533893479687902
topcell,internal_test,configured_data_pool,id_const_b30_h80_p50_cold,mlp,0.15,3,4,0.2331670250748438,0,720,0.21460722625342857,0.1782532087022436,0.06478953878164641,0.4441337883253169,0.26590612959264814
topcell,internal_test,configured_data_pool,id_const_b30_h80_p50_cold,cnn1d,0.15,3,4,0.2331670250748438,0,720,0.1673182171678052,0.14011954682674163,-0.05747421704733993,0.3863267313828942,0.26421345817001773
topcell,internal_test,configured_data_pool,id_const_b30_h80_p50_cold,tcn,0.15,3,4,0.2331670250748438,0,720,0.11168635529080939,0.09207161702530368,0.006115074315614264,0.3238768619205956,0.07575930999246816
topcell,internal_test,configured_data_pool,id_const_b30_h80_p50_cold,gru,0.15,3,4,0.2331670250748438,0,720,0.2539190218132376,0.24304570529706224,-0.24304570529706224,0.37223539777995995,0.1577907047084294
topcell,internal_test,configured_data_pool,id_const_b30_h80_p50_cold,lstm,0.15,3,4,0.2331670250748438,0,720,0.2447798695523351,0.19467920766311061,-0.16147803445997336,0.5034055796856975,0.18120966487890303
topcell,internal_test,configured_data_pool,id_const_b30_h80_p50_gradient,physical_rc,0.15,3,4,0.17487460324877604,0,720,0.025003754018517385,0.011894188617374417,-0.006244907304121039,0.19793763615765414,0.0037633995922006567
topcell,internal_test,configured_data_pool,id_const_b30_h80_p50_gradient,mlp,0.15,3,4,0.17487460324877604,0,720,0.6009224162749844,0.5225423019177852,0.15307022010267476,1.1487139753611757,0.7332470846665837
topcell,internal_test,configured_data_pool,id_const_b30_h80_p50_gradient,cnn1d,0.15,3,4,0.17487460324877604,0,720,0.13515662048194238,0.12204511616246058,0.012553705262553302,0.25395661355659627,0.1640580091739761
topcell,internal_test,configured_data_pool,id_const_b30_h80_p50_gradient,tcn,0.15,3,4,0.17487460324877604,0,720,0.4678044502128192,0.4227299395963982,0.1568961369823168,0.9109444190334557,0.3688415975174697
topcell,internal_test,configured_data_pool,id_const_b30_h80_p50_gradient,gru,0.15,3,4,0.17487460324877604,0,720,0.1319484798397951,0.12549935795675538,-0.11865030899749378,0.22255842842413642,0.09067424776340807
topcell,internal_test,configured_data_pool,id_const_b30_h80_p50_gradient,lstm,0.15,3,4,0.17487460324877604,0,720,0.09678019299223484,0.08750771940470797,0.054682672731760376,0.19583954172229312,0.09009078687457943
topcell,internal_test,configured_data_pool,id_const_b30_h80_p50_nominal,physical_rc,0.15,3,4,0.2917427867869562,0,720,0.060753416119478154,0.023850363005893892,-0.0033681192387393644,0.42162660368254024,0.003053438517773774
topcell,internal_test,configured_data_pool,id_const_b30_h80_p50_nominal,mlp,0.15,3,4,0.2917427867869562,0,720,0.3745706423568299,0.33995528414737514,0.0501505808000907,0.763688250911251,0.4964866124065262
topcell,internal_test,configured_data_pool,id_const_b30_h80_p50_nominal,cnn1d,0.15,3,4,0.2917427867869562,0,720,0.17231342690059315,0.12437462178097138,0.05636745722428085,0.5003946395395431,0.08568998150788007
topcell,internal_test,configured_data_pool,id_const_b30_h80_p50_nominal,tcn,0.15,3,4,0.2917427867869562,0,720,0.38758860190395306,0.31284592562719965,0.06131526202983525,0.7259743068929794,0.3490376709161818
topcell,internal_test,configured_data_pool,id_const_b30_h80_p50_nominal,gru,0.15,3,4,0.2917427867869562,0,720,0.21982011529235104,0.190805001263732,0.07194836372054694,0.4182838557276156,0.21397399286819296
topcell,internal_test,configured_data_pool,id_const_b30_h80_p50_nominal,lstm,0.15,3,4,0.2917427867869562,0,720,0.24278327325026353,0.18902463926548896,0.1640576982926889,0.46982651714444046,0.2586619154294629
topcell,internal_test,configured_data_pool,id_const_b10_h80_p0_cold,physical_rc,0.15,3,4,0.13107659058102272,0,720,0.03455199847654889,0.02711549659039287,-0.0269817349758729,0.2030698482187745,0.006555846552814019
topcell,internal_test,configured_data_pool,id_const_b10_h80_p0_cold,mlp,0.15,3,4,0.13107659058102272,0,720,0.31483424615857786,0.2659733031034529,-0.03151490445812278,0.6112222931728226,0.13774095974821526
topcell,internal_test,configured_data_pool,id_const_b10_h80_p0_cold,cnn1d,0.15,3,4,0.13107659058102272,0,720,0.2682806089325918,0.23492668977961345,0.22740425295375316,0.5206955992987119,0.33171163373002815
topcell,internal_test,configured_data_pool,id_const_b10_h80_p0_cold,tcn,0.15,3,4,0.13107659058102272,0,720,0.838239940099024,0.6942603049651807,0.4864275767142313,1.703298297919595,0.6719151164659565
topcell,internal_test,configured_data_pool,id_const_b10_h80_p0_cold,gru,0.15,3,4,0.13107659058102272,0,720,0.12829352522198073,0.10746364880081738,-0.048647468405944014,0.31114526623228755,0.06570054796302643
topcell,internal_test,configured_data_pool,id_const_b10_h80_p0_cold,lstm,0.15,3,4,0.13107659058102272,0,720,0.3707443754482759,0.29613185611094867,0.2705235508517529,0.7329710057811383,0.39741368037483854
topcell,internal_test,configured_data_pool,id_const_b10_h80_p0_gradient,physical_rc,0.15,3,4,0.06544641747052848,0,720,0.026110593686840308,0.016505903165749843,0.014331650547088721,0.1103415499303253,0.0022214411834317574
topcell,internal_test,configured_data_pool,id_const_b10_h80_p0_gradient,mlp,0.15,3,4,0.06544641747052848,0,720,0.3159004036231174,0.27848084997497313,0.27413603398090775,0.5037558120371699,0.3050249754887203
topcell,internal_test,configured_data_pool,id_const_b10_h80_p0_gradient,cnn1d,0.15,3,4,0.06544641747052848,0,720,0.4160463029748448,0.3453259149926923,0.31446208991594476,0.7496217451069924,0.5314886847890493
topcell,internal_test,configured_data_pool,id_const_b10_h80_p0_gradient,tcn,0.15,3,4,0.06544641747052848,0,720,0.377273764303293,0.3402533626945612,-0.00334790715110827,0.9456297711233077,0.3779972425341563
topcell,internal_test,configured_data_pool,id_const_b10_h80_p0_gradient,gru,0.15,3,4,0.06544641747052848,0,720,0.11973568794844776,0.10419893869174651,0.08330652711712482,0.23320667613665336,0.08771013200417332
topcell,internal_test,configured_data_pool,id_const_b10_h80_p0_gradient,lstm,0.15,3,4,0.06544641747052848,0,720,0.20419944634916753,0.18487888747526635,0.18348108314043307,0.3415485110783081,0.23683635470487766
topcell,internal_test,configured_data_pool,id_const_b10_h80_p0_nominal,physical_rc,0.15,3,4,0.1569638042890756,0,720,0.04655635293227983,0.03563068797821222,0.03519432804257559,0.23063318747056627,0.00691038143753455
topcell,internal_test,configured_data_pool,id_const_b10_h80_p0_nominal,mlp,0.15,3,4,0.1569638042890756,0,720,0.46939807381764254,0.35817165914859384,0.06127395995137592,0.842657750991826,0.5706759052800482
topcell,internal_test,configured_data_pool,id_const_b10_h80_p0_nominal,cnn1d,0.15,3,4,0.1569638042890756,0,720,0.17388419591335771,0.1532125901929333,0.15180607892639186,0.3785839607706549,0.24275461566402629
topcell,internal_test,configured_data_pool,id_const_b10_h80_p0_nominal,tcn,0.15,3,4,0.1569638042890756,0,720,0.31522009029110437,0.2646626411124341,-0.12043957317119364,0.6643649668147589,0.3920822561160508
topcell,internal_test,configured_data_pool,id_const_b10_h80_p0_nominal,gru,0.15,3,4,0.1569638042890756,0,720,0.10316201024401483,0.08758264468966491,-0.04675143180261253,0.23690731634221862,0.1164484180275837
topcell,internal_test,configured_data_pool,id_const_b10_h80_p0_nominal,lstm,0.15,3,4,0.1569638042890756,0,720,0.17666016245889019,0.15808327179413506,0.1562718689776259,0.3012633002383538,0.2255900605309544
topcell,internal_test,configured_data_pool,id_const_b40_h160_p100_cold,physical_rc,0.15,3,4,0.14131333500088314,0,720,0.03366603177095905,0.017200425150108885,-0.007116686596823079,0.1723939392926539,0.008135979378046224
topcell,internal_test,configured_data_pool,id_const_b40_h160_p100_cold,mlp,0.15,3,4,0.14131333500088314,0,720,0.3063391779192468,0.25210270953995384,0.014760872428125784,0.5916382204402453,0.3656426731065112
topcell,internal_test,configured_data_pool,id_const_b40_h160_p100_cold,cnn1d,0.15,3,4,0.14131333500088314,0,720,0.4770436370114155,0.4091801792711155,0.025840893293639026,0.8678244453385133,0.5954968317737668
topcell,internal_test,configured_data_pool,id_const_b40_h160_p100_cold,tcn,0.15,3,4,0.14131333500088314,0,720,0.5769289385002593,0.49248386406291644,-0.3360332499648686,1.1247474717677761,0.4855572950743635
topcell,internal_test,configured_data_pool,id_const_b40_h160_p100_cold,gru,0.15,3,4,0.14131333500088314,0,720,0.23034039465355627,0.18926956308895213,0.18417642273523802,0.41051696340464616,0.2072186693933732
topcell,internal_test,configured_data_pool,id_const_b40_h160_p100_cold,lstm,0.15,3,4,0.14131333500088314,0,720,0.2003705141907049,0.1595498512499443,0.11618849821076825,0.38433389543943974,0.26562885326909347
topcell,internal_test,configured_data_pool,id_const_b40_h160_p100_gradient,physical_rc,0.15,3,4,0.1555413661930608,0,720,0.051806226365369884,0.03493034216839457,0.0318456951466512,0.20468662865099674,0.007296152384007363
topcell,internal_test,configured_data_pool,id_const_b40_h160_p100_gradient,mlp,0.15,3,4,0.1555413661930608,0,720,0.26602016031405845,0.23131724017503674,0.06148239974662841,0.5384920808747182,0.27981937730351597
topcell,internal_test,configured_data_pool,id_const_b40_h160_p100_gradient,cnn1d,0.15,3,4,0.1555413661930608,0,720,0.16899162060828815,0.13978027717731192,0.05767488360513743,0.3397460904365772,0.18313224768143938
topcell,internal_test,configured_data_pool,id_const_b40_h160_p100_gradient,tcn,0.15,3,4,0.1555413661930608,0,720,0.35299215189369587,0.2745544022820758,0.02624905007928656,0.9519886525534957,0.6601654443021722
topcell,internal_test,configured_data_pool,id_const_b40_h160_p100_gradient,gru,0.15,3,4,0.1555413661930608,0,720,0.09168190467482921,0.07236175463414833,0.053101713117676495,0.24835658424970575,0.0903128289948118
topcell,internal_test,configured_data_pool,id_const_b40_h160_p100_gradient,lstm,0.15,3,4,0.1555413661930608,0,720,0.14898334109807168,0.10688345853968287,0.037267370414580676,0.45613046088217857,0.2362121050855665
topcell,internal_test,configured_data_pool,id_const_b40_h160_p100_nominal,physical_rc,0.15,3,4,0.14094440307461253,0,720,0.01576438163046219,0.009600904939857359,0.003677273569269188,0.1549365358231185,0.007344520435677814
topcell,internal_test,configured_data_pool,id_const_b40_h160_p100_nominal,mlp,0.15,3,4,0.14094440307461253,0,720,0.31044400777991216,0.2274972916694792,-0.053915553361318605,0.7803894467298562,0.40858549813456563
topcell,internal_test,configured_data_pool,id_const_b40_h160_p100_nominal,cnn1d,0.15,3,4,0.14094440307461253,0,720,0.19853873399341548,0.16896646244353022,-0.036436533028019816,0.4353256952469593,0.21676155120282908
topcell,internal_test,configured_data_pool,id_const_b40_h160_p100_nominal,tcn,0.15,3,4,0.14094440307461253,0,720,0.46238128571171794,0.3720324711828018,-0.12753412670646228,0.9706190681319953,0.5525914595609127
topcell,internal_test,configured_data_pool,id_const_b40_h160_p100_nominal,gru,0.15,3,4,0.14094440307461253,0,720,0.05900186121142979,0.044883394722176756,0.03069562550869167,0.20111026672914534,0.026815389619191124
topcell,internal_test,configured_data_pool,id_const_b40_h160_p100_nominal,lstm,0.15,3,4,0.14094440307461253,0,720,0.1264627027133502,0.10877678430812852,0.03163420430861371,0.30250885613936873,0.1448922374112979
topcell,internal_test,configured_data_pool,id_const_b10_h80_p150_cold,physical_rc,0.15,3,4,0.1354946453721479,0,720,0.030298760512140862,0.01693060522989852,-0.009926982510047061,0.19231260564597363,0.008224461433624803
topcell,internal_test,configured_data_pool,id_const_b10_h80_p150_cold,mlp,0.15,3,4,0.1354946453721479,0,720,0.41787537564509336,0.31398025373859983,0.1509312633413866,0.9191775726592084,0.42875491028836776
topcell,internal_test,configured_data_pool,id_const_b10_h80_p150_cold,cnn1d,0.15,3,4,0.1354946453721479,0,720,0.34851493156837937,0.294065892048738,0.24747743974757883,0.7155164599607815,0.33275732389767326
topcell,internal_test,configured_data_pool,id_const_b10_h80_p150_cold,tcn,0.15,3,4,0.1354946453721479,0,720,0.7084528050949107,0.5983341278349974,-0.4072353301693567,1.7036264810002848,0.6227942639617873
topcell,internal_test,configured_data_pool,id_const_b10_h80_p150_cold,gru,0.15,3,4,0.1354946453721479,0,720,0.21377399788595206,0.17140186494409954,-0.13041371462535925,0.4111300964058131,0.19686212674942682
topcell,internal_test,configured_data_pool,id_const_b10_h80_p150_cold,lstm,0.15,3,4,0.1354946453721479,0,720,0.30314797641574787,0.2531660081408248,-0.12222276559550575,0.8106449898795915,0.4543943052104293
topcell,internal_test,configured_data_pool,id_const_b10_h80_p150_gradient,physical_rc,0.15,3,4,0.21158663867777702,0,720,0.056477723328965876,0.038154277636126735,-0.03728788867670803,0.3021306624855171,0.012071848723657616
topcell,internal_test,configured_data_pool,id_const_b10_h80_p150_gradient,mlp,0.15,3,4,0.21158663867777702,0,720,0.29309483800240504,0.25750219704121513,0.05605913292209036,0.47189450215149975,0.31083236899685723
topcell,internal_test,configured_data_pool,id_const_b10_h80_p150_gradient,cnn1d,0.15,3,4,0.21158663867777702,0,720,0.3093261946676459,0.25940490046531495,0.17592300445428496,0.5471090230755209,0.3213108993378234
topcell,internal_test,configured_data_pool,id_const_b10_h80_p150_gradient,tcn,0.15,3,4,0.21158663867777702,0,720,0.5898736265460434,0.49586632597327057,-0.2806724881261877,1.2512784014113834,0.501600630817259
topcell,internal_test,configured_data_pool,id_const_b10_h80_p150_gradient,gru,0.15,3,4,0.21158663867777702,0,720,0.39819205804131247,0.31015275224663547,-0.27560754473781923,0.7803062254909889,0.3532747711868884
topcell,internal_test,configured_data_pool,id_const_b10_h80_p150_gradient,lstm,0.15,3,4,0.21158663867777702,0,720,0.2568369257543079,0.16864323011282314,-0.12554479067077615,0.8925042654392428,0.48280710706585733
topcell,internal_test,configured_data_pool,id_const_b10_h80_p150_nominal,physical_rc,0.15,3,4,0.14270295819138434,0,720,0.05619380700873255,0.03231876926510006,-0.02968911712925781,0.25861119484098793,0.010644016838361645
topcell,internal_test,configured_data_pool,id_const_b10_h80_p150_nominal,mlp,0.15,3,4,0.14270295819138434,0,720,0.19133607241582343,0.155358266568061,-0.010226726330451344,0.44661345998278534,0.22079679083354245
topcell,internal_test,configured_data_pool,id_const_b10_h80_p150_nominal,cnn1d,0.15,3,4,0.14270295819138434,0,720,0.3137104470130525,0.27565554660380515,0.2499607260397071,0.536214510174915,0.26963889328484636
topcell,internal_test,configured_data_pool,id_const_b10_h80_p150_nominal,tcn,0.15,3,4,0.14270295819138434,0,720,0.6104033798674632,0.46068529467810576,-0.4402233225486445,1.525263418949919,0.27489419128517123
topcell,internal_test,configured_data_pool,id_const_b10_h80_p150_nominal,gru,0.15,3,4,0.14270295819138434,0,720,0.09084722272377083,0.07039236309511773,0.032891507888287486,0.27505274786413025,0.021511576285389813
topcell,internal_test,configured_data_pool,id_const_b10_h80_p150_nominal,lstm,0.15,3,4,0.14270295819138434,0,720,0.19522885558761802,0.1475113237215541,0.08675366616061068,0.4264682854426809,0.138515988354118
topcell,internal_test,configured_data_pool,id_const_b10_h80_p100_cold,physical_rc,0.15,3,4,0.08036038226478326,0,720,0.023747160995444917,0.016292710121985285,-0.015872018611040435,0.13087326186194304,0.006523637159593527
topcell,internal_test,configured_data_pool,id_const_b10_h80_p100_cold,mlp,0.15,3,4,0.08036038226478326,0,720,0.24732971999645015,0.199920409778471,0.15371889405331762,0.46668912734999424,0.22921556658283096
topcell,internal_test,configured_data_pool,id_const_b10_h80_p100_cold,cnn1d,0.15,3,4,0.08036038226478326,0,720,0.18491454616146394,0.15882657637006908,0.11539681662863378,0.3557350112147901,0.0892580562035048
topcell,internal_test,configured_data_pool,id_const_b10_h80_p100_cold,tcn,0.15,3,4,0.08036038226478326,0,720,0.39500299899505936,0.301161114955815,-0.2705837915917836,0.9859824222406672,0.21027744063268705
topcell,internal_test,configured_data_pool,id_const_b10_h80_p100_cold,gru,0.15,3,4,0.08036038226478326,0,720,0.16170959885791342,0.145295907338175,0.13541221096942666,0.2931231167694648,0.1637950529111072
topcell,internal_test,configured_data_pool,id_const_b10_h80_p100_cold,lstm,0.15,3,4,0.08036038226478326,0,720,0.12300862303696969,0.10186066062725578,0.00966354164619941,0.2616929489560249,0.11978937099363648
topcell,internal_test,configured_data_pool,id_const_b10_h80_p100_gradient,physical_rc,0.15,3,4,0.08863801598823795,0,720,0.044588839679390785,0.031633432392944014,0.030326354588245685,0.16605285662135572,0.007920493329324383
topcell,internal_test,configured_data_pool,id_const_b10_h80_p100_gradient,mlp,0.15,3,4,0.08863801598823795,0,720,0.2305867666721176,0.17960734117008542,0.11066463914742543,0.5010569034054129,0.25483592820580914
topcell,internal_test,configured_data_pool,id_const_b10_h80_p100_gradient,cnn1d,0.15,3,4,0.08863801598823795,0,720,0.12457904521084703,0.0985018041754748,0.011869218860039776,0.3557372401018597,0.23302395081078361
topcell,internal_test,configured_data_pool,id_const_b10_h80_p100_gradient,tcn,0.15,3,4,0.08863801598823795,0,720,0.33399204930150506,0.2756257234965148,-0.07265491651680547,0.7972345655899602,0.2805261360546994
topcell,internal_test,configured_data_pool,id_const_b10_h80_p100_gradient,gru,0.15,3,4,0.08863801598823795,0,720,0.11669908700101767,0.094074758287497,0.04405957075832369,0.29326384519636406,0.17159927909046008
topcell,internal_test,configured_data_pool,id_const_b10_h80_p100_gradient,lstm,0.15,3,4,0.08863801598823795,0,720,0.1426856312177653,0.11985974695406641,0.06644395814579694,0.3373430775815791,0.16998192888470584
topcell,internal_test,configured_data_pool,id_const_b10_h80_p100_nominal,physical_rc,0.15,3,4,0.15608782040640543,0,720,0.033976212345938894,0.025055444272826695,0.024914803242897004,0.2522840824215251,0.007014769447597851
topcell,internal_test,configured_data_pool,id_const_b10_h80_p100_nominal,mlp,0.15,3,4,0.15608782040640543,0,720,0.20174279482598467,0.15415067903051566,0.0777068698455229,0.4591211495973653,0.23614325460188046
topcell,internal_test,configured_data_pool,id_const_b10_h80_p100_nominal,cnn1d,0.15,3,4,0.15608782040640543,0,720,0.1504892413939282,0.1301965316896629,0.10274616256284774,0.2710364508545666,0.16667124675692271
topcell,internal_test,configured_data_pool,id_const_b10_h80_p100_nominal,tcn,0.15,3,4,0.15608782040640543,0,720,0.2771914818323386,0.23135113587154313,-0.1883717309382709,0.5142229828938838,0.14179911556688182
topcell,internal_test,configured_data_pool,id_const_b10_h80_p100_nominal,gru,0.15,3,4,0.15608782040640543,0,720,0.2317514753166576,0.188064784308998,0.18724495648291048,0.4580668137501078,0.20910211144009994
topcell,internal_test,configured_data_pool,id_const_b10_h80_p100_nominal,lstm,0.15,3,4,0.15608782040640543,0,720,0.1830539737277869,0.16254072812467463,0.13269388278781272,0.416987256969648,0.13479742613302897
topcell,internal_test,configured_data_pool,id_ramp_brine_b30_h160_p150,physical_rc,0.15,3,4,0.14947484438468908,0,720,0.07060568432627444,0.05389114358659557,-0.05389114358659557,0.22942543732907694,0.018067931088970413
topcell,internal_test,configured_data_pool,id_ramp_brine_b30_h160_p150,mlp,0.15,3,4,0.14947484438468908,0,720,0.21454669182301636,0.17249589099043064,-0.1375729679898954,0.5063571794163693,0.14855568530809185
topcell,internal_test,configured_data_pool,id_ramp_brine_b30_h160_p150,cnn1d,0.15,3,4,0.14947484438468908,0,720,0.11451803508414773,0.09266898524304897,0.03163817514050856,0.3194000909077488,0.18567097858309345
topcell,internal_test,configured_data_pool,id_ramp_brine_b30_h160_p150,tcn,0.15,3,4,0.14947484438468908,0,720,0.7739718470801967,0.624889402442909,-0.5174230258948376,1.518012523198621,0.5698891801014025
topcell,internal_test,configured_data_pool,id_ramp_brine_b30_h160_p150,gru,0.15,3,4,0.14947484438468908,0,720,0.12094892672539669,0.11098225682175165,-0.11098225682175165,0.24943276938847703,0.16171930954116856
topcell,internal_test,configured_data_pool,id_ramp_brine_b30_h160_p150,lstm,0.15,3,4,0.14947484438468908,0,720,0.08744259521898108,0.07662221491284661,-0.0478270534757113,0.2365338124949261,0.12014804775695147
topcell,internal_test,configured_data_pool,id_const_b30_h160_p0_cold,physical_rc,0.15,3,4,0.06299146015468651,0,720,0.013975973319798246,0.00985616934706818,-0.007862897626514403,0.09369799495562603,0.005949103235425831
topcell,internal_test,configured_data_pool,id_const_b30_h160_p0_cold,mlp,0.15,3,4,0.06299146015468651,0,720,0.41363682498313503,0.34459114754353093,0.13801986912105985,0.9598767371553123,0.5479430011033275
topcell,internal_test,configured_data_pool,id_const_b30_h160_p0_cold,cnn1d,0.15,3,4,0.06299146015468651,0,720,0.23113294891457473,0.18930036138766684,0.17834377577686983,0.4468738487151711,0.18301282913367872
topcell,internal_test,configured_data_pool,id_const_b30_h160_p0_cold,tcn,0.15,3,4,0.06299146015468651,0,720,0.3165206914314563,0.231386334034992,0.020220824998441304,0.8474801275154675,0.45455339851317395
topcell,internal_test,configured_data_pool,id_const_b30_h160_p0_cold,gru,0.15,3,4,0.06299146015468651,0,720,0.08158839561090743,0.06080523452400044,0.04348270631965568,0.17747015375209685,0.0806570874651282
topcell,internal_test,configured_data_pool,id_const_b30_h160_p0_cold,lstm,0.15,3,4,0.06299146015468651,0,720,0.29670999234924766,0.21297476365131904,0.19770203770045475,0.5679037832237128,0.313673094845019
topcell,internal_test,configured_data_pool,id_const_b30_h160_p0_gradient,physical_rc,0.15,3,4,0.10087013250205147,0,720,0.022430844294930783,0.010178446255833308,0.00564892500039122,0.16219730043857084,0.0038394556428050603
topcell,internal_test,configured_data_pool,id_const_b30_h160_p0_gradient,mlp,0.15,3,4,0.10087013250205147,0,720,0.37257936528984475,0.24609418681265746,0.157460125049214,0.9238976156265863,0.4655512431972307
topcell,internal_test,configured_data_pool,id_const_b30_h160_p0_gradient,cnn1d,0.15,3,4,0.10087013250205147,0,720,0.10403922068587766,0.08256615235129838,0.06679209227942486,0.22423595783383377,0.12134999849669931
topcell,internal_test,configured_data_pool,id_const_b30_h160_p0_gradient,tcn,0.15,3,4,0.10087013250205147,0,720,0.8473035728940759,0.667717845364157,0.08985056109531758,1.5828686078173178,1.0229174208428955
topcell,internal_test,configured_data_pool,id_const_b30_h160_p0_gradient,gru,0.15,3,4,0.10087013250205147,0,720,0.06059222328615031,0.05138797131965114,0.0007781783523009326,0.166164682226416,0.037062213043289244
topcell,internal_test,configured_data_pool,id_const_b30_h160_p0_gradient,lstm,0.15,3,4,0.10087013250205147,0,720,0.13020577961084795,0.09888181668362639,0.067380097812765,0.2693176169107403,0.18319491754914508
topcell,internal_test,configured_data_pool,id_const_b30_h160_p0_nominal,physical_rc,0.15,3,4,0.1171009451216786,0,720,0.02697999932788943,0.017582884025479195,-0.014274795029641673,0.1850238410332068,0.007801936927861071
topcell,internal_test,configured_data_pool,id_const_b30_h160_p0_nominal,mlp,0.15,3,4,0.1171009451216786,0,720,0.4482215616754106,0.39932455828080243,-0.0314184149607759,0.8139777447514902,0.3883420145327835
topcell,internal_test,configured_data_pool,id_const_b30_h160_p0_nominal,cnn1d,0.15,3,4,0.1171009451216786,0,720,0.20903501193363405,0.19228898266982866,0.051849984875708584,0.33950380886824405,0.2408153014294384
topcell,internal_test,configured_data_pool,id_const_b30_h160_p0_nominal,tcn,0.15,3,4,0.1171009451216786,0,720,0.5713130026048574,0.5391596825118298,-0.0003308714750203951,0.887495263171914,0.4926473426208951
topcell,internal_test,configured_data_pool,id_const_b30_h160_p0_nominal,gru,0.15,3,4,0.1171009451216786,0,720,0.19805566675454764,0.14883572330157968,-0.1303361563745707,0.37408782963561293,0.17198401216450973
topcell,internal_test,configured_data_pool,id_const_b30_h160_p0_nominal,lstm,0.15,3,4,0.1171009451216786,0,720,0.2095317649344674,0.138345646403488,-0.08256961934315118,0.4902785734674353,0.26528739298579757
topcell,internal_test,configured_data_pool,id_ramp_brine_b10_h200_p150,physical_rc,0.15,3,4,0.1305659844617025,0,720,0.040071315228473695,0.02739931710846565,-0.026950691934802457,0.194090289306601,0.01564620949673792
topcell,internal_test,configured_data_pool,id_ramp_brine_b10_h200_p150,mlp,0.15,3,4,0.1305659844617025,0,720,0.2639515507295912,0.21228827089205393,0.0019303223965102805,0.6729536070892408,0.34636669608632636
topcell,internal_test,configured_data_pool,id_ramp_brine_b10_h200_p150,cnn1d,0.15,3,4,0.1305659844617025,0,720,0.2657988034939205,0.21655836921088195,0.1260168718487233,0.7411949781638043,0.43190468498287726
topcell,internal_test,configured_data_pool,id_ramp_brine_b10_h200_p150,tcn,0.15,3,4,0.1305659844617025,0,720,0.9720047859479621,0.8170634661062454,-0.7426997541827749,2.0364288723075106,0.5347723855631964
topcell,internal_test,configured_data_pool,id_ramp_brine_b10_h200_p150,gru,0.15,3,4,0.1305659844617025,0,720,0.32273305385272383,0.26975863242301484,0.2336682650468598,0.6216005341651964,0.21178719803273874
topcell,internal_test,configured_data_pool,id_ramp_brine_b10_h200_p150,lstm,0.15,3,4,0.1305659844617025,0,720,0.3850815191436131,0.3011006411942133,0.27155050277059495,0.8002451949471379,0.5510416374752107
topcell,internal_test,configured_data_pool,id_ramp_plasma_b10_h200_p150,physical_rc,0.15,3,4,0.14108447972322682,0,720,0.060586468910345075,0.04897488794616192,0.04117247433563592,0.24516641017491025,0.038967345207429616
topcell,internal_test,configured_data_pool,id_ramp_plasma_b10_h200_p150,mlp,0.15,3,4,0.14108447972322682,0,720,0.6311322148190541,0.480704114249675,-0.07136912587809484,1.7423041817573193,0.26212041555656873
topcell,internal_test,configured_data_pool,id_ramp_plasma_b10_h200_p150,cnn1d,0.15,3,4,0.14108447972322682,0,720,0.30513401619945807,0.24139088568303227,0.18473639404576644,0.716339981504376,0.3188376041438699
topcell,internal_test,configured_data_pool,id_ramp_plasma_b10_h200_p150,tcn,0.15,3,4,0.14108447972322682,0,720,1.2511005142350493,0.9498693613035724,-0.6480103573474881,3.02496696284166,1.4550025470984953
topcell,internal_test,configured_data_pool,id_ramp_plasma_b10_h200_p150,gru,0.15,3,4,0.14108447972322682,0,720,0.48020373056845456,0.3769455416553852,-0.33370685777499043,1.203682749276254,0.8734536001726552
topcell,internal_test,configured_data_pool,id_ramp_plasma_b10_h200_p150,lstm,0.15,3,4,0.14108447972322682,0,720,0.27568217235236925,0.2240118321079316,-0.03661252443987126,0.731538202632322,0.44217341904327356
topcell,internal_test,configured_data_pool,id_const_b10_h200_p0_cold,physical_rc,0.15,3,4,0.21712000074821716,0,720,0.08066611556212691,0.06520564549471665,-0.06520564549471665,0.3190911407809267,0.020114038602109308
topcell,internal_test,configured_data_pool,id_const_b10_h200_p0_cold,mlp,0.15,3,4,0.21712000074821716,0,720,0.7868034970064632,0.6198075293017075,0.3924739631340567,1.7649321158214804,0.4082848084049662
topcell,internal_test,configured_data_pool,id_const_b10_h200_p0_cold,cnn1d,0.15,3,4,0.21712000074821716,0,720,0.39896175216075525,0.337336105054095,0.12318566249335434,0.7883539035439071,0.33817217308897807
topcell,internal_test,configured_data_pool,id_const_b10_h200_p0_cold,tcn,0.15,3,4,0.21712000074821716,0,720,0.6891432958081346,0.6231205161244264,-0.6063585145216679,1.208203176649505,0.21189973568951917
topcell,internal_test,configured_data_pool,id_const_b10_h200_p0_cold,gru,0.15,3,4,0.21712000074821716,0,720,0.20290012980024236,0.16345311398126142,0.08583394843735664,0.41435237822175,0.2562505142749594
topcell,internal_test,configured_data_pool,id_const_b10_h200_p0_cold,lstm,0.15,3,4,0.21712000074821716,0,720,0.26600896866387447,0.19976625072514465,0.05662220059458295,0.70255877808885,0.11353283235784503
topcell,internal_test,configured_data_pool,id_const_b10_h200_p0_gradient,physical_rc,0.15,3,4,0.19246413018994307,0,720,0.028072279951989885,0.011699101829133399,0.0031141094839273876,0.18607164926278585,0.0064130020255905185
topcell,internal_test,configured_data_pool,id_const_b10_h200_p0_gradient,mlp,0.15,3,4,0.19246413018994307,0,720,0.45138848476450383,0.39064219640298564,0.30474433301456494,1.0896269143193535,0.25006405485916544
topcell,internal_test,configured_data_pool,id_const_b10_h200_p0_gradient,cnn1d,0.15,3,4,0.19246413018994307,0,720,0.24835120932929294,0.22439521155070857,0.14380392928464128,0.4139874887635102,0.19076420050011259
topcell,internal_test,configured_data_pool,id_const_b10_h200_p0_gradient,tcn,0.15,3,4,0.19246413018994307,0,720,0.8169397572674063,0.6108726339958268,-0.1763832334465068,1.7476810030865408,0.9684108723467949
topcell,internal_test,configured_data_pool,id_const_b10_h200_p0_gradient,gru,0.15,3,4,0.19246413018994307,0,720,0.21847212144605382,0.1909842016492861,-0.14737298359476472,0.3813030017242909,0.1675764216227795
topcell,internal_test,configured_data_pool,id_const_b10_h200_p0_gradient,lstm,0.15,3,4,0.19246413018994307,0,720,0.2834863479309399,0.2334641775427927,-0.1668741339971209,0.5291308587393644,0.338159294105187
topcell,internal_test,configured_data_pool,id_const_b10_h200_p0_nominal,physical_rc,0.15,3,4,0.1538386779925733,0,720,0.025203241120889237,0.013373874088355355,0.00893071046310729,0.14921625653708048,0.005199240539990935
topcell,internal_test,configured_data_pool,id_const_b10_h200_p0_nominal,mlp,0.15,3,4,0.1538386779925733,0,720,0.8384264786365013,0.7075586265101393,0.14307083340257842,1.6088783843121348,0.817286157631929
topcell,internal_test,configured_data_pool,id_const_b10_h200_p0_nominal,cnn1d,0.15,3,4,0.1538386779925733,0,720,0.1670151782004052,0.14486346758823568,-0.018141833374587937,0.35792250866714426,0.12983306170159153
topcell,internal_test,configured_data_pool,id_const_b10_h200_p0_nominal,tcn,0.15,3,4,0.1538386779925733,0,720,0.7742394197793915,0.6354566048323017,-0.42924494477732567,1.4358360201116938,0.5144875234835282
topcell,internal_test,configured_data_pool,id_const_b10_h200_p0_nominal,gru,0.15,3,4,0.1538386779925733,0,720,0.18330752354403698,0.14788986819224725,-0.12011097625304426,0.371470123566084,0.11571024415184958
topcell,internal_test,configured_data_pool,id_const_b10_h200_p0_nominal,lstm,0.15,3,4,0.1538386779925733,0,720,0.41004293008956727,0.3081027829196504,-0.2653896922755863,0.8170404909708822,0.48394810687825135
topcell,internal_test,configured_data_pool,id_const_b30_h200_p100_cold,physical_rc,0.15,4,4,0.21034817552690516,0,720,0.04681513037486732,0.028674221054312117,-0.023658261872868517,0.2628390831992391,0.012790503471644727
topcell,internal_test,configured_data_pool,id_const_b30_h200_p100_cold,mlp,0.15,4,4,0.21034817552690516,0,720,0.4022624464125177,0.2790195854837377,-0.19754734866998658,0.8684812170658063,0.410976247874255
topcell,internal_test,configured_data_pool,id_const_b30_h200_p100_cold,cnn1d,0.15,4,4,0.21034817552690516,0,720,0.2338857201666534,0.19075442276309884,0.08952911391364854,0.4457331147204968,0.307570790848249
topcell,internal_test,configured_data_pool,id_const_b30_h200_p100_cold,tcn,0.15,4,4,0.21034817552690516,0,720,0.9145649312231013,0.7660505588424684,-0.7041749472226367,1.9970337824296678,0.3763337422978803
topcell,internal_test,configured_data_pool,id_const_b30_h200_p100_cold,gru,0.15,4,4,0.21034817552690516,0,720,0.10823829967882671,0.08920541566434648,0.006999363903194785,0.23988558675340244,0.057858356225977126
topcell,internal_test,configured_data_pool,id_const_b30_h200_p100_cold,lstm,0.15,4,4,0.21034817552690516,0,720,0.2012165516863454,0.17928553057907537,0.062042599226694486,0.38933607709714124,0.19167972641306677
topcell,internal_test,configured_data_pool,id_const_b30_h200_p100_gradient,physical_rc,0.15,4,4,0.15260653233131108,0,720,0.035257008020020575,0.02353270277025347,-0.020750752005058666,0.20170314112512955,0.012596968021038046
topcell,internal_test,configured_data_pool,id_const_b30_h200_p100_gradient,mlp,0.15,4,4,0.15260653233131108,0,720,0.5015210416417689,0.44467263309802185,0.1257584106568609,0.8297456413491631,0.4241787428494249
topcell,internal_test,configured_data_pool,id_const_b30_h200_p100_gradient,cnn1d,0.15,4,4,0.15260653233131108,0,720,0.2531201041079809,0.21560610715971956,0.1964021740278799,0.4896110293765332,0.21842896575766607
topcell,internal_test,configured_data_pool,id_const_b30_h200_p100_gradient,tcn,0.15,4,4,0.15260653233131108,0,720,0.6708834698464873,0.49107442016805136,-0.269654356901988,1.8549908533943409,0.7867416495426574
topcell,internal_test,configured_data_pool,id_const_b30_h200_p100_gradient,gru,0.15,4,4,0.15260653233131108,0,720,0.052077030497529715,0.04195390131212889,0.004350842665167952,0.2259879235937916,0.04620705892331279
topcell,internal_test,configured_data_pool,id_const_b30_h200_p100_gradient,lstm,0.15,4,4,0.15260653233131108,0,720,0.2543757025427935,0.22622536666054213,0.21655899647194912,0.4735310629352938,0.14470158262484287
topcell,internal_test,configured_data_pool,id_const_b30_h200_p100_nominal,physical_rc,0.15,4,4,0.12133509351785733,0,720,0.02447386453146115,0.01435176303335896,0.0064701151146556455,0.16569582733603028,0.00831237234059122
topcell,internal_test,configured_data_pool,id_const_b30_h200_p100_nominal,mlp,0.15,4,4,0.12133509351785733,0,720,0.4340715873675013,0.26685688608655134,-0.16357932178902712,1.0054943469129114,0.50224545182164
topcell,internal_test,configured_data_pool,id_const_b30_h200_p100_nominal,cnn1d,0.15,4,4,0.12133509351785733,0,720,0.1749974091710208,0.13632900528839326,0.1228637028939847,0.33341250841377246,0.14245305254489635
topcell,internal_test,configured_data_pool,id_const_b30_h200_p100_nominal,tcn,0.15,4,4,0.12133509351785733,0,720,0.697348105192894,0.5451195846251337,-0.46490344344522366,1.6292253766794147,0.4662412646879335
topcell,internal_test,configured_data_pool,id_const_b30_h200_p100_nominal,gru,0.15,4,4,0.12133509351785733,0,720,0.15817256783891753,0.12729466093966865,0.10121254417746788,0.30219811859139156,0.13828666847157134
topcell,internal_test,configured_data_pool,id_const_b30_h200_p100_nominal,lstm,0.15,4,4,0.12133509351785733,0,720,0.2920545061272053,0.25141953207299034,0.24705069221751416,0.5476362204750984,0.2820734935535941
topcell,internal_test,configured_data_pool,id_const_b20_h160_p150_cold,physical_rc,0.15,4,4,0.09127078758672115,0,720,0.03707653659783148,0.025236417538960616,0.018417247382661147,0.1451119316830045,0.008886416648407468
topcell,internal_test,configured_data_pool,id_const_b20_h160_p150_cold,mlp,0.15,4,4,0.09127078758672115,0,720,0.4987135112026865,0.4181686318456462,0.13537763702380987,0.8800346869902,0.5677497999024352
topcell,internal_test,configured_data_pool,id_const_b20_h160_p150_cold,cnn1d,0.15,4,4,0.09127078758672115,0,720,0.2752148528416154,0.2293444475903985,0.20033389608292498,0.5465957514961133,0.4069455793896966
topcell,internal_test,configured_data_pool,id_const_b20_h160_p150_cold,tcn,0.15,4,4,0.09127078758672115,0,720,0.8837346317783157,0.7357957618430493,-0.670637077877886,1.9024543120699065,0.4545732614690561
topcell,internal_test,configured_data_pool,id_const_b20_h160_p150_cold,gru,0.15,4,4,0.09127078758672115,0,720,0.16182821843554818,0.13228076378689557,0.11848455854029076,0.35027523649982584,0.09624289446990353
topcell,internal_test,configured_data_pool,id_const_b20_h160_p150_cold,lstm,0.15,4,4,0.09127078758672115,0,720,0.16516044283995715,0.1415354080044563,0.12006837276270185,0.30605661258607597,0.22267818567717015
topcell,internal_test,configured_data_pool,id_const_b20_h160_p150_gradient,physical_rc,0.15,4,4,0.15472315260711866,0,720,0.058699699535286656,0.034584957738697804,-0.025409067186008775,0.22363956519624395,0.013017916399873644
topcell,internal_test,configured_data_pool,id_const_b20_h160_p150_gradient,mlp,0.15,4,4,0.15472315260711866,0,720,0.43621704501647957,0.39068545924698395,0.09826837122976863,0.7331532589566905,0.33536353377943523
topcell,internal_test,configured_data_pool,id_const_b20_h160_p150_gradient,cnn1d,0.15,4,4,0.15472315260711866,0,720,0.21041294941122574,0.19945097793379224,0.12150130204379714,0.3797626219269432,0.27599736025813315
topcell,internal_test,configured_data_pool,id_const_b20_h160_p150_gradient,tcn,0.15,4,4,0.15472315260711866,0,720,0.7171696009600658,0.5626112526884618,-0.3967172049955675,1.6919677049294108,0.6325708737602482
topcell,internal_test,configured_data_pool,id_const_b20_h160_p150_gradient,gru,0.15,4,4,0.15472315260711866,0,720,0.2084009266171785,0.17593397784194692,-0.12980480008019937,0.46703601710899534,0.30781560480529657
topcell,internal_test,configured_data_pool,id_const_b20_h160_p150_gradient,lstm,0.15,4,4,0.15472315260711866,0,720,0.16875935713008794,0.1424873536973694,-0.037109272309654315,0.3975906997116567,0.22786615413520434
topcell,internal_test,configured_data_pool,id_const_b20_h160_p150_nominal,physical_rc,0.15,4,4,0.15948704838415928,0,720,0.056561060221923996,0.041832821723392435,-0.041832821723392435,0.19175918086956045,0.01597775969562062
topcell,internal_test,configured_data_pool,id_const_b20_h160_p150_nominal,mlp,0.15,4,4,0.15948704838415928,0,720,0.26593011844900644,0.21157969604135388,-0.048526704491819964,0.5912868009718721,0.22114826647552155
topcell,internal_test,configured_data_pool,id_const_b20_h160_p150_nominal,cnn1d,0.15,4,4,0.15948704838415928,0,720,0.13719302344410406,0.1090881774339969,0.061246229395833754,0.37564740529859364,0.23785445090700302
topcell,internal_test,configured_data_pool,id_const_b20_h160_p150_nominal,tcn,0.15,4,4,0.15948704838415928,0,720,0.7848174910384057,0.6383224794398362,-0.5523180322461921,1.6479288646113446,0.5038439094424344
topcell,internal_test,configured_data_pool,id_const_b20_h160_p150_nominal,gru,0.15,4,4,0.15948704838415928,0,720,0.10444619308939658,0.08526195262098443,0.01202712700824223,0.27109644162018753,0.17054065496561155
topcell,internal_test,configured_data_pool,id_const_b20_h160_p150_nominal,lstm,0.15,4,4,0.15948704838415928,0,720,0.12288797986877817,0.10165115232097414,0.04761301043382212,0.30811678673876486,0.1791582401287659
topcell,internal_test,configured_data_pool,id_const_b20_h120_p50_cold,physical_rc,0.15,4,4,0.1309994499973903,0,720,0.03604166326701972,0.025831657859088194,0.025379266179227165,0.20531845152179073,0.004853960740904267
topcell,internal_test,configured_data_pool,id_const_b20_h120_p50_cold,mlp,0.15,4,4,0.1309994499973903,0,720,0.16470031735908697,0.12439170422324979,-0.03945153152287153,0.3848849812539328,0.18680521288142266
topcell,internal_test,configured_data_pool,id_const_b20_h120_p50_cold,cnn1d,0.15,4,4,0.1309994499973903,0,720,0.12333850482985406,0.09605490435310024,0.08578107986785886,0.27055273218091713,0.056170446035793166
topcell,internal_test,configured_data_pool,id_const_b20_h120_p50_cold,tcn,0.15,4,4,0.1309994499973903,0,720,0.3211145310723746,0.2608179641543273,-0.228220643106377,0.7389554727814129,0.1221485660995109
topcell,internal_test,configured_data_pool,id_const_b20_h120_p50_cold,gru,0.15,4,4,0.1309994499973903,0,720,0.1355352621445316,0.11431433619963237,-0.10332543044734095,0.23293961497272164,0.10907138027648784
topcell,internal_test,configured_data_pool,id_const_b20_h120_p50_cold,lstm,0.15,4,4,0.1309994499973903,0,720,0.1475867032611611,0.11890225251307876,-0.005885854064476526,0.2910276846929065,0.1305289928857302
topcell,internal_test,configured_data_pool,id_const_b20_h120_p50_gradient,physical_rc,0.15,4,4,0.06053693059109057,0,720,0.027597084265826577,0.016718036970984368,-0.01234859708184823,0.10773606322137397,0.006188483042228973
topcell,internal_test,configured_data_pool,id_const_b20_h120_p50_gradient,mlp,0.15,4,4,0.06053693059109057,0,720,0.5076513592853761,0.4020170846047691,0.029621981340080577,1.1268602426417687,0.611326361873869
topcell,internal_test,configured_data_pool,id_const_b20_h120_p50_gradient,cnn1d,0.15,4,4,0.06053693059109057,0,720,0.12841469682726772,0.08774456170033969,-0.02137876694254066,0.4076690234783342,0.10150855899691734
topcell,internal_test,configured_data_pool,id_const_b20_h120_p50_gradient,tcn,0.15,4,4,0.06053693059109057,0,720,0.34126349041723664,0.24916462928262154,-0.15582407834432624,0.9818930810841096,0.3383429850194784
topcell,internal_test,configured_data_pool,id_const_b20_h120_p50_gradient,gru,0.15,4,4,0.06053693059109057,0,720,0.05309772859246572,0.039447133928825956,-0.0003191263007367557,0.162203242090456,0.051068251006167166
topcell,internal_test,configured_data_pool,id_const_b20_h120_p50_gradient,lstm,0.15,4,4,0.06053693059109057,0,720,0.12560800580028567,0.11592084581477063,0.10803378335031727,0.21288875345548774,0.1158025751058888
topcell,internal_test,configured_data_pool,id_const_b20_h120_p50_nominal,physical_rc,0.15,4,4,0.11936037075813821,0,720,0.027749268219804037,0.015370396117461629,0.012485754737312317,0.19493127677855426,0.0032990549940899653
topcell,internal_test,configured_data_pool,id_const_b20_h120_p50_nominal,mlp,0.15,4,4,0.11936037075813821,0,720,0.36043812909385137,0.2883568514235202,-0.20286789060887156,0.6445103394731717,0.2858470061567787
topcell,internal_test,configured_data_pool,id_const_b20_h120_p50_nominal,cnn1d,0.15,4,4,0.11936037075813821,0,720,0.14474227268376094,0.11722208010405694,-0.02421970806303062,0.36202712077930244,0.23146732415451757
topcell,internal_test,configured_data_pool,id_const_b20_h120_p50_nominal,tcn,0.15,4,4,0.11936037075813821,0,720,0.5981688663021375,0.5155175392250856,-0.24788563186630508,1.1358692470084577,0.5308838511803449
topcell,internal_test,configured_data_pool,id_const_b20_h120_p50_nominal,gru,0.15,4,4,0.11936037075813821,0,720,0.10544785589838697,0.08309409642597122,-0.06211992626674455,0.18813254112899358,0.09198757122622706
topcell,internal_test,configured_data_pool,id_const_b20_h120_p50_nominal,lstm,0.15,4,4,0.11936037075813821,0,720,0.11934097842266742,0.09600416479548418,-0.0036207409551662216,0.22934621559423363,0.09472979158488334
topcell,internal_test,configured_data_pool,id_const_b30_h120_p50_cold,physical_rc,0.15,4,4,0.2999861178336059,0,720,0.059385873826544915,0.031167789160854466,0.016690530204931962,0.3652743111563481,0.003992900614003482
topcell,internal_test,configured_data_pool,id_const_b30_h120_p50_cold,mlp,0.15,4,4,0.2999861178336059,0,720,0.18956444037850317,0.14855657749920734,-0.07807875361490485,0.48092601726547457,0.06315379338568003
topcell,internal_test,configured_data_pool,id_const_b30_h120_p50_cold,cnn1d,0.15,4,4,0.2999861178336059,0,720,0.32433087304166813,0.26298383012738474,0.20291603365894462,0.5528225575545918,0.3410632810536982
topcell,internal_test,configured_data_pool,id_const_b30_h120_p50_cold,tcn,0.15,4,4,0.2999861178336059,0,720,0.31077058875119407,0.25577195162778366,-0.17775992937969243,0.7039705906036602,0.2351995415784222
topcell,internal_test,configured_data_pool,id_const_b30_h120_p50_cold,gru,0.15,4,4,0.2999861178336059,0,720,0.10716885924062908,0.08935153821779479,-0.015535880454451886,0.3431830015993498,0.0863289440901468
topcell,internal_test,configured_data_pool,id_const_b30_h120_p50_cold,lstm,0.15,4,4,0.2999861178336059,0,720,0.11757642339591333,0.09190194804611297,0.0760169471434599,0.34375293832488296,0.10088025795037703
topcell,internal_test,configured_data_pool,id_const_b30_h120_p50_gradient,physical_rc,0.15,4,4,0.15175057217027832,0,720,0.06126723507557505,0.042659138553849514,-0.04134833305641702,0.30103276629159836,0.01201409513356538
topcell,internal_test,configured_data_pool,id_const_b30_h120_p50_gradient,mlp,0.15,4,4,0.15175057217027832,0,720,0.46291531821573384,0.37587171754087334,0.02351312847839782,1.0774609261336963,0.5979007242802538
topcell,internal_test,configured_data_pool,id_const_b30_h120_p50_gradient,cnn1d,0.15,4,4,0.15175057217027832,0,720,0.17291306480639768,0.13586546593328203,0.016589067961652385,0.42170417015040584,0.09438299417490884
topcell,internal_test,configured_data_pool,id_const_b30_h120_p50_gradient,tcn,0.15,4,4,0.15175057217027832,0,720,0.36043324407503824,0.25478871443282936,-0.10221984074720053,1.0069473589783087,0.4371584202849056
topcell,internal_test,configured_data_pool,id_const_b30_h120_p50_gradient,gru,0.15,4,4,0.15175057217027832,0,720,0.10684650621459948,0.08596684068085958,-0.05928797634920939,0.30448965679107687,0.07923938932134399
topcell,internal_test,configured_data_pool,id_const_b30_h120_p50_gradient,lstm,0.15,4,4,0.15175057217027832,0,720,0.1086278814311567,0.09779516132542226,0.0786050059125373,0.34262434495597915,0.11701924564042628
topcell,internal_test,configured_data_pool,id_const_b30_h120_p50_nominal,physical_rc,0.15,4,4,0.10301798361491363,0,720,0.02417512621406541,0.011435159595052013,-0.0019988039443528216,0.15859210662359402,0.0043577629189184884
topcell,internal_test,configured_data_pool,id_const_b30_h120_p50_nominal,mlp,0.15,4,4,0.10301798361491363,0,720,0.2790853282028531,0.2201145408102202,-0.14691769093296336,0.6261045572670412,0.17180557130877425
topcell,internal_test,configured_data_pool,id_const_b30_h120_p50_nominal,cnn1d,0.15,4,4,0.10301798361491363,0,720,0.06478154166317204,0.05653481120680766,0.03331521579870911,0.17804751916727213,0.04951106464356082
topcell,internal_test,configured_data_pool,id_const_b30_h120_p50_nominal,tcn,0.15,4,4,0.10301798361491363,0,720,0.5399427198353454,0.4358970826494448,-0.2166590079774103,1.1746417831198244,0.48447543880680316
topcell,internal_test,configured_data_pool,id_const_b30_h120_p50_nominal,gru,0.15,4,4,0.10301798361491363,0,720,0.0686930655424881,0.05884962139812486,-0.041102009026271626,0.14876576129152141,0.055831318586366585
topcell,internal_test,configured_data_pool,id_const_b30_h120_p50_nominal,lstm,0.15,4,4,0.10301798361491363,0,720,0.07263903163659347,0.061155577027983216,0.03706265864436301,0.20269222217964256,0.08842342225360736
topcell,internal_test,configured_data_pool,id_ramp_brine_b10_h160_p50,physical_rc,0.15,4,4,0.19793763530905645,0,720,0.04364707848611721,0.027391656784538754,0.022402208384207218,0.2815158808128899,0.002018900373998863
topcell,internal_test,configured_data_pool,id_ramp_brine_b10_h160_p50,mlp,0.15,4,4,0.19793763530905645,0,720,0.248946061452465,0.20767381917639968,0.11109208288281411,0.5465006224333138,0.27813959881925376
topcell,internal_test,configured_data_pool,id_ramp_brine_b10_h160_p50,cnn1d,0.15,4,4,0.19793763530905645,0,720,0.18158957111236634,0.1530530880489694,0.14083411249454175,0.3358069430595094,0.15460511580564498
topcell,internal_test,configured_data_pool,id_ramp_brine_b10_h160_p50,tcn,0.15,4,4,0.19793763530905645,0,720,0.3152053073252107,0.24866514124324418,-0.13203427267218373,0.7647762249151242,0.5831351853968147
topcell,internal_test,configured_data_pool,id_ramp_brine_b10_h160_p50,gru,0.15,4,4,0.19793763530905645,0,720,0.2107606802990688,0.17328368869192298,0.14550205634051447,0.432442914439676,0.19580325080615715
topcell,internal_test,configured_data_pool,id_ramp_brine_b10_h160_p50,lstm,0.15,4,4,0.19793763530905645,0,720,0.2574104113961836,0.21024812419817976,0.201879020912484,0.4792231779114786,0.30809031039230433
topcell,internal_test,configured_data_pool,id_const_b30_h80_p50_cold,physical_rc,0.15,4,4,0.14046677645328928,0,720,0.03187804200535147,0.02328802633140216,-0.02281123132169639,0.2289413025889644,0.006080198509126499
topcell,internal_test,configured_data_pool,id_const_b30_h80_p50_cold,mlp,0.15,4,4,0.14046677645328928,0,720,0.2583008637746193,0.23076264525161866,0.10618854850044639,0.4830163520901394,0.31887155967391256
topcell,internal_test,configured_data_pool,id_const_b30_h80_p50_cold,cnn1d,0.15,4,4,0.14046677645328928,0,720,0.17172531418048653,0.13292622496691311,-0.0007419874939244132,0.42319102064573144,0.21869880181553977
topcell,internal_test,configured_data_pool,id_const_b30_h80_p50_cold,tcn,0.15,4,4,0.14046677645328928,0,720,0.19188901172288975,0.16906250716059326,0.03343507079831967,0.37700321710117635,0.20309732006231346
topcell,internal_test,configured_data_pool,id_const_b30_h80_p50_cold,gru,0.15,4,4,0.14046677645328928,0,720,0.18797504704739773,0.14274735802057736,-0.1031593009582473,0.4120750937871591,0.15254454633048495
topcell,internal_test,configured_data_pool,id_const_b30_h80_p50_cold,lstm,0.15,4,4,0.14046677645328928,0,720,0.1774050234842537,0.14756824801321947,-0.048425940350230234,0.3665009020022154,0.05830585382941456
topcell,internal_test,configured_data_pool,id_const_b30_h80_p50_gradient,physical_rc,0.15,4,4,0.14278156036596412,0,720,0.03755181505546115,0.02359588579368161,0.018434159878085776,0.2434454654347249,0.004461262107252701
topcell,internal_test,configured_data_pool,id_const_b30_h80_p50_gradient,mlp,0.15,4,4,0.14278156036596412,0,720,0.6682156019044058,0.6116377118126836,0.17951524172555394,1.0683397779560124,0.7973732183574213
topcell,internal_test,configured_data_pool,id_const_b30_h80_p50_gradient,cnn1d,0.15,4,4,0.14278156036596412,0,720,0.19416853983955132,0.16206753135192473,0.10125100531348695,0.4172451199905467,0.13168726753027238
topcell,internal_test,configured_data_pool,id_const_b30_h80_p50_gradient,tcn,0.15,4,4,0.14278156036596412,0,720,0.5192772281677015,0.4572451209461415,0.18477614438434678,0.9144486784859254,0.44801757598750164
topcell,internal_test,configured_data_pool,id_const_b30_h80_p50_gradient,gru,0.15,4,4,0.14278156036596412,0,720,0.17131735011228635,0.15934788985275455,-0.007257204562861406,0.2860355331154949,0.16401149487998917
topcell,internal_test,configured_data_pool,id_const_b30_h80_p50_gradient,lstm,0.15,4,4,0.14278156036596412,0,720,0.1902970212208902,0.15393471200974082,0.14952838556297898,0.3681019673787489,0.21915829503025064
topcell,internal_test,configured_data_pool,id_const_b30_h80_p50_nominal,physical_rc,0.15,4,4,0.15815902246420166,0,720,0.028570812981924244,0.019319790029811754,0.018012023563280778,0.22027296314485056,0.004284706096138494
topcell,internal_test,configured_data_pool,id_const_b30_h80_p50_nominal,mlp,0.15,4,4,0.15815902246420166,0,720,0.1942101811636053,0.15273070130199823,0.01782112844027469,0.4565575790252083,0.2710829659171772
topcell,internal_test,configured_data_pool,id_const_b30_h80_p50_nominal,cnn1d,0.15,4,4,0.15815902246420166,0,720,0.2130938194677088,0.15472578627299746,-0.12217941040077651,0.4544909345919592,0.3081111259334539
topcell,internal_test,configured_data_pool,id_const_b30_h80_p50_nominal,tcn,0.15,4,4,0.15815902246420166,0,720,0.18401689930165957,0.14988283568845973,0.03288239310884692,0.3539121247598871,0.2112842360401003
topcell,internal_test,configured_data_pool,id_const_b30_h80_p50_nominal,gru,0.15,4,4,0.15815902246420166,0,720,0.1593261815892333,0.12975422479063178,-0.0687013842398988,0.33801084775664947,0.12988547244858958
topcell,internal_test,configured_data_pool,id_const_b30_h80_p50_nominal,lstm,0.15,4,4,0.15815902246420166,0,720,0.12056736936112131,0.10058288514066338,0.05270087707105305,0.26109197931232586,0.12019710255310977
topcell,internal_test,configured_data_pool,id_const_b10_h80_p0_cold,physical_rc,0.15,4,4,0.11526003069557879,0,720,0.016817230925048943,0.007368521384102432,0.004324836897245701,0.1581045391993925,0.0005624272749968905
topcell,internal_test,configured_data_pool,id_const_b10_h80_p0_cold,mlp,0.15,4,4,0.11526003069557879,0,720,0.29962126635103575,0.22824865610099232,-0.002168989118417307,0.629602832641666,0.22985607142981454
topcell,internal_test,configured_data_pool,id_const_b10_h80_p0_cold,cnn1d,0.15,4,4,0.11526003069557879,0,720,0.27769316710179487,0.252746806323178,0.25153260998688176,0.41456357360945617,0.3293268753780464
topcell,internal_test,configured_data_pool,id_const_b10_h80_p0_cold,tcn,0.15,4,4,0.11526003069557879,0,720,0.72798099966756,0.554455666742792,0.4839133551154051,1.5628950375069408,0.5056550848338237
topcell,internal_test,configured_data_pool,id_const_b10_h80_p0_cold,gru,0.15,4,4,0.11526003069557879,0,720,0.1427694087793468,0.11008351194743772,0.0879265242475587,0.2896225469999294,0.16791804801812052
topcell,internal_test,configured_data_pool,id_const_b10_h80_p0_cold,lstm,0.15,4,4,0.11526003069557879,0,720,0.399126815159978,0.3645958661894904,0.3576435350581961,0.6430912063353915,0.42724341763968776
topcell,internal_test,configured_data_pool,id_const_b10_h80_p0_gradient,physical_rc,0.15,4,4,0.14609820621382652,0,720,0.05599822806175361,0.04087449743838097,-0.04086430014130614,0.23120622588695028,0.00996878748455492
topcell,internal_test,configured_data_pool,id_const_b10_h80_p0_gradient,mlp,0.15,4,4,0.14609820621382652,0,720,0.2841791090510912,0.24826824216624932,0.23581942567366726,0.5082354274813738,0.27489262391013747
topcell,internal_test,configured_data_pool,id_const_b10_h80_p0_gradient,cnn1d,0.15,4,4,0.14609820621382652,0,720,0.4240661571908833,0.34782802557154024,0.2792500884284358,0.8638172494128966,0.5537213154644322
topcell,internal_test,configured_data_pool,id_const_b10_h80_p0_gradient,tcn,0.15,4,4,0.14609820621382652,0,720,0.3226884100167476,0.3014421243516363,-0.03977202376262637,0.6877949294703924,0.35345483366975855
topcell,internal_test,configured_data_pool,id_const_b10_h80_p0_gradient,gru,0.15,4,4,0.14609820621382652,0,720,0.07740662737415852,0.05829663749751716,0.00012010001425634008,0.23220589268583325,0.09056506883327167
topcell,internal_test,configured_data_pool,id_const_b10_h80_p0_gradient,lstm,0.15,4,4,0.14609820621382652,0,720,0.19184499903088068,0.16766789610607294,0.11531057577377367,0.313126368101571,0.2190298806573985
topcell,internal_test,configured_data_pool,id_const_b10_h80_p0_nominal,physical_rc,0.15,4,4,0.17997884796799374,0,720,0.05238151043193303,0.04047540663812336,-0.04013406606277189,0.2379401220900874,0.009880006844440313
topcell,internal_test,configured_data_pool,id_const_b10_h80_p0_nominal,mlp,0.15,4,4,0.17997884796799374,0,720,0.48027769526801356,0.4056441918839391,-0.019648306012243596,0.8534262629518423,0.5765549525815016
topcell,internal_test,configured_data_pool,id_const_b10_h80_p0_nominal,cnn1d,0.15,4,4,0.17997884796799374,0,720,0.17347640131612777,0.1516720304598595,0.04435378011257783,0.3720796419352368,0.24608505270205053
topcell,internal_test,configured_data_pool,id_const_b10_h80_p0_nominal,tcn,0.15,4,4,0.17997884796799374,0,720,0.3960004898299155,0.3217185169786326,-0.20829734782301346,0.8556297013025471,0.4761264250686717
topcell,internal_test,configured_data_pool,id_const_b10_h80_p0_nominal,gru,0.15,4,4,0.17997884796799374,0,720,0.20187634357540768,0.17895617287422086,-0.1782450903868541,0.3529686345650731,0.19063462500338701
topcell,internal_test,configured_data_pool,id_const_b10_h80_p0_nominal,lstm,0.15,4,4,0.17997884796799374,0,720,0.15969880913070755,0.1420334971327079,0.05334093321323669,0.2882469847892821,0.20620327736182642
topcell,internal_test,configured_data_pool,id_const_b40_h160_p100_cold,physical_rc,0.15,4,4,0.20596089491776257,0,720,0.04920277984096567,0.029106475544321095,-0.024634995758611222,0.3586512302988183,0.01089214641218707
topcell,internal_test,configured_data_pool,id_const_b40_h160_p100_cold,mlp,0.15,4,4,0.20596089491776257,0,720,0.3488744816927373,0.28732873784137036,-0.02551532223353787,0.7781614632547615,0.40971953240463366
topcell,internal_test,configured_data_pool,id_const_b40_h160_p100_cold,cnn1d,0.15,4,4,0.20596089491776257,0,720,0.45962578245142516,0.38741323875576933,-0.004121667140754573,0.836966021710353,0.5667005860480747
topcell,internal_test,configured_data_pool,id_const_b40_h160_p100_cold,tcn,0.15,4,4,0.20596089491776257,0,720,0.5915957300394696,0.5094669591033034,-0.3626114398231474,1.010446617102545,0.44712805340848505
topcell,internal_test,configured_data_pool,id_const_b40_h160_p100_cold,gru,0.15,4,4,0.20596089491776257,0,720,0.1925783803794375,0.1511472747326183,0.13328035508534575,0.36291155631839445,0.19180054442393263
topcell,internal_test,configured_data_pool,id_const_b40_h160_p100_cold,lstm,0.15,4,4,0.20596089491776257,0,720,0.17862544576340156,0.14208077977329284,0.07259204541822126,0.3851490481896107,0.24974717284084189
topcell,internal_test,configured_data_pool,id_const_b40_h160_p100_gradient,physical_rc,0.15,4,4,0.13128813230725137,0,720,0.05135196159460579,0.02643851536268172,-0.010996804710113463,0.23900823760418888,0.009039289215904233
topcell,internal_test,configured_data_pool,id_const_b40_h160_p100_gradient,mlp,0.15,4,4,0.13128813230725137,0,720,0.28068484480392125,0.23448423708968782,0.033676542363143123,0.6304990037688896,0.2734370349739231
topcell,internal_test,configured_data_pool,id_const_b40_h160_p100_gradient,cnn1d,0.15,4,4,0.13128813230725137,0,720,0.1903338304567797,0.16673728004868477,0.05855009635646283,0.370822553900922,0.22361271199242488
topcell,internal_test,configured_data_pool,id_const_b40_h160_p100_gradient,tcn,0.15,4,4,0.13128813230725137,0,720,0.3640094231601514,0.2864323854545445,-0.004481117375881757,0.9629457840723887,0.6637620697963162
topcell,internal_test,configured_data_pool,id_const_b40_h160_p100_gradient,gru,0.15,4,4,0.13128813230725137,0,720,0.05363634218715422,0.04198990973927831,0.021530673579869646,0.18957605048414194,0.07001438505736648
topcell,internal_test,configured_data_pool,id_const_b40_h160_p100_gradient,lstm,0.15,4,4,0.13128813230725137,0,720,0.11251608296021336,0.07552240904395023,0.008272036383268637,0.3730270534198752,0.22280531752367172
topcell,internal_test,configured_data_pool,id_const_b40_h160_p100_nominal,physical_rc,0.15,4,4,0.18419381232804233,0,720,0.052553361231987145,0.03695014898830545,0.03668362562822971,0.3445367723888424,0.007710195688957883
topcell,internal_test,configured_data_pool,id_const_b40_h160_p100_nominal,mlp,0.15,4,4,0.18419381232804233,0,720,0.44616246428052597,0.3266113527161802,-0.05376584211469789,1.0425667215946248,0.5466827964134701
topcell,internal_test,configured_data_pool,id_const_b40_h160_p100_nominal,cnn1d,0.15,4,4,0.18419381232804233,0,720,0.1807217807473893,0.14689077783304064,-0.05819238836285504,0.3997304499100238,0.1438927629184581
topcell,internal_test,configured_data_pool,id_const_b40_h160_p100_nominal,tcn,0.15,4,4,0.18419381232804233,0,720,0.562329657609147,0.4422220341066694,-0.12165393311783798,1.206827569664938,0.6177198354614786
topcell,internal_test,configured_data_pool,id_const_b40_h160_p100_nominal,gru,0.15,4,4,0.18419381232804233,0,720,0.06665439826199906,0.05414071813779991,0.03693122086053831,0.33250258874817007,0.06287026507109285
topcell,internal_test,configured_data_pool,id_const_b40_h160_p100_nominal,lstm,0.15,4,4,0.18419381232804233,0,720,0.10244256780952489,0.07975103389483622,0.04187158187461176,0.3339690136554623,0.15339051332127865
topcell,internal_test,configured_data_pool,id_const_b10_h80_p150_cold,physical_rc,0.15,4,4,0.127642143015213,0,720,0.03967563159717261,0.030607814841517682,0.030300870341021795,0.1704319531226659,0.010138342716025331
topcell,internal_test,configured_data_pool,id_const_b10_h80_p150_cold,mlp,0.15,4,4,0.127642143015213,0,720,0.4593245484229029,0.40790239679950624,0.20104195970507435,0.8357435131953821,0.4391795434693209
topcell,internal_test,configured_data_pool,id_const_b10_h80_p150_cold,cnn1d,0.15,4,4,0.127642143015213,0,720,0.3992231576907736,0.33973184542767426,0.3003828059503045,0.7282576903054832,0.37066818858901446
topcell,internal_test,configured_data_pool,id_const_b10_h80_p150_cold,tcn,0.15,4,4,0.127642143015213,0,720,0.6950683557335874,0.545468623596038,-0.3934574590986054,1.7238089605452842,0.5490359771423241
topcell,internal_test,configured_data_pool,id_const_b10_h80_p150_cold,gru,0.15,4,4,0.127642143015213,0,720,0.11406223641120188,0.09181201721992835,0.06727068398614042,0.2518833539263454,0.048954069976518834
topcell,internal_test,configured_data_pool,id_const_b10_h80_p150_cold,lstm,0.15,4,4,0.127642143015213,0,720,0.270097212019117,0.21780244627527875,0.048792712645527696,0.6517596141428186,0.23685038627114335
topcell,internal_test,configured_data_pool,id_const_b10_h80_p150_gradient,physical_rc,0.15,4,4,0.1360296740899941,0,720,0.060030583317678694,0.036655873225046924,0.021848151043509262,0.25764603983919443,0.009046446326156882
topcell,internal_test,configured_data_pool,id_const_b10_h80_p150_gradient,mlp,0.15,4,4,0.1360296740899941,0,720,0.23904231069731927,0.20795555433031612,0.09513892485372331,0.46701650044670373,0.19283411809273784
topcell,internal_test,configured_data_pool,id_const_b10_h80_p150_gradient,cnn1d,0.15,4,4,0.1360296740899941,0,720,0.2565116159971985,0.2316836000621364,0.22641655934977198,0.4344533250149425,0.20774192830831792
topcell,internal_test,configured_data_pool,id_const_b10_h80_p150_gradient,tcn,0.15,4,4,0.1360296740899941,0,720,0.5175022782302569,0.43791671780086117,-0.2365517680019134,1.0647960383116555,0.3680362645285799
topcell,internal_test,configured_data_pool,id_const_b10_h80_p150_gradient,gru,0.15,4,4,0.1360296740899941,0,720,0.22260996057360957,0.1847149746169707,-0.1732289875889588,0.4565978978351808,0.1726885020104696
topcell,internal_test,configured_data_pool,id_const_b10_h80_p150_gradient,lstm,0.15,4,4,0.1360296740899941,0,720,0.16597704229200214,0.13115627232743288,-0.014015994843351889,0.5114750385245088,0.30253072456201285
topcell,internal_test,configured_data_pool,id_const_b10_h80_p150_nominal,physical_rc,0.15,4,4,0.055622021374023674,0,720,0.030603010669246915,0.01709399301795508,-0.009489939525279843,0.13509293201855144,0.00839315675758507
topcell,internal_test,configured_data_pool,id_const_b10_h80_p150_nominal,mlp,0.15,4,4,0.055622021374023674,0,720,0.17120833922876327,0.14026402039919514,0.0036920451546365524,0.3605611157271795,0.21069563448060624
topcell,internal_test,configured_data_pool,id_const_b10_h80_p150_nominal,cnn1d,0.15,4,4,0.055622021374023674,0,720,0.2958141412593233,0.26216992914703474,0.2488111762791264,0.5138050357586792,0.2447240414224185
topcell,internal_test,configured_data_pool,id_const_b10_h80_p150_nominal,tcn,0.15,4,4,0.055622021374023674,0,720,0.5828648081540508,0.4404773389917867,-0.4210784141902738,1.4500809078046615,0.27084448936149563
topcell,internal_test,configured_data_pool,id_const_b10_h80_p150_nominal,gru,0.15,4,4,0.055622021374023674,0,720,0.08690019319655759,0.068411720494286,0.03405963157354695,0.2155445235491129,0.01818635988679638
topcell,internal_test,configured_data_pool,id_const_b10_h80_p150_nominal,lstm,0.15,4,4,0.055622021374023674,0,720,0.193747654522267,0.14741359414826247,0.09099047548145332,0.4316320520920698,0.14769743284596362
topcell,internal_test,configured_data_pool,id_const_b10_h80_p100_cold,physical_rc,0.15,4,4,0.20225712767611828,0,720,0.05339994727866397,0.04069766381388142,-0.03997757753631646,0.29662388511911075,0.010695580746321308
topcell,internal_test,configured_data_pool,id_const_b10_h80_p100_cold,mlp,0.15,4,4,0.20225712767611828,0,720,0.1940415821632741,0.13969283644586147,0.08304509026521253,0.6019687287022322,0.1143746587468417
topcell,internal_test,configured_data_pool,id_const_b10_h80_p100_cold,cnn1d,0.15,4,4,0.20225712767611828,0,720,0.12697922546877471,0.10602600683862136,0.0027135343725956298,0.3294476777311175,0.14688788064795336
topcell,internal_test,configured_data_pool,id_const_b10_h80_p100_cold,tcn,0.15,4,4,0.20225712767611828,0,720,0.3406737501352511,0.30960449669087325,-0.3095957032127889,0.7577901082887877,0.17086528316654429
topcell,internal_test,configured_data_pool,id_const_b10_h80_p100_cold,gru,0.15,4,4,0.20225712767611828,0,720,0.10155166924723655,0.08538318098410898,0.013838026169950269,0.3082825985598774,0.1263984435115822
topcell,internal_test,configured_data_pool,id_const_b10_h80_p100_cold,lstm,0.15,4,4,0.20225712767611828,0,720,0.18712708831681185,0.1681024345863937,-0.09551691619135434,0.32683967061201713,0.18399763444365624
topcell,internal_test,configured_data_pool,id_const_b10_h80_p100_gradient,physical_rc,0.15,4,4,0.20111477423832608,0,720,0.08691105672115101,0.05886171348340468,-0.05777692340872173,0.3366730646701299,0.01442130615194675
topcell,internal_test,configured_data_pool,id_const_b10_h80_p100_gradient,mlp,0.15,4,4,0.20111477423832608,0,720,0.2671669831171718,0.19611924664197214,0.0389081431284424,0.5798000725152122,0.29663653805931994
topcell,internal_test,configured_data_pool,id_const_b10_h80_p100_gradient,cnn1d,0.15,4,4,0.20111477423832608,0,720,0.1492282960964574,0.12568276104401166,-0.0324688830790866,0.4642273104570904,0.20950355919058852
topcell,internal_test,configured_data_pool,id_const_b10_h80_p100_gradient,tcn,0.15,4,4,0.20111477423832608,0,720,0.3389608781483649,0.2875044723384314,-0.15340844711046353,0.6493034578240326,0.23441891137066131
topcell,internal_test,configured_data_pool,id_const_b10_h80_p100_gradient,gru,0.15,4,4,0.20111477423832608,0,720,0.14420268485730703,0.12539465705189123,-0.02008854558337164,0.3674076158467443,0.18250668413924218
topcell,internal_test,configured_data_pool,id_const_b10_h80_p100_gradient,lstm,0.15,4,4,0.20111477423832608,0,720,0.12414905788341503,0.09496424521277669,0.0024241844113599125,0.4382348861975345,0.17923508318489245
topcell,internal_test,configured_data_pool,id_const_b10_h80_p100_nominal,physical_rc,0.15,4,4,0.11532865239129414,0,720,0.017661925098454923,0.00931115485270011,-0.004820851119977131,0.14528459096803914,0.005662063097157805
topcell,internal_test,configured_data_pool,id_const_b10_h80_p100_nominal,mlp,0.15,4,4,0.11532865239129414,0,720,0.15910915349229163,0.13421938253168583,-0.0024697947600825897,0.29707345347034675,0.16579217160975354
topcell,internal_test,configured_data_pool,id_const_b10_h80_p100_nominal,cnn1d,0.15,4,4,0.11532865239129414,0,720,0.14672788494706993,0.11841940445516899,-0.011498526011020685,0.3849453950366808,0.26446504326299736
topcell,internal_test,configured_data_pool,id_const_b10_h80_p100_nominal,tcn,0.15,4,4,0.11532865239129414,0,720,0.3568479362658636,0.29312072256172583,-0.23731684690887234,0.7348306449655411,0.3183815942466891
topcell,internal_test,configured_data_pool,id_const_b10_h80_p100_nominal,gru,0.15,4,4,0.11532865239129414,0,720,0.12117176616474994,0.08978466538278854,0.06410372821014514,0.294843213898929,0.1688836090806342
topcell,internal_test,configured_data_pool,id_const_b10_h80_p100_nominal,lstm,0.15,4,4,0.11532865239129414,0,720,0.11368784345346883,0.08610688360256928,0.026928515999193773,0.3183378707148563,0.16059350228232228
topcell,internal_test,configured_data_pool,id_ramp_brine_b30_h160_p150,physical_rc,0.15,4,4,0.13404630757769112,0,720,0.03142138361512032,0.016872761078465696,-0.004764706024437398,0.16918561062828985,0.010844154165407245
topcell,internal_test,configured_data_pool,id_ramp_brine_b30_h160_p150,mlp,0.15,4,4,0.13404630757769112,0,720,0.21954136539624405,0.1947969755084344,-0.1141359437919462,0.49124028874084047,0.2093917492598651
topcell,internal_test,configured_data_pool,id_ramp_brine_b30_h160_p150,cnn1d,0.15,4,4,0.13404630757769112,0,720,0.14600953798385316,0.12025059830322596,0.05011643357298821,0.3809837961024698,0.18016973493218158
topcell,internal_test,configured_data_pool,id_ramp_brine_b30_h160_p150,tcn,0.15,4,4,0.13404630757769112,0,720,0.7528424595120071,0.604933683502337,-0.4695214499226465,1.5544132927288956,0.6116766694602667
topcell,internal_test,configured_data_pool,id_ramp_brine_b30_h160_p150,gru,0.15,4,4,0.13404630757769112,0,720,0.14230048894624678,0.13242105831767678,-0.1295471711006204,0.24375753902450015,0.17791528196808873
topcell,internal_test,configured_data_pool,id_ramp_brine_b30_h160_p150,lstm,0.15,4,4,0.13404630757769112,0,720,0.10540107405794402,0.09130833161605155,-0.06428121031060212,0.20191709688154447,0.13365306992472467
topcell,internal_test,configured_data_pool,id_const_b30_h160_p0_cold,physical_rc,0.15,4,4,0.07351655879492425,0,720,0.022893876446412872,0.01599950146617333,0.015496360538444382,0.11067515043257004,0.0022232403737722137
topcell,internal_test,configured_data_pool,id_const_b30_h160_p0_cold,mlp,0.15,4,4,0.07351655879492425,0,720,0.4298835774526697,0.337186839923309,0.16014158497007105,1.0397133677224843,0.5670102528552825
topcell,internal_test,configured_data_pool,id_const_b30_h160_p0_cold,cnn1d,0.15,4,4,0.07351655879492425,0,720,0.2989264408829149,0.2573211109231834,0.24366272132004949,0.6109154041242562,0.253374134653644
topcell,internal_test,configured_data_pool,id_const_b30_h160_p0_cold,tcn,0.15,4,4,0.07351655879492425,0,720,0.4023110888320793,0.28977382983769195,0.0686452640829739,1.038671935458467,0.5587102482995173
topcell,internal_test,configured_data_pool,id_const_b30_h160_p0_cold,gru,0.15,4,4,0.07351655879492425,0,720,0.06624030789051673,0.056690299548151656,0.04573425059187054,0.13347680416845265,0.02371300278023119
topcell,internal_test,configured_data_pool,id_const_b30_h160_p0_cold,lstm,0.15,4,4,0.07351655879492425,0,720,0.27853815581622765,0.22839880336145787,0.2160604533124912,0.503063295562626,0.2589589129222778
topcell,internal_test,configured_data_pool,id_const_b30_h160_p0_gradient,physical_rc,0.15,4,4,0.12080155178482738,0,720,0.047815471558958066,0.037005767607254644,-0.037005767607254644,0.17721319845854566,0.012607519296188384
topcell,internal_test,configured_data_pool,id_const_b30_h160_p0_gradient,mlp,0.15,4,4,0.12080155178482738,0,720,0.3928393748303141,0.27348717167651515,0.12659771639176193,1.001983525949285,0.5132386986609654
topcell,internal_test,configured_data_pool,id_const_b30_h160_p0_gradient,cnn1d,0.15,4,4,0.12080155178482738,0,720,0.11589895340963799,0.10248906356053054,0.046980998470130264,0.24138539876699383,0.10910372883572289
topcell,internal_test,configured_data_pool,id_const_b30_h160_p0_gradient,tcn,0.15,4,4,0.12080155178482738,0,720,0.9296258529446972,0.7326407622532177,0.047198605728284965,1.6651704304506723,1.1001454553852568
topcell,internal_test,configured_data_pool,id_const_b30_h160_p0_gradient,gru,0.15,4,4,0.12080155178482738,0,720,0.04053363298281617,0.03179031588315947,-0.0025571405640165443,0.15619097741316068,0.037356127932197704
topcell,internal_test,configured_data_pool,id_const_b30_h160_p0_gradient,lstm,0.15,4,4,0.12080155178482738,0,720,0.14583162664880497,0.11232237323841272,0.06392662184950182,0.2896842641463877,0.19671223046933864
topcell,internal_test,configured_data_pool,id_const_b30_h160_p0_nominal,physical_rc,0.15,4,4,0.15154713836611014,0,720,0.03951003341392461,0.03230605156876436,-0.032211725462752916,0.1949313681319893,0.011513726858224115
topcell,internal_test,configured_data_pool,id_const_b30_h160_p0_nominal,mlp,0.15,4,4,0.15154713836611014,0,720,0.30748230397394566,0.2646620001488851,-0.030115552681046244,0.6948197922240027,0.2642894704668531
topcell,internal_test,configured_data_pool,id_const_b30_h160_p0_nominal,cnn1d,0.15,4,4,0.15154713836611014,0,720,0.1282558543680629,0.1169478584071675,0.05654015261717778,0.23585491516223556,0.15923772416523876
topcell,internal_test,configured_data_pool,id_const_b30_h160_p0_nominal,tcn,0.15,4,4,0.15154713836611014,0,720,0.3978984705897859,0.37167227029825756,-0.024186672253148838,0.601690110201389,0.3261255463340654
topcell,internal_test,configured_data_pool,id_const_b30_h160_p0_nominal,gru,0.15,4,4,0.15154713836611014,0,720,0.09090465132245364,0.07632560244653568,-0.07622614866219532,0.18985897456389011,0.0642862315316489
topcell,internal_test,configured_data_pool,id_const_b30_h160_p0_nominal,lstm,0.15,4,4,0.15154713836611014,0,720,0.12604929446032384,0.09648852495051356,-0.040006885159061,0.27892238583125106,0.1910143335579429
topcell,internal_test,configured_data_pool,id_ramp_brine_b10_h200_p150,physical_rc,0.15,4,4,0.22151513035348697,0,720,0.05365031922124067,0.04054055333929597,-0.04017949857408925,0.29136533701802136,0.018451497778793423
topcell,internal_test,configured_data_pool,id_ramp_brine_b10_h200_p150,mlp,0.15,4,4,0.22151513035348697,0,720,0.3049364234671801,0.24641063680382397,-0.0028213549944424957,0.6727783745016609,0.3753608635317501
topcell,internal_test,configured_data_pool,id_ramp_brine_b10_h200_p150,cnn1d,0.15,4,4,0.22151513035348697,0,720,0.2550412033952598,0.2092934995452391,0.12936256905476998,0.6847638413584605,0.4174490983151021
topcell,internal_test,configured_data_pool,id_ramp_brine_b10_h200_p150,tcn,0.15,4,4,0.22151513035348697,0,720,0.915907811002145,0.773567878463457,-0.7081008932942344,1.7377625268116645,0.521887261135534
topcell,internal_test,configured_data_pool,id_ramp_brine_b10_h200_p150,gru,0.15,4,4,0.22151513035348697,0,720,0.2597573714088409,0.21673349791383617,0.11592233476201753,0.541353660409527,0.14065717915773812
topcell,internal_test,configured_data_pool,id_ramp_brine_b10_h200_p150,lstm,0.15,4,4,0.22151513035348697,0,720,0.3058942827373857,0.23500326461991586,0.15442210084098754,0.6812585940876943,0.4088036077526087
topcell,internal_test,configured_data_pool,id_ramp_plasma_b10_h200_p150,physical_rc,0.15,4,4,0.14339313952486987,0,720,0.04641401705291434,0.039200152158382934,0.03008149404297778,0.14155251075616349,0.0396396183074866
topcell,internal_test,configured_data_pool,id_ramp_plasma_b10_h200_p150,mlp,0.15,4,4,0.14339313952486987,0,720,0.5614313144997429,0.4299166169498092,-0.05720127588231738,1.4740800370078233,0.20064796195472068
topcell,internal_test,configured_data_pool,id_ramp_plasma_b10_h200_p150,cnn1d,0.15,4,4,0.14339313952486987,0,720,0.3752704528800554,0.29462849973507754,0.24315371286725057,0.7327151070160767,0.4146807578017587
topcell,internal_test,configured_data_pool,id_ramp_plasma_b10_h200_p150,tcn,0.15,4,4,0.14339313952486987,0,720,1.2852887955079546,0.9508978885327423,-0.6437985505567791,3.335118662393711,1.4177510954815278
topcell,internal_test,configured_data_pool,id_ramp_plasma_b10_h200_p150,gru,0.15,4,4,0.14339313952486987,0,720,0.45989438847922826,0.35900381664083153,-0.3088339596318908,1.164182120950045,0.8545761317860835
topcell,internal_test,configured_data_pool,id_ramp_plasma_b10_h200_p150,lstm,0.15,4,4,0.14339313952486987,0,720,0.2775893961086775,0.2339964398962514,0.0065545776610747555,0.7122959323381792,0.4095343657513623
topcell,internal_test,configured_data_pool,id_const_b10_h200_p0_cold,physical_rc,0.15,4,4,0.1245375060987238,0,720,0.033176560101520876,0.02317674922393458,-0.021807704827746518,0.1979886134465474,0.010714135943462065
topcell,internal_test,configured_data_pool,id_const_b10_h200_p0_cold,mlp,0.15,4,4,0.1245375060987238,0,720,0.8168059690689631,0.6347482214636033,0.41904705006966636,1.8410160627323364,0.44357694309685664
topcell,internal_test,configured_data_pool,id_const_b10_h200_p0_cold,cnn1d,0.15,4,4,0.1245375060987238,0,720,0.396288304893847,0.3287198286227017,0.16154982656483594,0.8009957317602527,0.3338958963690043
topcell,internal_test,configured_data_pool,id_const_b10_h200_p0_cold,tcn,0.15,4,4,0.1245375060987238,0,720,0.6529256696800366,0.5905717782992657,-0.5698198363943582,1.1102326691459155,0.17333312239284174
topcell,internal_test,configured_data_pool,id_const_b10_h200_p0_cold,gru,0.15,4,4,0.1245375060987238,0,720,0.21430623330129614,0.17314553568932653,0.1292871529704733,0.4175714153965231,0.25675058092147574
topcell,internal_test,configured_data_pool,id_const_b10_h200_p0_cold,lstm,0.15,4,4,0.1245375060987238,0,720,0.27241335821906953,0.20387055757223105,0.10059405376895075,0.6135920323838917,0.11534189026251176
topcell,internal_test,configured_data_pool,id_const_b10_h200_p0_gradient,physical_rc,0.15,4,4,0.0496758393718455,0,720,0.028235236500261208,0.01397329197707242,0.0077928452148373455,0.14161224323333954,0.00536269291788094
topcell,internal_test,configured_data_pool,id_const_b10_h200_p0_gradient,mlp,0.15,4,4,0.0496758393718455,0,720,0.40813330667863285,0.3492243937018368,0.30411219507081494,1.1018763116270307,0.14604236199267584
topcell,internal_test,configured_data_pool,id_const_b10_h200_p0_gradient,cnn1d,0.15,4,4,0.0496758393718455,0,720,0.25994786006251475,0.2225859304153286,0.138950442602219,0.5204891579522695,0.19631491114356417
topcell,internal_test,configured_data_pool,id_const_b10_h200_p0_gradient,tcn,0.15,4,4,0.0496758393718455,0,720,0.7831284896033501,0.575334706590453,-0.20810315716915026,1.7141522096495692,0.9016760604193287
topcell,internal_test,configured_data_pool,id_const_b10_h200_p0_gradient,gru,0.15,4,4,0.0496758393718455,0,720,0.1453895986961976,0.12101038391604367,-0.08559469496591535,0.30185894831514304,0.14332220160638637
topcell,internal_test,configured_data_pool,id_const_b10_h200_p0_gradient,lstm,0.15,4,4,0.0496758393718455,0,720,0.18674216877810187,0.15930615006399265,-0.12267458418511115,0.33879655811945497,0.2221204442802322
topcell,internal_test,configured_data_pool,id_const_b10_h200_p0_nominal,physical_rc,0.15,4,4,0.22412813222881772,0,720,0.059748892808865105,0.04405133767120244,-0.0380980066620887,0.3030636261616806,0.015174905184158167
topcell,internal_test,configured_data_pool,id_const_b10_h200_p0_nominal,mlp,0.15,4,4,0.22412813222881772,0,720,0.887327363707812,0.7194874144242075,0.10048747122681334,1.6798224489343028,0.8682068209621525
topcell,internal_test,configured_data_pool,id_const_b10_h200_p0_nominal,cnn1d,0.15,4,4,0.22412813222881772,0,720,0.2686910932258901,0.21994706307820933,-0.1448961138272219,0.506236386430075,0.2604178341314668
topcell,internal_test,configured_data_pool,id_const_b10_h200_p0_nominal,tcn,0.15,4,4,0.22412813222881772,0,720,0.9315904828660938,0.7670371037491366,-0.5134420055657436,1.782688291788702,0.6459242516962717
topcell,internal_test,configured_data_pool,id_const_b10_h200_p0_nominal,gru,0.15,4,4,0.22412813222881772,0,720,0.15402986068704275,0.13762529306877683,-0.13392945744651574,0.31414325663730835,0.08650967285883711
topcell,internal_test,configured_data_pool,id_const_b10_h200_p0_nominal,lstm,0.15,4,4,0.22412813222881772,0,720,0.3909461665820047,0.3227130519604696,-0.31086016379586906,0.7126532611515728,0.4260559432665129
topcell,internal_test,configured_data_pool,id_const_b30_h200_p100_cold,physical_rc,0.5,0,4,0.6574022658483787,0,720,0.12207632936528867,0.06996218904180253,-0.047734051726843856,0.8432322458717749,0.01826660685076119
topcell,internal_test,configured_data_pool,id_const_b30_h200_p100_cold,mlp,0.5,0,4,0.6574022658483787,0,720,0.2870215801588771,0.23077512907212794,-0.1742523394565316,0.8561274901293103,0.1868540929744938
topcell,internal_test,configured_data_pool,id_const_b30_h200_p100_cold,cnn1d,0.5,0,4,0.6574022658483787,0,720,0.2256461480789349,0.16825913929546893,-0.06840196044419518,0.7889769321186932,0.11208963785539743
topcell,internal_test,configured_data_pool,id_const_b30_h200_p100_cold,tcn,0.5,0,4,0.6574022658483787,0,720,0.9055066768674956,0.7753145745220973,-0.7096265541128087,1.8425968339848424,0.2913086878559443
topcell,internal_test,configured_data_pool,id_const_b30_h200_p100_cold,gru,0.5,0,4,0.6574022658483787,0,720,0.22784999054166918,0.17847672268611672,-0.10835976490873944,0.8464662814869044,0.09099088398362261
topcell,internal_test,configured_data_pool,id_const_b30_h200_p100_cold,lstm,0.5,0,4,0.6574022658483787,0,720,0.3007020999281289,0.255445041213058,-0.10999559742344858,0.8277612941624355,0.1409729078138455
topcell,internal_test,configured_data_pool,id_const_b30_h200_p100_gradient,physical_rc,0.5,0,4,0.5228633275921056,0,720,0.19523712125448556,0.1536227365772929,0.1536227365772929,0.8377708874857532,0.02950507575411011
topcell,internal_test,configured_data_pool,id_const_b30_h200_p100_gradient,mlp,0.5,0,4,0.5228633275921056,0,720,0.716791176645311,0.6380714045963061,0.3375234049610482,1.0972002682982094,0.5835448245638019
topcell,internal_test,configured_data_pool,id_const_b30_h200_p100_gradient,cnn1d,0.5,0,4,0.5228633275921056,0,720,0.4896650198148066,0.383961578911928,0.38083678304965457,0.9861921915813241,0.38690807001366423
topcell,internal_test,configured_data_pool,id_const_b30_h200_p100_gradient,tcn,0.5,0,4,0.5228633275921056,0,720,0.711699585407038,0.5530567732069722,-0.11622847979881881,1.7411395458921675,0.9221439731851812
topcell,internal_test,configured_data_pool,id_const_b30_h200_p100_gradient,gru,0.5,0,4,0.5228633275921056,0,720,0.36394346201645744,0.30056627122205143,0.2737050047214463,0.9012413965009856,0.20998084621362326
topcell,internal_test,configured_data_pool,id_const_b30_h200_p100_gradient,lstm,0.5,0,4,0.5228633275921056,0,720,0.5334911924809472,0.46367892686564327,0.45570577630758197,1.0107390845956417,0.3654137794298069
topcell,internal_test,configured_data_pool,id_const_b30_h200_p100_nominal,physical_rc,0.5,0,4,0.25317312564794486,0,720,0.09189563263338728,0.06960705096395838,-0.06960705096395838,0.4440410194112445,0.02216633000937155
topcell,internal_test,configured_data_pool,id_const_b30_h200_p100_nominal,mlp,0.5,0,4,0.25317312564794486,0,720,0.4887156178801829,0.2907721171939205,-0.24274842035905522,1.0930775630559424,0.5349494781250693
topcell,internal_test,configured_data_pool,id_const_b30_h200_p100_nominal,cnn1d,0.5,0,4,0.25317312564794486,0,720,0.16440192101318793,0.13028041071238142,0.07780863235257869,0.5168904411004078,0.1584115918994411
topcell,internal_test,configured_data_pool,id_const_b30_h200_p100_nominal,tcn,0.5,0,4,0.25317312564794486,0,720,0.7756061376362005,0.6162080288380901,-0.544390461753054,1.7654553323510385,0.4681146658583656
topcell,internal_test,configured_data_pool,id_const_b30_h200_p100_nominal,gru,0.5,0,4,0.25317312564794486,0,720,0.14353385692360146,0.11949888823576957,0.02930928632388086,0.4217962408416085,0.13086200657033628
topcell,internal_test,configured_data_pool,id_const_b30_h200_p100_nominal,lstm,0.5,0,4,0.25317312564794486,0,720,0.2603612030145407,0.2158011784508418,0.18142908710463893,0.5165130373964786,0.2771290370228522
topcell,internal_test,configured_data_pool,id_const_b20_h160_p150_cold,physical_rc,0.5,0,4,0.7788290652218609,0,720,0.25268739446759114,0.1956871539312263,0.19135178966646565,0.8873097287341452,0.04059615274933994
topcell,internal_test,configured_data_pool,id_const_b20_h160_p150_cold,mlp,0.5,0,4,0.7788290652218609,0,720,0.92460710384091,0.7950807972797441,0.40851980966876933,1.6308414734156997,0.9821960380325032
topcell,internal_test,configured_data_pool,id_const_b20_h160_p150_cold,cnn1d,0.5,0,4,0.7788290652218609,0,720,0.7215426909115898,0.6103035292122378,0.5875801873631623,1.1669303591814355,0.7748125384253821
topcell,internal_test,configured_data_pool,id_const_b20_h160_p150_cold,tcn,0.5,0,4,0.7788290652218609,0,720,0.9805147951575268,0.7434430196265122,-0.4559530327154427,2.3525336996149804,0.8612161743780813
topcell,internal_test,configured_data_pool,id_const_b20_h160_p150_cold,gru,0.5,0,4,0.7788290652218609,0,720,0.6027379612749977,0.541398288361964,0.5349597616118653,0.9806530871766626,0.1126637846661282
topcell,internal_test,configured_data_pool,id_const_b20_h160_p150_cold,lstm,0.5,0,4,0.7788290652218609,0,720,0.6291327263955356,0.5799869673813011,0.5685156490055155,1.2331303296053733,0.4763095596652019
topcell,internal_test,configured_data_pool,id_const_b20_h160_p150_gradient,physical_rc,0.5,0,4,0.3694583935722952,0,720,0.09985168392747489,0.06614395990586856,0.05162938501538915,0.39621683435446897,0.011920774555981279
topcell,internal_test,configured_data_pool,id_const_b20_h160_p150_gradient,mlp,0.5,0,4,0.3694583935722952,0,720,0.6236178984914278,0.5852852719478167,0.22712209672162997,0.9581859146590403,0.4871703863478904
topcell,internal_test,configured_data_pool,id_const_b20_h160_p150_gradient,cnn1d,0.5,0,4,0.3694583935722952,0,720,0.27703486725042203,0.261101247056289,0.25147739891674703,0.47971574952992313,0.31487756276635087
topcell,internal_test,configured_data_pool,id_const_b20_h160_p150_gradient,tcn,0.5,0,4,0.3694583935722952,0,720,0.7356862003913649,0.5272644381586956,-0.3132241748388049,1.8948700638420348,0.7271792480567771
topcell,internal_test,configured_data_pool,id_const_b20_h160_p150_gradient,gru,0.5,0,4,0.3694583935722952,0,720,0.2011587986458902,0.1716195709524242,0.07007526163708021,0.46414651992726874,0.2186403964401907
topcell,internal_test,configured_data_pool,id_const_b20_h160_p150_gradient,lstm,0.5,0,4,0.3694583935722952,0,720,0.21298656977175934,0.17569807212537553,0.15660235589263824,0.4564393191484939,0.16111063591067204
topcell,internal_test,configured_data_pool,id_const_b20_h160_p150_nominal,physical_rc,0.5,0,4,0.42709999213946753,0,720,0.17956837900018716,0.14570604894456757,0.14570604894456757,0.6048508709409077,0.02950341527188407
topcell,internal_test,configured_data_pool,id_const_b20_h160_p150_nominal,mlp,0.5,0,4,0.42709999213946753,0,720,0.23133363723682906,0.19455373939483975,0.09161434167103706,0.6982012562356914,0.20227332453218325
topcell,internal_test,configured_data_pool,id_const_b20_h160_p150_nominal,cnn1d,0.5,0,4,0.42709999213946753,0,720,0.2472731384921536,0.17087676222857298,0.163699963107198,0.8148703480783155,0.22441972190325296
topcell,internal_test,configured_data_pool,id_const_b20_h160_p150_nominal,tcn,0.5,0,4,0.42709999213946753,0,720,0.655147843063381,0.5183479598672448,-0.3811331570172048,1.420024547044605,0.5457982929115347
topcell,internal_test,configured_data_pool,id_const_b20_h160_p150_nominal,gru,0.5,0,4,0.42709999213946753,0,720,0.20311601084575387,0.17364306052007905,0.1278516173399944,0.5929242043265361,0.179375311317405
topcell,internal_test,configured_data_pool,id_const_b20_h160_p150_nominal,lstm,0.5,0,4,0.42709999213946753,0,720,0.18747859779630516,0.15875761789392479,0.15875521410069646,0.593479632010208,0.1834739912006287
topcell,internal_test,configured_data_pool,id_const_b20_h120_p50_cold,physical_rc,0.5,0,4,0.475246608712525,0,720,0.11582911904504369,0.08853471989445337,-0.08796139602239063,0.7733356316885747,0.021880287019556483
topcell,internal_test,configured_data_pool,id_const_b20_h120_p50_cold,mlp,0.5,0,4,0.475246608712525,0,720,0.40830064910159164,0.2932045337909142,-0.21039333187039375,1.0067011565764048,0.2694063284534867
topcell,internal_test,configured_data_pool,id_const_b20_h120_p50_cold,cnn1d,0.5,0,4,0.475246608712525,0,720,0.31368712023540557,0.27871306296974274,-0.10133434419823932,0.8796148638674381,0.30661747776125947
topcell,internal_test,configured_data_pool,id_const_b20_h120_p50_cold,tcn,0.5,0,4,0.475246608712525,0,720,0.616771852218243,0.5050161240319981,-0.4455099803702141,1.2484914746630267,0.39370885025837105
topcell,internal_test,configured_data_pool,id_const_b20_h120_p50_cold,gru,0.5,0,4,0.475246608712525,0,720,0.3262709647328148,0.28073533563894554,-0.087019698647554,0.8410995800363139,0.2904168980998014
topcell,internal_test,configured_data_pool,id_const_b20_h120_p50_cold,lstm,0.5,0,4,0.475246608712525,0,720,0.2766691326537212,0.22932079778506811,-0.03183842026798679,0.8984991653161458,0.27581510369245055
topcell,internal_test,configured_data_pool,id_const_b20_h120_p50_gradient,physical_rc,0.5,0,4,0.7625371116739914,0,720,0.23561797635244175,0.17750765260894458,0.1695128676906284,0.8452194150136805,0.03609928714409588
topcell,internal_test,configured_data_pool,id_const_b20_h120_p50_gradient,mlp,0.5,0,4,0.7625371116739914,0,720,1.0110535895178225,0.8523932299402023,0.32267615729528853,1.9520016437115117,1.1040975789845842
topcell,internal_test,configured_data_pool,id_const_b20_h120_p50_gradient,cnn1d,0.5,0,4,0.7625371116739914,0,720,0.49040902510173995,0.42888657237068323,0.32575929887240096,0.8698549876856845,0.29871890568627396
topcell,internal_test,configured_data_pool,id_const_b20_h120_p50_gradient,tcn,0.5,0,4,0.7625371116739914,0,720,0.7301911612334946,0.6192035482444338,0.09706311183831812,1.5308677110670743,0.8004116135916484
topcell,internal_test,configured_data_pool,id_const_b20_h120_p50_gradient,gru,0.5,0,4,0.7625371116739914,0,720,0.30934620322633005,0.271558851065798,0.26391591704140893,0.8695890932351844,0.12710305304240652
topcell,internal_test,configured_data_pool,id_const_b20_h120_p50_gradient,lstm,0.5,0,4,0.7625371116739914,0,720,0.4223416540380753,0.38553054770830136,0.3748126585577814,0.885209625876179,0.209000932154993
topcell,internal_test,configured_data_pool,id_const_b20_h120_p50_nominal,physical_rc,0.5,0,4,0.3473645527550454,0,720,0.10073995494699339,0.0796340984516888,0.0796340984516888,0.5620504144990974,0.015374989976972267
topcell,internal_test,configured_data_pool,id_const_b20_h120_p50_nominal,mlp,0.5,0,4,0.3473645527550454,0,720,0.28485931861417346,0.20525636537864517,-0.07887074303186052,0.6302626218132588,0.31742445191994484
topcell,internal_test,configured_data_pool,id_const_b20_h120_p50_nominal,cnn1d,0.5,0,4,0.3473645527550454,0,720,0.2212631846763618,0.18944624412092306,0.04454874919315268,0.5822119542890221,0.26033074365088055
topcell,internal_test,configured_data_pool,id_const_b20_h120_p50_nominal,tcn,0.5,0,4,0.3473645527550454,0,720,0.3848866384570686,0.3261949584099531,-0.12833283537076443,0.8009748659797822,0.3275129129026992
topcell,internal_test,configured_data_pool,id_const_b20_h120_p50_nominal,gru,0.5,0,4,0.3473645527550454,0,720,0.18957541904574718,0.17217327207848845,-0.008231263474724946,0.6027906470873177,0.18501698314036136
topcell,internal_test,configured_data_pool,id_const_b20_h120_p50_nominal,lstm,0.5,0,4,0.3473645527550454,0,720,0.24623494939579957,0.2091790015453713,0.06390733747790459,0.589495154180014,0.1920306896606895
topcell,internal_test,configured_data_pool,id_const_b30_h120_p50_cold,physical_rc,0.5,0,4,0.43688032770089685,0,720,0.11618142274462012,0.0894355738914564,-0.08899311350093836,0.5834179280020848,0.021940220278721733
topcell,internal_test,configured_data_pool,id_const_b30_h120_p50_cold,mlp,0.5,0,4,0.43688032770089685,0,720,0.26016914125132157,0.2204234039584215,-0.09123406237248272,0.6170159551402747,0.30737823768121475
topcell,internal_test,configured_data_pool,id_const_b30_h120_p50_cold,cnn1d,0.5,0,4,0.43688032770089685,0,720,0.3040678795318644,0.24695352725257508,0.05718521884891166,0.631772679164385,0.3371179055094635
topcell,internal_test,configured_data_pool,id_const_b30_h120_p50_cold,tcn,0.5,0,4,0.43688032770089685,0,720,0.5595892727351545,0.45995506347814913,-0.2570258279884041,1.0840253464743483,0.5252686336367425
topcell,internal_test,configured_data_pool,id_const_b30_h120_p50_cold,gru,0.5,0,4,0.43688032770089685,0,720,0.17411710181658585,0.14662997454243715,-0.07323987280493376,0.5876435726927127,0.14513691423422442
topcell,internal_test,configured_data_pool,id_const_b30_h120_p50_cold,lstm,0.5,0,4,0.43688032770089685,0,720,0.11986587439394149,0.08385638644918483,-0.0077357731077262355,0.6179446741390748,0.10474656081997638
topcell,internal_test,configured_data_pool,id_const_b30_h120_p50_gradient,physical_rc,0.5,0,4,0.5024826845481238,0,720,0.16492151659873525,0.12183153688619747,0.12173575292508637,0.8135731824146077,0.025290849859625847
topcell,internal_test,configured_data_pool,id_const_b30_h120_p50_gradient,mlp,0.5,0,4,0.5024826845481238,0,720,0.6664292111740324,0.5985950952567127,0.18678371303923147,1.1371869601462379,0.766073781019178
topcell,internal_test,configured_data_pool,id_const_b30_h120_p50_gradient,cnn1d,0.5,0,4,0.5024826845481238,0,720,0.42549358502002677,0.2980648864479625,0.23016162316155558,0.9171133931060282,0.3648683466541518
topcell,internal_test,configured_data_pool,id_const_b30_h120_p50_gradient,tcn,0.5,0,4,0.5024826845481238,0,720,0.5446837482723061,0.4358803816487619,0.044556614916345647,1.213901795859769,0.6619469527762366
topcell,internal_test,configured_data_pool,id_const_b30_h120_p50_gradient,gru,0.5,0,4,0.5024826845481238,0,720,0.4096263572401506,0.320656779059401,0.23865585955494728,0.9008251332243944,0.38149041975249454
topcell,internal_test,configured_data_pool,id_const_b30_h120_p50_gradient,lstm,0.5,0,4,0.5024826845481238,0,720,0.4437535518744338,0.3642170492519167,0.3510328344162785,0.9484324324561157,0.4101477934346111
topcell,internal_test,configured_data_pool,id_const_b30_h120_p50_nominal,physical_rc,0.5,0,4,0.08106900733221545,0,720,0.009218150693536088,0.005641413507380911,0.0022896619459030396,0.08232785670541176,0.0039227357325091
topcell,internal_test,configured_data_pool,id_const_b30_h120_p50_nominal,mlp,0.5,0,4,0.08106900733221545,0,720,0.21756032898025568,0.1701688442363061,-0.12458262790035085,0.4564668001575001,0.15934683661164542
topcell,internal_test,configured_data_pool,id_const_b30_h120_p50_nominal,cnn1d,0.5,0,4,0.08106900733221545,0,720,0.06100893250818535,0.05420416982078584,0.0241171916750891,0.13316270055484125,0.061417847421601654
topcell,internal_test,configured_data_pool,id_const_b30_h120_p50_nominal,tcn,0.5,0,4,0.08106900733221545,0,720,0.446992140586131,0.36521922111160937,-0.19243730135317735,0.9941832135267958,0.3886213678043975
topcell,internal_test,configured_data_pool,id_const_b30_h120_p50_nominal,gru,0.5,0,4,0.08106900733221545,0,720,0.05680888189956705,0.05113580646288971,-0.048778979875937364,0.10004606748894673,0.0354405476590278
topcell,internal_test,configured_data_pool,id_const_b30_h120_p50_nominal,lstm,0.5,0,4,0.08106900733221545,0,720,0.09150104850469537,0.08601488979850198,0.032775079899019274,0.13974870541723305,0.08327539552269107
topcell,internal_test,configured_data_pool,id_ramp_brine_b10_h160_p50,physical_rc,0.5,0,4,0.45513849971925013,0,720,0.18100344226300324,0.1485212251469137,-0.1485212251469137,0.5757579919449043,0.03968629442586181
topcell,internal_test,configured_data_pool,id_ramp_brine_b10_h160_p50,mlp,0.5,0,4,0.45513849971925013,0,720,0.190023102478485,0.14499867450982595,-0.04582630341840754,0.5616702999425485,0.19547694032225493
topcell,internal_test,configured_data_pool,id_ramp_brine_b10_h160_p50,cnn1d,0.5,0,4,0.45513849971925013,0,720,0.15365707473411425,0.11436829547467414,-0.060497721091885046,0.5678334050837606,0.17441887554941277
topcell,internal_test,configured_data_pool,id_ramp_brine_b10_h160_p50,tcn,0.5,0,4,0.45513849971925013,0,720,0.44622030454571865,0.38021518963245915,-0.28726271460979896,1.086565070155558,0.5874843332500335
topcell,internal_test,configured_data_pool,id_ramp_brine_b10_h160_p50,gru,0.5,0,4,0.45513849971925013,0,720,0.18329808254194305,0.14290707192243138,-0.08352136043301629,0.5781484736760092,0.19659972497576558
topcell,internal_test,configured_data_pool,id_ramp_brine_b10_h160_p50,lstm,0.5,0,4,0.45513849971925013,0,720,0.18912095402948753,0.152109339592424,-0.022293930484647402,0.5950934809039694,0.1893351794574128
topcell,internal_test,configured_data_pool,id_const_b30_h80_p50_cold,physical_rc,0.5,0,4,0.4757764068629274,0,720,0.0877353983816613,0.0575819239884386,-0.052090518676854505,0.770911719173327,0.012553416470176085
topcell,internal_test,configured_data_pool,id_const_b30_h80_p50_cold,mlp,0.5,0,4,0.4757764068629274,0,720,0.41212089000748103,0.3549783001133982,0.07904150170571077,0.8860899789807775,0.32727514062130264
topcell,internal_test,configured_data_pool,id_const_b30_h80_p50_cold,cnn1d,0.5,0,4,0.4757764068629274,0,720,0.4636130864748553,0.3575829486212562,-0.1557192590446419,1.0926944896959299,0.6152140713994614
topcell,internal_test,configured_data_pool,id_const_b30_h80_p50_cold,tcn,0.5,0,4,0.4757764068629274,0,720,0.3788827517918299,0.3424393311406702,0.05801022447999067,0.8753945666672749,0.35411027828120767
topcell,internal_test,configured_data_pool,id_const_b30_h80_p50_cold,gru,0.5,0,4,0.4757764068629274,0,720,0.5740746535432653,0.46622983347968283,-0.4597660018501595,1.033049653580818,0.47497235745326666
topcell,internal_test,configured_data_pool,id_const_b30_h80_p50_cold,lstm,0.5,0,4,0.4757764068629274,0,720,0.5790861610802325,0.37795840100934464,-0.324734330470533,1.226883595458986,0.5801935738698522
topcell,internal_test,configured_data_pool,id_const_b30_h80_p50_gradient,physical_rc,0.5,0,4,0.44491794502024745,0,720,0.16752354279094311,0.13540202828750922,0.13540202828750922,0.4950225956284129,0.029151452314627714
topcell,internal_test,configured_data_pool,id_const_b30_h80_p50_gradient,mlp,0.5,0,4,0.44491794502024745,0,720,0.7371085232532746,0.6448259025534563,0.3143252853617096,1.1942801013450577,0.8412694203619769
topcell,internal_test,configured_data_pool,id_const_b30_h80_p50_gradient,cnn1d,0.5,0,4,0.44491794502024745,0,720,0.25651509997168737,0.2057561403329769,0.19651876924970305,0.5490858621239951,0.12224205034848996
topcell,internal_test,configured_data_pool,id_const_b30_h80_p50_gradient,tcn,0.5,0,4,0.44491794502024745,0,720,0.5972128199023236,0.5538389224809009,0.3145598911581836,0.8384158089550553,0.4797732585385894
topcell,internal_test,configured_data_pool,id_const_b30_h80_p50_gradient,gru,0.5,0,4,0.44491794502024745,0,720,0.20978027061004528,0.17614515526444868,0.10848017520842555,0.551756328544478,0.13720449734745807
topcell,internal_test,configured_data_pool,id_const_b30_h80_p50_gradient,lstm,0.5,0,4,0.44491794502024745,0,720,0.27980768007977447,0.25766440382089295,0.25766440382089295,0.5279129327120913,0.21752363250856796
topcell,internal_test,configured_data_pool,id_const_b30_h80_p50_nominal,physical_rc,0.5,0,4,0.36666662647984544,0,720,0.09054975631112484,0.053988916233860755,-0.047621821181962266,0.47367878970270993,0.01114325901711312
topcell,internal_test,configured_data_pool,id_const_b30_h80_p50_nominal,mlp,0.5,0,4,0.36666662647984544,0,720,0.27231816402848064,0.23368321587860008,-0.041597052020990254,0.5962668901888364,0.346680015759036
topcell,internal_test,configured_data_pool,id_const_b30_h80_p50_nominal,cnn1d,0.5,0,4,0.36666662647984544,0,720,0.14653326237929848,0.11509154727812525,-0.06496242496789666,0.5014527610492578,0.1427218806286786
topcell,internal_test,configured_data_pool,id_const_b30_h80_p50_nominal,tcn,0.5,0,4,0.36666662647984544,0,720,0.26052902028419167,0.2133536966101143,-0.02639738845551531,0.5713699490778197,0.27071460987850093
topcell,internal_test,configured_data_pool,id_const_b30_h80_p50_nominal,gru,0.5,0,4,0.36666662647984544,0,720,0.21801364333683648,0.19479588534700237,-0.05607300414793941,0.479907194277466,0.19586742623214784
topcell,internal_test,configured_data_pool,id_const_b30_h80_p50_nominal,lstm,0.5,0,4,0.36666662647984544,0,720,0.19170297500220213,0.15944494791174502,0.042102553001092155,0.5453038750052244,0.20814059306188654
topcell,internal_test,configured_data_pool,id_const_b10_h80_p0_cold,physical_rc,0.5,0,4,0.5263500088268863,0,720,0.1084867533583033,0.050252303865476154,0.03253023171293594,0.6325607644781783,0.005800742117137212
topcell,internal_test,configured_data_pool,id_const_b10_h80_p0_cold,mlp,0.5,0,4,0.5263500088268863,0,720,0.5619892582517851,0.4790529077351466,0.11312633176487112,1.1087481214523294,0.33997901445622236
topcell,internal_test,configured_data_pool,id_const_b10_h80_p0_cold,cnn1d,0.5,0,4,0.5263500088268863,0,720,0.40671370773487164,0.37489388730928774,0.3529601732015406,0.7014159891546967,0.3965015681253369
topcell,internal_test,configured_data_pool,id_const_b10_h80_p0_cold,tcn,0.5,0,4,0.5263500088268863,0,720,1.2552030066953874,0.9651017509292087,0.7508272229965286,2.45364694013044,0.8892454805924817
topcell,internal_test,configured_data_pool,id_const_b10_h80_p0_cold,gru,0.5,0,4,0.5263500088268863,0,720,0.1197816529158076,0.08335981020487225,0.04779506701655702,0.6098217123751368,0.06703390141136821
topcell,internal_test,configured_data_pool,id_const_b10_h80_p0_cold,lstm,0.5,0,4,0.5263500088268863,0,720,0.41170355647374957,0.3786772353787306,0.3463044190448504,0.743204343754094,0.39794521378640796
topcell,internal_test,configured_data_pool,id_const_b10_h80_p0_gradient,physical_rc,0.5,0,4,0.1809381196833373,0,720,0.05487082590593135,0.044038372224148255,-0.04392007957826679,0.25154360023559263,0.010851746927043262
topcell,internal_test,configured_data_pool,id_const_b10_h80_p0_gradient,mlp,0.5,0,4,0.1809381196833373,0,720,0.28172424248289074,0.239466589102819,0.22890902765502083,0.46861584957343183,0.2813815845765381
topcell,internal_test,configured_data_pool,id_const_b10_h80_p0_gradient,cnn1d,0.5,0,4,0.1809381196833373,0,720,0.39733600271095715,0.32552385353272073,0.256635966681965,0.7761269270677857,0.5273587279104375
topcell,internal_test,configured_data_pool,id_const_b10_h80_p0_gradient,tcn,0.5,0,4,0.1809381196833373,0,720,0.2671349236079241,0.24083810639102843,-0.03321412364410962,0.6546628406527049,0.29164244558540453
topcell,internal_test,configured_data_pool,id_const_b10_h80_p0_gradient,gru,0.5,0,4,0.1809381196833373,0,720,0.0708601209701913,0.05951095340833555,0.021005999912838212,0.251717145361944,0.0699446980767281
topcell,internal_test,configured_data_pool,id_const_b10_h80_p0_gradient,lstm,0.5,0,4,0.1809381196833373,0,720,0.17992571385841127,0.15791434266776588,0.12436771229632172,0.30256687990979714,0.22004708273215362
topcell,internal_test,configured_data_pool,id_const_b10_h80_p0_nominal,physical_rc,0.5,0,4,0.22491581873723027,0,720,0.04319076396171367,0.029419733778222067,-0.026960336194927256,0.28077752685403823,0.007022674264264113
topcell,internal_test,configured_data_pool,id_const_b10_h80_p0_nominal,mlp,0.5,0,4,0.22491581873723027,0,720,0.5414312330311106,0.4753207011208245,-0.017767300357136574,0.921811696066051,0.6332567748816225
topcell,internal_test,configured_data_pool,id_const_b10_h80_p0_nominal,cnn1d,0.5,0,4,0.22491581873723027,0,720,0.21022366624792496,0.18843221200175833,0.033087437586499714,0.36297082799678293,0.2663952924603177
topcell,internal_test,configured_data_pool,id_const_b10_h80_p0_nominal,tcn,0.5,0,4,0.22491581873723027,0,720,0.4595474228633109,0.394043862603384,-0.20541896581923175,0.9770161410694485,0.5459391104991996
topcell,internal_test,configured_data_pool,id_const_b10_h80_p0_nominal,gru,0.5,0,4,0.22491581873723027,0,720,0.257506944048564,0.21074937322219375,-0.2065921598838894,0.4748795141968074,0.25450111850768675
topcell,internal_test,configured_data_pool,id_const_b10_h80_p0_nominal,lstm,0.5,0,4,0.22491581873723027,0,720,0.19386781509933587,0.17741099856976483,0.04386475044021552,0.35781242510628886,0.22311437918483965
topcell,internal_test,configured_data_pool,id_const_b40_h160_p100_cold,physical_rc,0.5,0,4,0.31564654617829224,0,720,0.0672017288274473,0.0500760741390897,-0.04924633230069309,0.49578551193521747,0.01591226405024961
topcell,internal_test,configured_data_pool,id_const_b40_h160_p100_cold,mlp,0.5,0,4,0.31564654617829224,0,720,0.329034901865469,0.26666003488621326,0.005381493708481254,0.742545071405118,0.38224667519922956
topcell,internal_test,configured_data_pool,id_const_b40_h160_p100_cold,cnn1d,0.5,0,4,0.31564654617829224,0,720,0.4790874315341498,0.390901468784321,-0.07139152898618814,0.908108833184798,0.550811312885107
topcell,internal_test,configured_data_pool,id_const_b40_h160_p100_cold,tcn,0.5,0,4,0.31564654617829224,0,720,0.6498483836229073,0.5481077570600449,-0.3859969496056264,1.3096391069635303,0.5365791695860764
topcell,internal_test,configured_data_pool,id_const_b40_h160_p100_cold,gru,0.5,0,4,0.31564654617829224,0,720,0.27915179211530716,0.21596691476737628,0.1868986598612636,0.5138862928581318,0.2673999964035976
topcell,internal_test,configured_data_pool,id_const_b40_h160_p100_cold,lstm,0.5,0,4,0.31564654617829224,0,720,0.22718554319218642,0.17779930027306617,0.08945247640111305,0.5130501446046623,0.3100197770842856
topcell,internal_test,configured_data_pool,id_const_b40_h160_p100_gradient,physical_rc,0.5,0,4,0.7128047768550609,0,720,0.15853150608319339,0.12152137156099047,-0.11890193714189298,0.9486948914099784,0.03163497945760059
topcell,internal_test,configured_data_pool,id_const_b40_h160_p100_gradient,mlp,0.5,0,4,0.7128047768550609,0,720,0.47552353361033395,0.38309692097068837,-0.012011713276449093,0.9332665098073818,0.42250091561201597
topcell,internal_test,configured_data_pool,id_const_b40_h160_p100_gradient,cnn1d,0.5,0,4,0.7128047768550609,0,720,0.21810605330337524,0.1856212477057263,-0.07427357146550968,0.8508132771618264,0.20871338728625294
topcell,internal_test,configured_data_pool,id_const_b40_h160_p100_gradient,tcn,0.5,0,4,0.7128047768550609,0,720,0.5527781668056662,0.42692230534699716,-0.06191186083739455,1.3096369969756552,0.796169232245396
topcell,internal_test,configured_data_pool,id_const_b40_h160_p100_gradient,gru,0.5,0,4,0.7128047768550609,0,720,0.260750288861852,0.23615603726724346,-0.05459899742485867,0.9438570921892548,0.21215078104280335
topcell,internal_test,configured_data_pool,id_const_b40_h160_p100_gradient,lstm,0.5,0,4,0.7128047768550609,0,720,0.27449231498471577,0.2349475179689295,-0.04691588250575297,0.9340755970047852,0.24778918447298304
topcell,internal_test,configured_data_pool,id_const_b40_h160_p100_nominal,physical_rc,0.5,0,4,0.46650984415103103,0,720,0.1295617516445071,0.08068728874865186,-0.07965215167926103,0.8583972882388977,0.021976961321889487
topcell,internal_test,configured_data_pool,id_const_b40_h160_p100_nominal,mlp,0.5,0,4,0.46650984415103103,0,720,0.22847862175468261,0.17303002639387227,-0.07887363167276912,0.8817573269047045,0.25892100598837337
topcell,internal_test,configured_data_pool,id_const_b40_h160_p100_nominal,cnn1d,0.5,0,4,0.46650984415103103,0,720,0.36189822819562145,0.3056065924713847,0.02502029048885126,0.9442987276975003,0.4212734280958447
topcell,internal_test,configured_data_pool,id_const_b40_h160_p100_nominal,tcn,0.5,0,4,0.46650984415103103,0,720,0.4667333343160342,0.38460602271197275,-0.19418294104045686,0.9905521108697712,0.5431335260859135
topcell,internal_test,configured_data_pool,id_const_b40_h160_p100_nominal,gru,0.5,0,4,0.46650984415103103,0,720,0.15422437732635608,0.1286159385960398,0.09063414784380751,0.8848544436867272,0.06617758661975338
topcell,internal_test,configured_data_pool,id_const_b40_h160_p100_nominal,lstm,0.5,0,4,0.46650984415103103,0,720,0.22036239038542232,0.1786877849870662,0.09938046060819176,0.9288682026278394,0.1727208991967738
topcell,internal_test,configured_data_pool,id_const_b10_h80_p150_cold,physical_rc,0.5,0,4,0.8371511862571296,0,720,0.10685904912810487,0.048141380860531956,0.030682485486448394,1.0830374481863174,0.01044333580314783
topcell,internal_test,configured_data_pool,id_const_b10_h80_p150_cold,mlp,0.5,0,4,0.8371511862571296,0,720,0.5718395449454006,0.47044283590846603,-0.013931081288306313,1.3003519110108641,0.5285003044843316
topcell,internal_test,configured_data_pool,id_const_b10_h80_p150_cold,cnn1d,0.5,0,4,0.8371511862571296,0,720,0.316206269557088,0.2673549088214024,0.01863853431700564,1.1908178235088442,0.24392022076281006
topcell,internal_test,configured_data_pool,id_const_b10_h80_p150_cold,tcn,0.5,0,4,0.8371511862571296,0,720,0.6465926717394005,0.5489933257883142,-0.4732662153298757,1.3340132397478541,0.4905833798301358
topcell,internal_test,configured_data_pool,id_const_b10_h80_p150_cold,gru,0.5,0,4,0.8371511862571296,0,720,0.45826185323553764,0.38838736549710545,-0.3618711090340199,1.1527773773605716,0.210189882139711
topcell,internal_test,configured_data_pool,id_const_b10_h80_p150_cold,lstm,0.5,0,4,0.8371511862571296,0,720,0.621503738316921,0.5225355631741753,-0.28035984496687594,1.2217429596137208,0.5343548291166119
topcell,internal_test,configured_data_pool,id_const_b10_h80_p150_gradient,physical_rc,0.5,0,4,0.4170464249652283,0,720,0.1816703335576541,0.14288920778986589,-0.14288920778986589,0.5459595069579137,0.03327848109080103
topcell,internal_test,configured_data_pool,id_const_b10_h80_p150_gradient,mlp,0.5,0,4,0.4170464249652283,0,720,0.2948126889304649,0.2515839916977711,-0.03319653921384858,0.8291827556565039,0.28277347510590584
topcell,internal_test,configured_data_pool,id_const_b10_h80_p150_gradient,cnn1d,0.5,0,4,0.4170464249652283,0,720,0.24932213305542017,0.19542118330076896,0.1205558780986689,0.6553779364440331,0.2531925886254851
topcell,internal_test,configured_data_pool,id_const_b10_h80_p150_gradient,tcn,0.5,0,4,0.4170464249652283,0,720,0.6269620191300175,0.4919664998915601,-0.39940564276880747,1.5107651647724794,0.3642865097433806
topcell,internal_test,configured_data_pool,id_const_b10_h80_p150_gradient,gru,0.5,0,4,0.4170464249652283,0,720,0.30615815562483945,0.2634065419182058,-0.25737430861919075,0.6328899249469089,0.21499257926534102
topcell,internal_test,configured_data_pool,id_const_b10_h80_p150_gradient,lstm,0.5,0,4,0.4170464249652283,0,720,0.1860352484972329,0.14724756446997356,-0.11733136565680545,0.6566929785309981,0.30932961331840186
topcell,internal_test,configured_data_pool,id_const_b10_h80_p150_nominal,physical_rc,0.5,0,4,0.5933488691969687,0,720,0.1617357489095384,0.12154906173054413,0.12038155122519717,0.8412315543132323,0.02727156476554049
topcell,internal_test,configured_data_pool,id_const_b10_h80_p150_nominal,mlp,0.5,0,4,0.5933488691969687,0,720,0.6460141048229584,0.5634157886667093,0.24103383230777453,1.1646945403123823,0.571309554082613
topcell,internal_test,configured_data_pool,id_const_b10_h80_p150_nominal,cnn1d,0.5,0,4,0.5933488691969687,0,720,0.7484037470764122,0.6115277560484509,0.5845477092346099,1.3400933010017866,0.6615533867191381
topcell,internal_test,configured_data_pool,id_const_b10_h80_p150_nominal,tcn,0.5,0,4,0.5933488691969687,0,720,0.7991591382929619,0.5853885442908456,-0.27976560992735044,1.9613235682082006,0.5438930977459359
topcell,internal_test,configured_data_pool,id_const_b10_h80_p150_nominal,gru,0.5,0,4,0.5933488691969687,0,720,0.7191327774331043,0.6266955901801593,0.6242372273700136,1.2927046947858258,0.3327427878402403
topcell,internal_test,configured_data_pool,id_const_b10_h80_p150_nominal,lstm,0.5,0,4,0.5933488691969687,0,720,0.6852318650989349,0.5831985730774595,0.5740176431831673,1.2321201863724554,0.40155477409586043
topcell,internal_test,configured_data_pool,id_const_b10_h80_p100_cold,physical_rc,0.5,0,4,0.6478163783089435,0,720,0.20261526015016615,0.15860795825775142,0.15860795825775142,0.8830556377401706,0.03476890788062372
topcell,internal_test,configured_data_pool,id_const_b10_h80_p100_cold,mlp,0.5,0,4,0.6478163783089435,0,720,0.45910579582005123,0.341308213683571,0.27137370704625685,1.0296104072142782,0.309177917513818
topcell,internal_test,configured_data_pool,id_const_b10_h80_p100_cold,cnn1d,0.5,0,4,0.6478163783089435,0,720,0.4713723356121237,0.393161722370012,0.20000640166897618,0.9990866351831613,0.3933909952869656
topcell,internal_test,configured_data_pool,id_const_b10_h80_p100_cold,tcn,0.5,0,4,0.6478163783089435,0,720,0.4559519269881107,0.4074424024872734,-0.15731687866565858,0.87499374861342,0.39828227936151295
topcell,internal_test,configured_data_pool,id_const_b10_h80_p100_cold,gru,0.5,0,4,0.6478163783089435,0,720,0.5811290950142759,0.43346617208343213,0.4048435173750285,1.0168240948612777,0.49464876056719276
topcell,internal_test,configured_data_pool,id_const_b10_h80_p100_cold,lstm,0.5,0,4,0.6478163783089435,0,720,0.487358220240921,0.39457717767935585,0.2586340186579968,0.9511179468078339,0.35478253448610575
topcell,internal_test,configured_data_pool,id_const_b10_h80_p100_gradient,physical_rc,0.5,0,4,0.8284226573996226,0,720,0.2748803310679768,0.213120311462974,0.213120311462974,1.4293625115231592,0.047267687305204295
topcell,internal_test,configured_data_pool,id_const_b10_h80_p100_gradient,mlp,0.5,0,4,0.8284226573996226,0,720,0.6613893340867811,0.48539697893901185,0.2993951913125949,1.7225717852496132,0.5864052701678422
topcell,internal_test,configured_data_pool,id_const_b10_h80_p100_gradient,cnn1d,0.5,0,4,0.8284226573996226,0,720,0.5818343128049533,0.4055661835438823,0.3493121706611081,1.5751349769111798,0.4395287585978879
topcell,internal_test,configured_data_pool,id_const_b10_h80_p100_gradient,tcn,0.5,0,4,0.8284226573996226,0,720,0.5860596469831832,0.46946276400021714,0.08850301694455263,1.6302589337839777,0.42580311408086524
topcell,internal_test,configured_data_pool,id_const_b10_h80_p100_gradient,gru,0.5,0,4,0.8284226573996226,0,720,0.738498886230176,0.5726672263970239,0.5694891053782124,1.5995255826747652,0.5710297927751996
topcell,internal_test,configured_data_pool,id_const_b10_h80_p100_gradient,lstm,0.5,0,4,0.8284226573996226,0,720,0.755056178670142,0.5732057362622063,0.5680596347204411,1.6118074267537992,0.5962169342822571
topcell,internal_test,configured_data_pool,id_const_b10_h80_p100_nominal,physical_rc,0.5,0,4,0.3363367002045042,0,720,0.05040949681365724,0.030847744551138964,-0.027372771594403014,0.37009728938330255,0.008691788051380822
topcell,internal_test,configured_data_pool,id_const_b10_h80_p100_nominal,mlp,0.5,0,4,0.3363367002045042,0,720,0.3849984610458529,0.30208309120355314,0.08393781295811385,0.8291916718970356,0.42268198582848754
topcell,internal_test,configured_data_pool,id_const_b10_h80_p100_nominal,cnn1d,0.5,0,4,0.3363367002045042,0,720,0.265673658222658,0.2096995933701658,0.15086149658796194,0.5257405242458049,0.21086455682057564
topcell,internal_test,configured_data_pool,id_const_b10_h80_p100_nominal,tcn,0.5,0,4,0.3363367002045042,0,720,0.38009261010577994,0.28846628273233094,-0.21609095459665903,0.9337051095524345,0.17857069191286457
topcell,internal_test,configured_data_pool,id_const_b10_h80_p100_nominal,gru,0.5,0,4,0.3363367002045042,0,720,0.32275665344550675,0.2545314080779543,0.20901487596095614,0.6688111105044214,0.27954394129313237
topcell,internal_test,configured_data_pool,id_const_b10_h80_p100_nominal,lstm,0.5,0,4,0.3363367002045042,0,720,0.24684339471064498,0.2089573686726516,0.1342075223570831,0.5673665832096191,0.2027918026487424
topcell,internal_test,configured_data_pool,id_ramp_brine_b30_h160_p150,physical_rc,0.5,0,4,0.2377397305276274,0,720,0.07044210549650287,0.05218234203806969,0.051967409897624085,0.4280089165577934,0.012907301606552068
topcell,internal_test,configured_data_pool,id_ramp_brine_b30_h160_p150,mlp,0.5,0,4,0.2377397305276274,0,720,0.2241089487809343,0.1788616305148165,-0.057777800578454594,0.5267991789478401,0.21534297539455058
topcell,internal_test,configured_data_pool,id_ramp_brine_b30_h160_p150,cnn1d,0.5,0,4,0.2377397305276274,0,720,0.1830406046611392,0.1277980601216293,0.05814701015950474,0.6161498947057851,0.18517055884835207
topcell,internal_test,configured_data_pool,id_ramp_brine_b30_h160_p150,tcn,0.5,0,4,0.2377397305276274,0,720,0.7308986904015399,0.5666751132463005,-0.43311888011294974,1.5916346476862344,0.6213220549565842
topcell,internal_test,configured_data_pool,id_ramp_brine_b30_h160_p150,gru,0.5,0,4,0.2377397305276274,0,720,0.129894063047601,0.09619249654194795,-0.020054380953422137,0.42055845899081135,0.1776867660917815
topcell,internal_test,configured_data_pool,id_ramp_brine_b30_h160_p150,lstm,0.5,0,4,0.2377397305276274,0,720,0.11063013986078563,0.09214386017918079,0.03592113210618667,0.42293742112454424,0.150603762344972
topcell,internal_test,configured_data_pool,id_const_b30_h160_p0_cold,physical_rc,0.5,0,4,0.5297431120381995,0,720,0.07358750479132736,0.03650988911883896,-0.026431872102586407,0.814483712375889,0.010004042869528421
topcell,internal_test,configured_data_pool,id_const_b30_h160_p0_cold,mlp,0.5,0,4,0.5297431120381995,0,720,0.6127939107841138,0.4867164085773652,0.10678001196062545,1.2956270391940592,0.6972943638095743
topcell,internal_test,configured_data_pool,id_const_b30_h160_p0_cold,cnn1d,0.5,0,4,0.5297431120381995,0,720,0.5537226644939703,0.5003740998816985,0.23219219797015103,0.964932042368666,0.5979054865867303
topcell,internal_test,configured_data_pool,id_const_b30_h160_p0_cold,tcn,0.5,0,4,0.5297431120381995,0,720,0.7210299321883203,0.5932287444605049,0.16860357660394262,1.4236559896138488,0.8576378975547698
topcell,internal_test,configured_data_pool,id_const_b30_h160_p0_cold,gru,0.5,0,4,0.5297431120381995,0,720,0.625509894931288,0.5191550287257454,-0.29085334019321746,1.0973182603216571,0.6158880172196366
topcell,internal_test,configured_data_pool,id_const_b30_h160_p0_cold,lstm,0.5,0,4,0.5297431120381995,0,720,0.38753631942712236,0.31142002239267086,-0.04843573645875894,0.9628805163004301,0.37370155574220415
topcell,internal_test,configured_data_pool,id_const_b30_h160_p0_gradient,physical_rc,0.5,0,4,0.436967791982865,0,720,0.14628173260458707,0.10605607181978449,-0.10489356522583129,0.6969413669146363,0.027085304920767803
topcell,internal_test,configured_data_pool,id_const_b30_h160_p0_gradient,mlp,0.5,0,4,0.436967791982865,0,720,0.3386843839962324,0.2641977633857728,0.05052195045774245,1.3547512246933948,0.43113682400008324
topcell,internal_test,configured_data_pool,id_const_b30_h160_p0_gradient,cnn1d,0.5,0,4,0.436967791982865,0,720,0.18267883580889677,0.151760901190564,0.012508185587767172,0.7944806967039497,0.11454214456140921
topcell,internal_test,configured_data_pool,id_const_b30_h160_p0_gradient,tcn,0.5,0,4,0.436967791982865,0,720,0.9357348775321597,0.7643198199622707,-0.059071354944434086,1.7371119437510174,1.0721916646071388
topcell,internal_test,configured_data_pool,id_const_b30_h160_p0_gradient,gru,0.5,0,4,0.436967791982865,0,720,0.13514750059384997,0.10173271560107908,-0.021866281082113196,0.725817641148943,0.1271709251014991
topcell,internal_test,configured_data_pool,id_const_b30_h160_p0_gradient,lstm,0.5,0,4,0.436967791982865,0,720,0.2367094967886005,0.2005599085755046,0.05519589263794894,0.7859279502881478,0.2709646806010807
topcell,internal_test,configured_data_pool,id_const_b30_h160_p0_nominal,physical_rc,0.5,0,4,0.44290251048105067,0,720,0.09856096606414222,0.07838957606238545,-0.07722302953023183,0.5700557470431775,0.021534623170722626
topcell,internal_test,configured_data_pool,id_const_b30_h160_p0_nominal,mlp,0.5,0,4,0.44290251048105067,0,720,0.47472530312221134,0.38090740539122436,-0.058816996753222,0.998773707367782,0.4698224372915391
topcell,internal_test,configured_data_pool,id_const_b30_h160_p0_nominal,cnn1d,0.5,0,4,0.44290251048105067,0,720,0.39071177114063743,0.3491986176369612,0.03546008562165914,0.7352616863919152,0.4247316219180412
topcell,internal_test,configured_data_pool,id_const_b30_h160_p0_nominal,tcn,0.5,0,4,0.44290251048105067,0,720,0.5791731101646179,0.5104854776227883,0.025342081487400837,0.995540791621579,0.5780359178609724
topcell,internal_test,configured_data_pool,id_const_b30_h160_p0_nominal,gru,0.5,0,4,0.44290251048105067,0,720,0.4600318938882273,0.3599522113319887,-0.28197433423635887,0.800482574104123,0.41456219946527584
topcell,internal_test,configured_data_pool,id_const_b30_h160_p0_nominal,lstm,0.5,0,4,0.44290251048105067,0,720,0.43614064138916403,0.2886625449451713,-0.2127695245285991,0.9463094256123412,0.4812523701819227
topcell,internal_test,configured_data_pool,id_ramp_brine_b10_h200_p150,physical_rc,0.5,0,4,0.2997771687670654,0,720,0.08200651283422083,0.06277473297764212,-0.06215383943319184,0.42911637925223545,0.022914536154732233
topcell,internal_test,configured_data_pool,id_ramp_brine_b10_h200_p150,mlp,0.5,0,4,0.2997771687670654,0,720,0.34739404743600805,0.2836155874057618,0.016019396201306317,0.792777634842281,0.37414009059975717
topcell,internal_test,configured_data_pool,id_ramp_brine_b10_h200_p150,cnn1d,0.5,0,4,0.2997771687670654,0,720,0.3381627478054979,0.2786813657377989,0.13419637385979127,0.7568028003809673,0.49705803482430716
topcell,internal_test,configured_data_pool,id_ramp_brine_b10_h200_p150,tcn,0.5,0,4,0.2997771687670654,0,720,1.0400907714367014,0.8906796436247834,-0.7848505667158912,1.9547869413518555,0.632684948506132
topcell,internal_test,configured_data_pool,id_ramp_brine_b10_h200_p150,gru,0.5,0,4,0.2997771687670654,0,720,0.4330810991469991,0.3641206913070451,0.3252434204342019,0.8372823132064866,0.30886633404168123
topcell,internal_test,configured_data_pool,id_ramp_brine_b10_h200_p150,lstm,0.5,0,4,0.2997771687670654,0,720,0.5202950301992124,0.40957657427336297,0.3727573092252276,1.0856213103825496,0.698191036784572
topcell,internal_test,configured_data_pool,id_ramp_plasma_b10_h200_p150,physical_rc,0.5,0,4,0.7046318077148712,0,720,0.2125892767552471,0.15651512508344828,-0.1483656387507054,0.9250902912254659,0.06559930485940725
topcell,internal_test,configured_data_pool,id_ramp_plasma_b10_h200_p150,mlp,0.5,0,4,0.7046318077148712,0,720,0.8129507068488323,0.6541498750015947,-0.28733017924116216,1.9179756932399528,0.390662271848094
topcell,internal_test,configured_data_pool,id_ramp_plasma_b10_h200_p150,cnn1d,0.5,0,4,0.7046318077148712,0,720,0.45348636497486106,0.3447888318512067,-0.204756410325602,1.1285612166401933,0.2415605395509938
topcell,internal_test,configured_data_pool,id_ramp_plasma_b10_h200_p150,tcn,0.5,0,4,0.7046318077148712,0,720,1.4194200999827575,1.1532300722213562,-0.8547427923506272,3.260720942676869,1.6167056730393845
topcell,internal_test,configured_data_pool,id_ramp_plasma_b10_h200_p150,gru,0.5,0,4,0.7046318077148712,0,720,0.701753629639834,0.637769148318675,-0.6312755903974435,1.4215221430885379,0.9864192083361967
topcell,internal_test,configured_data_pool,id_ramp_plasma_b10_h200_p150,lstm,0.5,0,4,0.7046318077148712,0,720,0.5048607364431928,0.4204273832618988,-0.39819176377118704,1.2638940099834883,0.6241129301053272
topcell,internal_test,configured_data_pool,id_const_b10_h200_p0_cold,physical_rc,0.5,0,4,0.06147004263929575,0,720,0.02703712084298007,0.018412058982619932,-0.016854266370238957,0.1627216291024851,0.009817982400645502
topcell,internal_test,configured_data_pool,id_const_b10_h200_p0_cold,mlp,0.5,0,4,0.06147004263929575,0,720,0.8384167706494108,0.6428352369207835,0.4218131833896514,1.9467902444567073,0.4320429194750237
topcell,internal_test,configured_data_pool,id_const_b10_h200_p0_cold,cnn1d,0.5,0,4,0.06147004263929575,0,720,0.3345107154691845,0.27967490207905926,0.14280920896043403,0.6783991303616688,0.2757357943806103
topcell,internal_test,configured_data_pool,id_const_b10_h200_p0_cold,tcn,0.5,0,4,0.06147004263929575,0,720,0.6380683890886315,0.5787730739618125,-0.5488952084910639,1.0647235317471129,0.09346271275125242
topcell,internal_test,configured_data_pool,id_const_b10_h200_p0_cold,gru,0.5,0,4,0.06147004263929575,0,720,0.15010144361008884,0.12647874301126205,0.08404042638473733,0.31559635835873223,0.1926956411063748
topcell,internal_test,configured_data_pool,id_const_b10_h200_p0_cold,lstm,0.5,0,4,0.06147004263929575,0,720,0.22706054151420407,0.16527884873048226,0.047356300201494506,0.5815681086670708,0.10391129728453105
topcell,internal_test,configured_data_pool,id_const_b10_h200_p0_gradient,physical_rc,0.5,0,4,0.47149950554420894,0,720,0.09676298018893331,0.07044237878735565,-0.06287707004274794,0.5248991291561538,0.02084742649077878
topcell,internal_test,configured_data_pool,id_const_b10_h200_p0_gradient,mlp,0.5,0,4,0.47149950554420894,0,720,0.465670285953751,0.41027297110610134,0.23442669808243852,1.0345485355385122,0.3267150110863902
topcell,internal_test,configured_data_pool,id_const_b10_h200_p0_gradient,cnn1d,0.5,0,4,0.47149950554420894,0,720,0.2799005171983382,0.24097203556387187,0.09882163916398255,0.5406514122747126,0.23790682378461783
topcell,internal_test,configured_data_pool,id_const_b10_h200_p0_gradient,tcn,0.5,0,4,0.47149950554420894,0,720,0.8586790925109652,0.6687678201535479,-0.22669986614315688,1.8542070905873373,0.9991728034461738
topcell,internal_test,configured_data_pool,id_const_b10_h200_p0_gradient,gru,0.5,0,4,0.47149950554420894,0,720,0.3447068262083325,0.2770826152211835,-0.2443186962338389,0.6135670326648892,0.2611233734636627
topcell,internal_test,configured_data_pool,id_const_b10_h200_p0_gradient,lstm,0.5,0,4,0.47149950554420894,0,720,0.3999261966981304,0.319455462115931,-0.24253619547775063,0.7385902454972353,0.4441169482977905
topcell,internal_test,configured_data_pool,id_const_b10_h200_p0_nominal,physical_rc,0.5,0,4,0.4340778721448675,0,720,0.05848766202257694,0.019874542783369056,0.0038881583127026607,0.5459657146532138,0.005752629546074583
topcell,internal_test,configured_data_pool,id_const_b10_h200_p0_nominal,mlp,0.5,0,4,0.4340778721448675,0,720,0.7177966620890064,0.605236192686865,0.18439245259201104,1.2146416159592235,0.6993389017532037
topcell,internal_test,configured_data_pool,id_const_b10_h200_p0_nominal,cnn1d,0.5,0,4,0.4340778721448675,0,720,0.33193918276826784,0.2781218282150028,-6.081554993418139e-05,0.6671869276255933,0.3472899953245248
topcell,internal_test,configured_data_pool,id_const_b10_h200_p0_nominal,tcn,0.5,0,4,0.4340778721448675,0,720,0.6936879429677589,0.5556943062452623,-0.5312979605317243,1.4911977624351636,0.25431040120309045
topcell,internal_test,configured_data_pool,id_const_b10_h200_p0_nominal,gru,0.5,0,4,0.4340778721448675,0,720,0.37670103279635475,0.31088027616950636,0.15603903608091485,0.6733202335408066,0.4354158515497799
topcell,internal_test,configured_data_pool,id_const_b10_h200_p0_nominal,lstm,0.5,0,4,0.4340778721448675,0,720,0.2021899110967004,0.17465054931602225,-0.009030910829300322,0.6147464877009483,0.16128481650279985
topcell,internal_test,configured_data_pool,id_const_b30_h200_p100_cold,physical_rc,0.5,1,4,0.797147472223965,0,720,0.31238958576680775,0.24329623344261292,-0.24329623344261292,1.197132116857098,0.058843936906963004
topcell,internal_test,configured_data_pool,id_const_b30_h200_p100_cold,mlp,0.5,1,4,0.797147472223965,0,720,0.44734445294030495,0.3905820570745954,-0.33319461038942527,1.1707292572517645,0.26130157207955396
topcell,internal_test,configured_data_pool,id_const_b30_h200_p100_cold,cnn1d,0.5,1,4,0.797147472223965,0,720,0.6319698149865047,0.5162141508392628,0.13929968658416078,1.3857362194765983,0.7204043922290113
topcell,internal_test,configured_data_pool,id_const_b30_h200_p100_cold,tcn,0.5,1,4,0.797147472223965,0,720,1.0803234553528571,0.9332658004337792,-0.9092727395014172,2.055007556448416,0.2953828058179545
topcell,internal_test,configured_data_pool,id_const_b30_h200_p100_cold,gru,0.5,1,4,0.797147472223965,0,720,0.23114093374450884,0.16327136619707264,-0.018896294491233097,1.223975840484215,0.07557730681572405
topcell,internal_test,configured_data_pool,id_const_b30_h200_p100_cold,lstm,0.5,1,4,0.797147472223965,0,720,0.37985229095484185,0.3162845071726393,0.11575793621287163,1.2283971030241148,0.3409551652934569
topcell,internal_test,configured_data_pool,id_const_b30_h200_p100_gradient,physical_rc,0.5,1,4,0.29225087328335275,0,720,0.07763888505407188,0.039644163854758316,0.020854142988994025,0.5141548709193557,0.007162885146108259
topcell,internal_test,configured_data_pool,id_const_b30_h200_p100_gradient,mlp,0.5,1,4,0.29225087328335275,0,720,0.5446470536431186,0.4588103151576599,0.16933742300997973,0.9958225223375479,0.4580495276827198
topcell,internal_test,configured_data_pool,id_const_b30_h200_p100_gradient,cnn1d,0.5,1,4,0.29225087328335275,0,720,0.3810724432547439,0.3332025160768809,0.31441972815764435,0.7112523570704639,0.32576750831582585
topcell,internal_test,configured_data_pool,id_const_b30_h200_p100_gradient,tcn,0.5,1,4,0.29225087328335275,0,720,0.6018651950485497,0.4341888672944304,-0.17804847481831512,1.6591608983969053,0.7570227606505139
topcell,internal_test,configured_data_pool,id_const_b30_h200_p100_gradient,gru,0.5,1,4,0.29225087328335275,0,720,0.2928293230319983,0.2373343013477741,-0.1474618743398691,0.5219734406892655,0.2895924779270099
topcell,internal_test,configured_data_pool,id_const_b30_h200_p100_gradient,lstm,0.5,1,4,0.29225087328335275,0,720,0.23847768772345046,0.2050990401573056,0.04792663870204376,0.5285353464674358,0.23563059419848478
topcell,internal_test,configured_data_pool,id_const_b30_h200_p100_nominal,physical_rc,0.5,1,4,0.4865766903283978,0,720,0.15121555012774598,0.12099481545470878,-0.12030608995163095,0.677382488015219,0.03319864026786448
topcell,internal_test,configured_data_pool,id_const_b30_h200_p100_nominal,mlp,0.5,1,4,0.4865766903283978,0,720,0.5707823152830445,0.43350942065594367,-0.2694984400570293,1.1349306810277824,0.5758835958422142
topcell,internal_test,configured_data_pool,id_const_b30_h200_p100_nominal,cnn1d,0.5,1,4,0.4865766903283978,0,720,0.3720844926958899,0.3283411819557831,-0.02669237182071961,0.7074795733046244,0.3438611628947934
topcell,internal_test,configured_data_pool,id_const_b30_h200_p100_nominal,tcn,0.5,1,4,0.4865766903283978,0,720,0.9314697851397647,0.7505285850842317,-0.6496995992436143,1.9905723122959955,0.6052360701219412
topcell,internal_test,configured_data_pool,id_const_b30_h200_p100_nominal,gru,0.5,1,4,0.4865766903283978,0,720,0.41589162075969827,0.34849046220729313,0.15035986198743254,0.7309518885773016,0.40236235896798694
topcell,internal_test,configured_data_pool,id_const_b30_h200_p100_nominal,lstm,0.5,1,4,0.4865766903283978,0,720,0.5044672757303631,0.37883435449731007,0.2831577383883177,1.0318130488150246,0.5687658604834085
topcell,internal_test,configured_data_pool,id_const_b20_h160_p150_cold,physical_rc,0.5,1,4,0.4113041044244278,0,720,0.12886097286773038,0.09426891360651835,0.09423123270688104,0.7474876826574715,0.019775954406740803
topcell,internal_test,configured_data_pool,id_const_b20_h160_p150_cold,mlp,0.5,1,4,0.4113041044244278,0,720,0.3527779787664722,0.27336800331777317,0.1422068992964259,0.7797037955999286,0.36872683164132153
topcell,internal_test,configured_data_pool,id_const_b20_h160_p150_cold,cnn1d,0.5,1,4,0.4113041044244278,0,720,0.41780047751371074,0.3279439949304773,0.29809107597367485,0.7753406818115423,0.4682757237015175
topcell,internal_test,configured_data_pool,id_const_b20_h160_p150_cold,tcn,0.5,1,4,0.4113041044244278,0,720,0.7558593886588979,0.6354623864816935,-0.5527263891185035,1.472752466146261,0.44454310181640777
topcell,internal_test,configured_data_pool,id_const_b20_h160_p150_cold,gru,0.5,1,4,0.4113041044244278,0,720,0.2733607590290103,0.2443499826247273,-0.010717554218351043,0.7234148051707834,0.26784525418858646
topcell,internal_test,configured_data_pool,id_const_b20_h160_p150_cold,lstm,0.5,1,4,0.4113041044244278,0,720,0.25121162512363143,0.2233710149779089,0.00980458060604295,0.7544074989439693,0.25162969420697207
topcell,internal_test,configured_data_pool,id_const_b20_h160_p150_gradient,physical_rc,0.5,1,4,0.6281700105997642,0,720,0.060658007208661824,0.021159236895872298,-0.009963469847510382,0.7773725807369729,0.011063487949226016
topcell,internal_test,configured_data_pool,id_const_b20_h160_p150_gradient,mlp,0.5,1,4,0.6281700105997642,0,720,0.741162411034224,0.6373804000822174,0.18977967476483254,1.230919410501869,0.6559907675421042
topcell,internal_test,configured_data_pool,id_const_b20_h160_p150_gradient,cnn1d,0.5,1,4,0.6281700105997642,0,720,0.33195638609891054,0.2672386088441605,0.24556919764895999,0.7477320682055009,0.39092845042972363
topcell,internal_test,configured_data_pool,id_const_b20_h160_p150_gradient,tcn,0.5,1,4,0.6281700105997642,0,720,0.8466220997276943,0.6010531738725565,-0.3399308554374065,2.176765983187849,0.8551009073500115
topcell,internal_test,configured_data_pool,id_const_b20_h160_p150_gradient,gru,0.5,1,4,0.6281700105997642,0,720,0.27091916242415043,0.20586655855279695,0.06624467613560636,0.9275994941892591,0.2525266480198327
topcell,internal_test,configured_data_pool,id_const_b20_h160_p150_gradient,lstm,0.5,1,4,0.6281700105997642,0,720,0.29940152971637046,0.2342250000651622,0.16094962153749115,0.897665901996362,0.23948630914860602
topcell,internal_test,configured_data_pool,id_const_b20_h160_p150_nominal,physical_rc,0.5,1,4,0.34332608179566904,0,720,0.09114698826487146,0.06330710741862637,-0.059853801885804615,0.5154471087377814,0.01933899857004586
topcell,internal_test,configured_data_pool,id_const_b20_h160_p150_nominal,mlp,0.5,1,4,0.34332608179566904,0,720,0.27800739848140144,0.24284215726052774,-0.14837919522981544,0.7883716238037692,0.3044232724086314
topcell,internal_test,configured_data_pool,id_const_b20_h160_p150_nominal,cnn1d,0.5,1,4,0.34332608179566904,0,720,0.207393111380796,0.17579836712137414,-0.007184477189158302,0.5220746981435127,0.24429956866158778
topcell,internal_test,configured_data_pool,id_const_b20_h160_p150_nominal,tcn,0.5,1,4,0.34332608179566904,0,720,0.849500711817069,0.6908594910442999,-0.5811547124877067,1.7661525838881431,0.5517545869931886
topcell,internal_test,configured_data_pool,id_const_b20_h160_p150_nominal,gru,0.5,1,4,0.34332608179566904,0,720,0.22282587508318058,0.19737626760759008,-0.19660522141014508,0.4582869854057421,0.2509934243993916
topcell,internal_test,configured_data_pool,id_const_b20_h160_p150_nominal,lstm,0.5,1,4,0.34332608179566904,0,720,0.19956775609092473,0.17452329695846142,-0.15185862528712865,0.5558112239988375,0.15633568471676793
topcell,internal_test,configured_data_pool,id_const_b20_h120_p50_cold,physical_rc,0.5,1,4,0.43377393556521204,0,720,0.13047122139144032,0.10145025242580662,0.10007322043844923,0.5565457450553453,0.020718953521244306
topcell,internal_test,configured_data_pool,id_const_b20_h120_p50_cold,mlp,0.5,1,4,0.43377393556521204,0,720,0.24910941145180965,0.20323820666828749,-0.003628065782848802,0.5501540636687139,0.11859371001755217
topcell,internal_test,configured_data_pool,id_const_b20_h120_p50_cold,cnn1d,0.5,1,4,0.43377393556521204,0,720,0.26225607927358013,0.20282849421269122,0.19378340404330988,0.5186483643806383,0.1988336238895931
topcell,internal_test,configured_data_pool,id_const_b20_h120_p50_cold,tcn,0.5,1,4,0.43377393556521204,0,720,0.358115488693395,0.3035659022681731,-0.21146240463761704,0.7267449337841896,0.19925644638561063
topcell,internal_test,configured_data_pool,id_const_b20_h120_p50_cold,gru,0.5,1,4,0.43377393556521204,0,720,0.18659054181810317,0.15284302482934445,0.09910001376865847,0.5241154737241374,0.143933341766694
topcell,internal_test,configured_data_pool,id_const_b20_h120_p50_cold,lstm,0.5,1,4,0.43377393556521204,0,720,0.22451157090005613,0.18633695479903828,0.18305693716235918,0.5275486152481292,0.19569608516533046
topcell,internal_test,configured_data_pool,id_const_b20_h120_p50_gradient,physical_rc,0.5,1,4,0.6955026002449872,0,720,0.11682281877819244,0.06353559049622425,0.05010672380233823,0.8028766605215125,0.008391846704525254
topcell,internal_test,configured_data_pool,id_const_b20_h120_p50_gradient,mlp,0.5,1,4,0.6955026002449872,0,720,0.5287395699133396,0.4708272211432585,0.036437625815782984,0.8576890423304917,0.5457073714725588
topcell,internal_test,configured_data_pool,id_const_b20_h120_p50_gradient,cnn1d,0.5,1,4,0.6955026002449872,0,720,0.49070973894080494,0.4487798799074522,-0.061117963144728324,0.7892686330537941,0.5058420604412002
topcell,internal_test,configured_data_pool,id_const_b20_h120_p50_gradient,tcn,0.5,1,4,0.6955026002449872,0,720,0.5138289634998865,0.4535380475059665,-0.17712686420042018,1.0271675610070616,0.5314938745940606
topcell,internal_test,configured_data_pool,id_const_b20_h120_p50_gradient,gru,0.5,1,4,0.6955026002449872,0,720,0.5178691268394945,0.4254832820300728,0.2607347309602748,0.903932878247133,0.49486339703455057
topcell,internal_test,configured_data_pool,id_const_b20_h120_p50_gradient,lstm,0.5,1,4,0.6955026002449872,0,720,0.5295594408307716,0.3957483706299968,0.3355374431453831,1.0090987933284339,0.5778647489804024
topcell,internal_test,configured_data_pool,id_const_b20_h120_p50_nominal,physical_rc,0.5,1,4,0.27312219154567985,0,720,0.09369958236251118,0.07479973066756386,-0.0747554611852834,0.4006573220600984,0.01932645414329679
topcell,internal_test,configured_data_pool,id_const_b20_h120_p50_nominal,mlp,0.5,1,4,0.27312219154567985,0,720,0.3987299341018073,0.31047570893018406,-0.29128649029965237,0.8867823858116424,0.20778249788058006
topcell,internal_test,configured_data_pool,id_const_b20_h120_p50_nominal,cnn1d,0.5,1,4,0.27312219154567985,0,720,0.19661121040865473,0.155604410544586,-0.11852471405299932,0.4537622191874533,0.23711032771225013
topcell,internal_test,configured_data_pool,id_const_b20_h120_p50_nominal,tcn,0.5,1,4,0.27312219154567985,0,720,0.6598187535340294,0.511084340589275,-0.372036054004983,1.4383676817029993,0.549840517856366
topcell,internal_test,configured_data_pool,id_const_b20_h120_p50_nominal,gru,0.5,1,4,0.27312219154567985,0,720,0.18268140215857873,0.1609922098943275,-0.03550460189952856,0.4266361852477658,0.16795950137807994
topcell,internal_test,configured_data_pool,id_const_b20_h120_p50_nominal,lstm,0.5,1,4,0.27312219154567985,0,720,0.1607436976746023,0.1274027577731441,0.02072963256151809,0.46907717431791696,0.20613873971971297
topcell,internal_test,configured_data_pool,id_const_b30_h120_p50_cold,physical_rc,0.5,1,4,0.4854263331839821,0,720,0.11486983205142087,0.08891020523206523,0.0888413076773465,0.7764210279742372,0.018078964678968454
topcell,internal_test,configured_data_pool,id_const_b30_h120_p50_cold,mlp,0.5,1,4,0.4854263331839821,0,720,0.3854719133989924,0.3145366194285455,0.08576928371027424,0.8832283267668259,0.4817385165646012
topcell,internal_test,configured_data_pool,id_const_b30_h120_p50_cold,cnn1d,0.5,1,4,0.4854263331839821,0,720,0.3839286824208156,0.28520574457270065,0.24771454664517883,0.8336489355658969,0.3205993287440828
topcell,internal_test,configured_data_pool,id_const_b30_h120_p50_cold,tcn,0.5,1,4,0.4854263331839821,0,720,0.5402086975884038,0.4459683253802544,0.012349592071095126,1.179004967926005,0.6206548496596778
topcell,internal_test,configured_data_pool,id_const_b30_h120_p50_cold,gru,0.5,1,4,0.4854263331839821,0,720,0.29310489948625307,0.23820000150790885,-0.08831881287986049,0.8394024220176775,0.2930944436149746
topcell,internal_test,configured_data_pool,id_const_b30_h120_p50_cold,lstm,0.5,1,4,0.4854263331839821,0,720,0.3635206289922329,0.3097193723653131,0.023352156324508537,0.8442346870887363,0.36693859731504475
topcell,internal_test,configured_data_pool,id_const_b30_h120_p50_gradient,physical_rc,0.5,1,4,0.12764996380993987,0,720,0.046147514085935856,0.0254181470697721,0.014389816467272047,0.24139688896819678,0.003538025666412718
topcell,internal_test,configured_data_pool,id_const_b30_h120_p50_gradient,mlp,0.5,1,4,0.12764996380993987,0,720,0.5790529225982205,0.4421076086992822,0.10436878606330979,1.3706044399309576,0.7343197116512855
topcell,internal_test,configured_data_pool,id_const_b30_h120_p50_gradient,cnn1d,0.5,1,4,0.12764996380993987,0,720,0.21486657511873344,0.19006624702563207,0.1003139525362973,0.39729699691562814,0.12209091031628604
topcell,internal_test,configured_data_pool,id_const_b30_h120_p50_gradient,tcn,0.5,1,4,0.12764996380993987,0,720,0.4145706654048423,0.3120200954555046,-0.007341051577820668,1.0574492934507873,0.5293520670417776
topcell,internal_test,configured_data_pool,id_const_b30_h120_p50_gradient,gru,0.5,1,4,0.12764996380993987,0,720,0.06554850845556823,0.05063588629637017,-0.03851160765977288,0.23258810865751656,0.04112803228465118
topcell,internal_test,configured_data_pool,id_const_b30_h120_p50_gradient,lstm,0.5,1,4,0.12764996380993987,0,720,0.15535990201636732,0.13675679556212772,0.10083732366381876,0.29837951108183347,0.09625565527833978
topcell,internal_test,configured_data_pool,id_const_b30_h120_p50_nominal,physical_rc,0.5,1,4,0.531229632650645,0,720,0.20279202447547695,0.16275752292313453,0.16275752292313453,0.722935040555285,0.0335325555093353
topcell,internal_test,configured_data_pool,id_const_b30_h120_p50_nominal,mlp,0.5,1,4,0.531229632650645,0,720,0.295649570777818,0.24207955440864515,0.04937334592106694,0.7001592539668522,0.3114806702294082
topcell,internal_test,configured_data_pool,id_const_b30_h120_p50_nominal,cnn1d,0.5,1,4,0.531229632650645,0,720,0.28048897299130715,0.23525151560573707,0.1371002696804071,0.7265665834646953,0.20990150053596354
topcell,internal_test,configured_data_pool,id_const_b30_h120_p50_nominal,tcn,0.5,1,4,0.531229632650645,0,720,0.4366761673474249,0.39829621082845124,0.003375192029813877,0.7954113267559393,0.4000925370589142
topcell,internal_test,configured_data_pool,id_const_b30_h120_p50_nominal,gru,0.5,1,4,0.531229632650645,0,720,0.2123439322002947,0.17835555446062507,0.017864939877159584,0.7616560528499221,0.17256862011125448
topcell,internal_test,configured_data_pool,id_const_b30_h120_p50_nominal,lstm,0.5,1,4,0.531229632650645,0,720,0.298502027716308,0.25596228381570335,0.10305547174239323,0.7305746276589176,0.2315333999864922
topcell,internal_test,configured_data_pool,id_ramp_brine_b10_h160_p50,physical_rc,0.5,1,4,0.4305706533814777,0,720,0.09826604006973168,0.05565977944797917,0.03676728132641787,0.5238519910154338,0.002606479140138664
topcell,internal_test,configured_data_pool,id_ramp_brine_b10_h160_p50,mlp,0.5,1,4,0.4305706533814777,0,720,0.2892513058528852,0.23158106786260046,0.14000873961741944,0.6187255068365971,0.25116932008299275
topcell,internal_test,configured_data_pool,id_ramp_brine_b10_h160_p50,cnn1d,0.5,1,4,0.4305706533814777,0,720,0.3162905951650358,0.2723890656038045,0.23967843687979995,0.5955925605895587,0.20565757821503022
topcell,internal_test,configured_data_pool,id_ramp_brine_b10_h160_p50,tcn,0.5,1,4,0.4305706533814777,0,720,0.3521832008420819,0.27683983563514175,-0.10941734070852827,0.8657434125007768,0.6331578888159887
topcell,internal_test,configured_data_pool,id_ramp_brine_b10_h160_p50,gru,0.5,1,4,0.4305706533814777,0,720,0.26079447975184256,0.22829498127586614,0.1948145863066235,0.5440621398365266,0.18649483403149056
topcell,internal_test,configured_data_pool,id_ramp_brine_b10_h160_p50,lstm,0.5,1,4,0.4305706533814777,0,720,0.33004954238059125,0.28448079634967366,0.2647803770505045,0.5520725928372343,0.34322811995561237
topcell,internal_test,configured_data_pool,id_const_b30_h80_p50_cold,physical_rc,0.5,1,4,0.39623698770789795,0,720,0.16204489162657926,0.1310719488857865,0.1310719488857865,0.5754525943233517,0.029202089734767404
topcell,internal_test,configured_data_pool,id_const_b30_h80_p50_cold,mlp,0.5,1,4,0.39623698770789795,0,720,0.3266785029820509,0.27390042989476154,0.24782714996767585,0.6300216953724131,0.26205791878737467
topcell,internal_test,configured_data_pool,id_const_b30_h80_p50_cold,cnn1d,0.5,1,4,0.39623698770789795,0,720,0.28886558898497655,0.24852218555545919,0.15848343228771047,0.6164240225562168,0.2698668096117038
topcell,internal_test,configured_data_pool,id_const_b30_h80_p50_cold,tcn,0.5,1,4,0.39623698770789795,0,720,0.2560120539797072,0.21813541518717747,0.2180991374247481,0.597158914133864,0.11065871477071404
topcell,internal_test,configured_data_pool,id_const_b30_h80_p50_cold,gru,0.5,1,4,0.39623698770789795,0,720,0.18401841007272465,0.15401423977460754,-0.04826947700954462,0.5869333171043607,0.13734950941281657
topcell,internal_test,configured_data_pool,id_const_b30_h80_p50_cold,lstm,0.5,1,4,0.39623698770789795,0,720,0.2659232798947917,0.19997269795997433,0.04317986286119286,0.5917512661509647,0.19348711017567857
topcell,internal_test,configured_data_pool,id_const_b30_h80_p50_gradient,physical_rc,0.5,1,4,0.7463001557287989,0,720,0.18766228519450406,0.13766592041559855,-0.13637784268860295,1.3185555883188513,0.031941048742981745
topcell,internal_test,configured_data_pool,id_const_b30_h80_p50_gradient,mlp,0.5,1,4,0.7463001557287989,0,720,0.7702075920065156,0.7016936272746646,0.006519637289580328,1.3954971077129557,0.8808774364318768
topcell,internal_test,configured_data_pool,id_const_b30_h80_p50_gradient,cnn1d,0.5,1,4,0.7463001557287989,0,720,0.4389753883478164,0.3633997464937513,-0.06752188188556256,1.3172942560879974,0.3339286888339485
topcell,internal_test,configured_data_pool,id_const_b30_h80_p50_gradient,tcn,0.5,1,4,0.7463001557287989,0,720,0.6593157723108385,0.530190712418593,-0.005298628423930385,1.29317261464832,0.6339879058321352
topcell,internal_test,configured_data_pool,id_const_b30_h80_p50_gradient,gru,0.5,1,4,0.7463001557287989,0,720,0.4742585344235759,0.4355785172597201,0.0529186015550209,1.364084123683007,0.471230814247812
topcell,internal_test,configured_data_pool,id_const_b30_h80_p50_gradient,lstm,0.5,1,4,0.7463001557287989,0,720,0.45880872542285983,0.3580518893801667,0.13917438954945424,1.3342273575284977,0.5309185469619493
topcell,internal_test,configured_data_pool,id_const_b30_h80_p50_nominal,physical_rc,0.5,1,4,1.0195568466183147,0,720,0.27085821622613365,0.20532770929959243,-0.2044772855830576,1.6059867605383076,0.04605164605824842
topcell,internal_test,configured_data_pool,id_const_b30_h80_p50_nominal,mlp,0.5,1,4,1.0195568466183147,0,720,0.7358738262163944,0.6201907658652127,-0.36372901411243613,1.8421069090253752,0.5533642389328626
topcell,internal_test,configured_data_pool,id_const_b30_h80_p50_nominal,cnn1d,0.5,1,4,1.0195568466183147,0,720,0.6538458040135395,0.536037117153704,-0.5337315366318595,1.6541907294288336,0.6999963716155618
topcell,internal_test,configured_data_pool,id_const_b30_h80_p50_nominal,tcn,0.5,1,4,1.0195568466183147,0,720,0.7741700863291923,0.6127626383465515,-0.33394908513323873,1.83613577131635,0.852887590816883
topcell,internal_test,configured_data_pool,id_const_b30_h80_p50_nominal,gru,0.5,1,4,1.0195568466183147,0,720,0.593419107184008,0.5527529314658739,-0.5523420709655499,1.5982399167704102,0.2656588216190312
topcell,internal_test,configured_data_pool,id_const_b30_h80_p50_nominal,lstm,0.5,1,4,1.0195568466183147,0,720,0.4983302059842366,0.4057149773990411,-0.4031983536005382,1.750787719535488,0.149555662828165
topcell,internal_test,configured_data_pool,id_const_b10_h80_p0_cold,physical_rc,0.5,1,4,0.49779180238627546,0,720,0.06476314527457844,0.0187399444982668,0.003399470013566979,0.6029690014139248,0.0005031922816991911
topcell,internal_test,configured_data_pool,id_const_b10_h80_p0_cold,mlp,0.5,1,4,0.49779180238627546,0,720,0.6055689444227484,0.5474857386875757,-0.15578149538012742,0.9664738055042221,0.5463864501045756
topcell,internal_test,configured_data_pool,id_const_b10_h80_p0_cold,cnn1d,0.5,1,4,0.49779180238627546,0,720,0.41182555401415594,0.35791345289487914,0.2861699197228655,0.6889985834141754,0.4379893711463807
topcell,internal_test,configured_data_pool,id_const_b10_h80_p0_cold,tcn,0.5,1,4,0.49779180238627546,0,720,0.8394486129658699,0.6853483652466188,0.19322116844452986,1.67078920248224,0.8398722328860763
topcell,internal_test,configured_data_pool,id_const_b10_h80_p0_cold,gru,0.5,1,4,0.49779180238627546,0,720,0.3362456485500918,0.3042250622848232,-0.10889133607069602,0.592636544936326,0.3121496805496096
topcell,internal_test,configured_data_pool,id_const_b10_h80_p0_cold,lstm,0.5,1,4,0.49779180238627546,0,720,0.4482307146203223,0.36561792231654555,0.28822460507788017,0.8677147020359826,0.44624681831466745
topcell,internal_test,configured_data_pool,id_const_b10_h80_p0_gradient,physical_rc,0.5,1,4,0.5826380685908419,0,720,0.12896851926242955,0.09791682934894923,0.09712729781005933,0.9193577716104073,0.020614694482714278
topcell,internal_test,configured_data_pool,id_const_b10_h80_p0_gradient,mlp,0.5,1,4,0.5826380685908419,0,720,0.6421821703606365,0.4786937997008903,0.4515898837288376,1.4196132955744645,0.5160956721288706
topcell,internal_test,configured_data_pool,id_const_b10_h80_p0_gradient,cnn1d,0.5,1,4,0.5826380685908419,0,720,0.5669623376775943,0.4679849632545179,0.4224801658377015,1.1082581594356498,0.6489964452074456
topcell,internal_test,configured_data_pool,id_const_b10_h80_p0_gradient,tcn,0.5,1,4,0.5826380685908419,0,720,0.4665804763924213,0.41240701197825097,0.2287633147152968,0.8958282849258978,0.4978145254555177
topcell,internal_test,configured_data_pool,id_const_b10_h80_p0_gradient,gru,0.5,1,4,0.5826380685908419,0,720,0.3251926328253694,0.26699994285854717,0.06095239777235214,1.012465788856744,0.30204670654739546
topcell,internal_test,configured_data_pool,id_const_b10_h80_p0_gradient,lstm,0.5,1,4,0.5826380685908419,0,720,0.38484221575404887,0.3454577705267709,0.1957117944221333,1.0017830368300196,0.3294436577847126
topcell,internal_test,configured_data_pool,id_const_b10_h80_p0_nominal,physical_rc,0.5,1,4,0.4775055297441985,0,720,0.08972334408570318,0.033393167183977605,0.017664511979132887,0.7574739513718143,0.0022209428190372053
topcell,internal_test,configured_data_pool,id_const_b10_h80_p0_nominal,mlp,0.5,1,4,0.4775055297441985,0,720,0.5903193619321543,0.5283233193215102,0.032922492785474294,0.966445563581658,0.6529772073931035
topcell,internal_test,configured_data_pool,id_const_b10_h80_p0_nominal,cnn1d,0.5,1,4,0.4775055297441985,0,720,0.37852830774979895,0.31240506060068324,-0.046593668183659114,0.8124246018180656,0.32253239274285156
topcell,internal_test,configured_data_pool,id_const_b10_h80_p0_nominal,tcn,0.5,1,4,0.4775055297441985,0,720,0.5312312468689594,0.4662091346055004,-0.12082310380583539,1.157104912617399,0.6281236790101327
topcell,internal_test,configured_data_pool,id_const_b10_h80_p0_nominal,gru,0.5,1,4,0.4775055297441985,0,720,0.38137502858607997,0.30011508868413206,-0.26746975478960994,0.7724244402432703,0.37097927489933774
topcell,internal_test,configured_data_pool,id_const_b10_h80_p0_nominal,lstm,0.5,1,4,0.4775055297441985,0,720,0.2925638774516571,0.24830502169165125,0.02871058259781541,0.8000952536871182,0.2779384817700838
topcell,internal_test,configured_data_pool,id_const_b40_h160_p100_cold,physical_rc,0.5,1,4,0.3937073036299218,0,720,0.13818697388183843,0.11022120851485075,-0.11022120851485075,0.6356979802636644,0.02872177747279939
topcell,internal_test,configured_data_pool,id_const_b40_h160_p100_cold,mlp,0.5,1,4,0.3937073036299218,0,720,0.4460804418746946,0.3490491962047263,-0.1280641644390386,1.0040817183831905,0.4896804764594442
topcell,internal_test,configured_data_pool,id_const_b40_h160_p100_cold,cnn1d,0.5,1,4,0.3937073036299218,0,720,0.4599169812174054,0.37923187020726007,-0.17784013029094956,0.9147336422280716,0.45443976148853715
topcell,internal_test,configured_data_pool,id_const_b40_h160_p100_cold,tcn,0.5,1,4,0.3937073036299218,0,720,0.7156100600411908,0.6205804055997068,-0.4769744487076961,1.3355069805242437,0.43681029719228975
topcell,internal_test,configured_data_pool,id_const_b40_h160_p100_cold,gru,0.5,1,4,0.3937073036299218,0,720,0.23204326173671935,0.18848466835313998,0.0214136379818484,0.6614609325372314,0.2342271537598826
topcell,internal_test,configured_data_pool,id_const_b40_h160_p100_cold,lstm,0.5,1,4,0.3937073036299218,0,720,0.23597517533944343,0.19577738265892597,-0.055620026544586115,0.7046691967267762,0.26959767186508843
topcell,internal_test,configured_data_pool,id_const_b40_h160_p100_gradient,physical_rc,0.5,1,4,0.24326981975188994,0,720,0.04836565840021545,0.024086042033316612,0.018423969380511915,0.44293891485178705,0.006609793604196702
topcell,internal_test,configured_data_pool,id_const_b40_h160_p100_gradient,mlp,0.5,1,4,0.24326981975188994,0,720,0.2089575213697969,0.16918511309366366,0.025646043990436893,0.46322124675526766,0.25367345068504144
topcell,internal_test,configured_data_pool,id_const_b40_h160_p100_gradient,cnn1d,0.5,1,4,0.24326981975188994,0,720,0.10994606597694583,0.08369272844484282,-0.0007321370902194424,0.4177350390242438,0.12072062463205131
topcell,internal_test,configured_data_pool,id_const_b40_h160_p100_gradient,tcn,0.5,1,4,0.24326981975188994,0,720,0.3594131128685847,0.305749098443882,0.027208130060515402,0.8814305279404238,0.6292002936798721
topcell,internal_test,configured_data_pool,id_const_b40_h160_p100_gradient,gru,0.5,1,4,0.24326981975188994,0,720,0.1340602879765757,0.10466958620128766,-0.0704378996076665,0.42862397118442175,0.11871644514583901
topcell,internal_test,configured_data_pool,id_const_b40_h160_p100_gradient,lstm,0.5,1,4,0.24326981975188994,0,720,0.1928196112076624,0.14113605226014628,-0.07448494689956922,0.5046760732534494,0.26019182826061404
topcell,internal_test,configured_data_pool,id_const_b40_h160_p100_nominal,physical_rc,0.5,1,4,0.3964350930966878,0,720,0.0902613169765687,0.06742156772491818,-0.06390755543957641,0.4728812535163698,0.0197264328756872
topcell,internal_test,configured_data_pool,id_const_b40_h160_p100_nominal,mlp,0.5,1,4,0.3964350930966878,0,720,0.33266444883987045,0.2800078303196019,-0.12594512937603844,0.7353668714524133,0.4006160230781518
topcell,internal_test,configured_data_pool,id_const_b40_h160_p100_nominal,cnn1d,0.5,1,4,0.3964350930966878,0,720,0.27401845485922965,0.22551517516234684,-0.16233006294740132,0.5931569984472134,0.2114695290194773
topcell,internal_test,configured_data_pool,id_const_b40_h160_p100_nominal,tcn,0.5,1,4,0.3964350930966878,0,720,0.5091245118286001,0.41731356343677234,-0.17857074124372416,0.9209637795312062,0.5425090987502297
topcell,internal_test,configured_data_pool,id_const_b40_h160_p100_nominal,gru,0.5,1,4,0.3964350930966878,0,720,0.20761018004553572,0.1728883775533701,-0.11533392451142493,0.4772558493629546,0.13706442437164051
topcell,internal_test,configured_data_pool,id_const_b40_h160_p100_nominal,lstm,0.5,1,4,0.3964350930966878,0,720,0.25280365206479877,0.19789743863661446,-0.11975874331874414,0.48414349533091183,0.23455983880641285
topcell,internal_test,configured_data_pool,id_const_b10_h80_p150_cold,physical_rc,0.5,1,4,0.4739955894761964,0,720,0.06667185923970045,0.028086956119540634,-0.015763459930023118,0.6151393328646648,0.008871409929010216
topcell,internal_test,configured_data_pool,id_const_b10_h80_p150_cold,mlp,0.5,1,4,0.4739955894761964,0,720,0.36179350329721993,0.30160067446419553,0.060999195046728065,0.9112590085374563,0.33909262555621017
topcell,internal_test,configured_data_pool,id_const_b10_h80_p150_cold,cnn1d,0.5,1,4,0.4739955894761964,0,720,0.27410480334301685,0.24506860635026434,0.06341855317566633,0.6857962990281479,0.27839557814914795
topcell,internal_test,configured_data_pool,id_const_b10_h80_p150_cold,tcn,0.5,1,4,0.4739955894761964,0,720,0.6081482299476875,0.4892569895230318,-0.4183584824176688,1.1389370950973756,0.5918065138867321
topcell,internal_test,configured_data_pool,id_const_b10_h80_p150_cold,gru,0.5,1,4,0.4739955894761964,0,720,0.5709335339587869,0.4774341014921777,-0.4624364387062592,1.0969234497017055,0.4097183026265713
topcell,internal_test,configured_data_pool,id_const_b10_h80_p150_cold,lstm,0.5,1,4,0.4739955894761964,0,720,0.6110954145667649,0.4923994543106856,-0.40132771679415197,1.3680859640537761,0.7831930497204542
topcell,internal_test,configured_data_pool,id_const_b10_h80_p150_gradient,physical_rc,0.5,1,4,0.44381479242048727,0,720,0.07397184464049436,0.03155051965476191,-0.001076870960785856,0.6568847284788504,0.007969789121845244
topcell,internal_test,configured_data_pool,id_const_b10_h80_p150_gradient,mlp,0.5,1,4,0.44381479242048727,0,720,0.32316830614655745,0.2800488653335417,-0.02237454060696885,0.8278960736245011,0.3778721555454912
topcell,internal_test,configured_data_pool,id_const_b10_h80_p150_gradient,cnn1d,0.5,1,4,0.44381479242048727,0,720,0.1808117551470144,0.1378697108541771,0.10779543283800358,0.700440887963282,0.14761244090763798
topcell,internal_test,configured_data_pool,id_const_b10_h80_p150_gradient,tcn,0.5,1,4,0.44381479242048727,0,720,0.6454362508693781,0.524814670372289,-0.29924401046839516,1.343278367623256,0.5509938025717694
topcell,internal_test,configured_data_pool,id_const_b10_h80_p150_gradient,gru,0.5,1,4,0.44381479242048727,0,720,0.3748985971869577,0.3463513570282824,-0.33618147172267115,0.6662993557189125,0.17917935598971485
topcell,internal_test,configured_data_pool,id_const_b10_h80_p150_gradient,lstm,0.5,1,4,0.44381479242048727,0,720,0.3084474005863968,0.25210389743669664,-0.11991554187625084,0.7424862797310467,0.3533438398218628
topcell,internal_test,configured_data_pool,id_const_b10_h80_p150_nominal,physical_rc,0.5,1,4,0.4047472278403346,0,720,0.04649065067908864,0.017129572412654642,-0.0058087531726757685,0.5823936059000729,0.008236110257220541
topcell,internal_test,configured_data_pool,id_const_b10_h80_p150_nominal,mlp,0.5,1,4,0.4047472278403346,0,720,0.3868536524434658,0.33169021371631957,0.0019740788566968604,0.8128249556465903,0.45342747919892334
topcell,internal_test,configured_data_pool,id_const_b10_h80_p150_nominal,cnn1d,0.5,1,4,0.4047472278403346,0,720,0.4302429522142411,0.37239517460674704,0.20043479234543216,0.6970936940831507,0.4361863422831241
topcell,internal_test,configured_data_pool,id_const_b10_h80_p150_nominal,tcn,0.5,1,4,0.4047472278403346,0,720,0.6951233904442976,0.5477918620054518,-0.3664601349462281,1.3117606654340364,0.6652885508625878
topcell,internal_test,configured_data_pool,id_const_b10_h80_p150_nominal,gru,0.5,1,4,0.4047472278403346,0,720,0.4943069303027179,0.3933736395134384,-0.2540597502733393,0.9168324870123286,0.47415626939736466
topcell,internal_test,configured_data_pool,id_const_b10_h80_p150_nominal,lstm,0.5,1,4,0.4047472278403346,0,720,0.4115635575804051,0.27564216574548217,-0.16605500692269629,1.2262297049106934,0.6595391752505352
topcell,internal_test,configured_data_pool,id_const_b10_h80_p100_cold,physical_rc,0.5,1,4,0.4521328070383436,0,720,0.12766494173383539,0.08980118557457727,0.0829999417195319,0.7010288561810327,0.01943998658109902
topcell,internal_test,configured_data_pool,id_const_b10_h80_p100_cold,mlp,0.5,1,4,0.4521328070383436,0,720,0.24769865786122372,0.19032396711234126,0.18147792623610373,0.6856518700523822,0.12485558753237205
topcell,internal_test,configured_data_pool,id_const_b10_h80_p100_cold,cnn1d,0.5,1,4,0.4521328070383436,0,720,0.2350314586150642,0.2077162069183685,0.19575559649542676,0.6795915723570616,0.0898479354308566
topcell,internal_test,configured_data_pool,id_const_b10_h80_p100_cold,tcn,0.5,1,4,0.4521328070383436,0,720,0.2884576017655984,0.250530197366782,-0.18892907085555938,0.6987421359274819,0.1589714134772578
topcell,internal_test,configured_data_pool,id_const_b10_h80_p100_cold,gru,0.5,1,4,0.4521328070383436,0,720,0.21161935296962872,0.18786134487631417,0.18228221140029896,0.6790691921096226,0.1673528020097206
topcell,internal_test,configured_data_pool,id_const_b10_h80_p100_cold,lstm,0.5,1,4,0.4521328070383436,0,720,0.20765955347750634,0.1610191132312265,0.0786884010837192,0.6797859106855384,0.12535166402160675
topcell,internal_test,configured_data_pool,id_const_b10_h80_p100_gradient,physical_rc,0.5,1,4,0.5637451072871809,0,720,0.18375437155684257,0.1423159380383139,0.1423159380383139,0.868938228934617,0.030590863838093722
topcell,internal_test,configured_data_pool,id_const_b10_h80_p100_gradient,mlp,0.5,1,4,0.5637451072871809,0,720,0.3612593610570296,0.3028964454239273,0.2072137995248697,0.810733489343086,0.3178740429390003
topcell,internal_test,configured_data_pool,id_const_b10_h80_p100_gradient,cnn1d,0.5,1,4,0.5637451072871809,0,720,0.3379873788741023,0.28034874315536557,0.01992214381667439,0.8218019173874822,0.4412064992694778
topcell,internal_test,configured_data_pool,id_const_b10_h80_p100_gradient,tcn,0.5,1,4,0.5637451072871809,0,720,0.46933876291628746,0.38367797203225423,0.041533867308506445,1.1290280541219602,0.44968642357119787
topcell,internal_test,configured_data_pool,id_const_b10_h80_p100_gradient,gru,0.5,1,4,0.5637451072871809,0,720,0.29245195924199524,0.26623833256407486,0.02439407350715717,0.8341832833914538,0.31251532095444917
topcell,internal_test,configured_data_pool,id_const_b10_h80_p100_gradient,lstm,0.5,1,4,0.5637451072871809,0,720,0.3276756353064662,0.2625316922242875,0.046604518051449,0.8151196740409858,0.39606490044443154
topcell,internal_test,configured_data_pool,id_const_b10_h80_p100_nominal,physical_rc,0.5,1,4,0.2848650894726135,0,720,0.10490747557451104,0.08408920573594096,0.08408920573594096,0.39195088808546075,0.01858483344626219
topcell,internal_test,configured_data_pool,id_const_b10_h80_p100_nominal,mlp,0.5,1,4,0.2848650894726135,0,720,0.2191584979067844,0.18604481969557402,0.06366440364683204,0.4117444695871839,0.20579969960999792
topcell,internal_test,configured_data_pool,id_const_b10_h80_p100_nominal,cnn1d,0.5,1,4,0.2848650894726135,0,720,0.21937471631066674,0.18225101809492902,0.047784426428996066,0.46387929751512047,0.3080580937182277
topcell,internal_test,configured_data_pool,id_const_b10_h80_p100_nominal,tcn,0.5,1,4,0.2848650894726135,0,720,0.3943777561416268,0.3055248657423702,-0.1493297903885973,0.8004078325071049,0.41000795903208004
topcell,internal_test,configured_data_pool,id_const_b10_h80_p100_nominal,gru,0.5,1,4,0.2848650894726135,0,720,0.1631013227498053,0.13030252037892093,0.11043318862350548,0.37736594310172933,0.18362045569454627
topcell,internal_test,configured_data_pool,id_const_b10_h80_p100_nominal,lstm,0.5,1,4,0.2848650894726135,0,720,0.17651892785212425,0.14212603436644436,0.07309421363795797,0.39231822376062553,0.1870015772572981
topcell,internal_test,configured_data_pool,id_ramp_brine_b30_h160_p150,physical_rc,0.5,1,4,0.26327316576455206,0,720,0.06225452982465062,0.034340415141614254,-0.022525752125728212,0.35720441414644455,0.012721415977962594
topcell,internal_test,configured_data_pool,id_ramp_brine_b30_h160_p150,mlp,0.5,1,4,0.26327316576455206,0,720,0.2646398968905524,0.23465402919215816,-0.14150448378029193,0.6177863530102456,0.26006888719176346
topcell,internal_test,configured_data_pool,id_ramp_brine_b30_h160_p150,cnn1d,0.5,1,4,0.26327316576455206,0,720,0.16950998249621718,0.1599734655818379,0.06630939225728034,0.3583968300483704,0.2103967529030526
topcell,internal_test,configured_data_pool,id_ramp_brine_b30_h160_p150,tcn,0.5,1,4,0.26327316576455206,0,720,0.7823621899263113,0.6363386497487399,-0.4809501418692005,1.6031767581056897,0.6333636573814011
topcell,internal_test,configured_data_pool,id_ramp_brine_b30_h160_p150,gru,0.5,1,4,0.26327316576455206,0,720,0.2015351991662831,0.18792432506303156,-0.18470481579568435,0.31322739743407624,0.2053543768620375
topcell,internal_test,configured_data_pool,id_ramp_brine_b30_h160_p150,lstm,0.5,1,4,0.26327316576455206,0,720,0.1571543134635551,0.13222068648481322,-0.10498467827708785,0.3818205434691251,0.1682924069517077
topcell,internal_test,configured_data_pool,id_const_b30_h160_p0_cold,physical_rc,0.5,1,4,0.20995000912277365,0,720,0.040916857086318065,0.028556548425964362,0.027317493444926438,0.2968705536192857,0.0031807951891855606
topcell,internal_test,configured_data_pool,id_const_b30_h160_p0_cold,mlp,0.5,1,4,0.20995000912277365,0,720,0.47053233351220924,0.4141523488218222,0.1793587328555959,0.9163555951860047,0.5931335217676976
topcell,internal_test,configured_data_pool,id_const_b30_h160_p0_cold,cnn1d,0.5,1,4,0.20995000912277365,0,720,0.2987224390063081,0.22030019677155438,0.19008454116857307,0.6854018297559321,0.22721976368311667
topcell,internal_test,configured_data_pool,id_const_b30_h160_p0_cold,tcn,0.5,1,4,0.20995000912277365,0,720,0.2999106720110936,0.24887061971553087,0.017793008566649112,0.7305970999512823,0.42389658181752937
topcell,internal_test,configured_data_pool,id_const_b30_h160_p0_cold,gru,0.5,1,4,0.20995000912277365,0,720,0.25807954741480993,0.19969185937875575,0.1533816253487675,0.4910726015915543,0.25182915068617784
topcell,internal_test,configured_data_pool,id_const_b30_h160_p0_cold,lstm,0.5,1,4,0.20995000912277365,0,720,0.4377261052340262,0.30512794850703806,0.2849769767323522,0.8506670553423987,0.45877649071831045
topcell,internal_test,configured_data_pool,id_const_b30_h160_p0_gradient,physical_rc,0.5,1,4,0.5196416718203059,0,720,0.10081151522501017,0.06381036492748793,0.05810612168866066,0.6657544092148768,0.008957136926915795
topcell,internal_test,configured_data_pool,id_const_b30_h160_p0_gradient,mlp,0.5,1,4,0.5196416718203059,0,720,0.6640035163749218,0.5845266659210482,0.20752307706529105,1.2297819867994448,0.6859968233264336
topcell,internal_test,configured_data_pool,id_const_b30_h160_p0_gradient,cnn1d,0.5,1,4,0.5196416718203059,0,720,0.5337307984783116,0.5103872147871825,0.18695526053646178,0.7707874268189272,0.5579038991522756
topcell,internal_test,configured_data_pool,id_const_b30_h160_p0_gradient,tcn,0.5,1,4,0.5196416718203059,0,720,0.9505936383327614,0.7908910791133255,0.2667286215615955,1.9620962022762285,1.1280733383202823
topcell,internal_test,configured_data_pool,id_const_b30_h160_p0_gradient,gru,0.5,1,4,0.5196416718203059,0,720,0.5626402535752247,0.48281429553797767,-0.21116491635887988,0.9478209685961474,0.5475170867503552
topcell,internal_test,configured_data_pool,id_const_b30_h160_p0_gradient,lstm,0.5,1,4,0.5196416718203059,0,720,0.45667331733697564,0.33878720442590704,-0.09123819807932053,1.0318194092669586,0.5238383397675898
topcell,internal_test,configured_data_pool,id_const_b30_h160_p0_nominal,physical_rc,0.5,1,4,0.5659469646378085,0,720,0.2384224536965231,0.19534029292044303,-0.19534029292044303,0.7991745115659228,0.04766061215734245
topcell,internal_test,configured_data_pool,id_const_b30_h160_p0_nominal,mlp,0.5,1,4,0.5659469646378085,0,720,0.5431890195495541,0.45711648639509234,-0.22839171935594574,1.5482932009468229,0.39653054916610736
topcell,internal_test,configured_data_pool,id_const_b30_h160_p0_nominal,cnn1d,0.5,1,4,0.5659469646378085,0,720,0.22489288606468566,0.1869264282689802,-0.1513666653342844,0.8606163750496378,0.15472385928513815
topcell,internal_test,configured_data_pool,id_const_b30_h160_p0_nominal,tcn,0.5,1,4,0.5659469646378085,0,720,0.6514258170823867,0.5653970696469627,-0.2392756317330648,1.3534447168232902,0.5013932064439944
topcell,internal_test,configured_data_pool,id_const_b30_h160_p0_nominal,gru,0.5,1,4,0.5659469646378085,0,720,0.26368699370813936,0.23280055392139573,-0.23280055392139573,0.7996957886198572,0.08478801878399238
topcell,internal_test,configured_data_pool,id_const_b30_h160_p0_nominal,lstm,0.5,1,4,0.5659469646378085,0,720,0.26124589720427654,0.21622598900362158,-0.19474805325235198,0.8822642650655226,0.18611761068051066
topcell,internal_test,configured_data_pool,id_ramp_brine_b10_h200_p150,physical_rc,0.5,1,4,0.189605256885053,0,720,0.04768550543855708,0.023840726264249313,0.005967787911360271,0.30267170137962296,0.009305694885926703
topcell,internal_test,configured_data_pool,id_ramp_brine_b10_h200_p150,mlp,0.5,1,4,0.189605256885053,0,720,0.28359378637877525,0.24265625425917886,0.012066088323221319,0.6719136013692264,0.39297019778303854
topcell,internal_test,configured_data_pool,id_ramp_brine_b10_h200_p150,cnn1d,0.5,1,4,0.189605256885053,0,720,0.29049261014251615,0.24381615638856027,0.2122601108840456,0.7018964569564048,0.44797719114639717
topcell,internal_test,configured_data_pool,id_ramp_brine_b10_h200_p150,tcn,0.5,1,4,0.189605256885053,0,720,0.8820789162388009,0.7333651569311205,-0.6626338997226967,1.822308782239233,0.4955950644595261
topcell,internal_test,configured_data_pool,id_ramp_brine_b10_h200_p150,gru,0.5,1,4,0.189605256885053,0,720,0.24343685678674878,0.20043518229901633,0.12341885831041541,0.5170959263523969,0.1302168976451917
topcell,internal_test,configured_data_pool,id_ramp_brine_b10_h200_p150,lstm,0.5,1,4,0.189605256885053,0,720,0.2848816634241355,0.2196671977882125,0.1723385396475693,0.6300888647086254,0.39008995060845414
topcell,internal_test,configured_data_pool,id_ramp_plasma_b10_h200_p150,physical_rc,0.5,1,4,0.2183722182472084,0,720,0.10629109068763701,0.08925502183480805,0.08437581456805233,0.3096630687204538,0.037397005696658145
topcell,internal_test,configured_data_pool,id_ramp_plasma_b10_h200_p150,mlp,0.5,1,4,0.2183722182472084,0,720,0.6178652776279557,0.4693156209495146,-0.02167207882697864,1.7203317885038132,0.259103244708161
topcell,internal_test,configured_data_pool,id_ramp_plasma_b10_h200_p150,cnn1d,0.5,1,4,0.2183722182472084,0,720,0.37792913961093044,0.3029640326225346,0.2764246300913728,0.7481753598212038,0.4032118756867288
topcell,internal_test,configured_data_pool,id_ramp_plasma_b10_h200_p150,tcn,0.5,1,4,0.2183722182472084,0,720,1.250042705218979,0.9338490712519517,-0.6040206633078149,3.1520252771215667,1.4429467158804063
topcell,internal_test,configured_data_pool,id_ramp_plasma_b10_h200_p150,gru,0.5,1,4,0.2183722182472084,0,720,0.44437636428037225,0.36388733642817445,-0.2533458719308177,1.112985371421587,0.8332202911110409
topcell,internal_test,configured_data_pool,id_ramp_plasma_b10_h200_p150,lstm,0.5,1,4,0.2183722182472084,0,720,0.29579189942059847,0.2551344394362296,0.05771060185557884,0.7276288752804589,0.3985922395017136
topcell,internal_test,configured_data_pool,id_const_b10_h200_p0_cold,physical_rc,0.5,1,4,0.7636629972722803,0,720,0.2566941222535353,0.2031100648616323,-0.2031100648616323,0.9668261402251304,0.05022379723931653
topcell,internal_test,configured_data_pool,id_const_b10_h200_p0_cold,mlp,0.5,1,4,0.7636629972722803,0,720,0.6519590739436456,0.5264640934298008,0.2555466757785184,1.3997646903071654,0.19149573204278905
topcell,internal_test,configured_data_pool,id_const_b10_h200_p0_cold,cnn1d,0.5,1,4,0.7636629972722803,0,720,0.64487264812205,0.5361721995958089,0.15477395998092996,1.0980027233759628,0.6043232902271918
topcell,internal_test,configured_data_pool,id_const_b10_h200_p0_cold,tcn,0.5,1,4,0.7636629972722803,0,720,0.8957112664511279,0.7539832897491586,-0.5845758822658688,1.76129899240334,0.7169451190700188
topcell,internal_test,configured_data_pool,id_const_b10_h200_p0_cold,gru,0.5,1,4,0.7636629972722803,0,720,0.5139674825334625,0.4007306128087783,-0.30707124590463536,1.1733272450157486,0.3624129209399675
topcell,internal_test,configured_data_pool,id_const_b10_h200_p0_cold,lstm,0.5,1,4,0.7636629972722803,0,720,0.5869683684290652,0.4857353600850258,-0.1951800234389651,1.4184142695306505,0.47003780073143553
topcell,internal_test,configured_data_pool,id_const_b10_h200_p0_gradient,physical_rc,0.5,1,4,0.39880700008167563,0,720,0.13774413494901813,0.10922966822342203,0.10922966822342203,0.562953812666052,0.01852405487441191
topcell,internal_test,configured_data_pool,id_const_b10_h200_p0_gradient,mlp,0.5,1,4,0.39880700008167563,0,720,0.5118207159522781,0.44532609541241575,0.44034709202666056,1.0432390714325663,0.1701815098463541
topcell,internal_test,configured_data_pool,id_const_b10_h200_p0_gradient,cnn1d,0.5,1,4,0.39880700008167563,0,720,0.37597695960066535,0.2908756881382823,0.2256515287973536,0.8165078931805425,0.2802443032019967
topcell,internal_test,configured_data_pool,id_const_b10_h200_p0_gradient,tcn,0.5,1,4,0.39880700008167563,0,720,0.9386555503546706,0.7597030294913686,-0.11806985164178435,1.880474908891813,1.0885595252349254
topcell,internal_test,configured_data_pool,id_const_b10_h200_p0_gradient,gru,0.5,1,4,0.39880700008167563,0,720,0.24074795564304988,0.2101227129474892,0.0849832435206649,0.6149389686006757,0.23075905371136446
topcell,internal_test,configured_data_pool,id_const_b10_h200_p0_gradient,lstm,0.5,1,4,0.39880700008167563,0,720,0.19819353437533832,0.15311011037573924,0.040581272194544826,0.6008687337206666,0.12942584598075957
topcell,internal_test,configured_data_pool,id_const_b10_h200_p0_nominal,physical_rc,0.5,1,4,0.21858086092115495,0,720,0.03483627127547645,0.026471508221022216,-0.025593907515256514,0.212508630893133,0.012079592287993966
topcell,internal_test,configured_data_pool,id_const_b10_h200_p0_nominal,mlp,0.5,1,4,0.21858086092115495,0,720,0.7575388226114669,0.6474184196157342,0.12394270881071545,1.3930373685161754,0.7406078304630618
topcell,internal_test,configured_data_pool,id_const_b10_h200_p0_nominal,cnn1d,0.5,1,4,0.21858086092115495,0,720,0.16298636147767143,0.12653007378900646,-0.010632616710039736,0.41112136448016656,0.10503687853445311
topcell,internal_test,configured_data_pool,id_const_b10_h200_p0_nominal,tcn,0.5,1,4,0.21858086092115495,0,720,0.7038030070318481,0.5752631292373529,-0.4460464105599824,1.2742793867799378,0.41302661660809936
topcell,internal_test,configured_data_pool,id_const_b10_h200_p0_nominal,gru,0.5,1,4,0.21858086092115495,0,720,0.21789756692932996,0.17334104565731429,-0.1516399912654709,0.43170798470414695,0.13778122760470946
topcell,internal_test,configured_data_pool,id_const_b10_h200_p0_nominal,lstm,0.5,1,4,0.21858086092115495,0,720,0.4239927726985551,0.3218483506317733,-0.2792843381727952,0.8377325208974042,0.49497525722558516
topcell,internal_test,configured_data_pool,id_const_b30_h200_p100_cold,physical_rc,0.5,2,4,0.3866170904520432,0,720,0.11601615618700757,0.0897509891149717,0.08781321824185136,0.46200868921972216,0.015928519238442365
topcell,internal_test,configured_data_pool,id_const_b30_h200_p100_cold,mlp,0.5,2,4,0.3866170904520432,0,720,0.4871949243276365,0.3737514108588012,-0.09280797252043982,1.0509917376298006,0.5335947635372564
topcell,internal_test,configured_data_pool,id_const_b30_h200_p100_cold,cnn1d,0.5,2,4,0.3866170904520432,0,720,0.3550362232021365,0.2788738846398338,0.23119465025595382,0.692947614272839,0.42518329827102225
topcell,internal_test,configured_data_pool,id_const_b30_h200_p100_cold,tcn,0.5,2,4,0.3866170904520432,0,720,0.8868167153327372,0.713222021746388,-0.6236834935585732,2.049938636862379,0.4886175467406445
topcell,internal_test,configured_data_pool,id_const_b30_h200_p100_cold,gru,0.5,2,4,0.3866170904520432,0,720,0.2624557517491063,0.2321370537692311,0.23062576992037107,0.4609560254038527,0.19051237542152114
topcell,internal_test,configured_data_pool,id_const_b30_h200_p100_cold,lstm,0.5,2,4,0.3866170904520432,0,720,0.36401299114850333,0.3049880126818505,0.2975198077362183,0.6839689745402069,0.3795563818278271
topcell,internal_test,configured_data_pool,id_const_b30_h200_p100_gradient,physical_rc,0.5,2,4,0.3839336704138092,0,720,0.08231250591180447,0.05249657370332702,0.04014001276871136,0.3958550667680143,0.007978227522735049
topcell,internal_test,configured_data_pool,id_const_b30_h200_p100_gradient,mlp,0.5,2,4,0.3839336704138092,0,720,0.7578331044374658,0.6734517556483175,0.2519537761560733,1.181878513427506,0.679090622986304
topcell,internal_test,configured_data_pool,id_const_b30_h200_p100_gradient,cnn1d,0.5,2,4,0.3839336704138092,0,720,0.40749386678299593,0.36358864538522273,0.34116300294522295,0.6861824633938483,0.36010031082347554
topcell,internal_test,configured_data_pool,id_const_b30_h200_p100_gradient,tcn,0.5,2,4,0.3839336704138092,0,720,0.8234651573482479,0.5936960804768977,-0.17863368467858656,2.1127515791882416,1.0067649101840999
topcell,internal_test,configured_data_pool,id_const_b30_h200_p100_gradient,gru,0.5,2,4,0.3839336704138092,0,720,0.15964661653725126,0.12528352334673598,0.11168266694700407,0.43070901685096175,0.01923815411741141
topcell,internal_test,configured_data_pool,id_const_b30_h200_p100_gradient,lstm,0.5,2,4,0.3839336704138092,0,720,0.370675632242045,0.33871780353331726,0.3261484708906625,0.6031827265521343,0.17930423347542465
topcell,internal_test,configured_data_pool,id_const_b30_h200_p100_nominal,physical_rc,0.5,2,4,0.34486064533489547,0,720,0.10625739571963808,0.0740571025422739,-0.067851354163489,0.449239045009719,0.021514317644584433
topcell,internal_test,configured_data_pool,id_const_b30_h200_p100_nominal,mlp,0.5,2,4,0.34486064533489547,0,720,0.4305810454805893,0.3367445884489571,-0.23427804267256874,0.8696760610111767,0.4687483021146658
topcell,internal_test,configured_data_pool,id_const_b30_h200_p100_nominal,cnn1d,0.5,2,4,0.34486064533489547,0,720,0.2539885962411035,0.21478030349938865,0.1643116454463129,0.48661391962618694,0.2606151415164586
topcell,internal_test,configured_data_pool,id_const_b30_h200_p100_nominal,tcn,0.5,2,4,0.34486064533489547,0,720,0.6887704619922006,0.5546536667150652,-0.4848000510405147,1.46458086921092,0.37809109010087083
topcell,internal_test,configured_data_pool,id_const_b30_h200_p100_nominal,gru,0.5,2,4,0.34486064533489547,0,720,0.1652702872599095,0.13759595527566237,-0.0862162621407807,0.4073119312028055,0.11543332786694009
topcell,internal_test,configured_data_pool,id_const_b30_h200_p100_nominal,lstm,0.5,2,4,0.34486064533489547,0,720,0.1850038881237982,0.14065164497493873,0.09673130340954576,0.44577143331947866,0.13369978928778728
topcell,internal_test,configured_data_pool,id_const_b20_h160_p150_cold,physical_rc,0.5,2,4,0.40989611556758326,0,720,0.11409236254820883,0.08709527178216295,-0.08686180621617803,0.5288240271729663,0.024345286974448942
topcell,internal_test,configured_data_pool,id_const_b20_h160_p150_cold,mlp,0.5,2,4,0.40989611556758326,0,720,0.6365368998654416,0.5096715828544369,0.05152143150559351,1.286146961618698,0.7126029711033741
topcell,internal_test,configured_data_pool,id_const_b20_h160_p150_cold,cnn1d,0.5,2,4,0.40989611556758326,0,720,0.393043994840412,0.30890676905314707,0.13696898147018122,0.8300486356519343,0.4897836573009014
topcell,internal_test,configured_data_pool,id_const_b20_h160_p150_cold,tcn,0.5,2,4,0.40989611556758326,0,720,0.9750386183166315,0.8080325601869354,-0.7091762422322759,2.126320758048905,0.5932462069255636
topcell,internal_test,configured_data_pool,id_const_b20_h160_p150_cold,gru,0.5,2,4,0.40989611556758326,0,720,0.3555791827899456,0.30925923638313,-0.12905593906262694,0.687604290616548,0.320866246779377
topcell,internal_test,configured_data_pool,id_const_b20_h160_p150_cold,lstm,0.5,2,4,0.40989611556758326,0,720,0.3302313001523415,0.29654499191268663,-0.12270393544831186,0.598579832382697,0.32111847095091783
topcell,internal_test,configured_data_pool,id_const_b20_h160_p150_gradient,physical_rc,0.5,2,4,0.7927211582288722,0,720,0.1643416115553145,0.12279396392266145,0.11962523070076361,0.9517651497620108,0.024266579772091505
topcell,internal_test,configured_data_pool,id_const_b20_h160_p150_gradient,mlp,0.5,2,4,0.7927211582288722,0,720,0.8933891425330385,0.8180705822706102,0.2574348839095245,1.5248663409025767,0.8232255956930097
topcell,internal_test,configured_data_pool,id_const_b20_h160_p150_gradient,cnn1d,0.5,2,4,0.7927211582288722,0,720,0.7825242888739962,0.729943951588458,0.29928057782983253,1.0293007205539197,0.7498216229739835
topcell,internal_test,configured_data_pool,id_const_b20_h160_p150_gradient,tcn,0.5,2,4,0.7927211582288722,0,720,0.8956005129822159,0.7951130363553044,-0.11544989614257892,1.5645443839111977,1.063554698893007
topcell,internal_test,configured_data_pool,id_const_b20_h160_p150_gradient,gru,0.5,2,4,0.7927211582288722,0,720,0.8318803354554262,0.7056419164773903,-0.32013394016168323,1.441479808421036,0.8539042701335626
topcell,internal_test,configured_data_pool,id_const_b20_h160_p150_gradient,lstm,0.5,2,4,0.7927211582288722,0,720,0.8349625920799196,0.6628385584670545,-0.24809586079781154,1.8103843426428057,0.9904794148538486
topcell,internal_test,configured_data_pool,id_const_b20_h160_p150_nominal,physical_rc,0.5,2,4,0.15876540606738357,0,720,0.06923021270018107,0.05237470491701862,0.0522325266517583,0.2508344575318304,0.01175413055632547
topcell,internal_test,configured_data_pool,id_const_b20_h160_p150_nominal,mlp,0.5,2,4,0.15876540606738357,0,720,0.21011716528897637,0.174963524033199,0.02579946462447128,0.4630051471144654,0.19231666383706383
topcell,internal_test,configured_data_pool,id_const_b20_h160_p150_nominal,cnn1d,0.5,2,4,0.15876540606738357,0,720,0.2041710186306762,0.18386098279430257,0.15165979792349735,0.3959410502014009,0.26118435279918484
topcell,internal_test,configured_data_pool,id_const_b20_h160_p150_nominal,tcn,0.5,2,4,0.15876540606738357,0,720,0.6905377919158708,0.5591346113903252,-0.4485390872929119,1.3717423369137833,0.5259110606653635
topcell,internal_test,configured_data_pool,id_const_b20_h160_p150_nominal,gru,0.5,2,4,0.15876540606738357,0,720,0.12323929153950479,0.10206224805344498,0.042084433449489436,0.27328812925343016,0.17741549194046222
topcell,internal_test,configured_data_pool,id_const_b20_h160_p150_nominal,lstm,0.5,2,4,0.15876540606738357,0,720,0.12200669739060105,0.09670128677679399,0.08180587601514781,0.2888885486762547,0.16187919313414553
topcell,internal_test,configured_data_pool,id_const_b20_h120_p50_cold,physical_rc,0.5,2,4,0.47619599913316835,0,720,0.12133114594486255,0.09367999094229304,0.09313129579660635,0.594698244193367,0.019098602420122388
topcell,internal_test,configured_data_pool,id_const_b20_h120_p50_cold,mlp,0.5,2,4,0.47619599913316835,0,720,0.4529971895744212,0.3804698622680692,0.0824602210984798,0.8527484630028397,0.5207859320784461
topcell,internal_test,configured_data_pool,id_const_b20_h120_p50_cold,cnn1d,0.5,2,4,0.47619599913316835,0,720,0.43347679682338386,0.35091860433957284,0.23630038538693,0.8239285786656438,0.33083002455187666
topcell,internal_test,configured_data_pool,id_const_b20_h120_p50_cold,tcn,0.5,2,4,0.47619599913316835,0,720,0.4809694695709932,0.41929674218407265,-0.07501010074878424,0.9083714195498089,0.4610718307218162
topcell,internal_test,configured_data_pool,id_const_b20_h120_p50_cold,gru,0.5,2,4,0.47619599913316835,0,720,0.3976500132443881,0.3447099581605336,-0.1258205065147764,0.7021931895797593,0.40590865383008046
topcell,internal_test,configured_data_pool,id_const_b20_h120_p50_cold,lstm,0.5,2,4,0.47619599913316835,0,720,0.42372657560442745,0.36200191085200306,0.007455524860865194,0.7923623836317972,0.4246973679367925
topcell,internal_test,configured_data_pool,id_const_b20_h120_p50_gradient,physical_rc,0.5,2,4,0.33307183630166853,0,720,0.09033560151863496,0.06368058883135795,-0.05861482033596339,0.45279248462215094,0.015624511568741064
topcell,internal_test,configured_data_pool,id_const_b20_h120_p50_gradient,mlp,0.5,2,4,0.33307183630166853,0,720,0.6231062324821912,0.4972299418509775,0.005345495884313697,1.4238317211371196,0.7387974024127538
topcell,internal_test,configured_data_pool,id_const_b20_h120_p50_gradient,cnn1d,0.5,2,4,0.33307183630166853,0,720,0.28982519911620047,0.26631958213564816,-0.036003318478382465,0.553976343974611,0.2702378735455619
topcell,internal_test,configured_data_pool,id_const_b20_h120_p50_gradient,tcn,0.5,2,4,0.33307183630166853,0,720,0.4460226916353972,0.3660866401817968,-0.14504079048356128,0.9472592072536656,0.41561939474157256
topcell,internal_test,configured_data_pool,id_const_b20_h120_p50_gradient,gru,0.5,2,4,0.33307183630166853,0,720,0.3532528700151415,0.2832960211270537,-0.20167124780870907,0.6577766394986213,0.3061167329862499
topcell,internal_test,configured_data_pool,id_const_b20_h120_p50_gradient,lstm,0.5,2,4,0.33307183630166853,0,720,0.30580568737561703,0.25111366107199123,-0.07216271644372044,0.5725662723635878,0.28414980500052234
topcell,internal_test,configured_data_pool,id_const_b20_h120_p50_nominal,physical_rc,0.5,2,4,0.4593138879521961,0,720,0.08575702499364425,0.034132848559884965,-0.010468292859553715,0.6753258573990948,0.006518736995626214
topcell,internal_test,configured_data_pool,id_const_b20_h120_p50_nominal,mlp,0.5,2,4,0.4593138879521961,0,720,0.45192903556295094,0.37434854394342715,-0.2453095346744664,0.893288877124462,0.32717599044316154
topcell,internal_test,configured_data_pool,id_const_b20_h120_p50_nominal,cnn1d,0.5,2,4,0.4593138879521961,0,720,0.43748211550344795,0.3498650983140322,-0.2505410344924191,0.91350862367905,0.5138325720710235
topcell,internal_test,configured_data_pool,id_const_b20_h120_p50_nominal,tcn,0.5,2,4,0.4593138879521961,0,720,0.7144408301076611,0.5998643913823949,-0.30796819409177206,1.4257945919152775,0.6343348480732144
topcell,internal_test,configured_data_pool,id_const_b20_h120_p50_nominal,gru,0.5,2,4,0.4593138879521961,0,720,0.16703766837709047,0.1273125438104023,-0.07632781793819103,0.6785171961978662,0.09498379834321012
topcell,internal_test,configured_data_pool,id_const_b20_h120_p50_nominal,lstm,0.5,2,4,0.4593138879521961,0,720,0.1607852235656795,0.11072286909917775,-0.038060796421884625,0.708906927397905,0.10489614815898125
topcell,internal_test,configured_data_pool,id_const_b30_h120_p50_cold,physical_rc,0.5,2,4,0.46598999480410935,0,720,0.14499589730246398,0.11133698733850737,-0.11090981522716399,0.7314099129237164,0.026564998815373823
topcell,internal_test,configured_data_pool,id_const_b30_h120_p50_cold,mlp,0.5,2,4,0.46598999480410935,0,720,0.37209095097118716,0.2996901601488341,-0.23490709237499763,0.9066721222370973,0.22012844239264953
topcell,internal_test,configured_data_pool,id_const_b30_h120_p50_cold,cnn1d,0.5,2,4,0.46598999480410935,0,720,0.18652098380062226,0.15422917686151816,0.0007019662623129463,0.7084506973405738,0.16510723309980846
topcell,internal_test,configured_data_pool,id_const_b30_h120_p50_cold,tcn,0.5,2,4,0.46598999480410935,0,720,0.37263620700901584,0.3189109067422652,-0.294464737723265,0.8967737840122183,0.0928985748476518
topcell,internal_test,configured_data_pool,id_const_b30_h120_p50_cold,gru,0.5,2,4,0.46598999480410935,0,720,0.29768305765010294,0.2800291383067366,-0.2798279907936746,0.6956589117635588,0.15956632409467852
topcell,internal_test,configured_data_pool,id_const_b30_h120_p50_cold,lstm,0.5,2,4,0.46598999480410935,0,720,0.2417405990891515,0.18664044192550097,-0.1773599516650513,0.7682078823236225,0.17098016577898353
topcell,internal_test,configured_data_pool,id_const_b30_h120_p50_gradient,physical_rc,0.5,2,4,0.867310140620119,0,720,0.2749431869820921,0.21928812032558984,0.21890952364660932,1.1767118480507435,0.04592435357377127
topcell,internal_test,configured_data_pool,id_const_b30_h120_p50_gradient,mlp,0.5,2,4,0.867310140620119,0,720,0.9439711475579878,0.7528008866391551,0.3485322272656245,2.035015773734955,1.0677766773999207
topcell,internal_test,configured_data_pool,id_const_b30_h120_p50_gradient,cnn1d,0.5,2,4,0.867310140620119,0,720,0.6112144222388481,0.5404256747688317,0.2574039821521791,1.2264034159955841,0.5199656093944904
topcell,internal_test,configured_data_pool,id_const_b30_h120_p50_gradient,tcn,0.5,2,4,0.867310140620119,0,720,0.7534206070863025,0.6686133706137639,0.31067655565758356,1.4488821724884957,0.8123543149524552
topcell,internal_test,configured_data_pool,id_const_b30_h120_p50_gradient,gru,0.5,2,4,0.867310140620119,0,720,0.5838426582136804,0.5252236392170064,-0.10314491846436852,1.3070010099786984,0.57688470862506
topcell,internal_test,configured_data_pool,id_const_b30_h120_p50_gradient,lstm,0.5,2,4,0.867310140620119,0,720,0.6616595474299739,0.5680933952632595,0.054842534940427234,1.2695169091435403,0.6449389506612246
topcell,internal_test,configured_data_pool,id_const_b30_h120_p50_nominal,physical_rc,0.5,2,4,0.1306863451560197,0,720,0.035757667985566295,0.026398864399863442,0.02569706233615473,0.1903894585369983,0.004723537885499723
topcell,internal_test,configured_data_pool,id_const_b30_h120_p50_nominal,mlp,0.5,2,4,0.1306863451560197,0,720,0.2750590441897057,0.21442076716833022,-0.12291981983372552,0.6287564564202626,0.16909212485948344
topcell,internal_test,configured_data_pool,id_const_b30_h120_p50_nominal,cnn1d,0.5,2,4,0.1306863451560197,0,720,0.09070463264937446,0.06533447677339756,0.042400093078977935,0.24258123755406302,0.0856336114264491
topcell,internal_test,configured_data_pool,id_const_b30_h120_p50_nominal,tcn,0.5,2,4,0.1306863451560197,0,720,0.5480689825284848,0.435960402234863,-0.1984145468828049,1.199989993713956,0.503896679654602
topcell,internal_test,configured_data_pool,id_const_b30_h120_p50_nominal,gru,0.5,2,4,0.1306863451560197,0,720,0.10198657281405174,0.08998454218194304,0.0032899951077833044,0.24469083169361028,0.10571561731991863
topcell,internal_test,configured_data_pool,id_const_b30_h120_p50_nominal,lstm,0.5,2,4,0.1306863451560197,0,720,0.10689709168709755,0.0930782470430789,0.07700356158217131,0.23411037746863883,0.12315199085498338
topcell,internal_test,configured_data_pool,id_ramp_brine_b10_h160_p50,physical_rc,0.5,2,4,0.5312963259084846,0,720,0.1977929820721729,0.1571393840717429,-0.15679811491010415,0.7267452639509102,0.04205228298548468
topcell,internal_test,configured_data_pool,id_ramp_brine_b10_h160_p50,mlp,0.5,2,4,0.5312963259084846,0,720,0.2847947100304578,0.22411021353324465,-0.10604271971842538,0.6902962910928139,0.367124004911577
topcell,internal_test,configured_data_pool,id_ramp_brine_b10_h160_p50,cnn1d,0.5,2,4,0.5312963259084846,0,720,0.3211077838806263,0.2573954240918068,-0.206159196805121,0.6956659732519128,0.3926117191709713
topcell,internal_test,configured_data_pool,id_ramp_brine_b10_h160_p50,tcn,0.5,2,4,0.5312963259084846,0,720,0.47848559854801326,0.4083859216485179,-0.30654366859486387,0.8863642945080272,0.4707395107310399
topcell,internal_test,configured_data_pool,id_ramp_brine_b10_h160_p50,gru,0.5,2,4,0.5312963259084846,0,720,0.28140693569017705,0.2199623711149799,-0.20496877390641363,0.7303456031227782,0.24792096800070434
topcell,internal_test,configured_data_pool,id_ramp_brine_b10_h160_p50,lstm,0.5,2,4,0.5312963259084846,0,720,0.25825628226979347,0.20506203644434076,-0.15281705426644127,0.7358384714790915,0.1647753511826132
topcell,internal_test,configured_data_pool,id_const_b30_h80_p50_cold,physical_rc,0.5,2,4,0.23166329815135248,0,720,0.03780506878616355,0.019220302376861318,-0.012942471101476944,0.29278167714564773,0.0043951434010318854
topcell,internal_test,configured_data_pool,id_const_b30_h80_p50_cold,mlp,0.5,2,4,0.23166329815135248,0,720,0.2685539634492409,0.1858336690388982,0.07256768075579709,0.7271278460478854,0.13062486063014095
topcell,internal_test,configured_data_pool,id_const_b30_h80_p50_cold,cnn1d,0.5,2,4,0.23166329815135248,0,720,0.2965103742367841,0.2400844352327767,-0.11642747054950078,0.6456852029795499,0.45312454283560144
topcell,internal_test,configured_data_pool,id_const_b30_h80_p50_cold,tcn,0.5,2,4,0.23166329815135248,0,720,0.2711258168836826,0.21570673889619027,0.036528963610469645,0.5930859403917594,0.2969743481377494
topcell,internal_test,configured_data_pool,id_const_b30_h80_p50_cold,gru,0.5,2,4,0.23166329815135248,0,720,0.30254082813631106,0.284083837228223,-0.27922596946978673,0.4605318096175779,0.18860463475443862
topcell,internal_test,configured_data_pool,id_const_b30_h80_p50_cold,lstm,0.5,2,4,0.23166329815135248,0,720,0.3186794372331484,0.26359953330739055,-0.1956838496478066,0.6234157560622862,0.23506902208224362
topcell,internal_test,configured_data_pool,id_const_b30_h80_p50_gradient,physical_rc,0.5,2,4,0.4030082917598258,0,720,0.09891761447299238,0.07040861813021487,0.06853528442118935,0.5728077028077365,0.014745407203498524
topcell,internal_test,configured_data_pool,id_const_b30_h80_p50_gradient,mlp,0.5,2,4,0.4030082917598258,0,720,0.5342756801351505,0.3871019913997401,0.2073361760149442,1.1627817792555817,0.6176561931342676
topcell,internal_test,configured_data_pool,id_const_b30_h80_p50_gradient,cnn1d,0.5,2,4,0.4030082917598258,0,720,0.3698752338066876,0.33958337193026567,0.027187274492371453,0.6938807489526226,0.43621095610250243
topcell,internal_test,configured_data_pool,id_const_b30_h80_p50_gradient,tcn,0.5,2,4,0.4030082917598258,0,720,0.45974672182416315,0.3851606049048723,0.22228005299632497,0.7966092788809291,0.28286494350603997
topcell,internal_test,configured_data_pool,id_const_b30_h80_p50_gradient,gru,0.5,2,4,0.4030082917598258,0,720,0.4006243100675153,0.3183213375454014,-0.2793081555552533,0.7319475327683733,0.3779549690298133
topcell,internal_test,configured_data_pool,id_const_b30_h80_p50_gradient,lstm,0.5,2,4,0.4030082917598258,0,720,0.3380465198391901,0.2829554655428792,-0.029531261582387863,0.6482984189001044,0.32171316661808874
topcell,internal_test,configured_data_pool,id_const_b30_h80_p50_nominal,physical_rc,0.5,2,4,0.5716696164066347,0,720,0.23676750320945367,0.1930203208083739,0.1930203208083739,0.7473815723523884,0.042065481423958474
topcell,internal_test,configured_data_pool,id_const_b30_h80_p50_nominal,mlp,0.5,2,4,0.5716696164066347,0,720,0.28493630769558864,0.23065874206056697,0.18210717933628062,0.8600944067656613,0.23830715385875367
topcell,internal_test,configured_data_pool,id_const_b30_h80_p50_nominal,cnn1d,0.5,2,4,0.5716696164066347,0,720,0.28528876058880887,0.23999650761765742,0.009528116081195748,0.7428306392058417,0.3401151411446899
topcell,internal_test,configured_data_pool,id_const_b30_h80_p50_nominal,tcn,0.5,2,4,0.5716696164066347,0,720,0.2975585780857833,0.24012606243001017,0.19715024149158417,0.8004435666212188,0.22516912822275847
topcell,internal_test,configured_data_pool,id_const_b30_h80_p50_nominal,gru,0.5,2,4,0.5716696164066347,0,720,0.18989766394715463,0.14435165796591673,0.0551802591027547,0.7439016897780775,0.09417268183976746
topcell,internal_test,configured_data_pool,id_const_b30_h80_p50_nominal,lstm,0.5,2,4,0.5716696164066347,0,720,0.25279015883270295,0.18939065801553362,0.18939065801553362,0.7412584300076333,0.10669948991738037
topcell,internal_test,configured_data_pool,id_const_b10_h80_p0_cold,physical_rc,0.5,2,4,0.37768278393567256,0,720,0.15851121947656055,0.12736081363498697,0.12736081363498697,0.5470677282005312,0.027491103566544665
topcell,internal_test,configured_data_pool,id_const_b10_h80_p0_cold,mlp,0.5,2,4,0.37768278393567256,0,720,0.37560532712129624,0.26550119452168747,0.09978093045124857,1.0578801169149656,0.18809621172555588
topcell,internal_test,configured_data_pool,id_const_b10_h80_p0_cold,cnn1d,0.5,2,4,0.37768278393567256,0,720,0.35622546510797776,0.34162123677285666,0.34162123677285666,0.7551458877639234,0.31636014098684506
topcell,internal_test,configured_data_pool,id_const_b10_h80_p0_cold,tcn,0.5,2,4,0.37768278393567256,0,720,0.889844843218302,0.6670522746112222,0.5930207824864439,1.9789927340596876,0.5672440335686421
topcell,internal_test,configured_data_pool,id_const_b10_h80_p0_cold,gru,0.5,2,4,0.37768278393567256,0,720,0.17240081877006197,0.15730280389809784,0.15730280389809784,0.560598436926945,0.10814062027520872
topcell,internal_test,configured_data_pool,id_const_b10_h80_p0_cold,lstm,0.5,2,4,0.37768278393567256,0,720,0.45499160029880586,0.4268701170352178,0.4268701170352178,0.7500686779440002,0.41599472806875804
topcell,internal_test,configured_data_pool,id_const_b10_h80_p0_gradient,physical_rc,0.5,2,4,0.5101949831269517,0,720,0.14965334860661303,0.12025861731422083,-0.11955313975702618,0.5898929217657738,0.027591805757888766
topcell,internal_test,configured_data_pool,id_const_b10_h80_p0_gradient,mlp,0.5,2,4,0.5101949831269517,0,720,0.40208277810831,0.29503660553824024,0.18997979811318336,0.8011710009980035,0.3647615134601595
topcell,internal_test,configured_data_pool,id_const_b10_h80_p0_gradient,cnn1d,0.5,2,4,0.5101949831269517,0,720,0.4672718573121746,0.36232620167417234,0.1895694700838254,1.023561551199883,0.5854993937213685
topcell,internal_test,configured_data_pool,id_const_b10_h80_p0_gradient,tcn,0.5,2,4,0.5101949831269517,0,720,0.39944784495893315,0.32804274902522257,-0.06225101289650994,0.9079977703799713,0.474240693672825
topcell,internal_test,configured_data_pool,id_const_b10_h80_p0_gradient,gru,0.5,2,4,0.5101949831269517,0,720,0.3407264520686353,0.28879033939295246,-0.16489083503446827,0.6662186024359897,0.34978872986523096
topcell,internal_test,configured_data_pool,id_const_b10_h80_p0_gradient,lstm,0.5,2,4,0.5101949831269517,0,720,0.35030462799804374,0.31429056178300085,-0.012638528273516433,0.7112381932999838,0.32898041955652824
topcell,internal_test,configured_data_pool,id_const_b10_h80_p0_nominal,physical_rc,0.5,2,4,0.5414917156983836,0,720,0.18739159565036526,0.14586117526173936,0.14553250329854409,0.6696180398182534,0.03084673393846874
topcell,internal_test,configured_data_pool,id_const_b10_h80_p0_nominal,mlp,0.5,2,4,0.5414917156983836,0,720,0.4499800803604747,0.3802864161288022,0.22571281890026249,0.7392011627192048,0.4811752923630127
topcell,internal_test,configured_data_pool,id_const_b10_h80_p0_nominal,cnn1d,0.5,2,4,0.5414917156983836,0,720,0.33806610441944923,0.26739868002101735,0.2667715951841933,0.7360609788483998,0.2722448145983508
topcell,internal_test,configured_data_pool,id_const_b10_h80_p0_nominal,tcn,0.5,2,4,0.5414917156983836,0,720,0.24390995100488186,0.18305155049571611,0.07672073707417579,0.7380731919408277,0.1631572011322134
topcell,internal_test,configured_data_pool,id_const_b10_h80_p0_nominal,gru,0.5,2,4,0.5414917156983836,0,720,0.3525259159452012,0.29453633267296475,0.18901192580239043,0.7371376509876129,0.3038044751109384
topcell,internal_test,configured_data_pool,id_const_b10_h80_p0_nominal,lstm,0.5,2,4,0.5414917156983836,0,720,0.4212934675741808,0.3370504617585478,0.3363839049696455,0.7375664380941558,0.4211616796409189
topcell,internal_test,configured_data_pool,id_const_b40_h160_p100_cold,physical_rc,0.5,2,4,0.29602966921454144,0,720,0.08595719072231975,0.052097609037607136,-0.04824934085441681,0.53471043367135,0.015157462772377964
topcell,internal_test,configured_data_pool,id_const_b40_h160_p100_cold,mlp,0.5,2,4,0.29602966921454144,0,720,0.2346576567971472,0.19935187526313747,-0.0004798753359928101,0.5242751117599624,0.2809810128967504
topcell,internal_test,configured_data_pool,id_const_b40_h160_p100_cold,cnn1d,0.5,2,4,0.29602966921454144,0,720,0.5718606678264327,0.48807941838318447,0.07760911585182238,1.086268109233373,0.717562888135649
topcell,internal_test,configured_data_pool,id_const_b40_h160_p100_cold,tcn,0.5,2,4,0.29602966921454144,0,720,0.6213082667867302,0.5159009496287645,-0.3445416406875505,1.407778471656485,0.5469898611040136
topcell,internal_test,configured_data_pool,id_const_b40_h160_p100_cold,gru,0.5,2,4,0.29602966921454144,0,720,0.1866754355683161,0.1731928735987508,0.1525361595572038,0.5572278480707169,0.13287088799530739
topcell,internal_test,configured_data_pool,id_const_b40_h160_p100_cold,lstm,0.5,2,4,0.29602966921454144,0,720,0.19393438626584208,0.167333530560507,0.1004251770279095,0.6009245944835371,0.20587711284906668
topcell,internal_test,configured_data_pool,id_const_b40_h160_p100_gradient,physical_rc,0.5,2,4,0.3966310988999218,0,720,0.05785656159519064,0.01950936058967122,-0.004590666031396997,0.5296167608149887,0.00859524190288162
topcell,internal_test,configured_data_pool,id_const_b40_h160_p100_gradient,mlp,0.5,2,4,0.3966310988999218,0,720,0.3146389063506095,0.2630687924768847,-0.004785909806046116,0.6509953547492628,0.3600781519364155
topcell,internal_test,configured_data_pool,id_const_b40_h160_p100_gradient,cnn1d,0.5,2,4,0.3966310988999218,0,720,0.2701904616245186,0.251813635411959,-0.06807339002647353,0.5181420564634891,0.242015828502079
topcell,internal_test,configured_data_pool,id_const_b40_h160_p100_gradient,tcn,0.5,2,4,0.3966310988999218,0,720,0.45823384945948903,0.364228857749892,-0.06194083628707886,1.0119183197052024,0.6663399981956274
topcell,internal_test,configured_data_pool,id_const_b40_h160_p100_gradient,gru,0.5,2,4,0.3966310988999218,0,720,0.20664378218847979,0.18644789536593917,0.062367394634909194,0.5415198126021821,0.20685468054222395
topcell,internal_test,configured_data_pool,id_const_b40_h160_p100_gradient,lstm,0.5,2,4,0.3966310988999218,0,720,0.23149835620509118,0.1960744026560697,0.05595107567220752,0.5750892257730555,0.3121821818378675
topcell,internal_test,configured_data_pool,id_const_b40_h160_p100_nominal,physical_rc,0.5,2,4,0.22647169308798498,0,720,0.04892007267665956,0.033654177146375086,-0.029620001968622675,0.32660113028673265,0.012621480156367219
topcell,internal_test,configured_data_pool,id_const_b40_h160_p100_nominal,mlp,0.5,2,4,0.22647169308798498,0,720,0.44496850382810793,0.3792347887460585,-0.12281390181682489,0.9719417116819073,0.5324799144138989
topcell,internal_test,configured_data_pool,id_const_b40_h160_p100_nominal,cnn1d,0.5,2,4,0.22647169308798498,0,720,0.24290115914763494,0.19922356822076964,-0.1245883411821038,0.5326874501689218,0.20282910029068413
topcell,internal_test,configured_data_pool,id_const_b40_h160_p100_nominal,tcn,0.5,2,4,0.22647169308798498,0,720,0.5898288391124739,0.47856121948420877,-0.1611661159386294,1.130059193846435,0.6033511176004478
topcell,internal_test,configured_data_pool,id_const_b40_h160_p100_nominal,gru,0.5,2,4,0.22647169308798498,0,720,0.18481948949782265,0.15334692406496592,-0.11590629827529424,0.3961785650171237,0.11795910968043564
topcell,internal_test,configured_data_pool,id_const_b40_h160_p100_nominal,lstm,0.5,2,4,0.22647169308798498,0,720,0.21794688847929386,0.1666219418589972,-0.10345380154496123,0.4253052323694675,0.22414856118777657
topcell,internal_test,configured_data_pool,id_const_b10_h80_p150_cold,physical_rc,0.5,2,4,0.4509882143305137,0,720,0.09663208644376682,0.0659597505355869,0.06151537973232351,0.7688498572790081,0.015770757916960455
topcell,internal_test,configured_data_pool,id_const_b10_h80_p150_cold,mlp,0.5,2,4,0.4509882143305137,0,720,0.6330553874626159,0.5394869586052294,0.2348998621681193,1.1947316371475836,0.5744248509975259
topcell,internal_test,configured_data_pool,id_const_b10_h80_p150_cold,cnn1d,0.5,2,4,0.4509882143305137,0,720,0.6359277881909494,0.48827818520390964,0.37965873073749207,1.3018762573672689,0.6052260182523764
topcell,internal_test,configured_data_pool,id_const_b10_h80_p150_cold,tcn,0.5,2,4,0.4509882143305137,0,720,0.8015925946859046,0.6546349988780377,-0.40523176892952,1.818334916238328,0.548550683690855
topcell,internal_test,configured_data_pool,id_const_b10_h80_p150_cold,gru,0.5,2,4,0.4509882143305137,0,720,0.5170538076756397,0.40109177448357464,0.33014935358000913,0.994017360819683,0.40627486246219024
topcell,internal_test,configured_data_pool,id_const_b10_h80_p150_cold,lstm,0.5,2,4,0.4509882143305137,0,720,0.5603114730658655,0.4636256053933705,0.28744255411343567,1.0333424519318086,0.4072385482259693
topcell,internal_test,configured_data_pool,id_const_b10_h80_p150_gradient,physical_rc,0.5,2,4,0.5770398733584555,0,720,0.20468741310465038,0.1576366570072564,-0.1576366570072564,0.9647068021112588,0.036457499669714566
topcell,internal_test,configured_data_pool,id_const_b10_h80_p150_gradient,mlp,0.5,2,4,0.5770398733584555,0,720,0.3194331909983687,0.23553197300089398,-0.17700534561174816,1.1130218737201716,0.38440420960554095
topcell,internal_test,configured_data_pool,id_const_b10_h80_p150_gradient,cnn1d,0.5,2,4,0.5770398733584555,0,720,0.16716567411012748,0.12973647798875423,-0.04268939534081042,1.0032668805127614,0.17976157844927645
topcell,internal_test,configured_data_pool,id_const_b10_h80_p150_gradient,tcn,0.5,2,4,0.5770398733584555,0,720,0.7076989371392085,0.5886348195257417,-0.4594632589979205,1.3590963283825772,0.5499610428300343
topcell,internal_test,configured_data_pool,id_const_b10_h80_p150_gradient,gru,0.5,2,4,0.5770398733584555,0,720,0.5368749678787705,0.5101667530079989,-0.5101667530079989,0.9443545861672149,0.24670615244899108
topcell,internal_test,configured_data_pool,id_const_b10_h80_p150_gradient,lstm,0.5,2,4,0.5770398733584555,0,720,0.37408925531291143,0.31568211297020865,-0.2902270010591043,1.0213551505571274,0.41340397481219476
topcell,internal_test,configured_data_pool,id_const_b10_h80_p150_nominal,physical_rc,0.5,2,4,0.5041578882385491,0,720,0.13215484491340324,0.09621445236802377,0.09039191373364454,0.6133369169668583,0.021321640439422255
topcell,internal_test,configured_data_pool,id_const_b10_h80_p150_nominal,mlp,0.5,2,4,0.5041578882385491,0,720,0.4750135878469357,0.38627420923987377,0.16116959633118577,0.8960992517582866,0.4728223738706079
topcell,internal_test,configured_data_pool,id_const_b10_h80_p150_nominal,cnn1d,0.5,2,4,0.5041578882385491,0,720,0.6166659760936504,0.4841836446164872,0.45840183059740697,1.1489450605138387,0.5313211111370099
topcell,internal_test,configured_data_pool,id_const_b10_h80_p150_nominal,tcn,0.5,2,4,0.5041578882385491,0,720,0.7229463528178847,0.5905844848600793,-0.25770950789856656,1.5402013621719988,0.675729438806735
topcell,internal_test,configured_data_pool,id_const_b10_h80_p150_nominal,gru,0.5,2,4,0.5041578882385491,0,720,0.41304489741951955,0.35857057726103797,0.05406888110031159,0.8543902520184758,0.39339455623288533
topcell,internal_test,configured_data_pool,id_const_b10_h80_p150_nominal,lstm,0.5,2,4,0.5041578882385491,0,720,0.3639141984133625,0.29763199447082206,0.10199208937659411,0.906171786677973,0.48021029774913787
topcell,internal_test,configured_data_pool,id_const_b10_h80_p100_cold,physical_rc,0.5,2,4,0.028605718747146798,0,720,0.010920090969827706,0.007273293647904793,0.0016895430303904095,0.03901334982209903,0.005230587937565347
topcell,internal_test,configured_data_pool,id_const_b10_h80_p100_cold,mlp,0.5,2,4,0.028605718747146798,0,720,0.2505580472897283,0.18625457511246687,0.1599208201571818,0.5185447262489191,0.22441337775435144
topcell,internal_test,configured_data_pool,id_const_b10_h80_p100_cold,cnn1d,0.5,2,4,0.028605718747146798,0,720,0.1502044780162446,0.13554260633737616,0.11024862720373506,0.24961631128371664,0.07990611800300682
topcell,internal_test,configured_data_pool,id_const_b10_h80_p100_cold,tcn,0.5,2,4,0.028605718747146798,0,720,0.3487412206285446,0.28020801251853095,-0.24626294601975482,0.8793185823180494,0.17731205665361474
topcell,internal_test,configured_data_pool,id_const_b10_h80_p100_cold,gru,0.5,2,4,0.028605718747146798,0,720,0.10506347842362927,0.09488294046304478,0.09061210232769133,0.2208869144155301,0.13468869708024112
topcell,internal_test,configured_data_pool,id_const_b10_h80_p100_cold,lstm,0.5,2,4,0.028605718747146798,0,720,0.14489344351265337,0.11182388566579113,-0.021800953720126633,0.38026845707629775,0.19735025392502728
topcell,internal_test,configured_data_pool,id_const_b10_h80_p100_gradient,physical_rc,0.5,2,4,0.8886812598226393,0,720,0.21915780020582443,0.16361948525478517,-0.15456842751582414,1.0530533405602185,0.03623478958402854
topcell,internal_test,configured_data_pool,id_const_b10_h80_p100_gradient,mlp,0.5,2,4,0.8886812598226393,0,720,0.6123146455082799,0.5384765525864538,-0.24545161110656966,1.290305600282636,0.5259952679866792
topcell,internal_test,configured_data_pool,id_const_b10_h80_p100_gradient,cnn1d,0.5,2,4,0.8886812598226393,0,720,0.6642227082449477,0.5193655096804944,-0.4543581379796365,1.1654427669020038,0.7491050440557806
topcell,internal_test,configured_data_pool,id_const_b10_h80_p100_gradient,tcn,0.5,2,4,0.8886812598226393,0,720,0.9544898438444634,0.8450530279637528,-0.3508349885910975,1.629740149048061,1.0078393973384185
topcell,internal_test,configured_data_pool,id_const_b10_h80_p100_gradient,gru,0.5,2,4,0.8886812598226393,0,720,0.5792245031612616,0.5053846827253727,-0.4811049838520985,1.1445935307549604,0.2589894929572143
topcell,internal_test,configured_data_pool,id_const_b10_h80_p100_gradient,lstm,0.5,2,4,0.8886812598226393,0,720,0.5007529195709014,0.4286675946812639,-0.38945685292918913,1.1290925554786995,0.4811240014418635
topcell,internal_test,configured_data_pool,id_const_b10_h80_p100_nominal,physical_rc,0.5,2,4,0.2302052881309651,0,720,0.04919966996259329,0.035614499725376406,0.03436180960138151,0.2979240221278374,0.008533070243154852
topcell,internal_test,configured_data_pool,id_const_b10_h80_p100_nominal,mlp,0.5,2,4,0.2302052881309651,0,720,0.21964188733649317,0.1832269079753355,0.10299895642170646,0.468948664531851,0.2530449711401328
topcell,internal_test,configured_data_pool,id_const_b10_h80_p100_nominal,cnn1d,0.5,2,4,0.2302052881309651,0,720,0.19768956875602509,0.1709452940840599,0.15838718177487335,0.3807880196063991,0.1032129264890838
topcell,internal_test,configured_data_pool,id_const_b10_h80_p100_nominal,tcn,0.5,2,4,0.2302052881309651,0,720,0.2899201495799328,0.23552776261523725,-0.18344194779100656,0.6249275096931797,0.05434857591625749
topcell,internal_test,configured_data_pool,id_const_b10_h80_p100_nominal,gru,0.5,2,4,0.2302052881309651,0,720,0.33300249597567555,0.3147069459450464,0.3120042673812947,0.5141058375064347,0.22340758089383475
topcell,internal_test,configured_data_pool,id_const_b10_h80_p100_nominal,lstm,0.5,2,4,0.2302052881309651,0,720,0.2747734322208611,0.24562075441262224,0.2396908768653125,0.5384982901232007,0.1071623973011758
topcell,internal_test,configured_data_pool,id_ramp_brine_b30_h160_p150,physical_rc,0.5,2,4,0.4373456516683542,0,720,0.17700081652604785,0.14330023409244588,0.14330023409244588,0.5079319090194474,0.03025266505470297
topcell,internal_test,configured_data_pool,id_ramp_brine_b30_h160_p150,mlp,0.5,2,4,0.4373456516683542,0,720,0.2430253783732268,0.1993449258176827,0.04736237688089468,0.7405541397107527,0.21349888758117916
topcell,internal_test,configured_data_pool,id_ramp_brine_b30_h160_p150,cnn1d,0.5,2,4,0.4373456516683542,0,720,0.3154878797788238,0.2886628379970402,0.20902138280571553,0.6903509620062351,0.2580236875935355
topcell,internal_test,configured_data_pool,id_ramp_brine_b30_h160_p150,tcn,0.5,2,4,0.4373456516683542,0,720,0.6103223983412216,0.5127319427303554,-0.28400670440883513,1.1022157069457421,0.656903800011207
topcell,internal_test,configured_data_pool,id_ramp_brine_b30_h160_p150,gru,0.5,2,4,0.4373456516683542,0,720,0.2131863393605607,0.17309725026015418,-0.0286218676100161,0.5301927692361232,0.21564456249511768
topcell,internal_test,configured_data_pool,id_ramp_brine_b30_h160_p150,lstm,0.5,2,4,0.4373456516683542,0,720,0.22610945370986393,0.1890482504181342,0.035564950107678676,0.5045154202547195,0.23613360002488587
topcell,internal_test,configured_data_pool,id_const_b30_h160_p0_cold,physical_rc,0.5,2,4,0.23568811922695204,0,720,0.04111176584203174,0.027333438678823936,0.02418571162532312,0.2953330828546257,0.0027978945666780612
topcell,internal_test,configured_data_pool,id_const_b30_h160_p0_cold,mlp,0.5,2,4,0.23568811922695204,0,720,0.4120681474320323,0.3607098277036324,0.14731537784112167,0.7548867606493772,0.49502186311261676
topcell,internal_test,configured_data_pool,id_const_b30_h160_p0_cold,cnn1d,0.5,2,4,0.23568811922695204,0,720,0.32969372336977637,0.24532574855184444,0.2143510171556067,0.7320861113146293,0.24914898080741657
topcell,internal_test,configured_data_pool,id_const_b30_h160_p0_cold,tcn,0.5,2,4,0.23568811922695204,0,720,0.30097657855641724,0.2679437086261839,-0.0034104212788741823,0.6991530778245121,0.39535205895989756
topcell,internal_test,configured_data_pool,id_const_b30_h160_p0_cold,gru,0.5,2,4,0.23568811922695204,0,720,0.27126924216007386,0.20527683303642258,0.1718891893230511,0.5238661790639583,0.25726116124137727
topcell,internal_test,configured_data_pool,id_const_b30_h160_p0_cold,lstm,0.5,2,4,0.23568811922695204,0,720,0.47969994814213857,0.33299240152539983,0.31248514835035923,0.9358181007793149,0.498165763180582
topcell,internal_test,configured_data_pool,id_const_b30_h160_p0_gradient,physical_rc,0.5,2,4,0.797895537405704,0,720,0.17443817744948004,0.12955199944053164,-0.12469852753081992,1.0581179480290004,0.0327146646451176
topcell,internal_test,configured_data_pool,id_const_b30_h160_p0_gradient,mlp,0.5,2,4,0.797895537405704,0,720,0.7585917556569671,0.6137204325675223,0.050386533639174204,1.4929331920682642,0.8407797675690278
topcell,internal_test,configured_data_pool,id_const_b30_h160_p0_gradient,cnn1d,0.5,2,4,0.797895537405704,0,720,0.5357473418756711,0.4593535643236191,0.0009588185912960018,1.2333794406442635,0.5533878128414834
topcell,internal_test,configured_data_pool,id_const_b30_h160_p0_gradient,tcn,0.5,2,4,0.797895537405704,0,720,1.085379190723589,0.8994759122845257,0.15316594442829118,2.2412364150512616,1.2786405343593445
topcell,internal_test,configured_data_pool,id_const_b30_h160_p0_gradient,gru,0.5,2,4,0.797895537405704,0,720,0.690200786804214,0.5692137735144549,-0.35140416777067135,1.245263233505021,0.6324171438063307
topcell,internal_test,configured_data_pool,id_const_b30_h160_p0_gradient,lstm,0.5,2,4,0.797895537405704,0,720,0.5551267912335763,0.4068194641228591,-0.23401302915956126,1.1905377915534956,0.5970785485467733
topcell,internal_test,configured_data_pool,id_const_b30_h160_p0_nominal,physical_rc,0.5,2,4,0.492312808574918,0,720,0.1873782867972424,0.15340989768372873,-0.15340989768372873,0.6879980854073651,0.038298629971761075
topcell,internal_test,configured_data_pool,id_const_b30_h160_p0_nominal,mlp,0.5,2,4,0.492312808574918,0,720,0.29226724208126786,0.23082477412174923,-0.14423766723844222,1.0143692733939744,0.17265739375566524
topcell,internal_test,configured_data_pool,id_const_b30_h160_p0_nominal,cnn1d,0.5,2,4,0.492312808574918,0,720,0.190221075526344,0.151472797059329,-0.11398773643429258,0.6886537976154585,0.13943738934248068
topcell,internal_test,configured_data_pool,id_const_b30_h160_p0_nominal,tcn,0.5,2,4,0.492312808574918,0,720,0.3745217739844945,0.30844900179032775,-0.19261241945376206,0.8796290287632473,0.20748921257267916
topcell,internal_test,configured_data_pool,id_const_b30_h160_p0_nominal,gru,0.5,2,4,0.492312808574918,0,720,0.2023181569531522,0.16074885179196927,-0.1093161038459752,0.6812351650653881,0.15115896769263873
topcell,internal_test,configured_data_pool,id_const_b30_h160_p0_nominal,lstm,0.5,2,4,0.492312808574918,0,720,0.2066675749129757,0.17339838813014413,-0.08812279290498735,0.706585010119916,0.19678213008382364
topcell,internal_test,configured_data_pool,id_ramp_brine_b10_h200_p150,physical_rc,0.5,2,4,0.829035281166328,0,720,0.2151330349724393,0.1462658514315547,0.12893792910255217,1.1041577919245853,0.022566510325323832
topcell,internal_test,configured_data_pool,id_ramp_brine_b10_h200_p150,mlp,0.5,2,4,0.829035281166328,0,720,0.5169120274102922,0.3915977003153163,0.20785457693186365,1.2350130668114687,0.4995254837655534
topcell,internal_test,configured_data_pool,id_ramp_brine_b10_h200_p150,cnn1d,0.5,2,4,0.829035281166328,0,720,0.6183168970439265,0.48290263045100645,0.42323229858868966,1.2342803832105531,0.7066103330908005
topcell,internal_test,configured_data_pool,id_ramp_brine_b10_h200_p150,tcn,0.5,2,4,0.829035281166328,0,720,1.0025406818738405,0.8503791308608173,-0.6013300367395494,1.9034394439965752,0.7807503080572028
topcell,internal_test,configured_data_pool,id_ramp_brine_b10_h200_p150,gru,0.5,2,4,0.829035281166328,0,720,0.7778487523982325,0.6518906532699404,0.6364177852118145,1.3937540307738203,0.5498657167450599
topcell,internal_test,configured_data_pool,id_ramp_brine_b10_h200_p150,lstm,0.5,2,4,0.829035281166328,0,720,0.8891296103116051,0.7473281696020568,0.7375189384357499,1.701756491779463,1.0011968895052978
topcell,internal_test,configured_data_pool,id_ramp_plasma_b10_h200_p150,physical_rc,0.5,2,4,0.5735504496654341,0,720,0.2215611228846387,0.17569425948877815,-0.17569425948877815,0.8896216054747228,0.07022850796299115
topcell,internal_test,configured_data_pool,id_ramp_plasma_b10_h200_p150,mlp,0.5,2,4,0.5735504496654341,0,720,0.7170738006548077,0.5604733114751421,-0.2777582863349018,1.4459228680476457,0.28447022654138227
topcell,internal_test,configured_data_pool,id_ramp_plasma_b10_h200_p150,cnn1d,0.5,2,4,0.5735504496654341,0,720,0.3939600449796659,0.3289548842291375,-0.12556659298937012,0.8695024258952984,0.3204224685832075
topcell,internal_test,configured_data_pool,id_ramp_plasma_b10_h200_p150,tcn,0.5,2,4,0.5735504496654341,0,720,1.4259797693581509,1.1420819901220165,-0.9030223768652063,3.0335007921414103,1.4765842641361728
topcell,internal_test,configured_data_pool,id_ramp_plasma_b10_h200_p150,gru,0.5,2,4,0.5735504496654341,0,720,0.5364643495510001,0.4937354416790294,-0.4937354416790294,1.0576010739553965,0.8387530891404233
topcell,internal_test,configured_data_pool,id_ramp_plasma_b10_h200_p150,lstm,0.5,2,4,0.5735504496654341,0,720,0.352059372816354,0.27642510493188716,-0.2369436877088343,0.9127639046386733,0.44818095720860474
topcell,internal_test,configured_data_pool,id_const_b10_h200_p0_cold,physical_rc,0.5,2,4,0.4728390272119049,0,720,0.16668186087204004,0.13290691410174815,-0.13290691410174815,0.7329343875539323,0.03552757402592411
topcell,internal_test,configured_data_pool,id_const_b10_h200_p0_cold,mlp,0.5,2,4,0.4728390272119049,0,720,0.9828685777028057,0.7904854047648673,0.34341065132339366,2.0396658546386988,0.6459988131146563
topcell,internal_test,configured_data_pool,id_const_b10_h200_p0_cold,cnn1d,0.5,2,4,0.4728390272119049,0,720,0.47219438080469633,0.39931206257502994,-0.07198978035641751,0.9032261073990071,0.47566771950219056
topcell,internal_test,configured_data_pool,id_const_b10_h200_p0_cold,tcn,0.5,2,4,0.4728390272119049,0,720,0.9058096347769186,0.7880449285733407,-0.74289660062802,1.648943517438184,0.2555338637103117
topcell,internal_test,configured_data_pool,id_const_b10_h200_p0_cold,gru,0.5,2,4,0.4728390272119049,0,720,0.4556238575719424,0.3878893576076365,0.09170675189914729,0.8204648830449202,0.5267596698811616
topcell,internal_test,configured_data_pool,id_const_b10_h200_p0_cold,lstm,0.5,2,4,0.4728390272119049,0,720,0.31326689600916713,0.24575083056204683,-0.040054326749037854,0.8294037065434949,0.26026411596711096
topcell,internal_test,configured_data_pool,id_const_b10_h200_p0_gradient,physical_rc,0.5,2,4,0.23862724519901524,0,720,0.05490888609512448,0.027050449937190576,0.010988437715400066,0.3192888780787939,0.004486009072402817
topcell,internal_test,configured_data_pool,id_const_b10_h200_p0_gradient,mlp,0.5,2,4,0.23862724519901524,0,720,0.44678623878657414,0.3683765664410693,0.3468232250978114,1.0035869800421153,0.20715674609668605
topcell,internal_test,configured_data_pool,id_const_b10_h200_p0_gradient,cnn1d,0.5,2,4,0.23862724519901524,0,720,0.3533133735499668,0.31676400592566395,0.19302698271074073,0.6215388004235933,0.27586186078774433
topcell,internal_test,configured_data_pool,id_const_b10_h200_p0_gradient,tcn,0.5,2,4,0.23862724519901524,0,720,0.9889900097106299,0.7622815410766924,-0.17938750968550243,2.057125809862228,1.134552500684658
topcell,internal_test,configured_data_pool,id_const_b10_h200_p0_gradient,gru,0.5,2,4,0.23862724519901524,0,720,0.14612129360521445,0.11766922275983506,-0.068261501152082,0.3272269599397717,0.14631537137962355
topcell,internal_test,configured_data_pool,id_const_b10_h200_p0_gradient,lstm,0.5,2,4,0.23862724519901524,0,720,0.18397566339552082,0.15128146456099423,-0.07969615930301645,0.5381651382766393,0.18653134007971772
topcell,internal_test,configured_data_pool,id_const_b10_h200_p0_nominal,physical_rc,0.5,2,4,0.46871011523895045,0,720,0.06574588105141121,0.034050599494823856,-0.023837034046453896,0.5645143872007736,0.011328587696743301
topcell,internal_test,configured_data_pool,id_const_b10_h200_p0_nominal,mlp,0.5,2,4,0.46871011523895045,0,720,0.6637341723490292,0.5847172473237984,0.14540459806879413,1.2030593399796459,0.6364148172154868
topcell,internal_test,configured_data_pool,id_const_b10_h200_p0_nominal,cnn1d,0.5,2,4,0.46871011523895045,0,720,0.35705729598815805,0.31923051781499606,0.11060061750745895,0.5685679939216755,0.3236782562998799
topcell,internal_test,configured_data_pool,id_const_b10_h200_p0_nominal,tcn,0.5,2,4,0.46871011523895045,0,720,0.5935099414802625,0.47587553124075443,-0.3656389338290623,1.1577736985450855,0.42398470297824187
topcell,internal_test,configured_data_pool,id_const_b10_h200_p0_nominal,gru,0.5,2,4,0.46871011523895045,0,720,0.3977126806780139,0.3211904068984314,-0.21209133458189094,0.697674814437633,0.3159838494155775
topcell,internal_test,configured_data_pool,id_const_b10_h200_p0_nominal,lstm,0.5,2,4,0.46871011523895045,0,720,0.5508444289971554,0.42664745278994426,-0.2825335507175026,1.0968701604573,0.632595783253536
topcell,internal_test,configured_data_pool,id_const_b30_h200_p100_cold,physical_rc,0.5,3,4,0.3646939968534824,0,720,0.08935362313800703,0.06073741488897229,-0.057201213688618434,0.6414524636239349,0.01905419722679622
topcell,internal_test,configured_data_pool,id_const_b30_h200_p100_cold,mlp,0.5,3,4,0.3646939968534824,0,720,0.46617268167697173,0.31125588380974745,-0.23722156857095453,1.0521663710697595,0.47428554287044855
topcell,internal_test,configured_data_pool,id_const_b30_h200_p100_cold,cnn1d,0.5,3,4,0.3646939968534824,0,720,0.350937787758649,0.2820541548187763,0.15075705021450336,0.6801030983343352,0.45275380187892755
topcell,internal_test,configured_data_pool,id_const_b30_h200_p100_cold,tcn,0.5,3,4,0.3646939968534824,0,720,0.9531311331791108,0.7967484562796197,-0.7432858547275283,2.071540651748549,0.39356215737144484
topcell,internal_test,configured_data_pool,id_const_b30_h200_p100_cold,gru,0.5,3,4,0.3646939968534824,0,720,0.11426476766231751,0.0995816666344956,0.02174842327961611,0.5946294435715558,0.06097873726835263
topcell,internal_test,configured_data_pool,id_const_b30_h200_p100_cold,lstm,0.5,3,4,0.3646939968534824,0,720,0.23012314981865056,0.19223486588919225,0.11137182752249092,0.6769289486160943,0.2455484840021491
topcell,internal_test,configured_data_pool,id_const_b30_h200_p100_gradient,physical_rc,0.5,3,4,0.48457640446522277,0,720,0.18059200062740444,0.13964154703527143,0.13936775647453065,0.703232703972013,0.02647098496475395
topcell,internal_test,configured_data_pool,id_const_b30_h200_p100_gradient,mlp,0.5,3,4,0.48457640446522277,0,720,0.5381848878148241,0.470217809247874,0.27035757805083527,0.9767418410522595,0.38277482702287813
topcell,internal_test,configured_data_pool,id_const_b30_h200_p100_gradient,cnn1d,0.5,3,4,0.48457640446522277,0,720,0.4318554582571044,0.34091053000422816,0.33481754428971183,0.8639010665158651,0.32059958467791233
topcell,internal_test,configured_data_pool,id_const_b30_h200_p100_gradient,tcn,0.5,3,4,0.48457640446522277,0,720,0.5675838138112335,0.45759524256055845,-0.1558832577139911,1.3898013961367894,0.7379359491762706
topcell,internal_test,configured_data_pool,id_const_b30_h200_p100_gradient,gru,0.5,3,4,0.48457640446522277,0,720,0.27986508187806997,0.22784383155051202,0.16823985759984744,0.7606591603378661,0.19828754754692068
topcell,internal_test,configured_data_pool,id_const_b30_h200_p100_gradient,lstm,0.5,3,4,0.48457640446522277,0,720,0.4338657394012046,0.3652291656644858,0.32884085418677395,0.8868853981522022,0.3151686420858233
topcell,internal_test,configured_data_pool,id_const_b30_h200_p100_nominal,physical_rc,0.5,3,4,0.716397723936057,0,720,0.2730390402534299,0.211244901534,0.21090328794988905,0.9739338958507915,0.04248488705510531
topcell,internal_test,configured_data_pool,id_const_b30_h200_p100_nominal,mlp,0.5,3,4,0.716397723936057,0,720,0.3376691133245486,0.2668720190485417,0.10771880678632265,1.000614423983457,0.29997316996378814
topcell,internal_test,configured_data_pool,id_const_b30_h200_p100_nominal,cnn1d,0.5,3,4,0.716397723936057,0,720,0.4989699607028253,0.4615601779427161,0.4598286616670928,0.9750791515110322,0.3375341487819591
topcell,internal_test,configured_data_pool,id_const_b30_h200_p100_nominal,tcn,0.5,3,4,0.716397723936057,0,720,0.5035113395817047,0.38575378478319716,-0.20622509256036264,1.1460520695202234,0.5181531888013371
topcell,internal_test,configured_data_pool,id_const_b30_h200_p100_nominal,gru,0.5,3,4,0.716397723936057,0,720,0.4177166018577243,0.36724012573610293,0.36673683917603705,0.9694095185801785,0.16581382573676884
topcell,internal_test,configured_data_pool,id_const_b30_h200_p100_nominal,lstm,0.5,3,4,0.716397723936057,0,720,0.6035128086653109,0.5613720213710128,0.5595782408894256,1.0247442736459078,0.3721159010183998
topcell,internal_test,configured_data_pool,id_const_b20_h160_p150_cold,physical_rc,0.5,3,4,0.596415852149727,0,720,0.12140030870332723,0.07885650984739684,-0.07187185213010261,0.6025499584852554,0.021036213607284502
topcell,internal_test,configured_data_pool,id_const_b20_h160_p150_cold,mlp,0.5,3,4,0.596415852149727,0,720,0.8297256557941389,0.7332590184779538,0.09722945539629128,1.6326751041999472,0.877802938102553
topcell,internal_test,configured_data_pool,id_const_b20_h160_p150_cold,cnn1d,0.5,3,4,0.596415852149727,0,720,0.6042300169447091,0.49012167824889274,0.14543538509854315,1.2858225769936382,0.7181156897440598
topcell,internal_test,configured_data_pool,id_const_b20_h160_p150_cold,tcn,0.5,3,4,0.596415852149727,0,720,1.2385700913092865,1.0523258970737888,-0.8599111633620173,2.4046890496641,0.7134209989519862
topcell,internal_test,configured_data_pool,id_const_b20_h160_p150_cold,gru,0.5,3,4,0.596415852149727,0,720,0.6760062714777533,0.5354497354371104,0.3888402357371346,1.3172316847443142,0.5835986305112852
topcell,internal_test,configured_data_pool,id_const_b20_h160_p150_cold,lstm,0.5,3,4,0.596415852149727,0,720,0.6947118255186079,0.49683220728063354,0.3882473773731127,1.4682756802148873,0.8518723983979015
topcell,internal_test,configured_data_pool,id_const_b20_h160_p150_gradient,physical_rc,0.5,3,4,0.36849146486513745,0,720,0.1159224908677093,0.06899801786455988,-0.0612257233947684,0.6216535201113231,0.019251166752191993
topcell,internal_test,configured_data_pool,id_const_b20_h160_p150_gradient,mlp,0.5,3,4,0.36849146486513745,0,720,0.522425099102641,0.4654440363750701,0.09053873013995273,0.9194354641263658,0.39548746584243194
topcell,internal_test,configured_data_pool,id_const_b20_h160_p150_gradient,cnn1d,0.5,3,4,0.36849146486513745,0,720,0.2049732784338973,0.1659441523115047,0.1266871260019592,0.7023398371486635,0.29717008715744736
topcell,internal_test,configured_data_pool,id_const_b20_h160_p150_gradient,tcn,0.5,3,4,0.36849146486513745,0,720,0.8159156697729619,0.6238948082305175,-0.4711638491834781,1.9331181990609565,0.627772640031858
topcell,internal_test,configured_data_pool,id_const_b20_h160_p150_gradient,gru,0.5,3,4,0.36849146486513745,0,720,0.18443639904085846,0.14345049866290566,0.0087085548268126,0.6701353259752167,0.249265917336151
topcell,internal_test,configured_data_pool,id_const_b20_h160_p150_gradient,lstm,0.5,3,4,0.36849146486513745,0,720,0.18979632054457848,0.1586294680131688,0.10829596107718158,0.6569729218744698,0.22141114319724578
topcell,internal_test,configured_data_pool,id_const_b20_h160_p150_nominal,physical_rc,0.5,3,4,0.36731770546590187,0,720,0.1640474546949155,0.13334550064430434,-0.13334550064430434,0.41425999746083164,0.034763409159556544
topcell,internal_test,configured_data_pool,id_const_b20_h160_p150_nominal,mlp,0.5,3,4,0.36731770546590187,0,720,0.2914541266307294,0.2192923930510828,-0.1595091552199472,0.691810370128124,0.19976963968341369
topcell,internal_test,configured_data_pool,id_const_b20_h160_p150_nominal,cnn1d,0.5,3,4,0.36731770546590187,0,720,0.17248689717415527,0.1355637263596292,-0.06304775531289943,0.4136759365750251,0.19518620063221231
topcell,internal_test,configured_data_pool,id_const_b20_h160_p150_nominal,tcn,0.5,3,4,0.36731770546590187,0,720,0.8884555513967323,0.7358902326514781,-0.664295514267598,1.68377249718948,0.4650982256724546
topcell,internal_test,configured_data_pool,id_const_b20_h160_p150_nominal,gru,0.5,3,4,0.36731770546590187,0,720,0.15467263231430997,0.1144125572995306,-0.09352672888635155,0.4394324007394985,0.1978968209237906
topcell,internal_test,configured_data_pool,id_const_b20_h160_p150_nominal,lstm,0.5,3,4,0.36731770546590187,0,720,0.17064086317646684,0.14222765187659622,-0.06038555834476102,0.42287831164226475,0.1633209309909336
topcell,internal_test,configured_data_pool,id_const_b20_h120_p50_cold,physical_rc,0.5,3,4,0.6284852730243277,0,720,0.17920994081952724,0.12529009234356728,0.12363204512176659,1.0776128462309273,0.024781531136652407
topcell,internal_test,configured_data_pool,id_const_b20_h120_p50_cold,mlp,0.5,3,4,0.6284852730243277,0,720,0.3432371712393276,0.2722530898338584,0.013343200897966116,1.1448072512141039,0.19766376846656472
topcell,internal_test,configured_data_pool,id_const_b20_h120_p50_cold,cnn1d,0.5,3,4,0.6284852730243277,0,720,0.3744291501283294,0.3286941661568485,0.012297097598338209,1.1389103237499896,0.3609509420324349
topcell,internal_test,configured_data_pool,id_const_b20_h120_p50_cold,tcn,0.5,3,4,0.6284852730243277,0,720,0.528031102100052,0.4526693417250268,-0.22557289319979362,1.0967154656566365,0.4091813685029799
topcell,internal_test,configured_data_pool,id_const_b20_h120_p50_cold,gru,0.5,3,4,0.6284852730243277,0,720,0.332674394131283,0.300477889848993,0.06311053497914115,1.1015304128062837,0.2947365408427718
topcell,internal_test,configured_data_pool,id_const_b20_h120_p50_cold,lstm,0.5,3,4,0.6284852730243277,0,720,0.2812486626748649,0.20787235333607448,0.11033879448290493,1.127446499981616,0.2177377129596249
topcell,internal_test,configured_data_pool,id_const_b20_h120_p50_gradient,physical_rc,0.5,3,4,0.7695049476237266,0,720,0.29176996744690353,0.23482510021294326,-0.23482510021294326,1.2086560227344663,0.055233496129545485
topcell,internal_test,configured_data_pool,id_const_b20_h120_p50_gradient,mlp,0.5,3,4,0.7695049476237266,0,720,0.6012953293399482,0.5086163137687799,-0.23063759517044483,1.2833540061091,0.60154907788293
topcell,internal_test,configured_data_pool,id_const_b20_h120_p50_gradient,cnn1d,0.5,3,4,0.7695049476237266,0,720,0.46033178923354295,0.35350879412157465,-0.2960053237912613,1.2943915360737677,0.42943229699681945
topcell,internal_test,configured_data_pool,id_const_b20_h120_p50_gradient,tcn,0.5,3,4,0.7695049476237266,0,720,0.5643945019528829,0.43183840318219074,-0.34071230042467,1.2980933156921353,0.3590322244594179
topcell,internal_test,configured_data_pool,id_const_b20_h120_p50_gradient,gru,0.5,3,4,0.7695049476237266,0,720,0.5854797056873356,0.46936620424524167,-0.41634999481895724,1.3173352569547916,0.4311237322759698
topcell,internal_test,configured_data_pool,id_const_b20_h120_p50_gradient,lstm,0.5,3,4,0.7695049476237266,0,720,0.4843785758918408,0.35581806079438266,-0.28721283564123334,1.2739370277225603,0.4059988218587693
topcell,internal_test,configured_data_pool,id_const_b20_h120_p50_nominal,physical_rc,0.5,3,4,0.8486849268717457,0,720,0.24100655971256008,0.17206239676387203,-0.1635103602629389,1.0461250186219502,0.03787816605184814
topcell,internal_test,configured_data_pool,id_const_b20_h120_p50_nominal,mlp,0.5,3,4,0.8486849268717457,0,720,0.583810136461094,0.45269914888563123,-0.3956860486001525,1.218613754006519,0.40677090873206007
topcell,internal_test,configured_data_pool,id_const_b20_h120_p50_nominal,cnn1d,0.5,3,4,0.8486849268717457,0,720,0.3175154023682985,0.2695835761685171,-0.09680645001134529,1.0200230444862086,0.2734763279890595
topcell,internal_test,configured_data_pool,id_const_b20_h120_p50_nominal,tcn,0.5,3,4,0.8486849268717457,0,720,0.7740635904243934,0.6549748373745857,-0.41630580321368654,1.325977712497064,0.6339647721847471
topcell,internal_test,configured_data_pool,id_const_b20_h120_p50_nominal,gru,0.5,3,4,0.8486849268717457,0,720,0.40223110083914754,0.3148818825285238,-0.272228846519859,1.0833093763551886,0.28124498899008377
topcell,internal_test,configured_data_pool,id_const_b20_h120_p50_nominal,lstm,0.5,3,4,0.8486849268717457,0,720,0.31494835835421886,0.23238255204043531,-0.1841642368565768,1.0394590811734403,0.22171805226437896
topcell,internal_test,configured_data_pool,id_const_b30_h120_p50_cold,physical_rc,0.5,3,4,0.3912188000209734,0,720,0.1412560771720054,0.11360196829996588,0.11360196829996588,0.5516405778977074,0.023671159910858393
topcell,internal_test,configured_data_pool,id_const_b30_h120_p50_cold,mlp,0.5,3,4,0.3912188000209734,0,720,0.23969884993777799,0.19156521283336442,0.08082356328801257,0.597186932082792,0.31497094553137295
topcell,internal_test,configured_data_pool,id_const_b30_h120_p50_cold,cnn1d,0.5,3,4,0.3912188000209734,0,720,0.3629406842307979,0.2951328367681266,0.2796726027867417,0.6780540190519275,0.297710455990669
topcell,internal_test,configured_data_pool,id_const_b30_h120_p50_cold,tcn,0.5,3,4,0.3912188000209734,0,720,0.4165169232227035,0.35082536320861046,-0.005466825191363799,0.899195541213146,0.4814664889048326
topcell,internal_test,configured_data_pool,id_const_b30_h120_p50_cold,gru,0.5,3,4,0.3912188000209734,0,720,0.17258802601937195,0.13270936287703217,0.0050239560535954905,0.5976291289549707,0.13901251983027596
topcell,internal_test,configured_data_pool,id_const_b30_h120_p50_cold,lstm,0.5,3,4,0.3912188000209734,0,720,0.25296252182111034,0.2219269686707429,0.10365799633620233,0.5837246149642326,0.20243391151565263
topcell,internal_test,configured_data_pool,id_const_b30_h120_p50_gradient,physical_rc,0.5,3,4,0.34907794018055915,0,720,0.05511126466797198,0.02454303577240134,-0.010150994087012984,0.39562880806487044,0.005623349582143715
topcell,internal_test,configured_data_pool,id_const_b30_h120_p50_gradient,mlp,0.5,3,4,0.34907794018055915,0,720,0.773268697928905,0.680375576216452,0.11196563534154431,1.5249242415035553,0.9147910024323022
topcell,internal_test,configured_data_pool,id_const_b30_h120_p50_gradient,cnn1d,0.5,3,4,0.34907794018055915,0,720,0.38161475037252185,0.30246688288453727,0.12956359206648535,0.6960042815169061,0.3258178714704915
topcell,internal_test,configured_data_pool,id_const_b30_h120_p50_gradient,tcn,0.5,3,4,0.34907794018055915,0,720,0.6521478893744438,0.528754085348006,-0.038670166086421966,1.5142975474671516,0.7581575747493017
topcell,internal_test,configured_data_pool,id_const_b30_h120_p50_gradient,gru,0.5,3,4,0.34907794018055915,0,720,0.2299300938795452,0.1739883030153832,0.13562561400861525,0.4612354643648189,0.21416134825965322
topcell,internal_test,configured_data_pool,id_const_b30_h120_p50_gradient,lstm,0.5,3,4,0.34907794018055915,0,720,0.2946538238697838,0.26210234046861236,0.24119064820258304,0.47398992941749896,0.2702313546578463
topcell,internal_test,configured_data_pool,id_const_b30_h120_p50_nominal,physical_rc,0.5,3,4,0.370495533053747,0,720,0.07259338560145162,0.045404517704595804,-0.035457621841752995,0.5098336757364592,0.011392379558980478
topcell,internal_test,configured_data_pool,id_const_b30_h120_p50_nominal,mlp,0.5,3,4,0.370495533053747,0,720,0.2931143408080684,0.22799375096794666,-0.17493894341767535,0.5176071599315435,0.20370039498848314
topcell,internal_test,configured_data_pool,id_const_b30_h120_p50_nominal,cnn1d,0.5,3,4,0.370495533053747,0,720,0.20416666768242547,0.164136039200452,-0.12649453239690753,0.47310411894822124,0.23200653745465122
topcell,internal_test,configured_data_pool,id_const_b30_h120_p50_nominal,tcn,0.5,3,4,0.370495533053747,0,720,0.4727542647130603,0.3999487325203272,-0.22533066254802317,0.9852727519499496,0.380615719678855
topcell,internal_test,configured_data_pool,id_const_b30_h120_p50_nominal,gru,0.5,3,4,0.370495533053747,0,720,0.16553277804052308,0.15011777206402854,-0.14188262504945012,0.5031926486413383,0.08286327363980797
topcell,internal_test,configured_data_pool,id_const_b30_h120_p50_nominal,lstm,0.5,3,4,0.370495533053747,0,720,0.16833551768002494,0.11871686657261082,-0.0621497107211992,0.5177212847680295,0.13516570016181537
topcell,internal_test,configured_data_pool,id_ramp_brine_b10_h160_p50,physical_rc,0.5,3,4,0.36611778854419946,0,720,0.09455114630694975,0.06965705136592704,-0.06869755406225944,0.5357163860464738,0.021742422503920757
topcell,internal_test,configured_data_pool,id_ramp_brine_b10_h160_p50,mlp,0.5,3,4,0.36611778854419946,0,720,0.27938073745912867,0.21523007221338222,0.04776567040005591,0.5619542309739387,0.27796280070040835
topcell,internal_test,configured_data_pool,id_ramp_brine_b10_h160_p50,cnn1d,0.5,3,4,0.36611778854419946,0,720,0.18853029500992738,0.14868727541937501,0.05757754057484914,0.5708285103049278,0.1565364119148613
topcell,internal_test,configured_data_pool,id_ramp_brine_b10_h160_p50,tcn,0.5,3,4,0.36611778854419946,0,720,0.44183692086829957,0.34804489810936745,-0.22753907825018524,1.1259722229769693,0.6608728060065691
topcell,internal_test,configured_data_pool,id_ramp_brine_b10_h160_p50,gru,0.5,3,4,0.36611778854419946,0,720,0.23623698512764366,0.19452597212220146,0.10448140363558724,0.5387150026152696,0.23368984599313772
topcell,internal_test,configured_data_pool,id_ramp_brine_b10_h160_p50,lstm,0.5,3,4,0.36611778854419946,0,720,0.2797390183389149,0.21971226861337473,0.16044192577163405,0.5624072615520461,0.35520061154109056
topcell,internal_test,configured_data_pool,id_const_b30_h80_p50_cold,physical_rc,0.5,3,4,0.4413552251948606,0,720,0.16950898192978814,0.13324321032924552,0.13324321032924552,0.7368206906304806,0.02988008526357401
topcell,internal_test,configured_data_pool,id_const_b30_h80_p50_cold,mlp,0.5,3,4,0.4413552251948606,0,720,0.30964427291254487,0.2599466990238153,0.23184438719698985,0.7612896491058976,0.21399496057738585
topcell,internal_test,configured_data_pool,id_const_b30_h80_p50_cold,cnn1d,0.5,3,4,0.4413552251948606,0,720,0.3010405720223025,0.25456422370055076,0.1844625270911352,0.7262338872726062,0.2483224452223235
topcell,internal_test,configured_data_pool,id_const_b30_h80_p50_cold,tcn,0.5,3,4,0.4413552251948606,0,720,0.25815835865210235,0.21109125619117788,0.20993922867126716,0.7580904694072856,0.13187439657735003
topcell,internal_test,configured_data_pool,id_const_b30_h80_p50_cold,gru,0.5,3,4,0.4413552251948606,0,720,0.17921061627963653,0.14654992930698388,-0.04145303267122284,0.7415854971351479,0.12270463776764116
topcell,internal_test,configured_data_pool,id_const_b30_h80_p50_cold,lstm,0.5,3,4,0.4413552251948606,0,720,0.2564609473761285,0.18985677058156772,0.04505688533101865,0.7531218365862316,0.16587730095892875
topcell,internal_test,configured_data_pool,id_const_b30_h80_p50_gradient,physical_rc,0.5,3,4,0.5994613807645197,0,720,0.09416253779031727,0.06317311139387916,0.0588199608451794,0.7006337649987628,0.012358171077752035
topcell,internal_test,configured_data_pool,id_const_b30_h80_p50_gradient,mlp,0.5,3,4,0.5994613807645197,0,720,0.7049881846589157,0.5507003449578843,0.15001462747024455,1.4303901389234284,0.7885001468962602
topcell,internal_test,configured_data_pool,id_const_b30_h80_p50_gradient,cnn1d,0.5,3,4,0.5994613807645197,0,720,0.4671400209091276,0.3976014038837011,0.0727510782813102,0.8933965827372958,0.3849497463222103
topcell,internal_test,configured_data_pool,id_const_b30_h80_p50_gradient,tcn,0.5,3,4,0.5994613807645197,0,720,0.5956979696526492,0.44056555831749633,0.1416974956344609,1.1429089107949864,0.6287843574719942
topcell,internal_test,configured_data_pool,id_const_b30_h80_p50_gradient,gru,0.5,3,4,0.5994613807645197,0,720,0.5961415395837271,0.5582280746632223,0.14009896672905942,0.8591241933666112,0.592341093453932
topcell,internal_test,configured_data_pool,id_const_b30_h80_p50_gradient,lstm,0.5,3,4,0.5994613807645197,0,720,0.5730060684759346,0.4701219144593519,0.2724178533632028,1.1401377941044046,0.6295987266901397
topcell,internal_test,configured_data_pool,id_const_b30_h80_p50_nominal,physical_rc,0.5,3,4,0.532330749072584,0,720,0.11928052274552982,0.0771105122179562,-0.0651625537007858,0.8297966317004892,0.016330690232244503
topcell,internal_test,configured_data_pool,id_const_b30_h80_p50_nominal,mlp,0.5,3,4,0.532330749072584,0,720,0.2948032011348962,0.25993318297327916,-0.029272153279658673,0.8261748318018292,0.38524849198589783
topcell,internal_test,configured_data_pool,id_const_b30_h80_p50_nominal,cnn1d,0.5,3,4,0.532330749072584,0,720,0.23764339414685892,0.17633195878413385,-0.1661087076665922,0.8212508733287791,0.26569891381156946
topcell,internal_test,configured_data_pool,id_const_b30_h80_p50_nominal,tcn,0.5,3,4,0.532330749072584,0,720,0.28983712904243286,0.22158999192097725,-0.027443849545596075,0.8162267784596224,0.25711867075319567
topcell,internal_test,configured_data_pool,id_const_b30_h80_p50_nominal,gru,0.5,3,4,0.532330749072584,0,720,0.2147403898856787,0.17729959658852804,-0.08052335632851404,0.83073680027465,0.16065075324091693
topcell,internal_test,configured_data_pool,id_const_b30_h80_p50_nominal,lstm,0.5,3,4,0.532330749072584,0,720,0.15476158387280825,0.12066156876278211,0.03217210090398378,0.8272328864783631,0.165132347017135
topcell,internal_test,configured_data_pool,id_const_b10_h80_p0_cold,physical_rc,0.5,3,4,0.5967326784316573,0,720,0.10251885322129652,0.060206390001866714,0.04614530038945151,0.7033825682399666,0.010414224649109355
topcell,internal_test,configured_data_pool,id_const_b10_h80_p0_cold,mlp,0.5,3,4,0.5967326784316573,0,720,0.5747480528352722,0.47272895836911133,-0.11537015049585989,0.980451202277294,0.591442293223431
topcell,internal_test,configured_data_pool,id_const_b10_h80_p0_cold,cnn1d,0.5,3,4,0.5967326784316573,0,720,0.4495834235391419,0.39614272103804765,0.3898669493825731,0.6582917819672929,0.4537117211618794
topcell,internal_test,configured_data_pool,id_const_b10_h80_p0_cold,tcn,0.5,3,4,0.5967326784316573,0,720,0.5496462562186529,0.45371885110431326,0.0828426344404757,1.1107867573006516,0.5417511716052482
topcell,internal_test,configured_data_pool,id_const_b10_h80_p0_cold,gru,0.5,3,4,0.5967326784316573,0,720,0.218473068442565,0.1892979246684253,0.17337754124270197,0.6598930102799017,0.18281379856899033
topcell,internal_test,configured_data_pool,id_const_b10_h80_p0_cold,lstm,0.5,3,4,0.5967326784316573,0,720,0.5072853739874654,0.4737060459863311,0.4663571761461892,0.7181963215248217,0.48527919338039155
topcell,internal_test,configured_data_pool,id_const_b10_h80_p0_gradient,physical_rc,0.5,3,4,0.32088153678729614,0,720,0.10794807894154299,0.08696565835102245,-0.08682931064590416,0.3579770105727462,0.020286161622706498
topcell,internal_test,configured_data_pool,id_const_b10_h80_p0_gradient,mlp,0.5,3,4,0.32088153678729614,0,720,0.30236054508003285,0.2493316885479094,0.20371147001672157,0.5901564860944291,0.28565253274075086
topcell,internal_test,configured_data_pool,id_const_b10_h80_p0_gradient,cnn1d,0.5,3,4,0.32088153678729614,0,720,0.42230324927769974,0.34170113761824417,0.22930465672438716,0.9071471788685841,0.5535912208934312
topcell,internal_test,configured_data_pool,id_const_b10_h80_p0_gradient,tcn,0.5,3,4,0.32088153678729614,0,720,0.290579793980054,0.23088243156089205,-0.0585725970495996,0.6316547943502115,0.345610283426259
topcell,internal_test,configured_data_pool,id_const_b10_h80_p0_gradient,gru,0.5,3,4,0.32088153678729614,0,720,0.1563332553362977,0.13264117513078208,-0.06591551648171695,0.37137645212759907,0.16537203000265566
topcell,internal_test,configured_data_pool,id_const_b10_h80_p0_gradient,lstm,0.5,3,4,0.32088153678729614,0,720,0.22456100557125816,0.21201178078390978,0.05839332034357753,0.4087371639844122,0.23105608968727362
topcell,internal_test,configured_data_pool,id_const_b10_h80_p0_nominal,physical_rc,0.5,3,4,0.4911880188158468,0,720,0.11764688132589055,0.08810359819273711,0.08679521058276533,0.7487566165974187,0.018040707633798676
topcell,internal_test,configured_data_pool,id_const_b10_h80_p0_nominal,mlp,0.5,3,4,0.4911880188158468,0,720,0.5551436966978726,0.5020194471710892,0.13807790402307935,0.8651577601282696,0.6268137409457266
topcell,internal_test,configured_data_pool,id_const_b10_h80_p0_nominal,cnn1d,0.5,3,4,0.4911880188158468,0,720,0.40855116753651133,0.33679634328460223,0.20470996243739736,0.8638278908506649,0.36693399637495966
topcell,internal_test,configured_data_pool,id_const_b10_h80_p0_nominal,tcn,0.5,3,4,0.4911880188158468,0,720,0.35556211235859797,0.28673314504510583,-0.03695158735009536,0.8634629274014927,0.2796591478758803
topcell,internal_test,configured_data_pool,id_const_b10_h80_p0_nominal,gru,0.5,3,4,0.4911880188158468,0,720,0.5084088317434513,0.4440756754624341,0.21929791088062092,0.8655215250111041,0.5124944348515498
topcell,internal_test,configured_data_pool,id_const_b10_h80_p0_nominal,lstm,0.5,3,4,0.4911880188158468,0,720,0.5169397214914369,0.38545190790046224,0.3275507613194265,0.9691154025623305,0.5655376352512987
topcell,internal_test,configured_data_pool,id_const_b40_h160_p100_cold,physical_rc,0.5,3,4,0.3392431916900604,0,720,0.08516226746882746,0.06168204479192737,0.06047064412366751,0.4775174232902799,0.011630147505093676
topcell,internal_test,configured_data_pool,id_const_b40_h160_p100_cold,mlp,0.5,3,4,0.3392431916900604,0,720,0.429225118385809,0.35995384841038003,0.05839257843895165,0.7887540464549829,0.4792903899912442
topcell,internal_test,configured_data_pool,id_const_b40_h160_p100_cold,cnn1d,0.5,3,4,0.3392431916900604,0,720,0.41904854131613883,0.3451773772349649,-0.05044117963961527,0.8381137571869601,0.45076255954384215
topcell,internal_test,configured_data_pool,id_const_b40_h160_p100_cold,tcn,0.5,3,4,0.3392431916900604,0,720,0.5754695163052705,0.4884788145767211,-0.3058587077017942,1.0621163524388066,0.4867272349297575
topcell,internal_test,configured_data_pool,id_const_b40_h160_p100_cold,gru,0.5,3,4,0.3392431916900604,0,720,0.34089558794018493,0.2583626476932938,0.23395130242713524,0.5986866360252634,0.3196206540559235
topcell,internal_test,configured_data_pool,id_const_b40_h160_p100_cold,lstm,0.5,3,4,0.3392431916900604,0,720,0.2774041849747188,0.20277213004235298,0.13845984052631474,0.6023712691522718,0.346108187622028
topcell,internal_test,configured_data_pool,id_const_b40_h160_p100_gradient,physical_rc,0.5,3,4,0.26846083597253584,0,720,0.06084951131348629,0.03071156012565066,-0.01547860073223258,0.34221368360869064,0.009778292990394968
topcell,internal_test,configured_data_pool,id_const_b40_h160_p100_gradient,mlp,0.5,3,4,0.26846083597253584,0,720,0.3109848867984289,0.28047024966152573,0.015864743758526326,0.5909273526895902,0.3066984334544658
topcell,internal_test,configured_data_pool,id_const_b40_h160_p100_gradient,cnn1d,0.5,3,4,0.26846083597253584,0,720,0.27964578846717114,0.2532850147668167,0.05418655189508965,0.470795465130621,0.31290704286235854
topcell,internal_test,configured_data_pool,id_const_b40_h160_p100_gradient,tcn,0.5,3,4,0.26846083597253584,0,720,0.40506533777020226,0.35697925688324467,0.05080874431777615,1.0343490021509467,0.672198308164082
topcell,internal_test,configured_data_pool,id_const_b40_h160_p100_gradient,gru,0.5,3,4,0.26846083597253584,0,720,0.34980113789200074,0.2830253534403585,-0.18787513243224607,0.6507214703392208,0.31536407211050643
topcell,internal_test,configured_data_pool,id_const_b40_h160_p100_gradient,lstm,0.5,3,4,0.26846083597253584,0,720,0.3547788223849593,0.25691469960091856,-0.18844039843087887,0.7723203861820451,0.4170415376322873
topcell,internal_test,configured_data_pool,id_const_b40_h160_p100_nominal,physical_rc,0.5,3,4,0.5721666452667704,0,720,0.24372821110736934,0.19655481665890195,0.19655481665890195,0.733487492246617,0.04054367504009346
topcell,internal_test,configured_data_pool,id_const_b40_h160_p100_nominal,mlp,0.5,3,4,0.5721666452667704,0,720,0.4703984398943019,0.3876264607983057,0.127259188940236,0.8785328685168707,0.518791892382187
topcell,internal_test,configured_data_pool,id_const_b40_h160_p100_nominal,cnn1d,0.5,3,4,0.5721666452667704,0,720,0.27960400878421593,0.22871652123228503,0.14274392968774852,0.7766646996717483,0.21459361356485077
topcell,internal_test,configured_data_pool,id_const_b40_h160_p100_nominal,tcn,0.5,3,4,0.5721666452667704,0,720,0.510942352335366,0.39745206183214254,0.039561221767301584,1.034679150936725,0.6507155947815814
topcell,internal_test,configured_data_pool,id_const_b40_h160_p100_nominal,gru,0.5,3,4,0.5721666452667704,0,720,0.32306334508426354,0.2817267975298446,0.27863891287986625,0.7924389547371007,0.16909300965320329
topcell,internal_test,configured_data_pool,id_const_b40_h160_p100_nominal,lstm,0.5,3,4,0.5721666452667704,0,720,0.3425358465645786,0.3002721051176593,0.2945262275969961,0.8644061623024086,0.23613794196833293
topcell,internal_test,configured_data_pool,id_const_b10_h80_p150_cold,physical_rc,0.5,3,4,0.20450776928537895,0,720,0.04360264571241725,0.026793179026453156,-0.02490437809299719,0.25716490203877385,0.009727155963262875
topcell,internal_test,configured_data_pool,id_const_b10_h80_p150_cold,mlp,0.5,3,4,0.20450776928537895,0,720,0.4966260501179952,0.36378628414585296,0.15935622474587502,1.0897228525382445,0.5242192361659735
topcell,internal_test,configured_data_pool,id_const_b10_h80_p150_cold,cnn1d,0.5,3,4,0.20450776928537895,0,720,0.4078563811777646,0.332233495646243,0.2683979221527169,0.8398475813277599,0.39771077373989594
topcell,internal_test,configured_data_pool,id_const_b10_h80_p150_cold,tcn,0.5,3,4,0.20450776928537895,0,720,0.7864322231553749,0.6736492035782441,-0.41001104140958133,1.850091699343551,0.7129104094176334
topcell,internal_test,configured_data_pool,id_const_b10_h80_p150_cold,gru,0.5,3,4,0.20450776928537895,0,720,0.2458323225978611,0.205166097054314,-0.11153138056091572,0.448882868607285,0.23786887833491735
topcell,internal_test,configured_data_pool,id_const_b10_h80_p150_cold,lstm,0.5,3,4,0.20450776928537895,0,720,0.303982708509802,0.23966146880035066,-0.11437932288358377,0.8655201410823281,0.47141189357081614
topcell,internal_test,configured_data_pool,id_const_b10_h80_p150_gradient,physical_rc,0.5,3,4,0.44470075988856184,0,720,0.0853885415049473,0.059078313695827986,0.05296081266089937,0.6523913032745199,0.013632388874311441
topcell,internal_test,configured_data_pool,id_const_b10_h80_p150_gradient,mlp,0.5,3,4,0.44470075988856184,0,720,0.5773189534638675,0.5077937750363996,0.23936577174602397,1.0103351552973407,0.49814531507593424
topcell,internal_test,configured_data_pool,id_const_b10_h80_p150_gradient,cnn1d,0.5,3,4,0.44470075988856184,0,720,0.49903350033185007,0.4168976929656841,0.4023331173643801,0.9317906479285085,0.4325384495864425
topcell,internal_test,configured_data_pool,id_const_b10_h80_p150_gradient,tcn,0.5,3,4,0.44470075988856184,0,720,0.6559676881392114,0.49535695332758456,-0.165496750909087,1.660860668049267,0.5210471350156548
topcell,internal_test,configured_data_pool,id_const_b10_h80_p150_gradient,gru,0.5,3,4,0.44470075988856184,0,720,0.26815792148511514,0.22103749365593836,0.07500320521147177,0.7794207959380799,0.22657795953240156
topcell,internal_test,configured_data_pool,id_const_b10_h80_p150_gradient,lstm,0.5,3,4,0.44470075988856184,0,720,0.25284913873280396,0.21733533932251403,0.15974652452549606,0.7412127244546838,0.2612034306323167
topcell,internal_test,configured_data_pool,id_const_b10_h80_p150_nominal,physical_rc,0.5,3,4,0.8225822519703907,0,720,0.1596205616971554,0.10874058650274471,-0.10130788426076452,0.9639648100457734,0.024702082875925152
topcell,internal_test,configured_data_pool,id_const_b10_h80_p150_nominal,mlp,0.5,3,4,0.8225822519703907,0,720,0.6983540714769364,0.628515774338684,-0.27193763195358567,1.1642288278616633,0.7754538403687843
topcell,internal_test,configured_data_pool,id_const_b10_h80_p150_nominal,cnn1d,0.5,3,4,0.8225822519703907,0,720,0.483097493481134,0.40381766736333913,-0.18529332083615302,1.0072438638835024,0.5284659235565023
topcell,internal_test,configured_data_pool,id_const_b10_h80_p150_nominal,tcn,0.5,3,4,0.8225822519703907,0,720,0.8903404501988865,0.7263186474902158,-0.5401870855961184,1.5524208140267035,0.8486552186107812
topcell,internal_test,configured_data_pool,id_const_b10_h80_p150_nominal,gru,0.5,3,4,0.8225822519703907,0,720,0.8178635386731926,0.733169220774589,-0.7253857802376777,1.4641044592109012,0.47246761177830626
topcell,internal_test,configured_data_pool,id_const_b10_h80_p150_nominal,lstm,0.5,3,4,0.8225822519703907,0,720,0.6734486487390996,0.5713707852642447,-0.5405085678581915,1.3137709418949868,0.7902047187485729
topcell,internal_test,configured_data_pool,id_const_b10_h80_p100_cold,physical_rc,0.5,3,4,0.337846693297283,0,720,0.06941447724909283,0.04909200827120211,-0.04874647238485592,0.570433436680652,0.012485536885627006
topcell,internal_test,configured_data_pool,id_const_b10_h80_p100_cold,mlp,0.5,3,4,0.337846693297283,0,720,0.42498722975501235,0.367823315627024,0.11779177136901918,0.6877030873092878,0.42141500669688436
topcell,internal_test,configured_data_pool,id_const_b10_h80_p100_cold,cnn1d,0.5,3,4,0.337846693297283,0,720,0.2793755454551287,0.24927888133840995,0.02971603456904036,0.6422028348007274,0.31076790467597804
topcell,internal_test,configured_data_pool,id_const_b10_h80_p100_cold,tcn,0.5,3,4,0.337846693297283,0,720,0.44537195390146506,0.3811245444353351,-0.26006124548093107,0.8776025435935964,0.34149068501840507
topcell,internal_test,configured_data_pool,id_const_b10_h80_p100_cold,gru,0.5,3,4,0.337846693297283,0,720,0.32287876546013805,0.2759999469959536,-0.13412375787650796,0.6516236261264154,0.32772002265215056
topcell,internal_test,configured_data_pool,id_const_b10_h80_p100_cold,lstm,0.5,3,4,0.337846693297283,0,720,0.4184890130100994,0.2570952985753102,-0.21732390673200383,1.0362787131464017,0.545668619958948
topcell,internal_test,configured_data_pool,id_const_b10_h80_p100_gradient,physical_rc,0.5,3,4,0.5542406752869823,0,720,0.14838592046572027,0.10406898873308518,0.10288513666657265,0.9524946343047347,0.021819968920943907
topcell,internal_test,configured_data_pool,id_const_b10_h80_p100_gradient,mlp,0.5,3,4,0.5542406752869823,0,720,0.201895172404565,0.15185274603825302,0.13853291364014897,0.9097366559400157,0.1506833138031913
topcell,internal_test,configured_data_pool,id_const_b10_h80_p100_gradient,cnn1d,0.5,3,4,0.5542406752869823,0,720,0.2519109445568862,0.19055071219594388,-0.03235083021492605,0.9207072082496381,0.36198047160544683
topcell,internal_test,configured_data_pool,id_const_b10_h80_p100_gradient,tcn,0.5,3,4,0.5542406752869823,0,720,0.41752397993141044,0.3369152845893227,-0.026739309897606804,0.893931949223358,0.4091047181517774
topcell,internal_test,configured_data_pool,id_const_b10_h80_p100_gradient,gru,0.5,3,4,0.5542406752869823,0,720,0.16322888996307588,0.1038904255524439,0.07460991940790014,0.9383212471681261,0.152234248886901
topcell,internal_test,configured_data_pool,id_const_b10_h80_p100_gradient,lstm,0.5,3,4,0.5542406752869823,0,720,0.21331157892620714,0.152155252319795,0.09362087060339712,0.9149358765710502,0.16722579998464807
topcell,internal_test,configured_data_pool,id_const_b10_h80_p100_nominal,physical_rc,0.5,3,4,0.5847217105184914,0,720,0.11261922586670547,0.06489958480325399,-0.054951469662650125,0.904126684041394,0.013500797345385545
topcell,internal_test,configured_data_pool,id_const_b10_h80_p100_nominal,mlp,0.5,3,4,0.5847217105184914,0,720,0.4104827638407237,0.3060873618307231,-0.1514824351701868,1.0629757462172336,0.3668145386488075
topcell,internal_test,configured_data_pool,id_const_b10_h80_p100_nominal,cnn1d,0.5,3,4,0.5847217105184914,0,720,0.2934416588748679,0.2199096633694715,-0.13006426486364187,0.986935135392109,0.3701913428364636
topcell,internal_test,configured_data_pool,id_const_b10_h80_p100_nominal,tcn,0.5,3,4,0.5847217105184914,0,720,0.6799139290129994,0.5065277363644298,-0.32963272606024285,1.4575627400439402,0.6968037992642955
topcell,internal_test,configured_data_pool,id_const_b10_h80_p100_nominal,gru,0.5,3,4,0.5847217105184914,0,720,0.1888370460147092,0.15234403393430085,0.012326741129941402,0.9155800985760649,0.18169983484960203
topcell,internal_test,configured_data_pool,id_const_b10_h80_p100_nominal,lstm,0.5,3,4,0.5847217105184914,0,720,0.2610770199709354,0.2313294745742825,-0.02011417028789046,0.9991839902173183,0.1705020076377433
topcell,internal_test,configured_data_pool,id_ramp_brine_b30_h160_p150,physical_rc,0.5,3,4,0.5696312334403475,0,720,0.24368091166870876,0.19608360748219356,-0.19608360748219356,0.7505521773825876,0.04745077053359778
topcell,internal_test,configured_data_pool,id_ramp_brine_b30_h160_p150,mlp,0.5,3,4,0.5696312334403475,0,720,0.3652389483457723,0.2657727217819715,-0.24165684533039028,0.8409089541281816,0.18914685906484074
topcell,internal_test,configured_data_pool,id_ramp_brine_b30_h160_p150,cnn1d,0.5,3,4,0.5696312334403475,0,720,0.23141257699866608,0.18447598725696987,-0.032380875790647204,0.8309148966264388,0.250047739821561
topcell,internal_test,configured_data_pool,id_ramp_brine_b30_h160_p150,tcn,0.5,3,4,0.5696312334403475,0,720,0.8964424603259976,0.7364173089858252,-0.6408208441961064,1.8659332126446628,0.5397661131423868
topcell,internal_test,configured_data_pool,id_ramp_brine_b30_h160_p150,gru,0.5,3,4,0.5696312334403475,0,720,0.2400100656839427,0.2029929417867424,-0.2029929417867424,0.7864704491943044,0.17703489587542642
topcell,internal_test,configured_data_pool,id_ramp_brine_b30_h160_p150,lstm,0.5,3,4,0.5696312334403475,0,720,0.23177620526146414,0.1751505937129016,-0.1367651203747292,0.8344813468122112,0.1377897417862074
topcell,internal_test,configured_data_pool,id_const_b30_h160_p0_cold,physical_rc,0.5,3,4,0.5751748791689473,0,720,0.08003419952523756,0.035246792280586386,-0.023485826374506105,0.8882882039242759,0.008775013283621794
topcell,internal_test,configured_data_pool,id_const_b30_h160_p0_cold,mlp,0.5,3,4,0.5751748791689473,0,720,0.4178915845654581,0.34188048728784726,0.07581631357531061,1.3865434803771919,0.4424605527425063
topcell,internal_test,configured_data_pool,id_const_b30_h160_p0_cold,cnn1d,0.5,3,4,0.5751748791689473,0,720,0.43469853786342594,0.33491292311433946,0.26469448239560656,0.9108862353697518,0.34516364943706135
topcell,internal_test,configured_data_pool,id_const_b30_h160_p0_cold,tcn,0.5,3,4,0.5751748791689473,0,720,0.43098989541226934,0.3891992926263438,-0.05944781738714066,1.2706844022624324,0.4928132702907813
topcell,internal_test,configured_data_pool,id_const_b30_h160_p0_cold,gru,0.5,3,4,0.5751748791689473,0,720,0.273522112787043,0.20469451092022117,0.17145509764612768,0.8849982481427432,0.24997285862800375
topcell,internal_test,configured_data_pool,id_const_b30_h160_p0_cold,lstm,0.5,3,4,0.5751748791689473,0,720,0.5566617838222346,0.3941092646829917,0.3476357101706636,1.089594689767992,0.5689854594294097
topcell,internal_test,configured_data_pool,id_const_b30_h160_p0_gradient,physical_rc,0.5,3,4,0.7386586017313419,0,720,0.17157267701114504,0.11786865644986864,-0.10773934952765987,1.140033260115672,0.027659266813021603
topcell,internal_test,configured_data_pool,id_const_b30_h160_p0_gradient,mlp,0.5,3,4,0.7386586017313419,0,720,0.36819785018892487,0.26757131821859376,0.010472099171765364,1.8029099012374914,0.3142759837760922
topcell,internal_test,configured_data_pool,id_const_b30_h160_p0_gradient,cnn1d,0.5,3,4,0.7386586017313419,0,720,0.24059516321677155,0.20670796489253457,0.03214367913275525,1.218134635123242,0.24975116718166845
topcell,internal_test,configured_data_pool,id_const_b30_h160_p0_gradient,tcn,0.5,3,4,0.7386586017313419,0,720,0.7102354231489767,0.5431804700067526,-0.032616577496461414,1.6185700321357785,0.8387331664378693
topcell,internal_test,configured_data_pool,id_const_b30_h160_p0_gradient,gru,0.5,3,4,0.7386586017313419,0,720,0.27506366639024094,0.2170252756956823,-0.19370443139043322,1.134613762612112,0.16935798112407371
topcell,internal_test,configured_data_pool,id_const_b30_h160_p0_gradient,lstm,0.5,3,4,0.7386586017313419,0,720,0.1708694541858401,0.12772782760437348,-0.07184984145039101,1.227078482129322,0.2025893050099848
topcell,internal_test,configured_data_pool,id_const_b30_h160_p0_nominal,physical_rc,0.5,3,4,0.7857225954956581,0,720,0.21674594951636314,0.15092866732330806,-0.14555015441153032,1.2867422169863119,0.03549235019750308
topcell,internal_test,configured_data_pool,id_const_b30_h160_p0_nominal,mlp,0.5,3,4,0.7857225954956581,0,720,0.4388206587654283,0.3254979396883112,-0.09931310599043063,1.1695384292885223,0.4497425971896696
topcell,internal_test,configured_data_pool,id_const_b30_h160_p0_nominal,cnn1d,0.5,3,4,0.7857225954956581,0,720,0.6070556572477961,0.5102909133095006,0.21834107510994244,1.3719014852233542,0.6201858673699157
topcell,internal_test,configured_data_pool,id_const_b30_h160_p0_nominal,tcn,0.5,3,4,0.7857225954956581,0,720,0.47075937173879806,0.4100801830000573,0.01219834500093021,1.2208752039821036,0.5318294079265443
topcell,internal_test,configured_data_pool,id_const_b30_h160_p0_nominal,gru,0.5,3,4,0.7857225954956581,0,720,0.48241193583510744,0.3947834105351761,-0.24621887886415053,1.3473564964758253,0.41137773055569615
topcell,internal_test,configured_data_pool,id_const_b30_h160_p0_nominal,lstm,0.5,3,4,0.7857225954956581,0,720,0.4053822211624701,0.2945914468118481,-0.15858319434672047,1.3125151037218785,0.40222946901244194
topcell,internal_test,configured_data_pool,id_ramp_brine_b10_h200_p150,physical_rc,0.5,3,4,0.5190392879750491,0,720,0.1657411090554394,0.1160015592249491,0.10956728951933559,0.8868085004139772,0.018109261770164222
topcell,internal_test,configured_data_pool,id_ramp_brine_b10_h200_p150,mlp,0.5,3,4,0.5190392879750491,0,720,0.3502443366684851,0.26939611185233764,0.17292124079399304,0.9360805535923262,0.392852272102091
topcell,internal_test,configured_data_pool,id_ramp_brine_b10_h200_p150,cnn1d,0.5,3,4,0.5190392879750491,0,720,0.4930105594827206,0.4438300512136178,0.4353553101510246,0.898614576948745,0.5822516647352435
topcell,internal_test,configured_data_pool,id_ramp_brine_b10_h200_p150,tcn,0.5,3,4,0.5190392879750491,0,720,0.7741625358662229,0.6536721409319354,-0.5173474767201095,1.5919525624403263,0.6219914829108072
topcell,internal_test,configured_data_pool,id_ramp_brine_b10_h200_p150,gru,0.5,3,4,0.5190392879750491,0,720,0.36891085956230724,0.31583096091508545,0.3080620766256376,0.8501600854698808,0.1782785711223174
topcell,internal_test,configured_data_pool,id_ramp_brine_b10_h200_p150,lstm,0.5,3,4,0.5190392879750491,0,720,0.47613429958046694,0.4036205013872791,0.3955223590292974,0.9263775857799601,0.48975439558724265
topcell,internal_test,configured_data_pool,id_ramp_plasma_b10_h200_p150,physical_rc,0.5,3,4,0.4876646534881662,0,720,0.06756797650694432,0.03541975138829768,0.004215011597854485,0.6040178425500002,0.04186803324696184
topcell,internal_test,configured_data_pool,id_ramp_plasma_b10_h200_p150,mlp,0.5,3,4,0.4876646534881662,0,720,0.6868622806101271,0.5970162544446999,-0.11708975646175027,1.5079212413308767,0.4203861694681086
topcell,internal_test,configured_data_pool,id_ramp_plasma_b10_h200_p150,cnn1d,0.5,3,4,0.4876646534881662,0,720,0.5693206835440161,0.47118411971820534,0.2854985538957633,1.175546102849637,0.4983971637156324
topcell,internal_test,configured_data_pool,id_ramp_plasma_b10_h200_p150,tcn,0.5,3,4,0.4876646534881662,0,720,1.2525720617404061,0.8984262389651055,-0.5607189704874591,3.2903108455256245,1.4475518591849572
topcell,internal_test,configured_data_pool,id_ramp_plasma_b10_h200_p150,gru,0.5,3,4,0.4876646534881662,0,720,0.895856081186613,0.7162503206809165,-0.5990032412777139,2.013625164022642,1.2576757043822424
topcell,internal_test,configured_data_pool,id_ramp_plasma_b10_h200_p150,lstm,0.5,3,4,0.4876646534881662,0,720,0.5742380319277232,0.4763424378114637,-0.2441326210170799,1.3960289495391862,0.8030754618813462
topcell,internal_test,configured_data_pool,id_const_b10_h200_p0_cold,physical_rc,0.5,3,4,0.45661262177450557,0,720,0.16570837350583575,0.13501802725320064,-0.13501802725320064,0.7107110025341612,0.0357982539364133
topcell,internal_test,configured_data_pool,id_const_b10_h200_p0_cold,mlp,0.5,3,4,0.45661262177450557,0,720,0.8994666258634371,0.7186360431375098,0.36374379771878296,1.860551305612475,0.5501691663798016
topcell,internal_test,configured_data_pool,id_const_b10_h200_p0_cold,cnn1d,0.5,3,4,0.45661262177450557,0,720,0.4632955466890308,0.3661355080283514,-0.028810321098121268,0.9309301504346053,0.4448860604154023
topcell,internal_test,configured_data_pool,id_const_b10_h200_p0_cold,tcn,0.5,3,4,0.45661262177450557,0,720,0.8288820981905928,0.7421105784236766,-0.7233914558356614,1.4047228784763348,0.16195514857768825
topcell,internal_test,configured_data_pool,id_const_b10_h200_p0_cold,gru,0.5,3,4,0.45661262177450557,0,720,0.42405036649941846,0.35599661297130475,0.09433820252142912,0.7750327415089231,0.4955251622285751
topcell,internal_test,configured_data_pool,id_const_b10_h200_p0_cold,lstm,0.5,3,4,0.45661262177450557,0,720,0.310192622752329,0.23882610660329134,-0.012018883501971563,0.7867166670184176,0.24535344988055327
topcell,internal_test,configured_data_pool,id_const_b10_h200_p0_gradient,physical_rc,0.5,3,4,0.4742581318349604,0,720,0.06534703637166178,0.029977504045962985,-0.01643454960225039,0.6852500331044737,0.010737198517458076
topcell,internal_test,configured_data_pool,id_const_b10_h200_p0_gradient,mlp,0.5,3,4,0.4742581318349604,0,720,0.375160862884463,0.31887362650896156,0.2910911527018155,1.023915313394724,0.08170557834937456
topcell,internal_test,configured_data_pool,id_const_b10_h200_p0_gradient,cnn1d,0.5,3,4,0.4742581318349604,0,720,0.3078494657835896,0.2319322719537024,0.08430368256916534,0.6987929632057472,0.2682528657589449
topcell,internal_test,configured_data_pool,id_const_b10_h200_p0_gradient,tcn,0.5,3,4,0.4742581318349604,0,720,0.8858633027321902,0.672791687478188,-0.27979808005921647,1.9323797882691025,0.9796233249076945
topcell,internal_test,configured_data_pool,id_const_b10_h200_p0_gradient,gru,0.5,3,4,0.4742581318349604,0,720,0.19226696777542843,0.16164505421064004,-0.0016770058510355056,0.7110947724733805,0.22324787532009727
topcell,internal_test,configured_data_pool,id_const_b10_h200_p0_gradient,lstm,0.5,3,4,0.4742581318349604,0,720,0.17933160197558484,0.1384724714235839,-0.03974039853579127,0.7251511579840582,0.13537193966340827
topcell,internal_test,configured_data_pool,id_const_b10_h200_p0_nominal,physical_rc,0.5,3,4,0.5727073545762228,0,720,0.15420066818948938,0.11777237816067034,-0.11633327188500463,0.8224115047633589,0.03254032823370314
topcell,internal_test,configured_data_pool,id_const_b10_h200_p0_nominal,mlp,0.5,3,4,0.5727073545762228,0,720,0.8821955384872036,0.7820999960135337,0.04467235762761848,1.5772843218237682,0.8363491986281623
topcell,internal_test,configured_data_pool,id_const_b10_h200_p0_nominal,cnn1d,0.5,3,4,0.5727073545762228,0,720,0.4363045327150263,0.34065594789026743,-0.206582171605163,1.09374276157223,0.32442069012221947
topcell,internal_test,configured_data_pool,id_const_b10_h200_p0_nominal,tcn,0.5,3,4,0.5727073545762228,0,720,0.9938281278756833,0.8056007972055564,-0.49400417030431404,1.7389001683282714,0.7544426603342895
topcell,internal_test,configured_data_pool,id_const_b10_h200_p0_nominal,gru,0.5,3,4,0.5727073545762228,0,720,0.513440444771676,0.3907581742208193,-0.383780308447155,1.0327270639315032,0.35238495573243145
topcell,internal_test,configured_data_pool,id_const_b10_h200_p0_nominal,lstm,0.5,3,4,0.5727073545762228,0,720,0.7330157614267567,0.5408503571381182,-0.5300956461895823,1.3750517815838634,0.7632392213840944
topcell,internal_test,configured_data_pool,id_const_b30_h200_p100_cold,physical_rc,0.5,4,4,0.5284837838978906,0,720,0.2027607737038703,0.1602171357128119,0.1602171357128119,0.8875859291368542,0.0313891529093186
topcell,internal_test,configured_data_pool,id_const_b30_h200_p100_cold,mlp,0.5,4,4,0.5284837838978906,0,720,0.32632527484069174,0.2644118411163861,-0.011523963544283342,0.916674367735105,0.3363516922580846
topcell,internal_test,configured_data_pool,id_const_b30_h200_p100_cold,cnn1d,0.5,4,4,0.5284837838978906,0,720,0.5288590236676928,0.4297199324969888,0.4262618241959252,1.0219241127872891,0.559448813734816
topcell,internal_test,configured_data_pool,id_const_b30_h200_p100_cold,tcn,0.5,4,4,0.5284837838978906,0,720,0.6644236355965502,0.5552341591646784,-0.4639903076011608,1.4553455681305678,0.2737049126604779
topcell,internal_test,configured_data_pool,id_const_b30_h200_p100_cold,gru,0.5,4,4,0.5284837838978906,0,720,0.29243553519320864,0.23528434471099843,0.16662504561064317,0.8607237523180515,0.20616954449737762
topcell,internal_test,configured_data_pool,id_const_b30_h200_p100_cold,lstm,0.5,4,4,0.5284837838978906,0,720,0.36514559319393686,0.28928457831116555,0.28922435576188044,0.8810259581636686,0.24919242915048953
topcell,internal_test,configured_data_pool,id_const_b30_h200_p100_gradient,physical_rc,0.5,4,4,0.7091461433879497,0,720,0.2100590295495156,0.1632648327293861,0.1632648327293861,1.211140747427315,0.03138816312834044
topcell,internal_test,configured_data_pool,id_const_b30_h200_p100_gradient,mlp,0.5,4,4,0.7091461433879497,0,720,0.8202175477855158,0.6554916617328215,0.3382154867253043,1.5540819444606342,0.695864074589044
topcell,internal_test,configured_data_pool,id_const_b30_h200_p100_gradient,cnn1d,0.5,4,4,0.7091461433879497,0,720,0.6729005585769774,0.4939100351932451,0.32291305201113835,1.3893657599996772,0.6094412841361578
topcell,internal_test,configured_data_pool,id_const_b30_h200_p100_gradient,tcn,0.5,4,4,0.7091461433879497,0,720,0.8549249324410576,0.726055150753536,-0.1755396257478694,1.8999766556869702,1.018419976354121
topcell,internal_test,configured_data_pool,id_const_b30_h200_p100_gradient,gru,0.5,4,4,0.7091461433879497,0,720,0.7008450006316539,0.5494770184082332,0.46293131067094123,1.3768190934993925,0.5473690492539393
topcell,internal_test,configured_data_pool,id_const_b30_h200_p100_gradient,lstm,0.5,4,4,0.7091461433879497,0,720,0.836803807226324,0.6605377654386619,0.6405931964500962,1.602828640063933,0.7417656422565938
topcell,internal_test,configured_data_pool,id_const_b30_h200_p100_nominal,physical_rc,0.5,4,4,0.28391998111590305,0,720,0.04561589124049513,0.025187445402933703,-0.020028751729065992,0.34256577813505373,0.012259568039775438
topcell,internal_test,configured_data_pool,id_const_b30_h200_p100_nominal,mlp,0.5,4,4,0.28391998111590305,0,720,0.2629920331968164,0.19557988886450417,-0.1320896492227955,0.580699316549385,0.2767660955159556
topcell,internal_test,configured_data_pool,id_const_b30_h200_p100_nominal,cnn1d,0.5,4,4,0.28391998111590305,0,720,0.249372820971635,0.2080189869711651,0.1859109928066278,0.46060849984372965,0.25646503417536615
topcell,internal_test,configured_data_pool,id_const_b30_h200_p100_nominal,tcn,0.5,4,4,0.28391998111590305,0,720,0.6751157443480285,0.5405136459602425,-0.4676458910057588,1.5548617565413991,0.46837383107142805
topcell,internal_test,configured_data_pool,id_const_b30_h200_p100_nominal,gru,0.5,4,4,0.28391998111590305,0,720,0.1970123917547642,0.16541020957550265,0.1513000522654399,0.37162611897650777,0.1397481401151099
topcell,internal_test,configured_data_pool,id_const_b30_h200_p100_nominal,lstm,0.5,4,4,0.28391998111590305,0,720,0.37162814900139113,0.3342678553220292,0.31551685184828354,0.652044733964587,0.3282998386787473
topcell,internal_test,configured_data_pool,id_const_b20_h160_p150_cold,physical_rc,0.5,4,4,0.6635271939696994,0,720,0.08548151525266155,0.04864205764875295,0.03998282153462104,0.926149816351753,0.010351344910697566
topcell,internal_test,configured_data_pool,id_const_b20_h160_p150_cold,mlp,0.5,4,4,0.6635271939696994,0,720,0.9992284449501158,0.825883657890021,0.2949233501168916,1.932937626096873,1.1249923003091808
topcell,internal_test,configured_data_pool,id_const_b20_h160_p150_cold,cnn1d,0.5,4,4,0.6635271939696994,0,720,0.5751851822955585,0.4695969409706986,0.3954876804339377,1.114508112331606,0.7027462459791864
topcell,internal_test,configured_data_pool,id_const_b20_h160_p150_cold,tcn,0.5,4,4,0.6635271939696994,0,720,1.0645633094968328,0.8221195071763371,-0.5920934939319029,2.5314127151423094,0.8818590688481921
topcell,internal_test,configured_data_pool,id_const_b20_h160_p150_cold,gru,0.5,4,4,0.6635271939696994,0,720,0.3868542616735471,0.32652224763638876,0.3046834597894951,1.0077990922683995,0.08688805240102744
topcell,internal_test,configured_data_pool,id_const_b20_h160_p150_cold,lstm,0.5,4,4,0.6635271939696994,0,720,0.37793236778719563,0.3148053729068824,0.2930939819681545,1.0258258442682262,0.32615407226018195
topcell,internal_test,configured_data_pool,id_const_b20_h160_p150_gradient,physical_rc,0.5,4,4,0.2773694277410222,0,720,0.07556447762310968,0.050594148915129804,0.04771415906194076,0.43108336777629574,0.011004659276015271
topcell,internal_test,configured_data_pool,id_const_b20_h160_p150_gradient,mlp,0.5,4,4,0.2773694277410222,0,720,0.28723668769756844,0.2375085869838825,0.1003658529719492,0.7496606684273956,0.2286334236116027
topcell,internal_test,configured_data_pool,id_const_b20_h160_p150_gradient,cnn1d,0.5,4,4,0.2773694277410222,0,720,0.2733546240211404,0.23920487636693785,0.09577909179249253,0.61109745460287,0.2881004285508157
topcell,internal_test,configured_data_pool,id_const_b20_h160_p150_gradient,tcn,0.5,4,4,0.2773694277410222,0,720,0.6676256126178031,0.5553725692384466,-0.3468543729577742,1.23148128386714,0.6192594015203166
topcell,internal_test,configured_data_pool,id_const_b20_h160_p150_gradient,gru,0.5,4,4,0.2773694277410222,0,720,0.26522582749466783,0.22103938956947436,-0.20116161423333243,0.516750399074283,0.35286534140565623
topcell,internal_test,configured_data_pool,id_const_b20_h160_p150_gradient,lstm,0.5,4,4,0.2773694277410222,0,720,0.2687857729132828,0.2219997259192805,-0.1209805336106596,0.5500305251326552,0.3131250566067989
topcell,internal_test,configured_data_pool,id_const_b20_h160_p150_nominal,physical_rc,0.5,4,4,0.5952952759487132,0,720,0.1429910935969078,0.09430892544137295,0.07686085653900487,0.8656864761850187,0.01643905338893761
topcell,internal_test,configured_data_pool,id_const_b20_h160_p150_nominal,mlp,0.5,4,4,0.5952952759487132,0,720,0.5557731159046535,0.4492014783267652,0.13626963689100052,1.0029128695189797,0.4783093503848222
topcell,internal_test,configured_data_pool,id_const_b20_h160_p150_nominal,cnn1d,0.5,4,4,0.5952952759487132,0,720,0.47075688679559874,0.37164000893103377,0.33557435003492164,0.9621067517254716,0.5389063433685892
topcell,internal_test,configured_data_pool,id_const_b20_h160_p150_nominal,tcn,0.5,4,4,0.5952952759487132,0,720,0.8509833780672823,0.678439731453661,-0.4604975482373847,1.8846177678469473,0.661303806078694
topcell,internal_test,configured_data_pool,id_const_b20_h160_p150_nominal,gru,0.5,4,4,0.5952952759487132,0,720,0.5949598620328512,0.5007849813944848,0.4378078394690216,1.1394995693465262,0.38208810496955437
topcell,internal_test,configured_data_pool,id_const_b20_h160_p150_nominal,lstm,0.5,4,4,0.5952952759487132,0,720,0.6198051467326112,0.5187804917062631,0.49614887543098746,1.114670964245846,0.6431363517138623
topcell,internal_test,configured_data_pool,id_const_b20_h120_p50_cold,physical_rc,0.5,4,4,0.1986780133843218,0,720,0.08566730355184032,0.0691861672165844,-0.0691861672165844,0.26090067232289726,0.017612353223446293
topcell,internal_test,configured_data_pool,id_const_b20_h120_p50_cold,mlp,0.5,4,4,0.1986780133843218,0,720,0.15502422917634145,0.13697791450040261,-0.1266913659902535,0.3748994645107828,0.11430580566074888
topcell,internal_test,configured_data_pool,id_const_b20_h120_p50_cold,cnn1d,0.5,4,4,0.1986780133843218,0,720,0.1026479237806242,0.08356756379304842,-0.0035616895152898566,0.28167477427103194,0.062190330899421026
topcell,internal_test,configured_data_pool,id_const_b20_h120_p50_cold,tcn,0.5,4,4,0.1986780133843218,0,720,0.4030179022245871,0.3508010064643576,-0.34124527688937584,0.695730156602167,0.07420655698041301
topcell,internal_test,configured_data_pool,id_const_b20_h120_p50_cold,gru,0.5,4,4,0.1986780133843218,0,720,0.16631283475375544,0.1521305218937756,-0.1521305218937756,0.30875323113465925,0.053913313506599427
topcell,internal_test,configured_data_pool,id_const_b20_h120_p50_cold,lstm,0.5,4,4,0.1986780133843218,0,720,0.11266471274502492,0.08935847616848262,-0.0624558421913157,0.287337192855901,0.05355743555526131
topcell,internal_test,configured_data_pool,id_const_b20_h120_p50_gradient,physical_rc,0.5,4,4,0.5436808758129617,0,720,0.06765622239839196,0.030070460967562548,-0.01573421113610971,0.7032431745995851,0.006752401268665328
topcell,internal_test,configured_data_pool,id_const_b20_h120_p50_gradient,mlp,0.5,4,4,0.5436808758129617,0,720,0.8392453377761938,0.7165570962898661,0.07359780936938816,1.792448017623002,0.9620741917010044
topcell,internal_test,configured_data_pool,id_const_b20_h120_p50_gradient,cnn1d,0.5,4,4,0.5436808758129617,0,720,0.5337632286337404,0.48887579950519283,0.007717441581907271,0.9238126791362191,0.5378473075105937
topcell,internal_test,configured_data_pool,id_const_b20_h120_p50_gradient,tcn,0.5,4,4,0.5436808758129617,0,720,0.6446203094001672,0.5997465420230069,-0.04167896052559764,1.042434918623016,0.6487466667305901
topcell,internal_test,configured_data_pool,id_const_b20_h120_p50_gradient,gru,0.5,4,4,0.5436808758129617,0,720,0.6425352463008956,0.5468775858332534,-0.2951814925529958,1.0467673476012465,0.6163650977504325
topcell,internal_test,configured_data_pool,id_const_b20_h120_p50_gradient,lstm,0.5,4,4,0.5436808758129617,0,720,0.6031307049906344,0.4927097072215245,-0.1586297182073001,1.1822206052070214,0.6210242709847463
topcell,internal_test,configured_data_pool,id_const_b20_h120_p50_nominal,physical_rc,0.5,4,4,0.4556323731949269,0,720,0.06625023138368522,0.02730236604864546,0.013509430017397378,0.5997639039769851,0.0033850958353859313
topcell,internal_test,configured_data_pool,id_const_b20_h120_p50_nominal,mlp,0.5,4,4,0.4556323731949269,0,720,0.5541274727759773,0.37903139718067946,-0.17296709672315538,1.1707850165276312,0.5539112689597568
topcell,internal_test,configured_data_pool,id_const_b20_h120_p50_nominal,cnn1d,0.5,4,4,0.4556323731949269,0,720,0.4769175492738574,0.416667834594684,0.04015496152861852,0.8862354812219735,0.4954146406284829
topcell,internal_test,configured_data_pool,id_const_b20_h120_p50_nominal,tcn,0.5,4,4,0.4556323731949269,0,720,0.6383135917234399,0.5528333575466665,-0.17032792794673954,1.2787346662578898,0.5762117133003614
topcell,internal_test,configured_data_pool,id_const_b20_h120_p50_nominal,gru,0.5,4,4,0.4556323731949269,0,720,0.5205058306503869,0.45665116097920455,-0.21300882103988922,0.8532293459752651,0.5137094862393895
topcell,internal_test,configured_data_pool,id_const_b20_h120_p50_nominal,lstm,0.5,4,4,0.4556323731949269,0,720,0.4964829811924603,0.40188025056038346,-0.13590255264042367,0.9792328205484182,0.5111978437421214
topcell,internal_test,configured_data_pool,id_const_b30_h120_p50_cold,physical_rc,0.5,4,4,0.583863437178739,0,720,0.10841815846668053,0.07033849287405773,0.06289658997567836,0.6113003866672599,0.012054998056021591
topcell,internal_test,configured_data_pool,id_const_b30_h120_p50_cold,mlp,0.5,4,4,0.583863437178739,0,720,0.5540378303145125,0.452269022195753,-0.029993832765990852,1.0714808017465316,0.5525342138796866
topcell,internal_test,configured_data_pool,id_const_b30_h120_p50_cold,cnn1d,0.5,4,4,0.583863437178739,0,720,0.4683553236997977,0.43210960640904844,0.0704705116350082,0.7539988897193624,0.43804685069772176
topcell,internal_test,configured_data_pool,id_const_b30_h120_p50_cold,tcn,0.5,4,4,0.583863437178739,0,720,0.5340323508206626,0.43612543586190783,-0.010783120088636307,1.1635788752357712,0.5189967945215864
topcell,internal_test,configured_data_pool,id_const_b30_h120_p50_cold,gru,0.5,4,4,0.583863437178739,0,720,0.6167825204400673,0.47897380292013436,-0.35306385753052777,1.0722580929893155,0.5894486537581969
topcell,internal_test,configured_data_pool,id_const_b30_h120_p50_cold,lstm,0.5,4,4,0.583863437178739,0,720,0.6405465602150836,0.48016796698889974,-0.22624292143247166,1.304889429519136,0.6892397458255447
topcell,internal_test,configured_data_pool,id_const_b30_h120_p50_gradient,physical_rc,0.5,4,4,0.42384248072013103,0,720,0.07890927476097269,0.046114226460601156,-0.03924603432444748,0.7169158358745378,0.011528315372337507
topcell,internal_test,configured_data_pool,id_const_b30_h120_p50_gradient,mlp,0.5,4,4,0.42384248072013103,0,720,0.2981592731616859,0.2405166596773503,-0.025515925782861132,1.101955063728333,0.37457326139911823
topcell,internal_test,configured_data_pool,id_const_b30_h120_p50_gradient,cnn1d,0.5,4,4,0.42384248072013103,0,720,0.15225502351560471,0.11946098261305503,-0.02762471053319109,0.8410523923687308,0.12263390047354365
topcell,internal_test,configured_data_pool,id_const_b30_h120_p50_gradient,tcn,0.5,4,4,0.42384248072013103,0,720,0.33107345971037827,0.25084785265771053,-0.15092989017565295,1.115091244549781,0.34774098042638735
topcell,internal_test,configured_data_pool,id_const_b30_h120_p50_gradient,gru,0.5,4,4,0.42384248072013103,0,720,0.19547120109553912,0.15341162505578504,-0.09497841072416256,0.7610180965981144,0.15214199258104957
topcell,internal_test,configured_data_pool,id_const_b30_h120_p50_gradient,lstm,0.5,4,4,0.42384248072013103,0,720,0.15334116077512683,0.12846066006375875,0.05571037299578911,0.8102042671820158,0.17343528956132198
topcell,internal_test,configured_data_pool,id_const_b30_h120_p50_nominal,physical_rc,0.5,4,4,0.4028792914685418,0,720,0.14855218899331055,0.11666427408681285,0.11666427408681285,0.697150975216239,0.02394793689132625
topcell,internal_test,configured_data_pool,id_const_b30_h120_p50_nominal,mlp,0.5,4,4,0.4028792914685418,0,720,0.33979143991350796,0.29675612033720805,-0.02443058828648601,0.763100740822324,0.29909241309489826
topcell,internal_test,configured_data_pool,id_const_b30_h120_p50_nominal,cnn1d,0.5,4,4,0.4028792914685418,0,720,0.23072782233274175,0.19577129328284157,0.11798211417464288,0.7333032054102802,0.17596686641819997
topcell,internal_test,configured_data_pool,id_const_b30_h120_p50_nominal,tcn,0.5,4,4,0.4028792914685418,0,720,0.5743479865248347,0.514209846361256,-0.07285205626496798,0.9351266413855654,0.5387652861659757
topcell,internal_test,configured_data_pool,id_const_b30_h120_p50_nominal,gru,0.5,4,4,0.4028792914685418,0,720,0.16409947762354996,0.13630696374285065,-0.017036122441384232,0.6786779535573118,0.14289983852482444
topcell,internal_test,configured_data_pool,id_const_b30_h120_p50_nominal,lstm,0.5,4,4,0.4028792914685418,0,720,0.22266537588895297,0.19123509396088842,0.06533589890498154,0.7014027229880782,0.17966354122133962
topcell,internal_test,configured_data_pool,id_ramp_brine_b10_h160_p50,physical_rc,0.5,4,4,0.7846591797250955,0,720,0.1506117082416898,0.10525062275704217,-0.09969375134957073,1.2403858225599649,0.029065293853096433
topcell,internal_test,configured_data_pool,id_ramp_brine_b10_h160_p50,mlp,0.5,4,4,0.7846591797250955,0,720,0.7431270712667936,0.546825864597509,-0.15367307118561713,1.6976232840560783,0.8816511184994437
topcell,internal_test,configured_data_pool,id_ramp_brine_b10_h160_p50,cnn1d,0.5,4,4,0.7846591797250955,0,720,0.34319150297236334,0.2666999985900046,-0.18052161328235716,1.374899081886312,0.4067965800093075
topcell,internal_test,configured_data_pool,id_ramp_brine_b10_h160_p50,tcn,0.5,4,4,0.7846591797250955,0,720,0.8273577274357987,0.6605259553158332,-0.34865911098935315,1.8667170083467752,0.6705736456518464
topcell,internal_test,configured_data_pool,id_ramp_brine_b10_h160_p50,gru,0.5,4,4,0.7846591797250955,0,720,0.2907401683962556,0.2366552500656778,-0.0512000031590348,1.2622481305109687,0.2928555944955199
topcell,internal_test,configured_data_pool,id_ramp_brine_b10_h160_p50,lstm,0.5,4,4,0.7846591797250955,0,720,0.313380182993286,0.23927777074023754,-0.0031094751636221514,1.3922514782209916,0.3726458413140413
topcell,internal_test,configured_data_pool,id_const_b30_h80_p50_cold,physical_rc,0.5,4,4,0.6030519020294194,0,720,0.1168299687263761,0.06924018683603843,-0.06197531019975307,0.8154059655514985,0.013860576116187667
topcell,internal_test,configured_data_pool,id_const_b30_h80_p50_cold,mlp,0.5,4,4,0.6030519020294194,0,720,0.5990755124375675,0.5346513386066166,0.13091017706111788,1.111068206475288,0.7104201522798695
topcell,internal_test,configured_data_pool,id_const_b30_h80_p50_cold,cnn1d,0.5,4,4,0.6030519020294194,0,720,0.4638214470969366,0.3395735908909782,0.18042144036400423,0.8946084954440394,0.3571073397648842
topcell,internal_test,configured_data_pool,id_const_b30_h80_p50_cold,tcn,0.5,4,4,0.6030519020294194,0,720,0.5724062786856565,0.4979619437519408,0.007778725000941981,0.9973655012779048,0.554704687304677
topcell,internal_test,configured_data_pool,id_const_b30_h80_p50_cold,gru,0.5,4,4,0.6030519020294194,0,720,0.37189035938475246,0.30457356373636973,0.1623849168412084,0.8182424071695138,0.3371301159395872
topcell,internal_test,configured_data_pool,id_const_b30_h80_p50_cold,lstm,0.5,4,4,0.6030519020294194,0,720,0.3834277819646879,0.3139938318710651,0.15472203250315206,0.8660241816037839,0.3708379554097184
topcell,internal_test,configured_data_pool,id_const_b30_h80_p50_gradient,physical_rc,0.5,4,4,0.4734221128502969,0,720,0.08129204202484303,0.03412784864935991,0.013509183344189936,0.6779445895670975,0.0038609901279141965
topcell,internal_test,configured_data_pool,id_const_b30_h80_p50_gradient,mlp,0.5,4,4,0.4734221128502969,0,720,0.4216565028331171,0.33004459936427694,0.1258404641559462,0.9252838930368483,0.5098321745323309
topcell,internal_test,configured_data_pool,id_const_b30_h80_p50_gradient,cnn1d,0.5,4,4,0.4734221128502969,0,720,0.31058303848413454,0.2860690510968803,-0.005008077611981607,0.7539331893840497,0.3817106472836891
topcell,internal_test,configured_data_pool,id_const_b30_h80_p50_gradient,tcn,0.5,4,4,0.4734221128502969,0,720,0.34154020615069003,0.28040870156298764,0.14218417689553056,0.8677609079905153,0.1781828614387033
topcell,internal_test,configured_data_pool,id_const_b30_h80_p50_gradient,gru,0.5,4,4,0.4734221128502969,0,720,0.39527531343435235,0.3499091204921187,-0.33104144214600273,0.7013246968352078,0.3204536090165341
topcell,internal_test,configured_data_pool,id_const_b30_h80_p50_gradient,lstm,0.5,4,4,0.4734221128502969,0,720,0.2718311838253854,0.20441254334534723,-0.06851868960981931,0.7469266887523105,0.23821744251198312
topcell,internal_test,configured_data_pool,id_const_b30_h80_p50_nominal,physical_rc,0.5,4,4,0.6836342822791152,0,720,0.09191927795810444,0.030724664690209992,0.0021245747370451165,0.8260495823045275,0.002877445678766638
topcell,internal_test,configured_data_pool,id_const_b30_h80_p50_nominal,mlp,0.5,4,4,0.6836342822791152,0,720,0.5526086245413077,0.44216005811258163,0.037879317695200594,1.0049176556488817,0.526537275286931
topcell,internal_test,configured_data_pool,id_const_b30_h80_p50_nominal,cnn1d,0.5,4,4,0.6836342822791152,0,720,0.7214523117217871,0.6196944154905751,-0.14100892062748416,1.4446167311450182,0.8259216880441195
topcell,internal_test,configured_data_pool,id_const_b30_h80_p50_nominal,tcn,0.5,4,4,0.6836342822791152,0,720,0.5982212211909621,0.547248955577009,0.07527475687489336,0.9424988600445872,0.5162497143216099
topcell,internal_test,configured_data_pool,id_const_b30_h80_p50_nominal,gru,0.5,4,4,0.6836342822791152,0,720,0.7568867392284989,0.5996579911969846,-0.42980527227241844,1.314740909675514,0.7374937317125718
topcell,internal_test,configured_data_pool,id_const_b30_h80_p50_nominal,lstm,0.5,4,4,0.6836342822791152,0,720,0.6854165705022057,0.5411826757266248,-0.2208028370841648,1.3392865687568332,0.7150145265534951
topcell,internal_test,configured_data_pool,id_const_b10_h80_p0_cold,physical_rc,0.5,4,4,0.4119572771400548,0,720,0.07262060976934331,0.037514312919144976,-0.026533636187305257,0.6364255914557759,0.006936881580760206
topcell,internal_test,configured_data_pool,id_const_b10_h80_p0_cold,mlp,0.5,4,4,0.4119572771400548,0,720,0.5348144002905093,0.40900345984326963,-0.0018821673547315281,1.0997808995947267,0.40632639620435534
topcell,internal_test,configured_data_pool,id_const_b10_h80_p0_cold,cnn1d,0.5,4,4,0.4119572771400548,0,720,0.40684091001296885,0.31013452492885357,0.23332013753928924,0.7793803998818305,0.4385408512641441
topcell,internal_test,configured_data_pool,id_const_b10_h80_p0_cold,tcn,0.5,4,4,0.4119572771400548,0,720,0.9874409860836756,0.7837276457048059,0.5674718842733215,2.127110726377211,0.567641108742912
topcell,internal_test,configured_data_pool,id_const_b10_h80_p0_cold,gru,0.5,4,4,0.4119572771400548,0,720,0.3585830428881567,0.28531456583725834,0.14767260425291553,0.6892423548803421,0.41022216678581863
topcell,internal_test,configured_data_pool,id_const_b10_h80_p0_cold,lstm,0.5,4,4,0.4119572771400548,0,720,0.47884293514282217,0.414866967541882,0.34856631166854946,0.8663092796958338,0.5411592447382796
topcell,internal_test,configured_data_pool,id_const_b10_h80_p0_gradient,physical_rc,0.5,4,4,0.33417011953520337,0,720,0.05697875903484549,0.018852109127348075,-0.0024992168904600554,0.5468960038626989,0.0021093919314906302
topcell,internal_test,configured_data_pool,id_const_b10_h80_p0_gradient,mlp,0.5,4,4,0.33417011953520337,0,720,0.3424501413937798,0.2778404693611318,0.19287699896079724,0.7068788512299164,0.40711279455209254
topcell,internal_test,configured_data_pool,id_const_b10_h80_p0_gradient,cnn1d,0.5,4,4,0.33417011953520337,0,720,0.2637889933530997,0.21534849249927876,0.19027156577592436,0.58998502619243,0.36835685996676837
topcell,internal_test,configured_data_pool,id_const_b10_h80_p0_gradient,tcn,0.5,4,4,0.33417011953520337,0,720,0.5869890707832697,0.5182665523579271,-0.07517208652425017,1.301706145618823,0.5905782252129803
topcell,internal_test,configured_data_pool,id_const_b10_h80_p0_gradient,gru,0.5,4,4,0.33417011953520337,0,720,0.10268477483779773,0.07622933538516359,0.022504483215737565,0.561155553127044,0.09133389388571113
topcell,internal_test,configured_data_pool,id_const_b10_h80_p0_gradient,lstm,0.5,4,4,0.33417011953520337,0,720,0.18039977840287355,0.15743871780040028,0.13575297896284455,0.5801987360512229,0.2132226748731967
topcell,internal_test,configured_data_pool,id_const_b10_h80_p0_nominal,physical_rc,0.5,4,4,0.28613668782628876,0,720,0.07430439587097745,0.05464234963304148,0.05059126239133099,0.312979106176833,0.010554122097701539
topcell,internal_test,configured_data_pool,id_const_b10_h80_p0_nominal,mlp,0.5,4,4,0.28613668782628876,0,720,0.2816613600613549,0.20179562081500566,0.13924013039278288,0.6413596318069352,0.34630050092497927
topcell,internal_test,configured_data_pool,id_const_b10_h80_p0_nominal,cnn1d,0.5,4,4,0.28613668782628876,0,720,0.3474855911976027,0.27573958644388513,0.2635807027699568,0.7123214510609586,0.4209188847552439
topcell,internal_test,configured_data_pool,id_const_b10_h80_p0_nominal,tcn,0.5,4,4,0.28613668782628876,0,720,0.25954365985965216,0.22327248152521453,-0.030990885879730673,0.5955910736702918,0.3752121790811151
topcell,internal_test,configured_data_pool,id_const_b10_h80_p0_nominal,gru,0.5,4,4,0.28613668782628876,0,720,0.1269514615973764,0.10061775516540732,-0.040773599976230465,0.3401238755519742,0.1433101165447792
topcell,internal_test,configured_data_pool,id_const_b10_h80_p0_nominal,lstm,0.5,4,4,0.28613668782628876,0,720,0.22371631491254,0.19967019901629715,0.17254730968497553,0.3393250205579079,0.23896807107947787
topcell,internal_test,configured_data_pool,id_const_b40_h160_p100_cold,physical_rc,0.5,4,4,0.5815168606506608,0,720,0.16153280370737172,0.1145333129427649,0.1141722525268679,1.0381615150728507,0.023368586810397378
topcell,internal_test,configured_data_pool,id_const_b40_h160_p100_cold,mlp,0.5,4,4,0.5815168606506608,0,720,0.3469231775986327,0.29210749846188977,0.11220322038836357,1.1135500254899782,0.3101122573503238
topcell,internal_test,configured_data_pool,id_const_b40_h160_p100_cold,cnn1d,0.5,4,4,0.5815168606506608,0,720,0.7289548351689877,0.5642643667453014,0.28316620600595,1.4807307447437807,0.831969206687549
topcell,internal_test,configured_data_pool,id_const_b40_h160_p100_cold,tcn,0.5,4,4,0.5815168606506608,0,720,0.5254959208120235,0.43431214526354905,-0.08658473526057366,1.117720909117665,0.6139349212204963
topcell,internal_test,configured_data_pool,id_const_b40_h160_p100_cold,gru,0.5,4,4,0.5815168606506608,0,720,0.4494226777409122,0.42076660136682575,0.02498674026216531,1.038807592820703,0.4120238598284446
topcell,internal_test,configured_data_pool,id_const_b40_h160_p100_cold,lstm,0.5,4,4,0.5815168606506608,0,720,0.45504895145828655,0.40394644942906877,0.036357612437794784,1.0532135710771726,0.39833145373665235
topcell,internal_test,configured_data_pool,id_const_b40_h160_p100_gradient,physical_rc,0.5,4,4,0.6444820667134943,0,720,0.0945432485205821,0.04174833458713308,0.011740816304659507,0.6816541459147913,0.006672116618397916
topcell,internal_test,configured_data_pool,id_const_b40_h160_p100_gradient,mlp,0.5,4,4,0.6444820667134943,0,720,0.7303181809766931,0.6349468783987557,0.17992351266344855,1.095826829502741,0.6707430491719153
topcell,internal_test,configured_data_pool,id_const_b40_h160_p100_gradient,cnn1d,0.5,4,4,0.6444820667134943,0,720,0.47654971747909514,0.38212822014173026,0.18225314114767158,0.9517951052092002,0.5026156840692622
topcell,internal_test,configured_data_pool,id_const_b40_h160_p100_gradient,tcn,0.5,4,4,0.6444820667134943,0,720,0.7198065969906551,0.5740796679494821,0.03753076872805317,1.616140334882573,1.0105422590888455
topcell,internal_test,configured_data_pool,id_const_b40_h160_p100_gradient,gru,0.5,4,4,0.6444820667134943,0,720,0.4436160407424779,0.37977762155889583,0.3554827315471151,0.8369151801554153,0.2681841033758584
topcell,internal_test,configured_data_pool,id_const_b40_h160_p100_gradient,lstm,0.5,4,4,0.6444820667134943,0,720,0.4163610424498459,0.34966804103725574,0.3147041162779265,0.7958188595481133,0.4100003259645817
topcell,internal_test,configured_data_pool,id_const_b40_h160_p100_nominal,physical_rc,0.5,4,4,0.6569131386501242,0,720,0.2337685075251123,0.18067558425016259,0.18067558425016259,1.07546232484642,0.03607264120830054
topcell,internal_test,configured_data_pool,id_const_b40_h160_p100_nominal,mlp,0.5,4,4,0.6569131386501242,0,720,0.5658790856768494,0.44219370357562426,0.07105564082616006,1.1528884927198817,0.6351201885001984
topcell,internal_test,configured_data_pool,id_const_b40_h160_p100_nominal,cnn1d,0.5,4,4,0.6569131386501242,0,720,0.2947513564672592,0.22198352213778563,-0.017993854048876892,1.0786365623873664,0.15355524181907565
topcell,internal_test,configured_data_pool,id_const_b40_h160_p100_nominal,tcn,0.5,4,4,0.6569131386501242,0,720,0.606626701074883,0.4782911341158582,-0.0008583238633618626,1.2169256116282838,0.6910327357917843
topcell,internal_test,configured_data_pool,id_const_b40_h160_p100_nominal,gru,0.5,4,4,0.6569131386501242,0,720,0.25885199927350255,0.19128063396534278,0.1824776964123284,1.0793375203375106,0.17022778816787915
topcell,internal_test,configured_data_pool,id_const_b40_h160_p100_nominal,lstm,0.5,4,4,0.6569131386501242,0,720,0.2554916181280427,0.19011430651338432,0.172603663372901,1.0868859297144198,0.20964375092243584
topcell,internal_test,configured_data_pool,id_const_b10_h80_p150_cold,physical_rc,0.5,4,4,0.37138897942904764,0,720,0.11299505747778367,0.07857282064296456,0.07257600308008547,0.6608182789699981,0.01817876043965092
topcell,internal_test,configured_data_pool,id_const_b10_h80_p150_cold,mlp,0.5,4,4,0.37138897942904764,0,720,0.3317237827364289,0.2712047293763288,0.19007858754934961,0.7474376478222524,0.2604105253748057
topcell,internal_test,configured_data_pool,id_const_b10_h80_p150_cold,cnn1d,0.5,4,4,0.37138897942904764,0,720,0.37662898736671707,0.3449043371700101,0.3239001585290136,0.6770121034726344,0.3099687959474316
topcell,internal_test,configured_data_pool,id_const_b10_h80_p150_cold,tcn,0.5,4,4,0.37138897942904764,0,720,0.567145927000025,0.4595908179788551,-0.3453138052226265,1.4121481101395403,0.46570914479348996
topcell,internal_test,configured_data_pool,id_const_b10_h80_p150_cold,gru,0.5,4,4,0.37138897942904764,0,720,0.14891069133935095,0.12041432441445911,-0.07168147443460562,0.6479563440095433,0.11944637565851834
topcell,internal_test,configured_data_pool,id_const_b10_h80_p150_cold,lstm,0.5,4,4,0.37138897942904764,0,720,0.29950157100072067,0.2602751459670483,-0.04463258834509698,0.6394129499976913,0.3877656056610105
topcell,internal_test,configured_data_pool,id_const_b10_h80_p150_gradient,physical_rc,0.5,4,4,0.3866363765326488,0,720,0.09790845529645023,0.06349002918170253,0.0520379655585771,0.46062175056934507,0.013721667772187694
topcell,internal_test,configured_data_pool,id_const_b10_h80_p150_gradient,mlp,0.5,4,4,0.3866363765326488,0,720,0.2954937787957826,0.23666773122440665,0.07777016359181524,0.6200916612995542,0.25815535978876586
topcell,internal_test,configured_data_pool,id_const_b10_h80_p150_gradient,cnn1d,0.5,4,4,0.3866363765326488,0,720,0.2489298234912161,0.2250433082096415,0.2223996882191928,0.47265482402976033,0.14382316847356635
topcell,internal_test,configured_data_pool,id_const_b10_h80_p150_gradient,tcn,0.5,4,4,0.3866363765326488,0,720,0.5528989903750998,0.466671778568721,-0.2308332954458634,1.121520528116605,0.39489071146516624
topcell,internal_test,configured_data_pool,id_const_b10_h80_p150_gradient,gru,0.5,4,4,0.3866363765326488,0,720,0.22645951613445348,0.2006348622971691,-0.16591389311929916,0.4430522848796983,0.10992432498629716
topcell,internal_test,configured_data_pool,id_const_b10_h80_p150_gradient,lstm,0.5,4,4,0.3866363765326488,0,720,0.2704928598829885,0.24038554768344716,0.020233548627686213,0.4578547384062617,0.2630260130949049
topcell,internal_test,configured_data_pool,id_const_b10_h80_p150_nominal,physical_rc,0.5,4,4,0.34647967492464443,0,720,0.049827552198293906,0.0171003210526736,0.0011225705963632926,0.41227424537324,0.007994370171232026
topcell,internal_test,configured_data_pool,id_const_b10_h80_p150_nominal,mlp,0.5,4,4,0.34647967492464443,0,720,0.2758878165371927,0.23779231784884658,0.05523755968098757,0.4879962339098256,0.30076120857272887
topcell,internal_test,configured_data_pool,id_const_b10_h80_p150_nominal,cnn1d,0.5,4,4,0.34647967492464443,0,720,0.3278122995895634,0.287659440875172,0.2721490543761576,0.5984413321381084,0.2882751006706556
topcell,internal_test,configured_data_pool,id_const_b10_h80_p150_nominal,tcn,0.5,4,4,0.34647967492464443,0,720,0.6280877740682187,0.445046616615669,-0.38626919784255814,1.6175632111242493,0.41669463168172
topcell,internal_test,configured_data_pool,id_const_b10_h80_p150_nominal,gru,0.5,4,4,0.34647967492464443,0,720,0.17665328327501292,0.1408922826040547,0.10384098132419602,0.44143002848605306,0.09334757955075083
topcell,internal_test,configured_data_pool,id_const_b10_h80_p150_nominal,lstm,0.5,4,4,0.34647967492464443,0,720,0.1922043187976634,0.1555554622853952,0.12455430880363091,0.43134835114499737,0.15416551180526744
topcell,internal_test,configured_data_pool,id_const_b10_h80_p100_cold,physical_rc,0.5,4,4,0.4671461370652448,0,720,0.1381555252765305,0.09878605318352815,-0.09860701172727362,0.71377317721754,0.022388791032213917
topcell,internal_test,configured_data_pool,id_const_b10_h80_p100_cold,mlp,0.5,4,4,0.4671461370652448,0,720,0.23790575006095044,0.2054460298759213,0.008021696575352275,0.8053932523489777,0.1546542802844693
topcell,internal_test,configured_data_pool,id_const_b10_h80_p100_cold,cnn1d,0.5,4,4,0.4671461370652448,0,720,0.25815503175059196,0.2334846777263235,-0.005994844929105625,0.7561035062367694,0.20540359137299213
topcell,internal_test,configured_data_pool,id_const_b10_h80_p100_cold,tcn,0.5,4,4,0.4671461370652448,0,720,0.4837860532166713,0.4188856298830836,-0.3929178730737986,0.9733508480675255,0.2905117833174825
topcell,internal_test,configured_data_pool,id_const_b10_h80_p100_cold,gru,0.5,4,4,0.4671461370652448,0,720,0.2763999122010748,0.23438409077540429,0.06790055844134667,0.7438311098011496,0.2775623288926272
topcell,internal_test,configured_data_pool,id_const_b10_h80_p100_cold,lstm,0.5,4,4,0.4671461370652448,0,720,0.2669398491904087,0.24224583662037374,-0.05634937833661615,0.7746931407866313,0.18191946024791306
topcell,internal_test,configured_data_pool,id_const_b10_h80_p100_gradient,physical_rc,0.5,4,4,0.8566415692619929,0,720,0.2227629793902634,0.15864150965927123,-0.15151820540314626,1.3286380357862129,0.034260040498568255
topcell,internal_test,configured_data_pool,id_const_b10_h80_p100_gradient,mlp,0.5,4,4,0.8566415692619929,0,720,0.40035053572144136,0.3327839536012905,-0.17947334921672614,1.5300241375144097,0.31216318670797066
topcell,internal_test,configured_data_pool,id_const_b10_h80_p100_gradient,cnn1d,0.5,4,4,0.8566415692619929,0,720,0.3793758030970163,0.3003417600609122,-0.24745054023678478,1.3464487000598027,0.4637253580354618
topcell,internal_test,configured_data_pool,id_const_b10_h80_p100_gradient,tcn,0.5,4,4,0.8566415692619929,0,720,0.7622200938956158,0.653520069277616,-0.3099977781210089,1.5598379644822273,0.792555002586731
topcell,internal_test,configured_data_pool,id_const_b10_h80_p100_gradient,gru,0.5,4,4,0.8566415692619929,0,720,0.4888641544464865,0.4257407218296564,-0.4086199586631768,1.327271923387066,0.20779329207524838
topcell,internal_test,configured_data_pool,id_const_b10_h80_p100_gradient,lstm,0.5,4,4,0.8566415692619929,0,720,0.3827869526227637,0.31064009124048453,-0.3038703367709263,1.3904628959778051,0.39555145926047824
topcell,internal_test,configured_data_pool,id_const_b10_h80_p100_nominal,physical_rc,0.5,4,4,0.5347682621981731,0,720,0.08005926676807931,0.030113264955149127,-0.004626655127084778,0.6425911703377096,0.005467557489388468
topcell,internal_test,configured_data_pool,id_const_b10_h80_p100_nominal,mlp,0.5,4,4,0.5347682621981731,0,720,0.556526272096103,0.480140414494511,0.025119489865727908,0.934960301455078,0.5569555074681043
topcell,internal_test,configured_data_pool,id_const_b10_h80_p100_nominal,cnn1d,0.5,4,4,0.5347682621981731,0,720,0.5218988284295828,0.44272452745433966,0.01134883383799868,1.0709055376036503,0.602892187093036
topcell,internal_test,configured_data_pool,id_const_b10_h80_p100_nominal,tcn,0.5,4,4,0.5347682621981731,0,720,0.5708006049681406,0.44610451756043373,-0.18324939076022603,1.1996766222164155,0.5673425593071075
topcell,internal_test,configured_data_pool,id_const_b10_h80_p100_nominal,gru,0.5,4,4,0.5347682621981731,0,720,0.5652189373567208,0.5236601531406074,-0.13548369234255125,0.8431467882593608,0.594790454745634
topcell,internal_test,configured_data_pool,id_const_b10_h80_p100_nominal,lstm,0.5,4,4,0.5347682621981731,0,720,0.5332789751253979,0.4031035735523233,-0.16829794061369122,1.2928224037426048,0.6925235757153134
topcell,internal_test,configured_data_pool,id_ramp_brine_b30_h160_p150,physical_rc,0.5,4,4,0.6988253366119984,0,720,0.251953540758429,0.1925563723028696,0.19225270980133016,1.0719605792890832,0.041474006603324155
topcell,internal_test,configured_data_pool,id_ramp_brine_b30_h160_p150,mlp,0.5,4,4,0.6988253366119984,0,720,0.4297632425349274,0.3159745361010354,0.1470430917232098,1.1838907247419925,0.31339520014075883
topcell,internal_test,configured_data_pool,id_ramp_brine_b30_h160_p150,cnn1d,0.5,4,4,0.6988253366119984,0,720,0.4591007248961708,0.3704934359686228,0.3683539988226463,1.1662645948072878,0.4425230777982789
topcell,internal_test,configured_data_pool,id_ramp_brine_b30_h160_p150,tcn,0.5,4,4,0.6988253366119984,0,720,0.7031045452924504,0.5520529963958386,-0.30040438639495903,1.4350481409813511,0.6671800572495402
topcell,internal_test,configured_data_pool,id_ramp_brine_b30_h160_p150,gru,0.5,4,4,0.6988253366119984,0,720,0.5322532182114452,0.44557031775692196,0.3661191080564884,1.2039813440747054,0.35459520147018997
topcell,internal_test,configured_data_pool,id_ramp_brine_b30_h160_p150,lstm,0.5,4,4,0.6988253366119984,0,720,0.5533568945868769,0.4560511717694173,0.4543803244986921,1.2242437350751842,0.5024113475857243
topcell,internal_test,configured_data_pool,id_const_b30_h160_p0_cold,physical_rc,0.5,4,4,0.22525935693903953,0,720,0.051690509091299595,0.034196887676095786,-0.02909450522711466,0.29697424646574433,0.010154799544129517
topcell,internal_test,configured_data_pool,id_const_b30_h160_p0_cold,mlp,0.5,4,4,0.22525935693903953,0,720,0.39387941230008616,0.3136977203425303,0.104662377583822,0.9759901645522007,0.525808819524631
topcell,internal_test,configured_data_pool,id_const_b30_h160_p0_cold,cnn1d,0.5,4,4,0.22525935693903953,0,720,0.36872411927458265,0.3099178666906016,0.2574442717459071,0.7613213800059526,0.3467455253298522
topcell,internal_test,configured_data_pool,id_const_b30_h160_p0_cold,tcn,0.5,4,4,0.22525935693903953,0,720,0.4703980301293998,0.3467492584856732,0.03593992815264201,1.1404857898217102,0.6223507211857207
topcell,internal_test,configured_data_pool,id_const_b30_h160_p0_cold,gru,0.5,4,4,0.22525935693903953,0,720,0.1074985706487474,0.09295762901925038,-0.0019455156054979284,0.28679004546874154,0.08055419729738712
topcell,internal_test,configured_data_pool,id_const_b30_h160_p0_cold,lstm,0.5,4,4,0.22525935693903953,0,720,0.27043790028392894,0.23136295899880094,0.19290235853406498,0.464000042618153,0.23861001690508346
topcell,internal_test,configured_data_pool,id_const_b30_h160_p0_gradient,physical_rc,0.5,4,4,0.38185032853203965,0,720,0.06995132833836322,0.04190361432274594,0.038859594342213345,0.6343743726656186,0.005142383745017435
topcell,internal_test,configured_data_pool,id_const_b30_h160_p0_gradient,mlp,0.5,4,4,0.38185032853203965,0,720,0.43397332030086105,0.37727304629587355,0.18872421446506243,0.9257833121716885,0.4997482650680722
topcell,internal_test,configured_data_pool,id_const_b30_h160_p0_gradient,cnn1d,0.5,4,4,0.38185032853203965,0,720,0.33352931289190585,0.2485555258558131,0.06798533221621375,0.7420507345656446,0.2880400483148635
topcell,internal_test,configured_data_pool,id_const_b30_h160_p0_gradient,tcn,0.5,4,4,0.38185032853203965,0,720,0.9579258413507395,0.84493590040238,0.005847473972069049,1.6259759306299628,1.0887948086447128
topcell,internal_test,configured_data_pool,id_const_b30_h160_p0_gradient,gru,0.5,4,4,0.38185032853203965,0,720,0.419686735654786,0.3304036451266723,0.2329244793673305,0.7354176886797958,0.4288527285095988
topcell,internal_test,configured_data_pool,id_const_b30_h160_p0_gradient,lstm,0.5,4,4,0.38185032853203965,0,720,0.48911331878277226,0.3750636940237376,0.26315499851805324,0.8849506171272168,0.5046513334251608
topcell,internal_test,configured_data_pool,id_const_b30_h160_p0_nominal,physical_rc,0.5,4,4,0.7336289571496588,0,720,0.25375277706253113,0.19759684189605584,0.19759684189605584,1.093662253112761,0.039214206309101954
topcell,internal_test,configured_data_pool,id_const_b30_h160_p0_nominal,mlp,0.5,4,4,0.7336289571496588,0,720,0.7477411964229169,0.5970967553056528,0.13162602020996444,1.7399907085615993,0.616568692007963
topcell,internal_test,configured_data_pool,id_const_b30_h160_p0_nominal,cnn1d,0.5,4,4,0.7336289571496588,0,720,0.4464399027850861,0.3752090826033797,0.08233918583001165,1.1786839563648002,0.39834484983316615
topcell,internal_test,configured_data_pool,id_const_b30_h160_p0_nominal,tcn,0.5,4,4,0.7336289571496588,0,720,0.9041828615168488,0.7257530306129809,0.04131492229817773,1.6712088650441927,0.7614929937415607
topcell,internal_test,configured_data_pool,id_const_b30_h160_p0_nominal,gru,0.5,4,4,0.7336289571496588,0,720,0.4111704533755672,0.32762781907803346,0.23112093655266175,1.1543650820445635,0.34364819594040147
topcell,internal_test,configured_data_pool,id_const_b30_h160_p0_nominal,lstm,0.5,4,4,0.7336289571496588,0,720,0.399437813772784,0.3061716922336666,0.23400663269814115,1.2088108384484428,0.3122079160194292
topcell,internal_test,configured_data_pool,id_ramp_brine_b10_h200_p150,physical_rc,0.5,4,4,0.3866998688294831,0,720,0.0626601886172037,0.025894494288531442,-0.00923834994413035,0.4392700234362721,0.012274007181835064
topcell,internal_test,configured_data_pool,id_ramp_brine_b10_h200_p150,mlp,0.5,4,4,0.3866998688294831,0,720,0.4241652051341655,0.3757193067175383,-0.06602576535753991,0.8032456136405415,0.538277093207234
topcell,internal_test,configured_data_pool,id_ramp_brine_b10_h200_p150,cnn1d,0.5,4,4,0.3866998688294831,0,720,0.2822544748439862,0.24268735472411704,0.08931455967666875,0.6786255789840254,0.40203438497415706
topcell,internal_test,configured_data_pool,id_ramp_brine_b10_h200_p150,tcn,0.5,4,4,0.3866998688294831,0,720,0.9656231617389535,0.7725992843897539,-0.6953836719822569,2.1320010467658506,0.49520742801393447
topcell,internal_test,configured_data_pool,id_ramp_brine_b10_h200_p150,gru,0.5,4,4,0.3866998688294831,0,720,0.26667632296178273,0.21626813339695491,-0.01845685623322895,0.6157983945840186,0.1402009669214422
topcell,internal_test,configured_data_pool,id_ramp_brine_b10_h200_p150,lstm,0.5,4,4,0.3866998688294831,0,720,0.24920007035356811,0.21046080807625414,0.0028648084244627826,0.5075737875125697,0.29544032036619366
topcell,internal_test,configured_data_pool,id_ramp_plasma_b10_h200_p150,physical_rc,0.5,4,4,0.5293845916929077,0,720,0.1393812292458384,0.09491219393309021,-0.08016599122513524,0.6372352701670607,0.05375881465456305
topcell,internal_test,configured_data_pool,id_ramp_plasma_b10_h200_p150,mlp,0.5,4,4,0.5293845916929077,0,720,0.7979565151723368,0.6219334027459312,-0.2249077227307427,2.007689144203539,0.40796510950040654
topcell,internal_test,configured_data_pool,id_ramp_plasma_b10_h200_p150,cnn1d,0.5,4,4,0.5293845916929077,0,720,0.37507378999165414,0.2933484287948511,-0.11134428377114798,0.8169805867797493,0.2391778990071497
topcell,internal_test,configured_data_pool,id_ramp_plasma_b10_h200_p150,tcn,0.5,4,4,0.5293845916929077,0,720,1.3744504085010694,1.095599144421221,-0.7965220949893683,3.227726885567762,1.6038681659754437
topcell,internal_test,configured_data_pool,id_ramp_plasma_b10_h200_p150,gru,0.5,4,4,0.5293845916929077,0,720,0.6068791738019611,0.5387496316309284,-0.5284115697243357,1.3177463616120235,0.9368696480471804
topcell,internal_test,configured_data_pool,id_ramp_plasma_b10_h200_p150,lstm,0.5,4,4,0.5293845916929077,0,720,0.3999825502021505,0.3220006622367427,-0.2844192018071927,0.9640356096742551,0.5554758800567139
topcell,internal_test,configured_data_pool,id_const_b10_h200_p0_cold,physical_rc,0.5,4,4,0.6343755351871044,0,720,0.1415881877037139,0.0867328452668581,-0.07468723001944055,0.811923866334304,0.02142581579172213
topcell,internal_test,configured_data_pool,id_const_b10_h200_p0_cold,mlp,0.5,4,4,0.6343755351871044,0,720,0.6980832242458522,0.5606913130837227,0.3185346393750104,1.4551301556748157,0.44763359849641743
topcell,internal_test,configured_data_pool,id_const_b10_h200_p0_cold,cnn1d,0.5,4,4,0.6343755351871044,0,720,0.670423988094982,0.5918014308437832,0.30156433794650284,1.0106112563537124,0.5657202213223058
topcell,internal_test,configured_data_pool,id_const_b10_h200_p0_cold,tcn,0.5,4,4,0.6343755351871044,0,720,0.8448639875851458,0.6931062725217868,-0.6310691299753889,1.916598637729436,0.5521623578055308
topcell,internal_test,configured_data_pool,id_const_b10_h200_p0_cold,gru,0.5,4,4,0.6343755351871044,0,720,0.22042985121871142,0.18884596379736476,0.13921765487871132,0.7388790327134842,0.18758649194506666
topcell,internal_test,configured_data_pool,id_const_b10_h200_p0_cold,lstm,0.5,4,4,0.6343755351871044,0,720,0.48031268590261417,0.369335400560355,0.22633404770912793,1.1540250774581509,0.18694856648766603
topcell,internal_test,configured_data_pool,id_const_b10_h200_p0_gradient,physical_rc,0.5,4,4,0.5685809048115529,0,720,0.16024049002426674,0.11978205212446345,-0.11978205212446345,1.0410648594400271,0.032654187819273456
topcell,internal_test,configured_data_pool,id_const_b10_h200_p0_gradient,mlp,0.5,4,4,0.5685809048115529,0,720,0.4039678819557813,0.3068078081314339,0.14196663934341078,1.8519609733238838,0.25168351403803574
topcell,internal_test,configured_data_pool,id_const_b10_h200_p0_gradient,cnn1d,0.5,4,4,0.5685809048115529,0,720,0.33006349947152347,0.2532967822035451,0.0034243933854951614,1.229116358749664,0.2731459731298317
topcell,internal_test,configured_data_pool,id_const_b10_h200_p0_gradient,tcn,0.5,4,4,0.5685809048115529,0,720,0.7581976718635318,0.564351367756202,-0.4118531530673649,1.7697289399763676,0.6919735282349788
topcell,internal_test,configured_data_pool,id_const_b10_h200_p0_gradient,gru,0.5,4,4,0.5685809048115529,0,720,0.25057310730424426,0.18988462476976092,-0.12562378459421356,1.0125059581024658,0.2697692940444889
topcell,internal_test,configured_data_pool,id_const_b10_h200_p0_gradient,lstm,0.5,4,4,0.5685809048115529,0,720,0.24506902844969455,0.21077986670218607,-0.17447551063252448,1.1421186586721674,0.17618074462372285
topcell,internal_test,configured_data_pool,id_const_b10_h200_p0_nominal,physical_rc,0.5,4,4,0.7737499602224502,0,720,0.1499658894108062,0.09517458088396165,0.08623559217111622,0.9622557491452497,0.013276571078807196
topcell,internal_test,configured_data_pool,id_const_b10_h200_p0_nominal,mlp,0.5,4,4,0.7737499602224502,0,720,1.2999277815539865,1.1276070625168337,0.10163205528320882,2.4605722744455463,1.2906870187461412
topcell,internal_test,configured_data_pool,id_const_b10_h200_p0_nominal,cnn1d,0.5,4,4,0.7737499602224502,0,720,0.27802863253355603,0.23809835928249296,0.04957750165053523,1.0736857958090908,0.19553272446256503
topcell,internal_test,configured_data_pool,id_const_b10_h200_p0_nominal,tcn,0.5,4,4,0.7737499602224502,0,720,1.0935416021865108,0.9524441522775968,-0.3814806574876657,1.9061301381394031,0.8913723725957583
topcell,internal_test,configured_data_pool,id_const_b10_h200_p0_nominal,gru,0.5,4,4,0.7737499602224502,0,720,0.275184198723533,0.21254823236640014,-0.11416091724092232,0.9632493649162015,0.19861707533164094
topcell,internal_test,configured_data_pool,id_const_b10_h200_p0_nominal,lstm,0.5,4,4,0.7737499602224502,0,720,0.45955936725531843,0.3547824322948904,-0.25793912678827724,1.061147157017146,0.5255798014847675
topcell,external_core,core,F01_level_interpolation,physical_rc,0.0,0,4,0.0,0,724,0.031264221606594186,0.01635634910058872,-0.0018652857882139441,0.11563286573066023,0.006015966179107594
topcell,external_core,core,F01_level_interpolation,mlp,0.0,0,4,0.0,0,724,0.9187921823197247,0.7889609269608624,0.27069749633528123,1.5003562721663712,0.9797166708987877
topcell,external_core,core,F01_level_interpolation,cnn1d,0.0,0,4,0.0,0,724,0.7628920906883379,0.6399494725332711,0.3849436454706266,1.1433320262110698,0.780922952596365
topcell,external_core,core,F01_level_interpolation,tcn,0.0,0,4,0.0,0,724,0.9283092755644822,0.793190417117747,0.027750031301396944,1.9069409240450028,1.1323723513609953
topcell,external_core,core,F01_level_interpolation,gru,0.0,0,4,0.0,0,724,0.4171260846542381,0.383586932147393,0.38108357579415536,0.7183121887509998,0.2982907323656534
topcell,external_core,core,F01_level_interpolation,lstm,0.0,0,4,0.0,0,724,0.6346326685220293,0.5689107752293224,0.5381008066878727,1.0171472691812937,0.5339486489167131
topcell,external_core,core,F02_coupled_interpolation,physical_rc,0.0,0,4,0.0,0,724,0.01163435616753096,0.008271947056786766,0.0003255920984111927,0.04892381522699196,0.009382584427127074
topcell,external_core,core,F02_coupled_interpolation,mlp,0.0,0,4,0.0,0,724,0.27812417984508175,0.2102342060856326,-0.13412423313888983,0.607510780019993,0.28973635859413177
topcell,external_core,core,F02_coupled_interpolation,cnn1d,0.0,0,4,0.0,0,724,0.3725109960432275,0.29237627576437,-0.24227252241028507,0.8500969093135922,0.1671276632098932
topcell,external_core,core,F02_coupled_interpolation,tcn,0.0,0,4,0.0,0,724,0.9634946918464924,0.7924692597783006,-0.5377305650152758,2.0836433930933254,0.6882501939681105
topcell,external_core,core,F02_coupled_interpolation,gru,0.0,0,4,0.0,0,724,0.2977343341253829,0.23243962733748055,-0.21320233806494523,0.7458461477043983,0.16738977641061
topcell,external_core,core,F02_coupled_interpolation,lstm,0.0,0,4,0.0,0,724,0.32112375514536556,0.2704148007501575,-0.2586426308876621,0.7694085412378513,0.1118342320312612
topcell,external_core,core,F03_high_power_extrapolation,physical_rc,0.0,0,4,0.0,0,724,0.027354695249907426,0.01635340484412665,0.0006613231636552938,0.12275834398390373,0.012633198495601556
topcell,external_core,core,F03_high_power_extrapolation,mlp,0.0,0,4,0.0,0,724,0.4072651980335144,0.3462978853156738,0.006584532889958388,0.7183188998841672,0.36446102072756525
topcell,external_core,core,F03_high_power_extrapolation,cnn1d,0.0,0,4,0.0,0,724,0.43666963786364726,0.3514492642987176,-0.15495303484650758,0.9374022139423204,0.4544703280195939
topcell,external_core,core,F03_high_power_extrapolation,tcn,0.0,0,4,0.0,0,724,1.4005329737425967,1.1216026707620548,-1.0788692072155834,2.8364846938104904,0.34360315858727164
topcell,external_core,core,F03_high_power_extrapolation,gru,0.0,0,4,0.0,0,724,0.5242406037287209,0.44998810380526605,-0.09286178280834681,1.4059692159149222,1.0065085396082352
topcell,external_core,core,F03_high_power_extrapolation,lstm,0.0,0,4,0.0,0,724,0.6654093305641875,0.5489988162480915,-0.4317424121155382,1.5654783190500154,0.6197525657971336
topcell,external_core,core,F04_strong_cooling_extrapolation,physical_rc,0.0,0,4,0.0,0,724,0.0051262217479945025,0.0035935826073033358,-0.0025906182478245806,0.03164945702397404,0.002222717356382598
topcell,external_core,core,F04_strong_cooling_extrapolation,mlp,0.0,0,4,0.0,0,724,0.5557295469361384,0.5237030284357617,0.4598621949431018,0.7850183880040902,0.5874167638311307
topcell,external_core,core,F04_strong_cooling_extrapolation,cnn1d,0.0,0,4,0.0,0,724,0.5371822992006058,0.47303592448169285,0.1558705485191169,1.0044442591499916,0.29087623964402787
topcell,external_core,core,F04_strong_cooling_extrapolation,tcn,0.0,0,4,0.0,0,724,0.8298772619106707,0.7664234754615312,0.49442019010869837,1.4402122007208504,0.8483335517736414
topcell,external_core,core,F04_strong_cooling_extrapolation,gru,0.0,0,4,0.0,0,724,0.6126421395923894,0.5248169001871074,0.4919560022111035,1.0839237967807094,0.5459899072994989
topcell,external_core,core,F04_strong_cooling_extrapolation,lstm,0.0,0,4,0.0,0,724,1.051501538085569,0.9650905540771567,0.965081543122418,1.6623828202587276,0.9273828137506844
topcell,external_core,core,F05_short_plasma_pulses,physical_rc,0.0,0,4,0.0,0,724,0.024467196263604208,0.020129973105649082,0.0023289874467724288,0.07684193269358985,0.018269701918462552
topcell,external_core,core,F05_short_plasma_pulses,mlp,0.0,0,4,0.0,0,724,0.9032561840146384,0.7241861823594047,-0.5763988146441902,2.8654624821254373,0.5146500238184856
topcell,external_core,core,F05_short_plasma_pulses,cnn1d,0.0,0,4,0.0,0,724,0.4379393137494257,0.3387446649275171,-0.10985615816377746,1.1114161500905482,0.44332645896283013
topcell,external_core,core,F05_short_plasma_pulses,tcn,0.0,0,4,0.0,0,724,1.2956726739083682,0.9756093445208183,0.34579299421170867,3.732826591388644,1.4302658054630055
topcell,external_core,core,F05_short_plasma_pulses,gru,0.0,0,4,0.0,0,724,1.3281144461808734,0.932908513413854,-0.7988300239874414,2.94731062039682,2.394182866675859
topcell,external_core,core,F05_short_plasma_pulses,lstm,0.0,0,4,0.0,0,724,0.3258377122583731,0.2438455273853924,0.14428039048962318,0.975510476721837,0.1692831189915126
topcell,external_core,core,F06_multiaxis_recipe,physical_rc,0.0,0,4,0.0,0,724,0.038719814510151,0.02800641299976132,0.0040524348794419894,0.13068631810953946,0.02514398832272648
topcell,external_core,core,F06_multiaxis_recipe,mlp,0.0,0,4,0.0,0,724,1.4678200938863353,1.176846443972995,0.13315819799444217,3.8937509399964654,2.472123422153331
topcell,external_core,core,F06_multiaxis_recipe,cnn1d,0.0,0,4,0.0,0,724,1.078207995429505,0.8893960185649592,0.6349562968227894,2.053980101822745,1.428443475747211
topcell,external_core,core,F06_multiaxis_recipe,tcn,0.0,0,4,0.0,0,724,2.0083633751959082,1.6046281704247818,-0.22514821723713418,4.711941623450883,3.4034041036792155
topcell,external_core,core,F06_multiaxis_recipe,gru,0.0,0,4,0.0,0,724,0.9703753484737193,0.791004884627347,0.7437734593451762,2.8978578195588227,2.248884117255197
topcell,external_core,core,F06_multiaxis_recipe,lstm,0.0,0,4,0.0,0,724,3.048912623088582,1.743406980511029,1.6856824559181405,11.073146849080658,9.380546049981568
topcell,external_core,core,F07_smooth_multiaxis_ramp,physical_rc,0.0,0,4,0.0,0,724,0.03172612307527383,0.02533206350009042,0.003326198528889619,0.07758565790416583,0.02181828735503067
topcell,external_core,core,F07_smooth_multiaxis_ramp,mlp,0.0,0,4,0.0,0,724,1.0822134547317142,0.9350595093050582,0.6909675328182016,2.1058083323166272,1.555856855104136
topcell,external_core,core,F07_smooth_multiaxis_ramp,cnn1d,0.0,0,4,0.0,0,724,1.116271071477155,0.9507117951417857,0.8177199856862986,2.332030938853933,0.8423949772471846
topcell,external_core,core,F07_smooth_multiaxis_ramp,tcn,0.0,0,4,0.0,0,724,0.753637970642998,0.5454708321353815,0.19366515830462402,2.2335599471366265,0.8692530002159243
topcell,external_core,core,F07_smooth_multiaxis_ramp,gru,0.0,0,4,0.0,0,724,1.3626964800486845,1.1797808611371883,1.1752067169089007,2.5405204916258555,1.2010020723705634
topcell,external_core,core,F07_smooth_multiaxis_ramp,lstm,0.0,0,4,0.0,0,724,1.5235952234751746,1.2821667344912293,1.2428965011152167,3.557122133373312,2.724053936308851
topcell,external_core,core,F08_hot_start_cooldown,physical_rc,0.0,0,4,0.0,0,724,0.010843946042750442,0.007359447357557802,-0.003122940526059207,0.04046797610772046,0.0027964233567953456
topcell,external_core,core,F08_hot_start_cooldown,mlp,0.0,0,4,0.0,0,724,0.6199489422970395,0.5400869678223841,0.43777459705325084,1.0491784992894964,0.6718165447559934
topcell,external_core,core,F08_hot_start_cooldown,cnn1d,0.0,0,4,0.0,0,724,0.8602231047396517,0.7297446479727875,0.4731078495923519,1.2888744027773953,0.8946351694647843
topcell,external_core,core,F08_hot_start_cooldown,tcn,0.0,0,4,0.0,0,724,0.8197797646198766,0.7061939761824348,0.5553054633118549,1.3760759610723383,0.799056464905119
topcell,external_core,core,F08_hot_start_cooldown,gru,0.0,0,4,0.0,0,724,0.8621188157311765,0.7877530769833413,0.7820532570594674,1.4055546845054252,0.5789546027368575
topcell,external_core,core,F08_hot_start_cooldown,lstm,0.0,0,4,0.0,0,724,0.866645785093863,0.7552728774636652,0.7469038514030538,1.4660190425675381,0.5512917803675031
topcell,external_core,core,F09_sparse_initial_observation,physical_rc,0.0,0,2,0.0,0,724,1.302676554230484,0.5130895037237765,-0.16400527475910184,9.0,0.06897054235936124
topcell,external_core,core,F09_sparse_initial_observation,mlp,0.0,0,2,0.0,0,724,2.4907444835933936,2.0301326865521983,-0.36410714681333517,9.0,2.585922589748975
topcell,external_core,core,F09_sparse_initial_observation,cnn1d,0.0,0,2,0.0,0,724,2.543917037609266,2.18834780314573,-0.4283929821219173,9.0,2.2354377708065565
topcell,external_core,core,F09_sparse_initial_observation,tcn,0.0,0,2,0.0,0,724,2.732545325087382,2.272043651875019,-1.0167686870532124,9.0,2.3408609703679017
topcell,external_core,core,F09_sparse_initial_observation,gru,0.0,0,2,0.0,0,724,2.760328871441351,2.212174817403811,1.1575507517176666,9.0,3.5422495678111847
topcell,external_core,core,F09_sparse_initial_observation,lstm,0.0,0,2,0.0,0,724,4.189891364960602,3.0915078151072692,1.940723095608036,14.279832776073647,10.586054057157417
topcell,external_core,core,F10_variable_dt_recipe,physical_rc,0.0,0,4,0.0,0,724,0.050123263802575826,0.036529044325148474,-0.015500187907952831,0.17331654828999632,0.021283623996591724
topcell,external_core,core,F10_variable_dt_recipe,mlp,0.0,0,4,0.0,0,724,1.9654069335755702,1.646188586107613,0.27959835261935967,4.802091893824013,3.0524225522679873
topcell,external_core,core,F10_variable_dt_recipe,cnn1d,0.0,0,4,0.0,0,724,1.4039623307453752,1.1919404127475242,0.7711027565946624,2.8586648407851243,1.6222867015410232
topcell,external_core,core,F10_variable_dt_recipe,tcn,0.0,0,4,0.0,0,724,2.601755237012701,2.1854912009835226,-0.2795986915861325,5.615272665862065,3.97654232158475
topcell,external_core,core,F10_variable_dt_recipe,gru,0.0,0,4,0.0,0,724,1.381668970148291,1.2059778433298076,1.1334670890391878,3.409000594789248,2.510758669429814
topcell,external_core,core,F10_variable_dt_recipe,lstm,0.0,0,4,0.0,0,724,2.832161466554464,1.6883322810660388,1.4081740265162404,10.779072052377884,8.90092201629246
topcell,external_core,core,F12_history_initialized_sparse,physical_rc,0.0,0,42,0.0,20,644,0.038094368864279665,0.029659213724890356,0.016124914393357666,0.11536991724180723,0.02315079649516456
topcell,external_core,core,F12_history_initialized_sparse,mlp,0.0,0,42,0.0,20,644,6.0288665052427834,5.421944118673199,-0.6538202190489704,10.83772054950326,6.878243283700908
topcell,external_core,core,F12_history_initialized_sparse,cnn1d,0.0,0,42,0.0,20,644,4.942091590061452,4.109505237849446,1.2439601370880602,10.156748923084507,5.38032942873178
topcell,external_core,core,F12_history_initialized_sparse,tcn,0.0,0,42,0.0,20,644,6.217644939180231,5.39442550594749,-1.8473754068854813,12.048921401371544,6.912892594004851
topcell,external_core,core,F12_history_initialized_sparse,gru,0.0,0,42,0.0,20,644,4.578824352932782,4.216305922537418,3.6448687907128225,9.932222999999993,4.437393996787018
topcell,external_core,core,F12_history_initialized_sparse,lstm,0.0,0,42,0.0,20,644,6.044058166847871,4.782447780929359,3.500072942146477,17.15208802301973,13.073850655018896
topcell,external_core,core,F01_level_interpolation,physical_rc,0.15,0,4,0.2729412146574737,0,724,0.05454196717031822,0.02441792650057158,-0.00885319671703588,0.38954494502684867,0.007076777906312902
topcell,external_core,core,F01_level_interpolation,mlp,0.15,0,4,0.2729412146574737,0,724,0.7058852961969471,0.6049607528528133,0.20825959021801785,1.17065196226622,0.7713182438984041
topcell,external_core,core,F01_level_interpolation,cnn1d,0.15,0,4,0.2729412146574737,0,724,0.6590507261552939,0.555762064939451,0.3351599911481232,1.0374263793063392,0.6693444000601874
topcell,external_core,core,F01_level_interpolation,tcn,0.15,0,4,0.2729412146574737,0,724,0.7125608430087297,0.593492107289042,0.0035783881915936473,1.5649992567203412,0.9224762162591548
topcell,external_core,core,F01_level_interpolation,gru,0.15,0,4,0.2729412146574737,0,724,0.3131161239802079,0.29054781119408324,0.2868965097016641,0.528791113539441,0.2511848345864016
topcell,external_core,core,F01_level_interpolation,lstm,0.15,0,4,0.2729412146574737,0,724,0.5306289945205692,0.4722451586348971,0.4558221923515697,0.8544464912414327,0.45664626205000963
topcell,external_core,core,F02_coupled_interpolation,physical_rc,0.15,0,4,0.12328911243717386,0,724,0.04435576314334068,0.03214871137637107,0.02997550388132283,0.1603381119551628,0.008313902899024056
topcell,external_core,core,F02_coupled_interpolation,mlp,0.15,0,4,0.12328911243717386,0,724,0.22081408403428981,0.1772199273436365,-0.09255130331910785,0.46126479753718286,0.2410876104672334
topcell,external_core,core,F02_coupled_interpolation,cnn1d,0.15,0,4,0.12328911243717386,0,724,0.3047281642741385,0.23905088737583993,-0.1789901344714453,0.7079541101451525,0.1316525484278835
topcell,external_core,core,F02_coupled_interpolation,tcn,0.15,0,4,0.12328911243717386,0,724,0.897141493405993,0.7378749477257612,-0.4989554403715551,1.9573989273886099,0.6475064451869064
topcell,external_core,core,F02_coupled_interpolation,gru,0.15,0,4,0.12328911243717386,0,724,0.23005452337541746,0.17927776277142954,-0.15254364602527118,0.5959658326671615,0.1482133048280554
topcell,external_core,core,F02_coupled_interpolation,lstm,0.15,0,4,0.12328911243717386,0,724,0.25543247889717724,0.21222923215804365,-0.1959124509175649,0.6274427387036923,0.09464965127104306
topcell,external_core,core,F03_high_power_extrapolation,physical_rc,0.15,0,4,0.21362844124682234,0,724,0.059419775237406866,0.03928836222712086,0.03644986339095688,0.42496066329494653,0.010966108512868982
topcell,external_core,core,F03_high_power_extrapolation,mlp,0.15,0,4,0.21362844124682234,0,724,0.4080283686543545,0.3422434801980649,0.06043539451011153,0.7769513845647253,0.36735048411038096
topcell,external_core,core,F03_high_power_extrapolation,cnn1d,0.15,0,4,0.21362844124682234,0,724,0.44740474327299884,0.36025101624557243,-0.11516732912417234,1.0124249940675014,0.49804159449701146
topcell,external_core,core,F03_high_power_extrapolation,tcn,0.15,0,4,0.21362844124682234,0,724,1.4375729763128633,1.1628070970091526,-1.0755242118522381,2.9466023512549384,0.4776320980862868
topcell,external_core,core,F03_high_power_extrapolation,gru,0.15,0,4,0.21362844124682234,0,724,0.5010710318155663,0.3985733968414864,0.06989018228537416,1.3616975708947336,1.0951779161528914
topcell,external_core,core,F03_high_power_extrapolation,lstm,0.15,0,4,0.21362844124682234,0,724,0.5593579796524293,0.4569051716495164,-0.26688306297116077,1.375083846286941,0.7506112647294728
topcell,external_core,core,F04_strong_cooling_extrapolation,physical_rc,0.15,0,4,0.13001993818114815,0,724,0.02257333167106141,0.010664426983914963,-0.006219098881291278,0.20228283424881965,0.0027116081288431253
topcell,external_core,core,F04_strong_cooling_extrapolation,mlp,0.15,0,4,0.13001993818114815,0,724,0.5243659459396237,0.4878946103044169,0.43623625274299366,0.8432703369926742,0.5777495270024966
topcell,external_core,core,F04_strong_cooling_extrapolation,cnn1d,0.15,0,4,0.13001993818114815,0,724,0.4463873789905306,0.3826387152394531,0.07410090336943541,0.9454190213131142,0.19474561138813143
topcell,external_core,core,F04_strong_cooling_extrapolation,tcn,0.15,0,4,0.13001993818114815,0,724,0.7567149019660829,0.7020165319101599,0.4673271360249894,1.2654956097877346,0.7547190658299804
topcell,external_core,core,F04_strong_cooling_extrapolation,gru,0.15,0,4,0.13001993818114815,0,724,0.532234316417042,0.4642225370183174,0.4211586765387691,0.9256860367121433,0.5155971501187236
topcell,external_core,core,F04_strong_cooling_extrapolation,lstm,0.15,0,4,0.13001993818114815,0,724,1.0004478530073595,0.9129461416210196,0.9119109810145002,1.6437790498363682,0.9031073474066208
topcell,external_core,core,F05_short_plasma_pulses,physical_rc,0.15,0,4,0.14775862576094634,0,724,0.061723043907918815,0.049123880675434585,-0.04811254718931459,0.19663170074846903,0.026610181272602673
topcell,external_core,core,F05_short_plasma_pulses,mlp,0.15,0,4,0.14775862576094634,0,724,0.922415044919141,0.7467624941072135,-0.6222137664386733,2.9109113479976116,0.5256641787060726
topcell,external_core,core,F05_short_plasma_pulses,cnn1d,0.15,0,4,0.14775862576094634,0,724,0.44563119611675983,0.3502066734607376,-0.17475827488893714,1.1497869580261835,0.4246102863776349
topcell,external_core,core,F05_short_plasma_pulses,tcn,0.15,0,4,0.14775862576094634,0,724,1.2938056903219664,0.98472325186327,0.3056375299306721,3.6932206860414993,1.4334101941560968
topcell,external_core,core,F05_short_plasma_pulses,gru,0.15,0,4,0.14775862576094634,0,724,1.346884404117101,0.949138278655677,-0.8577206387006863,2.995004114152522,2.4147888605624854
topcell,external_core,core,F05_short_plasma_pulses,lstm,0.15,0,4,0.14775862576094634,0,724,0.30411078135363,0.22758690318962865,0.08478075139683401,0.9025317733000406,0.14911852040732598
topcell,external_core,core,F06_multiaxis_recipe,physical_rc,0.15,0,4,0.11689551659921234,0,724,0.04855470606247211,0.0363876057544893,0.019783222442928936,0.1819475549241929,0.022800081039012234
topcell,external_core,core,F06_multiaxis_recipe,mlp,0.15,0,4,0.11689551659921234,0,724,1.4064911882742157,1.1347020010273245,0.13495291397169762,3.816867003918958,2.4113222359274875
topcell,external_core,core,F06_multiaxis_recipe,cnn1d,0.15,0,4,0.11689551659921234,0,724,1.0603730104027957,0.8796457258208046,0.6281593694429605,2.1079426976174176,1.412471414692959
topcell,external_core,core,F06_multiaxis_recipe,tcn,0.15,0,4,0.11689551659921234,0,724,1.9352268991281383,1.5520485283484926,-0.23236096173734325,4.619896196521793,3.319105222875794
topcell,external_core,core,F06_multiaxis_recipe,gru,0.15,0,4,0.11689551659921234,0,724,0.9958289803249563,0.8232202275792979,0.777405250188763,2.849185813316069,2.275301688739168
topcell,external_core,core,F06_multiaxis_recipe,lstm,0.15,0,4,0.11689551659921234,0,724,3.065339502175573,1.7629108592773788,1.709622349225772,11.035103369806862,9.412265223307166
topcell,external_core,core,F07_smooth_multiaxis_ramp,physical_rc,0.15,0,4,0.13676697384952333,0,724,0.05815190194187851,0.04643554981451823,0.03626443021728785,0.18724055727119548,0.016611126626191127
topcell,external_core,core,F07_smooth_multiaxis_ramp,mlp,0.15,0,4,0.13676697384952333,0,724,1.084942846039446,0.9403899025958324,0.7170835396713698,2.0959911416400843,1.530575475630536
topcell,external_core,core,F07_smooth_multiaxis_ramp,cnn1d,0.15,0,4,0.13676697384952333,0,724,1.1330377097866204,0.9605953083933128,0.8422855357522147,2.4019163173274762,0.8473383790736958
topcell,external_core,core,F07_smooth_multiaxis_ramp,tcn,0.15,0,4,0.13676697384952333,0,724,0.7897883794013321,0.5836372248299093,0.21126781556828594,2.3283185317138475,0.8254342522624095
topcell,external_core,core,F07_smooth_multiaxis_ramp,gru,0.15,0,4,0.13676697384952333,0,724,1.4060981551500167,1.2207068022363814,1.2200859068067456,2.6431629052899552,1.2311396039271474
topcell,external_core,core,F07_smooth_multiaxis_ramp,lstm,0.15,0,4,0.13676697384952333,0,724,1.5528926873301312,1.3087382282705127,1.283732029875144,3.5480500210797885,2.7544570201016922
topcell,external_core,core,F08_hot_start_cooldown,physical_rc,0.15,0,4,0.08167926217525492,0,724,0.0201864717906001,0.01533483603783327,-0.014099756503499018,0.15337871312105733,0.005192496666364001
topcell,external_core,core,F08_hot_start_cooldown,mlp,0.15,0,4,0.08167926217525492,0,724,0.593047148790228,0.49681903391042076,0.40636253025605995,1.0190780445584977,0.6793428496905151
topcell,external_core,core,F08_hot_start_cooldown,cnn1d,0.15,0,4,0.08167926217525492,0,724,0.7810531909260198,0.6578297533863731,0.4062726337853403,1.2265105582168943,0.8191268224807794
topcell,external_core,core,F08_hot_start_cooldown,tcn,0.15,0,4,0.08167926217525492,0,724,0.7610683837688296,0.6505264290610662,0.5213036655722053,1.3384091668141878,0.7263317760501783
topcell,external_core,core,F08_hot_start_cooldown,gru,0.15,0,4,0.08167926217525492,0,724,0.7923987804376585,0.7205201236426936,0.715549454522227,1.3220847474059596,0.5657590977060231
topcell,external_core,core,F08_hot_start_cooldown,lstm,0.15,0,4,0.08167926217525492,0,724,0.8250049789473638,0.7111181519708756,0.7040891704662373,1.3229505680139653,0.5423710562334887
topcell,external_core,core,F09_sparse_initial_observation,physical_rc,0.15,0,2,0.13887238115781533,0,724,1.2987800708264499,0.5103141012177058,-0.163628953722782,9.001407247210182,0.06883525405325723
topcell,external_core,core,F09_sparse_initial_observation,mlp,0.15,0,2,0.13887238115781533,0,724,2.557013547116838,2.097546261923785,-0.36377586279897856,9.001407247210182,2.657510846772437
topcell,external_core,core,F09_sparse_initial_observation,cnn1d,0.15,0,2,0.13887238115781533,0,724,2.6098704909672477,2.2586494017973986,-0.4377951814303221,9.001407247210182,2.315803491637353
topcell,external_core,core,F09_sparse_initial_observation,tcn,0.15,0,2,0.13887238115781533,0,724,2.800532853839222,2.346719027918809,-1.0350972202728912,9.001407247210182,2.4066772678734614
topcell,external_core,core,F09_sparse_initial_observation,gru,0.15,0,2,0.13887238115781533,0,724,2.8448422417006958,2.291096565423004,1.2029112649354639,9.001407247210182,3.62797124888073
topcell,external_core,core,F09_sparse_initial_observation,lstm,0.15,0,2,0.13887238115781533,0,724,4.258337025310037,3.164683668240708,1.982939613468907,14.487745801265007,10.672754762171875
topcell,external_core,core,F10_variable_dt_recipe,physical_rc,0.15,0,4,0.16666038691673316,0,724,0.061373145985002334,0.04389551289570614,-0.028534353286622443,0.3147412175387103,0.0216137331892843
topcell,external_core,core,F10_variable_dt_recipe,mlp,0.15,0,4,0.16666038691673316,0,724,1.8605915107989002,1.5644780333957495,0.2412779508548396,4.688215852719182,2.9451044620994513
topcell,external_core,core,F10_variable_dt_recipe,cnn1d,0.15,0,4,0.16666038691673316,0,724,1.357141881135984,1.156519689143134,0.7231041082148972,2.8388712929156554,1.577400019484241
topcell,external_core,core,F10_variable_dt_recipe,tcn,0.15,0,4,0.16666038691673316,0,724,2.4788797976128483,2.0782694117261573,-0.31975016770095294,5.464259215464054,3.8356051581861395
topcell,external_core,core,F10_variable_dt_recipe,gru,0.15,0,4,0.16666038691673316,0,724,1.3661859500933897,1.191940462658623,1.1214559317857236,3.3739624500367427,2.5139696609121183
topcell,external_core,core,F10_variable_dt_recipe,lstm,0.15,0,4,0.16666038691673316,0,724,2.8278175790578954,1.6728113804535814,1.3908286060434745,10.735148870953665,8.901990281845285
topcell,external_core,core,F12_history_initialized_sparse,physical_rc,0.15,0,42,0.1454633534915805,20,644,0.04985753541343317,0.03744644889091775,-0.03544427173784309,0.15838872851928443,0.03386181265049193
topcell,external_core,core,F12_history_initialized_sparse,mlp,0.15,0,42,0.1454633534915805,20,644,5.9435996307840435,5.323591374420731,-0.7214985575080518,10.813546458466007,6.766143296734301
topcell,external_core,core,F12_history_initialized_sparse,cnn1d,0.15,0,42,0.1454633534915805,20,644,4.850468715422547,4.023905623770924,1.1385127019545538,10.162474581562208,5.262857506460209
topcell,external_core,core,F12_history_initialized_sparse,tcn,0.15,0,42,0.1454633534915805,20,644,6.143054738325162,5.297382077066772,-1.8994333746276084,11.98752051306927,6.805249764951872
topcell,external_core,core,F12_history_initialized_sparse,gru,0.15,0,42,0.1454633534915805,20,644,4.419109858574942,4.057408529996721,3.4752433028423235,9.937859680537002,4.349613775642488
topcell,external_core,core,F12_history_initialized_sparse,lstm,0.15,0,42,0.1454633534915805,20,644,5.950753934935845,4.685381731697615,3.374988338949074,16.978312952824666,12.955450717013738
topcell,external_core,core,F01_level_interpolation,physical_rc,0.15,1,4,0.11569467838171477,0,724,0.041208731018019674,0.02829958553513001,0.027570660777539523,0.16444228386720994,0.005631953231052529
topcell,external_core,core,F01_level_interpolation,mlp,0.15,1,4,0.11569467838171477,0,724,0.9173956814751046,0.7796631382253305,0.29824884944731456,1.513976172876184,0.9761049021851805
topcell,external_core,core,F01_level_interpolation,cnn1d,0.15,1,4,0.11569467838171477,0,724,0.7437354329084231,0.6228893848423392,0.39765261786444944,1.1495154675731527,0.7541099536590359
topcell,external_core,core,F01_level_interpolation,tcn,0.15,1,4,0.11569467838171477,0,724,0.9129687285037936,0.7812743302024344,0.059678347470100354,1.8370931101793104,1.1267886258488302
topcell,external_core,core,F01_level_interpolation,gru,0.15,1,4,0.11569467838171477,0,724,0.4309098626845954,0.40124567959583635,0.40021560483471524,0.7281222704093864,0.2931685595050377
topcell,external_core,core,F01_level_interpolation,lstm,0.15,1,4,0.11569467838171477,0,724,0.6364018769519549,0.5730112060967004,0.5521653193649546,1.004129559828442,0.5171219862373133
topcell,external_core,core,F02_coupled_interpolation,physical_rc,0.15,1,4,0.12492300635702476,0,724,0.034178875938200425,0.02498308367429238,-0.02473591460022081,0.21302636656294283,0.013049731595851224
topcell,external_core,core,F02_coupled_interpolation,mlp,0.15,1,4,0.12492300635702476,0,724,0.2360633310607124,0.18607843999010745,-0.1530492620785315,0.5318182901260116,0.22148344019495178
topcell,external_core,core,F02_coupled_interpolation,cnn1d,0.15,1,4,0.12492300635702476,0,724,0.3505023467694631,0.27417125380347096,-0.24258590633085295,0.7586496927605424,0.11393390039782594
topcell,external_core,core,F02_coupled_interpolation,tcn,0.15,1,4,0.12492300635702476,0,724,0.9386770585200976,0.7830175971287269,-0.5398371400413077,1.9633790738705557,0.6454615440460985
topcell,external_core,core,F02_coupled_interpolation,gru,0.15,1,4,0.12492300635702476,0,724,0.34003219621424635,0.2834631881545157,-0.2832961883585996,0.7038794142292488,0.13484786999479242
topcell,external_core,core,F02_coupled_interpolation,lstm,0.15,1,4,0.12492300635702476,0,724,0.3769456999450696,0.33079087850709693,-0.32468011224913823,0.722785670213483,0.17017157585537823
topcell,external_core,core,F03_high_power_extrapolation,physical_rc,0.15,1,4,0.08044765325850475,0,724,0.03938823327900373,0.024337409918791998,-0.01936407064130825,0.21323973604447133,0.01534990760029944
topcell,external_core,core,F03_high_power_extrapolation,mlp,0.15,1,4,0.08044765325850475,0,724,0.41684214549281934,0.3512119331410431,-0.02662742069996038,0.819256345893848,0.33408177949113255
topcell,external_core,core,F03_high_power_extrapolation,cnn1d,0.15,1,4,0.08044765325850475,0,724,0.4606692898452643,0.37671794316703905,-0.18517999510582198,0.9900309906152671,0.4565409409352503
topcell,external_core,core,F03_high_power_extrapolation,tcn,0.15,1,4,0.08044765325850475,0,724,1.424746708297598,1.1422643746284804,-1.1027023443926207,2.9223206690857353,0.3480466227417519
topcell,external_core,core,F03_high_power_extrapolation,gru,0.15,1,4,0.08044765325850475,0,724,0.5483213967515403,0.4790693340507462,-0.13634977836297688,1.3944953166934795,0.9914753200721186
topcell,external_core,core,F03_high_power_extrapolation,lstm,0.15,1,4,0.08044765325850475,0,724,0.7026923409085564,0.583119402714824,-0.4773610061925158,1.6091900369234793,0.5958519042120648
topcell,external_core,core,F04_strong_cooling_extrapolation,physical_rc,0.15,1,4,0.10213086778276775,0,724,0.021579197825669298,0.01137889164078821,0.010664611967293089,0.20047784302471428,0.0019396598296058758
topcell,external_core,core,F04_strong_cooling_extrapolation,mlp,0.15,1,4,0.10213086778276775,0,724,0.6094809751897176,0.5694830729085967,0.49377610027005575,0.9723923663693057,0.6151484137143395
topcell,external_core,core,F04_strong_cooling_extrapolation,cnn1d,0.15,1,4,0.10213086778276775,0,724,0.6341731811924874,0.5610749999472425,0.2374765964410987,1.0533269732813082,0.3931657487930392
topcell,external_core,core,F04_strong_cooling_extrapolation,tcn,0.15,1,4,0.10213086778276775,0,724,0.915136227124944,0.8404121896303386,0.5319440466163889,1.6165156250227355,0.9418495868898203
topcell,external_core,core,F04_strong_cooling_extrapolation,gru,0.15,1,4,0.10213086778276775,0,724,0.6837353310391855,0.5760809656422993,0.5501079171866082,1.2332929864249422,0.5690149081838181
topcell,external_core,core,F04_strong_cooling_extrapolation,lstm,0.15,1,4,0.10213086778276775,0,724,1.1035100304668455,1.0167001201527095,1.016548590899824,1.6756951666942967,0.9470209570020338
topcell,external_core,core,F05_short_plasma_pulses,physical_rc,0.15,1,4,0.05683411524058319,0,724,0.03138568853549254,0.024522637539635662,-0.01650298283042865,0.11818695747042085,0.021034824528091092
topcell,external_core,core,F05_short_plasma_pulses,mlp,0.15,1,4,0.05683411524058319,0,724,0.9110118976796454,0.7323441307447448,-0.5935058572569524,2.8770170874063723,0.5213615065092723
topcell,external_core,core,F05_short_plasma_pulses,cnn1d,0.15,1,4,0.05683411524058319,0,724,0.445610635170794,0.3460494978746423,-0.1189638473636439,1.1251350966755354,0.4551582159490399
topcell,external_core,core,F05_short_plasma_pulses,tcn,0.15,1,4,0.05683411524058319,0,724,1.2896236411603907,0.9733792957377154,0.3279681574783728,3.701075897183628,1.4258081773482183
topcell,external_core,core,F05_short_plasma_pulses,gru,0.15,1,4,0.05683411524058319,0,724,1.3265131083506039,0.9298908481176182,-0.808651897218181,2.938997325292007,2.3916064865306006
topcell,external_core,core,F05_short_plasma_pulses,lstm,0.15,1,4,0.05683411524058319,0,724,0.32065015436402616,0.24233483158665386,0.1333663021773373,0.9546984653236166,0.1728091828836608
topcell,external_core,core,F06_multiaxis_recipe,physical_rc,0.15,1,4,0.0894555593992225,0,724,0.03769506132767738,0.026388604811307628,-0.0031363618338630813,0.13710068329737624,0.026437637337562898
topcell,external_core,core,F06_multiaxis_recipe,mlp,0.15,1,4,0.0894555593992225,0,724,1.4355203442567364,1.1454399080092155,0.11414772144595621,3.8571320712489836,2.4301684514926016
topcell,external_core,core,F06_multiaxis_recipe,cnn1d,0.15,1,4,0.0894555593992225,0,724,1.0477968152778698,0.8620796495795298,0.6087315750743147,1.9991126307339613,1.3929377370016451
topcell,external_core,core,F06_multiaxis_recipe,tcn,0.15,1,4,0.0894555593992225,0,724,1.9619384692405968,1.5584708146445156,-0.2330825120175577,4.655494237181543,3.353604442493311
topcell,external_core,core,F06_multiaxis_recipe,gru,0.15,1,4,0.0894555593992225,0,724,0.9512272247371444,0.7728471361819685,0.7177736770534618,2.9178499823394333,2.232027656148484
topcell,external_core,core,F06_multiaxis_recipe,lstm,0.15,1,4,0.0894555593992225,0,724,3.02872278098253,1.71998145525927,1.6547987682225018,11.070380844895652,9.345073651265626
topcell,external_core,core,F07_smooth_multiaxis_ramp,physical_rc,0.15,1,4,0.1624104313332431,0,724,0.03506539027930964,0.024769105119009028,0.009194144387105163,0.22556909950156978,0.02098598689845905
topcell,external_core,core,F07_smooth_multiaxis_ramp,mlp,0.15,1,4,0.1624104313332431,0,724,1.0937581863080301,0.9442793775002822,0.6971096973757391,2.122550700220458,1.5711020720065463
topcell,external_core,core,F07_smooth_multiaxis_ramp,cnn1d,0.15,1,4,0.1624104313332431,0,724,1.1084403372245692,0.9437868683394481,0.8092782404853385,2.336670495211152,0.8367960548255612
topcell,external_core,core,F07_smooth_multiaxis_ramp,tcn,0.15,1,4,0.1624104313332431,0,724,0.7511789957821194,0.5490898428525691,0.2033959305155787,2.188928935598341,0.900148852632221
topcell,external_core,core,F07_smooth_multiaxis_ramp,gru,0.15,1,4,0.1624104313332431,0,724,1.3647490104101125,1.1887069372130592,1.1805826880586572,2.540974890307112,1.2002919882082563
topcell,external_core,core,F07_smooth_multiaxis_ramp,lstm,0.15,1,4,0.1624104313332431,0,724,1.5241552937673204,1.2852273601914412,1.2459780708281445,3.554077256043186,2.724607303328427
topcell,external_core,core,F08_hot_start_cooldown,physical_rc,0.15,1,4,0.08167974909317992,0,724,0.027259657494510904,0.020881087330923573,-0.019884923717991353,0.10225918470531781,0.006467050552836733
topcell,external_core,core,F08_hot_start_cooldown,mlp,0.15,1,4,0.08167974909317992,0,724,0.6362754400246193,0.5675115019299218,0.4380331213077627,1.0384955119338315,0.6673711031768864
topcell,external_core,core,F08_hot_start_cooldown,cnn1d,0.15,1,4,0.08167974909317992,0,724,0.9255515267429086,0.7882713493289775,0.5069367695887426,1.404180601363322,0.9636204398124482
topcell,external_core,core,F08_hot_start_cooldown,tcn,0.15,1,4,0.08167974909317992,0,724,0.8548150676894104,0.7401693793409417,0.5567526114108963,1.4129000031434913,0.8603379137366265
topcell,external_core,core,F08_hot_start_cooldown,gru,0.15,1,4,0.08167974909317992,0,724,0.8996825481325431,0.8229480714000358,0.8116354045491805,1.4870020840666598,0.5816433945545717
topcell,external_core,core,F08_hot_start_cooldown,lstm,0.15,1,4,0.08167974909317992,0,724,0.8787184851079962,0.7726095458252196,0.7560319179762602,1.54714163426479,0.5521596612003813
topcell,external_core,core,F09_sparse_initial_observation,physical_rc,0.15,1,2,0.0902421803694221,0,724,1.3022093683779201,0.5027948290375909,-0.1431220510645045,9.058115898070227,0.06457114488718553
topcell,external_core,core,F09_sparse_initial_observation,mlp,0.15,1,2,0.0902421803694221,0,724,2.455109315957183,1.9940602137492194,-0.3431864303486587,9.058115898070227,2.5493377226379925
topcell,external_core,core,F09_sparse_initial_observation,cnn1d,0.15,1,2,0.0902421803694221,0,724,2.512740278169867,2.1569034120057706,-0.41065010716138145,9.058115898070227,2.198546330744491
topcell,external_core,core,F09_sparse_initial_observation,tcn,0.15,1,2,0.0902421803694221,0,724,2.6917270877430557,2.229020931606676,-0.9859650017050713,9.058115898070227,2.3070937406729213
topcell,external_core,core,F09_sparse_initial_observation,gru,0.15,1,2,0.0902421803694221,0,724,2.7249241999072686,2.1765584202466663,1.152060987108424,9.058115898070227,3.503761895698695
topcell,external_core,core,F09_sparse_initial_observation,lstm,0.15,1,2,0.0902421803694221,0,724,4.158595710347617,3.058047413835399,1.935291971282978,14.176769038392337,10.544380759385206
topcell,external_core,core,F10_variable_dt_recipe,physical_rc,0.15,1,4,0.13083735338501343,0,724,0.06937803710521921,0.05339853913966803,-0.047711292591132326,0.24930108124453199,0.022756415211661322
topcell,external_core,core,F10_variable_dt_recipe,mlp,0.15,1,4,0.13083735338501343,0,724,1.9148667043508094,1.5999748055380734,0.23390790709837905,4.759905364768926,3.0010379196468526
topcell,external_core,core,F10_variable_dt_recipe,cnn1d,0.15,1,4,0.13083735338501343,0,724,1.3624965103550226,1.1620993607679009,0.7168919920607365,2.7970843595500554,1.5835662160357502
topcell,external_core,core,F10_variable_dt_recipe,tcn,0.15,1,4,0.13083735338501343,0,724,2.5403254636224637,2.1244656273387967,-0.3199617083646888,5.54425111933017,3.9044640149509546
topcell,external_core,core,F10_variable_dt_recipe,gru,0.15,1,4,0.13083735338501343,0,724,1.3523276854262445,1.174002711039355,1.0934642562979284,3.410040853519348,2.498074140161267
topcell,external_core,core,F10_variable_dt_recipe,lstm,0.15,1,4,0.13083735338501343,0,724,2.8178301960476824,1.670445855738936,1.3675925130342181,10.765942789860588,8.879634213755901
topcell,external_core,core,F12_history_initialized_sparse,physical_rc,0.15,1,42,0.1275060474540791,20,644,0.043442161507074015,0.029938221574508997,-0.020123102338630478,0.14220759740643985,0.030324958586862495
topcell,external_core,core,F12_history_initialized_sparse,mlp,0.15,1,42,0.1275060474540791,20,644,6.121840885880474,5.505478965822916,-0.6893776400407092,11.032047517452469,6.961050200447035
topcell,external_core,core,F12_history_initialized_sparse,cnn1d,0.15,1,42,0.1275060474540791,20,644,5.017719097750957,4.1692982591166565,1.2252188674835733,10.356844570485222,5.449740313062155
topcell,external_core,core,F12_history_initialized_sparse,tcn,0.15,1,42,0.1275060474540791,20,644,6.318266207381996,5.478966298559053,-1.9036815441754116,12.250837930995274,6.9874148619260925
topcell,external_core,core,F12_history_initialized_sparse,gru,0.15,1,42,0.1275060474540791,20,644,4.669449769817584,4.291883608669142,3.705311914279771,10.138108972447412,4.510370241728526
topcell,external_core,core,F12_history_initialized_sparse,lstm,0.15,1,42,0.1275060474540791,20,644,6.125182491115365,4.847708184655091,3.5298691384710907,17.360208121322927,13.171057345977154
topcell,external_core,core,F01_level_interpolation,physical_rc,0.15,2,4,0.1401280714685643,0,724,0.0638284210456554,0.044962460473586555,-0.044392574753607306,0.2700570057775309,0.013797761909312218
topcell,external_core,core,F01_level_interpolation,mlp,0.15,2,4,0.1401280714685643,0,724,0.8391968000527147,0.7272902004758685,0.20864503470565937,1.37882047266379,0.9047108418416009
topcell,external_core,core,F01_level_interpolation,cnn1d,0.15,2,4,0.1401280714685643,0,724,0.7199505314833171,0.6072008166455507,0.3308129452969953,1.076541418021236,0.7421810998834751
topcell,external_core,core,F01_level_interpolation,tcn,0.15,2,4,0.1401280714685643,0,724,0.8681664849000722,0.7316448893885694,-0.022879127236816208,1.87005659254514,1.0607385569252077
topcell,external_core,core,F01_level_interpolation,gru,0.15,2,4,0.1401280714685643,0,724,0.355571697565314,0.32756073521030027,0.3176809402493187,0.6073103900216807,0.2762251953754623
topcell,external_core,core,F01_level_interpolation,lstm,0.15,2,4,0.1401280714685643,0,724,0.5888106148117875,0.5278990353366609,0.48553416258068277,0.9465007071588616,0.510851713032141
topcell,external_core,core,F02_coupled_interpolation,physical_rc,0.15,2,4,0.08424430653484355,0,724,0.033249808091832,0.02438718683827617,0.02295954088118589,0.12161224599390863,0.008095892294544374
topcell,external_core,core,F02_coupled_interpolation,mlp,0.15,2,4,0.08424430653484355,0,724,0.24839154915464406,0.1967497249482351,-0.10077814784753565,0.5152753361870879,0.26624090601729833
topcell,external_core,core,F02_coupled_interpolation,cnn1d,0.15,2,4,0.08424430653484355,0,724,0.3296900411526761,0.2568852383726977,-0.19670050294262165,0.7652617688238479,0.1540395564884702
topcell,external_core,core,F02_coupled_interpolation,tcn,0.15,2,4,0.08424430653484355,0,724,0.9202541542335346,0.7549572509467039,-0.5137857621849742,2.0144553747895486,0.6621124660072083
topcell,external_core,core,F02_coupled_interpolation,gru,0.15,2,4,0.08424430653484355,0,724,0.2494113657612204,0.19915775661715304,-0.15497438271456218,0.6522825111519381,0.17085603152526727
topcell,external_core,core,F02_coupled_interpolation,lstm,0.15,2,4,0.08424430653484355,0,724,0.26813797820173557,0.21748531634054352,-0.19997586007805795,0.6818270054918827,0.10442654732509286
topcell,external_core,core,F03_high_power_extrapolation,physical_rc,0.15,2,4,0.12730969440178058,0,724,0.05102032877023793,0.037421063286117655,-0.03698048459228484,0.2067578911439938,0.0184087800565678
topcell,external_core,core,F03_high_power_extrapolation,mlp,0.15,2,4,0.12730969440178058,0,724,0.4296293767127892,0.3626462079375243,-0.04221111561457955,0.8157412559585708,0.3488306327286033
topcell,external_core,core,F03_high_power_extrapolation,cnn1d,0.15,2,4,0.12730969440178058,0,724,0.5004934787966151,0.41706083520073983,-0.22820711908417157,1.0743671503075944,0.46435714354329166
topcell,external_core,core,F03_high_power_extrapolation,tcn,0.15,2,4,0.12730969440178058,0,724,1.4371327318361073,1.1568629838800983,-1.121102453343896,2.930124791559109,0.33345786111823794
topcell,external_core,core,F03_high_power_extrapolation,gru,0.15,2,4,0.12730969440178058,0,724,0.5650221308316292,0.49693464477117216,-0.1602658108900829,1.4059910849186963,0.9861879675464037
topcell,external_core,core,F03_high_power_extrapolation,lstm,0.15,2,4,0.12730969440178058,0,724,0.7303844576893785,0.6100869697305268,-0.5062314325048775,1.6463747992173694,0.5899572493520017
topcell,external_core,core,F04_strong_cooling_extrapolation,physical_rc,0.15,2,4,0.15660940110168184,0,724,0.03300114109588986,0.021139005034043392,0.01848980631555963,0.23685002752858964,0.0035201592686899355
topcell,external_core,core,F04_strong_cooling_extrapolation,mlp,0.15,2,4,0.15660940110168184,0,724,0.5625170256332358,0.5181586033094663,0.46827563365004876,0.8643568117915876,0.6073020222103671
topcell,external_core,core,F04_strong_cooling_extrapolation,cnn1d,0.15,2,4,0.15660940110168184,0,724,0.4601094667908981,0.41360900163061476,0.1289537517480815,0.8954692329920562,0.18736472991584954
topcell,external_core,core,F04_strong_cooling_extrapolation,tcn,0.15,2,4,0.15660940110168184,0,724,0.793891267597648,0.7362751956520937,0.4973600342271246,1.258159374535424,0.7839500965916759
topcell,external_core,core,F04_strong_cooling_extrapolation,gru,0.15,2,4,0.15660940110168184,0,724,0.5887440055995765,0.5257967047046457,0.5040353997280245,0.94449367763319,0.5561142443495726
topcell,external_core,core,F04_strong_cooling_extrapolation,lstm,0.15,2,4,0.15660940110168184,0,724,1.0634388398085477,0.9781832602174035,0.9776471000725151,1.70771286748095,0.9454255319446014
topcell,external_core,core,F05_short_plasma_pulses,physical_rc,0.15,2,4,0.07593082149377026,0,724,0.03508663368856378,0.02761751609646892,0.01844059659384727,0.12568164412335392,0.016385894261741134
topcell,external_core,core,F05_short_plasma_pulses,mlp,0.15,2,4,0.07593082149377026,0,724,0.9021081054258089,0.7188305253616457,-0.5636526751492739,2.8491893546249827,0.5188025088249302
topcell,external_core,core,F05_short_plasma_pulses,cnn1d,0.15,2,4,0.07593082149377026,0,724,0.4359416339958964,0.33372366611394155,-0.12136012586061373,1.1408920197677617,0.42691849288776984
topcell,external_core,core,F05_short_plasma_pulses,tcn,0.15,2,4,0.07593082149377026,0,724,1.303481050043647,0.9735027392678198,0.35231632466606166,3.7820334545388334,1.4335820868008624
topcell,external_core,core,F05_short_plasma_pulses,gru,0.15,2,4,0.07593082149377026,0,724,1.3188750835396885,0.9308231803537365,-0.7779670540654042,2.8922512321197047,2.3794713523431064
topcell,external_core,core,F05_short_plasma_pulses,lstm,0.15,2,4,0.07593082149377026,0,724,0.3354821595667928,0.2546309895678432,0.1627694913501381,1.0120443786119182,0.18614687796999804
topcell,external_core,core,F06_multiaxis_recipe,physical_rc,0.15,2,4,0.19989114616626324,0,724,0.08266342375290583,0.0667856947092106,0.059399219023622316,0.3288473251987156,0.01833212848612893
topcell,external_core,core,F06_multiaxis_recipe,mlp,0.15,2,4,0.19989114616626324,0,724,1.48545452065859,1.1775079527676202,0.18827009446181703,3.8865278858263252,2.472000385171838
topcell,external_core,core,F06_multiaxis_recipe,cnn1d,0.15,2,4,0.19989114616626324,0,724,1.0787945190837842,0.8927297431544623,0.6822976852217196,2.1265409102458506,1.4025998854916895
topcell,external_core,core,F06_multiaxis_recipe,tcn,0.15,2,4,0.19989114616626324,0,724,2.0055658362998767,1.599529740924004,-0.1432222393258996,4.701919143599142,3.4227063185910347
topcell,external_core,core,F06_multiaxis_recipe,gru,0.15,2,4,0.19989114616626324,0,724,0.9529729836472439,0.7814892307352974,0.7275637190845348,2.9864086437597734,2.2077423232618316
topcell,external_core,core,F06_multiaxis_recipe,lstm,0.15,2,4,0.19989114616626324,0,724,3.0048312587614823,1.714546400860223,1.664952774162593,11.101816474458005,9.287134469766691
topcell,external_core,core,F07_smooth_multiaxis_ramp,physical_rc,0.15,2,4,0.17831961913330216,0,724,0.07911088366688446,0.05639408324764408,-0.055412762600043575,0.25236055197403573,0.032902705552733495
topcell,external_core,core,F07_smooth_multiaxis_ramp,mlp,0.15,2,4,0.17831961913330216,0,724,1.07048051658581,0.9263304763217282,0.6368856818173066,2.1382494976836597,1.5786341353512239
topcell,external_core,core,F07_smooth_multiaxis_ramp,cnn1d,0.15,2,4,0.17831961913330216,0,724,1.1141134030016608,0.9547893550273074,0.7788915252128333,2.3377382588084714,0.8810460035406324
topcell,external_core,core,F07_smooth_multiaxis_ramp,tcn,0.15,2,4,0.17831961913330216,0,724,0.7445430581412149,0.537807984712105,0.13094807079940857,2.1576284524498135,0.9099407461303075
topcell,external_core,core,F07_smooth_multiaxis_ramp,gru,0.15,2,4,0.17831961913330216,0,724,1.352615137555138,1.169046154060113,1.1436372167029234,2.54936996932436,1.2102846798511488
topcell,external_core,core,F07_smooth_multiaxis_ramp,lstm,0.15,2,4,0.17831961913330216,0,724,1.5192336130846507,1.2801776707121206,1.213596809907656,3.549171668199861,2.7432187110505204
topcell,external_core,core,F08_hot_start_cooldown,physical_rc,0.15,2,4,0.21370392756528792,0,724,0.06240822501294492,0.04568822635972448,0.042754100752496756,0.23130665829522457,0.007644085862218385
topcell,external_core,core,F08_hot_start_cooldown,mlp,0.15,2,4,0.21370392756528792,0,724,0.6972710151908714,0.6185379980059116,0.5114969140493087,1.1720033872452191,0.6951605863194525
topcell,external_core,core,F08_hot_start_cooldown,cnn1d,0.15,2,4,0.21370392756528792,0,724,0.963456665879681,0.8199775485858352,0.5823544328602058,1.4164477667777433,0.9743393992834748
topcell,external_core,core,F08_hot_start_cooldown,tcn,0.15,2,4,0.21370392756528792,0,724,0.9292399756096742,0.7984014003280105,0.6334127384877006,1.5206242057062767,0.9093778167015558
topcell,external_core,core,F08_hot_start_cooldown,gru,0.15,2,4,0.21370392756528792,0,724,0.9774204020083799,0.9016002018349119,0.8918699783341857,1.5940265200627977,0.6127812327821887
topcell,external_core,core,F08_hot_start_cooldown,lstm,0.15,2,4,0.21370392756528792,0,724,0.9581659278950042,0.8447843003159559,0.8349961481243713,1.6600166062572015,0.5836753469691777
topcell,external_core,core,F09_sparse_initial_observation,physical_rc,0.15,2,2,0.18740442934831053,0,724,1.2941425556931927,0.4801887982446137,-0.10831929735464428,9.149770010379555,0.05717702576508772
topcell,external_core,core,F09_sparse_initial_observation,mlp,0.15,2,2,0.18740442934831053,0,724,2.536930512039869,2.0771909351434656,-0.30843545354420965,9.149770010379555,2.6405726781252192
topcell,external_core,core,F09_sparse_initial_observation,cnn1d,0.15,2,2,0.18740442934831053,0,724,2.601669607340099,2.254520391737165,-0.40198295782667876,9.149770010379555,2.3094951586919357
topcell,external_core,core,F09_sparse_initial_observation,tcn,0.15,2,2,0.18740442934831053,0,724,2.7687208744735328,2.3165657187797457,-0.9746689414926949,9.149770010379555,2.3901188701395717
topcell,external_core,core,F09_sparse_initial_observation,gru,0.15,2,2,0.18740442934831053,0,724,2.845670017773513,2.2846777625222363,1.2389546828300784,9.149770010379555,3.6217564459664384
topcell,external_core,core,F09_sparse_initial_observation,lstm,0.15,2,2,0.18740442934831053,0,724,4.25167331889569,3.1576329589434677,2.015679577588874,14.449111233195637,10.659323279892629
topcell,external_core,core,F10_variable_dt_recipe,physical_rc,0.15,2,4,0.17309416377996523,0,724,0.07848069385177754,0.055089799537751075,-0.03770569358353576,0.3141703723680678,0.021944540770135374
topcell,external_core,core,F10_variable_dt_recipe,mlp,0.15,2,4,0.17309416377996523,0,724,2.0328053049469066,1.6982007759749278,0.2759452990616209,4.881816573512566,3.1219751145687664
topcell,external_core,core,F10_variable_dt_recipe,cnn1d,0.15,2,4,0.17309416377996523,0,724,1.4578665223026668,1.2400677925839854,0.798044251837972,2.8813382918677917,1.67963660010765
topcell,external_core,core,F10_variable_dt_recipe,tcn,0.15,2,4,0.17309416377996523,0,724,2.7032525381558252,2.2709082198470925,-0.28485979738991113,5.738054400022946,4.08307582013101
topcell,external_core,core,F10_variable_dt_recipe,gru,0.15,2,4,0.17309416377996523,0,724,1.375415425091153,1.1993196091929157,1.1133569233376865,3.431470141147088,2.5034625031681066
topcell,external_core,core,F10_variable_dt_recipe,lstm,0.15,2,4,0.17309416377996523,0,724,2.8391525691585686,1.7068511708791683,1.4046864609196144,10.815465921640751,8.904881440438306
topcell,external_core,core,F12_history_initialized_sparse,physical_rc,0.15,2,42,0.13338136790287108,20,644,0.05326923956212686,0.033675427054778724,0.002992925049964148,0.19932486762533586,0.025335764601098373
topcell,external_core,core,F12_history_initialized_sparse,mlp,0.15,2,42,0.13338136790287108,20,644,6.077917515913338,5.491506141963556,-0.5883861492980277,10.796068631543562,6.949818049809863
topcell,external_core,core,F12_history_initialized_sparse,cnn1d,0.15,2,42,0.13338136790287108,20,644,5.001554578560319,4.166989300838191,1.316715046772332,10.099610220262221,5.458203365909721
topcell,external_core,core,F12_history_initialized_sparse,tcn,0.15,2,42,0.13338136790287108,20,644,6.25974460173945,5.467052073500356,-1.798988400437812,12.029469733110915,6.978559179528888
topcell,external_core,core,F12_history_initialized_sparse,gru,0.15,2,42,0.13338136790287108,20,644,4.73601509941009,4.362835347480119,3.8009134351416787,9.876745960220262,4.545860508335733
topcell,external_core,core,F12_history_initialized_sparse,lstm,0.15,2,42,0.13338136790287108,20,644,6.150478072036848,4.8807477623939555,3.6293200061362376,17.418233894812573,13.214561300478586
topcell,external_core,core,F01_level_interpolation,physical_rc,0.15,3,4,0.16629755094063892,0,724,0.05295065277400691,0.027228742337150596,-0.013394950829325467,0.2956892160071547,0.007611858145766284
topcell,external_core,core,F01_level_interpolation,mlp,0.15,3,4,0.16629755094063892,0,724,1.046266827308136,0.9151849954757378,0.2910735579408729,1.6408511401635053,1.1025922157085075
topcell,external_core,core,F01_level_interpolation,cnn1d,0.15,3,4,0.16629755094063892,0,724,0.8554322399594814,0.7151662475961921,0.41305891641389375,1.3331935951438254,0.882820276594025
topcell,external_core,core,F01_level_interpolation,tcn,0.15,3,4,0.16629755094063892,0,724,1.0681933320070605,0.9253063925980257,0.01802836014982541,2.1448345510492004,1.2607949103979634
topcell,external_core,core,F01_level_interpolation,gru,0.15,3,4,0.16629755094063892,0,724,0.4985945037071006,0.45113427345725543,0.4410976029115035,0.8898791864380797,0.3570312513640356
topcell,external_core,core,F01_level_interpolation,lstm,0.15,3,4,0.16629755094063892,0,724,0.7200927960861359,0.6409283710903908,0.593464663765153,1.1875169671584018,0.6270232290932654
topcell,external_core,core,F02_coupled_interpolation,physical_rc,0.15,3,4,0.12198437718666394,0,724,0.043548273407023254,0.032955160817664315,0.032253338556665866,0.2169296775355818,0.008370526617086397
topcell,external_core,core,F02_coupled_interpolation,mlp,0.15,3,4,0.12198437718666394,0,724,0.32239167521427614,0.24207785585887925,-0.11295819197547621,0.6781679583126561,0.34878598720754816
topcell,external_core,core,F02_coupled_interpolation,cnn1d,0.15,3,4,0.12198437718666394,0,724,0.4022311094814038,0.3178334657385401,-0.2393517875134941,0.8927924079730474,0.21636105143176673
topcell,external_core,core,F02_coupled_interpolation,tcn,0.15,3,4,0.12198437718666394,0,724,0.9855461444271817,0.8064507520587255,-0.5168523711871179,2.135403497413776,0.7348758859175875
topcell,external_core,core,F02_coupled_interpolation,gru,0.15,3,4,0.12198437718666394,0,724,0.29720640791420494,0.2381028695469924,-0.18578015849266713,0.7652939022250109,0.19942901062794208
topcell,external_core,core,F02_coupled_interpolation,lstm,0.15,3,4,0.12198437718666394,0,724,0.3139344885812138,0.257492457465319,-0.2323192443293834,0.7831781922681387,0.12529632756449904
topcell,external_core,core,F03_high_power_extrapolation,physical_rc,0.15,3,4,0.2685523675759719,0,724,0.059512386483547376,0.034839201128367824,-0.02927680803126153,0.3366889182971562,0.016854819660156485
topcell,external_core,core,F03_high_power_extrapolation,mlp,0.15,3,4,0.2685523675759719,0,724,0.4696142488581956,0.3935890648774458,0.027643162077198087,0.8933591926436861,0.46282827317539077
topcell,external_core,core,F03_high_power_extrapolation,cnn1d,0.15,3,4,0.2685523675759719,0,724,0.44708640111364323,0.36622160353091293,-0.14550461744562035,1.0084567974097496,0.48827407046782684
topcell,external_core,core,F03_high_power_extrapolation,tcn,0.15,3,4,0.2685523675759719,0,724,1.4923122409243066,1.2267803604345342,-1.1354876750657965,2.8721344334457513,0.48040973380702584
topcell,external_core,core,F03_high_power_extrapolation,gru,0.15,3,4,0.2685523675759719,0,724,0.5096255084364799,0.4126418911908885,0.061046142904095144,1.3694751820404747,1.107044636222496
topcell,external_core,core,F03_high_power_extrapolation,lstm,0.15,3,4,0.2685523675759719,0,724,0.5798477304658387,0.4865604336372313,-0.2689312997738224,1.4075107773155935,0.7948267766149174
topcell,external_core,core,F04_strong_cooling_extrapolation,physical_rc,0.15,3,4,0.10649669627467338,0,724,0.022296145492861727,0.008944203028473936,0.004179689297425797,0.20228733815274325,0.0015451842178963503
topcell,external_core,core,F04_strong_cooling_extrapolation,mlp,0.15,3,4,0.10649669627467338,0,724,0.5366593169236852,0.5041357008468549,0.4525670409913395,0.7792721865035688,0.5776147071073935
topcell,external_core,core,F04_strong_cooling_extrapolation,cnn1d,0.15,3,4,0.10649669627467338,0,724,0.5057973252477105,0.44101902808696863,0.13289938303313759,0.9504557420613651,0.26672525071510106
topcell,external_core,core,F04_strong_cooling_extrapolation,tcn,0.15,3,4,0.10649669627467338,0,724,0.7855171508875549,0.7207818728777703,0.4888126287488473,1.3606243998676035,0.7997835642724584
topcell,external_core,core,F04_strong_cooling_extrapolation,gru,0.15,3,4,0.10649669627467338,0,724,0.5994212864854871,0.511053492306258,0.4818766822000998,1.063173453175736,0.5417867156724878
topcell,external_core,core,F04_strong_cooling_extrapolation,lstm,0.15,3,4,0.10649669627467338,0,724,1.0442900901801726,0.9584685777719305,0.958079738881117,1.6538439333356365,0.9209247422703584
topcell,external_core,core,F05_short_plasma_pulses,physical_rc,0.15,3,4,0.18373515296133386,0,724,0.0420384541128868,0.027356343670636853,-0.010828198947341185,0.3433663372985336,0.020007516309659388
topcell,external_core,core,F05_short_plasma_pulses,mlp,0.15,3,4,0.18373515296133386,0,724,0.9123067594173481,0.7062255042933034,-0.5650342869829121,3.0136989174826425,0.6228185878057105
topcell,external_core,core,F05_short_plasma_pulses,cnn1d,0.15,3,4,0.18373515296133386,0,724,0.4794070222128385,0.39053447054352114,-0.062351486583346105,1.125727166914828,0.5277493175887348
topcell,external_core,core,F05_short_plasma_pulses,tcn,0.15,3,4,0.18373515296133386,0,724,1.2554562839927337,0.9528269127791953,0.35041990243164467,3.4857864840079174,1.3961619357696793
topcell,external_core,core,F05_short_plasma_pulses,gru,0.15,3,4,0.18373515296133386,0,724,1.2991356966783483,0.9189465984341427,-0.7581332133451727,2.862796965443252,2.357279453090954
topcell,external_core,core,F05_short_plasma_pulses,lstm,0.15,3,4,0.18373515296133386,0,724,0.3494321494627834,0.2643794482663482,0.17697864485247647,0.9845817232616412,0.20601584529761022
topcell,external_core,core,F06_multiaxis_recipe,physical_rc,0.15,3,4,0.14586650272957896,0,724,0.040606702353837315,0.02920930923888662,0.005985998812301169,0.23725153452627978,0.024844817698515827
topcell,external_core,core,F06_multiaxis_recipe,mlp,0.15,3,4,0.14586650272957896,0,724,1.5025436916935908,1.2250883851791887,0.14392808744224778,3.9352235254776247,2.5300358311007125
topcell,external_core,core,F06_multiaxis_recipe,cnn1d,0.15,3,4,0.14586650272957896,0,724,1.0910540431975677,0.9155295769051778,0.6238447400313046,2.26255588771474,1.4567691402652423
topcell,external_core,core,F06_multiaxis_recipe,tcn,0.15,3,4,0.14586650272957896,0,724,2.0446999203949727,1.661561848499332,-0.24703938213822352,4.751879510566226,3.428507391106812
topcell,external_core,core,F06_multiaxis_recipe,gru,0.15,3,4,0.14586650272957896,0,724,1.0482101729225186,0.873965488583927,0.8276428241928053,2.7958552585543544,2.321646546648657
topcell,external_core,core,F06_multiaxis_recipe,lstm,0.15,3,4,0.14586650272957896,0,724,3.122363814283255,1.8283964684634748,1.7727762203576973,11.054275538432947,9.51023429949453
topcell,external_core,core,F07_smooth_multiaxis_ramp,physical_rc,0.15,3,4,0.14274514470147506,0,724,0.05752670186534334,0.04418088074544102,0.0337810561272909,0.2300796073680189,0.01690084906896523
topcell,external_core,core,F07_smooth_multiaxis_ramp,mlp,0.15,3,4,0.14274514470147506,0,724,1.119675917079948,0.9709522122203504,0.7331944903319493,2.1395122369841175,1.578530599878677
topcell,external_core,core,F07_smooth_multiaxis_ramp,cnn1d,0.15,3,4,0.14274514470147506,0,724,1.1341735256220242,0.9720500729838041,0.8637491102357444,2.2439648578453273,0.8128997756713793
topcell,external_core,core,F07_smooth_multiaxis_ramp,tcn,0.15,3,4,0.14274514470147506,0,724,0.7414600824830596,0.548384903918447,0.25313146167649114,2.2127812781146474,0.882684779387546
topcell,external_core,core,F07_smooth_multiaxis_ramp,gru,0.15,3,4,0.14274514470147506,0,724,1.3288367432682977,1.1618861619563485,1.1584865341428852,2.396910954204273,1.1538217024190967
topcell,external_core,core,F07_smooth_multiaxis_ramp,lstm,0.15,3,4,0.14274514470147506,0,724,1.5075768068217381,1.2737143533885154,1.2345045441592803,3.592264164425629,2.665586179962138
topcell,external_core,core,F08_hot_start_cooldown,physical_rc,0.15,3,4,0.14942176446417824,0,724,0.0357147370153808,0.02201427852525736,0.021242930812784794,0.2929585741124754,0.0027171930397918145
topcell,external_core,core,F08_hot_start_cooldown,mlp,0.15,3,4,0.14942176446417824,0,724,0.7158995940149155,0.5928661093369032,0.47815039930587794,1.3195825833223935,0.7442890902265373
topcell,external_core,core,F08_hot_start_cooldown,cnn1d,0.15,3,4,0.14942176446417824,0,724,0.9626484817615173,0.7919767205764952,0.5576624761141145,1.5658063625895124,1.000351605387532
topcell,external_core,core,F08_hot_start_cooldown,tcn,0.15,3,4,0.14942176446417824,0,724,0.9140085696885938,0.7700098883618831,0.5907186807043838,1.640899710091965,0.8994269708872118
topcell,external_core,core,F08_hot_start_cooldown,gru,0.15,3,4,0.14942176446417824,0,724,1.0307534110994694,0.9413849236621381,0.9373721557317853,1.780596476779813,0.7041147680038079
topcell,external_core,core,F08_hot_start_cooldown,lstm,0.15,3,4,0.14942176446417824,0,724,1.0034529215083599,0.8591057695965181,0.8493312016419191,1.7026314114270846,0.6950804794390412
topcell,external_core,core,F09_sparse_initial_observation,physical_rc,0.15,3,2,0.23072710491280496,0,724,1.2943549732050956,0.4678633797203649,-0.08163228706097218,9.223458553243098,0.05164604778835144
topcell,external_core,core,F09_sparse_initial_observation,mlp,0.15,3,2,0.23072710491280496,0,724,2.5074070811283597,2.04749781064213,-0.2816755895012746,9.223458553243098,2.6103769162757047
topcell,external_core,core,F09_sparse_initial_observation,cnn1d,0.15,3,2,0.23072710491280496,0,724,2.5778738946533477,2.231204744117369,-0.38164709018366916,9.223458553243098,2.2818013527499414
topcell,external_core,core,F09_sparse_initial_observation,tcn,0.15,3,2,0.23072710491280496,0,724,2.732998266096581,2.279957738272182,-0.939772523519249,9.223458553243098,2.361949157525765
topcell,external_core,core,F09_sparse_initial_observation,gru,0.15,3,2,0.23072710491280496,0,724,2.8203732226953746,2.2576810844400974,1.2424839918274477,9.223458553243098,3.5923728129924766
topcell,external_core,core,F09_sparse_initial_observation,lstm,0.15,3,2,0.23072710491280496,0,724,4.227702620891775,3.132120307540008,2.01872864190566,14.366816950939466,10.626339163605627
topcell,external_core,core,F10_variable_dt_recipe,physical_rc,0.15,3,4,0.1392308561714724,0,724,0.06223790306560833,0.042432428013628704,0.019837630479809173,0.22378104938655952,0.022359221134389016
topcell,external_core,core,F10_variable_dt_recipe,mlp,0.15,3,4,0.1392308561714724,0,724,1.9209440749593862,1.623383345295528,0.304706093148529,4.73471448699614,3.005714610777082
topcell,external_core,core,F10_variable_dt_recipe,cnn1d,0.15,3,4,0.1392308561714724,0,724,1.4026413624900256,1.189050190492344,0.7891136657105137,2.9198053944868008,1.6174530145014177
topcell,external_core,core,F10_variable_dt_recipe,tcn,0.15,3,4,0.1392308561714724,0,724,2.5446975460768235,2.1496467141733984,-0.2637929460324706,5.539143795978603,3.9148066113857554
topcell,external_core,core,F10_variable_dt_recipe,gru,0.15,3,4,0.1392308561714724,0,724,1.4104595465578253,1.2417224823869122,1.1811446013206108,3.3671113631103964,2.5340327227654313
topcell,external_core,core,F10_variable_dt_recipe,lstm,0.15,3,4,0.1392308561714724,0,724,2.848081857115698,1.6969669639393523,1.4482071530756122,10.746528135058952,8.932194913031443
topcell,external_core,core,F12_history_initialized_sparse,physical_rc,0.15,3,42,0.12138334988692953,20,644,0.04186804910137173,0.028574418679258588,-0.01702329121418713,0.13581140449925044,0.0296384494721836
topcell,external_core,core,F12_history_initialized_sparse,mlp,0.15,3,42,0.12138334988692953,20,644,5.938430260146454,5.327447712676069,-0.6973061980644543,10.76089514079544,6.7689263334216925
topcell,external_core,core,F12_history_initialized_sparse,cnn1d,0.15,3,42,0.12138334988692953,20,644,4.850321440357291,4.026007090500352,1.1542297569691629,10.107866005863414,5.268089044454476
topcell,external_core,core,F12_history_initialized_sparse,tcn,0.15,3,42,0.12138334988692953,20,644,6.135148181115699,5.301289866390874,-1.8794449952646681,11.936253444044425,6.805221615577701
topcell,external_core,core,F12_history_initialized_sparse,gru,0.15,3,42,0.12138334988692953,20,644,4.454059368367824,4.087713258673026,3.512278031009458,9.883668445602382,4.379475936434043
topcell,external_core,core,F12_history_initialized_sparse,lstm,0.15,3,42,0.12138334988692953,20,644,5.977550625874471,4.707357776087034,3.414070712183172,17.066341126352697,12.995002666964188
topcell,external_core,core,F01_level_interpolation,physical_rc,0.15,4,4,0.14804696676795395,0,724,0.06783769906486992,0.045318607771613395,0.04371912114987111,0.29644594781507294,0.008227379863086312
topcell,external_core,core,F01_level_interpolation,mlp,0.15,4,4,0.14804696676795395,0,724,0.9323349540520426,0.7898612523409182,0.31944600699508996,1.5551991215046712,0.9862627074959663
topcell,external_core,core,F01_level_interpolation,cnn1d,0.15,4,4,0.14804696676795395,0,724,0.7862625091649448,0.6601337516758673,0.4391940026037149,1.262211057695609,0.7905394534772213
topcell,external_core,core,F01_level_interpolation,tcn,0.15,4,4,0.14804696676795395,0,724,0.9139900030127794,0.7822180680693351,0.0828237287165946,1.8130625205962474,1.1293238848594205
topcell,external_core,core,F01_level_interpolation,gru,0.15,4,4,0.14804696676795395,0,724,0.4254430833301436,0.39812417376843084,0.39812417376843084,0.7161352663731577,0.283760615358176
topcell,external_core,core,F01_level_interpolation,lstm,0.15,4,4,0.14804696676795395,0,724,0.6269879302634072,0.5690139391676333,0.5497345674724942,0.982938382835755,0.497784382279907
topcell,external_core,core,F02_coupled_interpolation,physical_rc,0.15,4,4,0.10845359451462017,0,724,0.049533275057523994,0.038095010925987965,0.03761979208186103,0.16407480588101464,0.008823537024803749
topcell,external_core,core,F02_coupled_interpolation,mlp,0.15,4,4,0.10845359451462017,0,724,0.2668512331880281,0.20316800272483004,-0.09938790578839998,0.5745662729388243,0.29613929037224823
topcell,external_core,core,F02_coupled_interpolation,cnn1d,0.15,4,4,0.10845359451462017,0,724,0.34947539542083567,0.2777648343417549,-0.20387284291620666,0.7904349743810286,0.17473296076459194
topcell,external_core,core,F02_coupled_interpolation,tcn,0.15,4,4,0.10845359451462017,0,724,0.9376679071109023,0.7670363244948556,-0.5000907203842951,2.0415659075122505,0.6952095846576779
topcell,external_core,core,F02_coupled_interpolation,gru,0.15,4,4,0.10845359451462017,0,724,0.2538406014757206,0.20034004031144925,-0.16353075867902123,0.6604238370153155,0.16928591680579044
topcell,external_core,core,F02_coupled_interpolation,lstm,0.15,4,4,0.10845359451462017,0,724,0.27637168700980763,0.2291931363902534,-0.20804407654137388,0.687233533766161,0.10809663910288908
topcell,external_core,core,F03_high_power_extrapolation,physical_rc,0.15,4,4,0.12036741716823979,0,724,0.02778586688031057,0.015113019282541872,-0.006999440323694981,0.16910273576577595,0.013699044978541419
topcell,external_core,core,F03_high_power_extrapolation,mlp,0.15,4,4,0.12036741716823979,0,724,0.40504830050892715,0.34409200837654286,-0.013806163050236584,0.8367369800254494,0.32204110695187355
topcell,external_core,core,F03_high_power_extrapolation,cnn1d,0.15,4,4,0.12036741716823979,0,724,0.511373616539248,0.42872714611148083,-0.2208571876502496,1.1383617103596038,0.48196488559829365
topcell,external_core,core,F03_high_power_extrapolation,tcn,0.15,4,4,0.12036741716823979,0,724,1.4328351819189502,1.1489304634370288,-1.1048113755543298,2.9858887101386813,0.3787488395693724
topcell,external_core,core,F03_high_power_extrapolation,gru,0.15,4,4,0.12036741716823979,0,724,0.5324921937984499,0.46353927702001707,-0.10326395557080771,1.35786413041194,1.0073807557654866
topcell,external_core,core,F03_high_power_extrapolation,lstm,0.15,4,4,0.12036741716823979,0,724,0.6820738026248989,0.5616950913919653,-0.45317935400213805,1.5787473175003583,0.6053013350994443
topcell,external_core,core,F04_strong_cooling_extrapolation,physical_rc,0.15,4,4,0.08102081173874219,0,724,0.01124489533696867,0.0060934094903889735,-0.004268922894215042,0.10855510827234127,0.0025266473390970308
topcell,external_core,core,F04_strong_cooling_extrapolation,mlp,0.15,4,4,0.08102081173874219,0,724,0.5178117133102565,0.4854017402997118,0.43675669086243607,0.8288958289118895,0.565637433599952
topcell,external_core,core,F04_strong_cooling_extrapolation,cnn1d,0.15,4,4,0.08102081173874219,0,724,0.47054724107013823,0.40037345963320603,0.0841457708967191,0.9487239372781318,0.23560758313196895
topcell,external_core,core,F04_strong_cooling_extrapolation,tcn,0.15,4,4,0.08102081173874219,0,724,0.756707566977433,0.6957150031297628,0.4719007403032174,1.3115003159440946,0.7630021084582167
topcell,external_core,core,F04_strong_cooling_extrapolation,gru,0.15,4,4,0.08102081173874219,0,724,0.5484198769531754,0.4660717763666211,0.4215250023706624,0.9902046238547229,0.5164986968427387
topcell,external_core,core,F04_strong_cooling_extrapolation,lstm,0.15,4,4,0.08102081173874219,0,724,1.00156967808482,0.9132516858763594,0.9126796738105326,1.6228230181958239,0.8959311442792212
topcell,external_core,core,F05_short_plasma_pulses,physical_rc,0.15,4,4,0.12050156173415971,0,724,0.040131762925052446,0.02978256729704784,-0.02043963270557506,0.1482155331309727,0.02159837963001726
topcell,external_core,core,F05_short_plasma_pulses,mlp,0.15,4,4,0.12050156173415971,0,724,0.9061442970682765,0.7378129111697034,-0.5953609108242988,2.88242852089887,0.4984817916085045
topcell,external_core,core,F05_short_plasma_pulses,cnn1d,0.15,4,4,0.12050156173415971,0,724,0.4508830275573369,0.3655878867068424,-0.09423755184558673,1.1036158837841583,0.4700690755548922
topcell,external_core,core,F05_short_plasma_pulses,tcn,0.15,4,4,0.12050156173415971,0,724,1.2935581244901275,0.989899606801558,0.34136492442032196,3.6764104474294896,1.4353218465904285
topcell,external_core,core,F05_short_plasma_pulses,gru,0.15,4,4,0.12050156173415971,0,724,1.3586455868695229,0.9618369273611441,-0.8460160811588807,3.08271360674847,2.4350861137288633
topcell,external_core,core,F05_short_plasma_pulses,lstm,0.15,4,4,0.12050156173415971,0,724,0.3193132474547032,0.2353618871727999,0.10420162707166787,0.9798491136813112,0.1447313530199091
topcell,external_core,core,F06_multiaxis_recipe,physical_rc,0.15,4,4,0.14745744086005014,0,724,0.05933551271476855,0.042814432379797845,0.01869446710429257,0.21638417667431753,0.022741840735727478
topcell,external_core,core,F06_multiaxis_recipe,mlp,0.15,4,4,0.14745744086005014,0,724,1.5090350707864932,1.2227689199978093,0.164256263402181,3.935971447289944,2.5272704416215666
topcell,external_core,core,F06_multiaxis_recipe,cnn1d,0.15,4,4,0.14745744086005014,0,724,1.1288064495724435,0.942646874418391,0.6778672598592441,2.1959063510868617,1.4863806917330324
topcell,external_core,core,F06_multiaxis_recipe,tcn,0.15,4,4,0.14745744086005014,0,724,2.0683200049828305,1.6772245683055278,-0.21480544952637953,4.782310861069959,3.4650444129200317
topcell,external_core,core,F06_multiaxis_recipe,gru,0.15,4,4,0.14745744086005014,0,724,1.0107472585033332,0.8383774089561287,0.7929540549890202,2.853931211229309,2.283520104288649
topcell,external_core,core,F06_multiaxis_recipe,lstm,0.15,4,4,0.14745744086005014,0,724,3.087218074610439,1.7959320405722783,1.7414783887795084,11.069198547813585,9.446353388972765
topcell,external_core,core,F07_smooth_multiaxis_ramp,physical_rc,0.15,4,4,0.1004660340145919,0,724,0.04565340286760171,0.035624993787495174,0.02219421289612573,0.15016641382282359,0.018654206490870774
topcell,external_core,core,F07_smooth_multiaxis_ramp,mlp,0.15,4,4,0.1004660340145919,0,724,1.0736773001172255,0.9300305245289385,0.7031734027333209,2.0641239977187382,1.526792084916923
topcell,external_core,core,F07_smooth_multiaxis_ramp,cnn1d,0.15,4,4,0.1004660340145919,0,724,1.1228707063698136,0.9541697171844002,0.8321147277762334,2.358743764241538,0.8382479706488124
topcell,external_core,core,F07_smooth_multiaxis_ramp,tcn,0.15,4,4,0.1004660340145919,0,724,0.7755758555585224,0.5692339889422151,0.20217837657457502,2.313832600272633,0.8253690211202601
topcell,external_core,core,F07_smooth_multiaxis_ramp,gru,0.15,4,4,0.1004660340145919,0,724,1.381635498689129,1.1969748555700637,1.1957417037542089,2.5853070812154044,1.2138754205009714
topcell,external_core,core,F07_smooth_multiaxis_ramp,lstm,0.15,4,4,0.1004660340145919,0,724,1.5351757442089977,1.2922638505565889,1.261872989231934,3.5521407847912485,2.7351000016518934
topcell,external_core,core,F08_hot_start_cooldown,physical_rc,0.15,4,4,0.12375475857867335,0,724,0.020384847731388673,0.008772931069307325,0.005996333967799441,0.1833363791150333,0.0009058009684433496
topcell,external_core,core,F08_hot_start_cooldown,mlp,0.15,4,4,0.12375475857867335,0,724,0.5599843484052638,0.49089059641564786,0.42156323473653307,0.9935422531876341,0.6448714249208714
topcell,external_core,core,F08_hot_start_cooldown,cnn1d,0.15,4,4,0.12375475857867335,0,724,0.7387731348945479,0.6423106739304538,0.39295184107763703,1.1102281331907307,0.7612375300906332
topcell,external_core,core,F08_hot_start_cooldown,tcn,0.15,4,4,0.12375475857867335,0,724,0.7408486116843058,0.6454585300967639,0.5438400287294509,1.2616241917699256,0.6794133649980466
topcell,external_core,core,F08_hot_start_cooldown,gru,0.15,4,4,0.12375475857867335,0,724,0.7061914483329431,0.6420356540165456,0.6370838730737065,1.1755803476779363,0.4745250764022628
topcell,external_core,core,F08_hot_start_cooldown,lstm,0.15,4,4,0.12375475857867335,0,724,0.7679801601106804,0.6736460178623466,0.6707340926045348,1.3966077048128795,0.4389591002728424
topcell,external_core,core,F09_sparse_initial_observation,physical_rc,0.15,4,2,0.1704179595211743,0,724,1.3090802860814448,0.5452022771477356,-0.21844084932720537,9.149760813452815,0.08055944533645296
topcell,external_core,core,F09_sparse_initial_observation,mlp,0.15,4,2,0.1704179595211743,0,724,2.5386427581523257,2.078736706651765,-0.4185842799939941,9.149760813452815,2.631140753190307
topcell,external_core,core,F09_sparse_initial_observation,cnn1d,0.15,4,2,0.1704179595211743,0,724,2.579354272421899,2.220782523433755,-0.4671911239575479,9.149760813452815,2.2737437585465594
topcell,external_core,core,F09_sparse_initial_observation,tcn,0.15,4,2,0.1704179595211743,0,724,2.79248638864856,2.333550497288483,-1.0837784716921264,9.149760813452815,2.3833297071840316
topcell,external_core,core,F09_sparse_initial_observation,gru,0.15,4,2,0.1704179595211743,0,724,2.7941240040271973,2.2503203855344602,1.139800660052065,9.149760813452815,3.5823489398979214
topcell,external_core,core,F09_sparse_initial_observation,lstm,0.15,4,2,0.1704179595211743,0,724,4.2243723283913965,3.127963058478913,1.9253258046786204,14.400965123692941,10.633847330656394
topcell,external_core,core,F10_variable_dt_recipe,physical_rc,0.15,4,4,0.1706644242491997,0,724,0.06755715873261892,0.04694752706084283,0.03403470913895106,0.2863396259152893,0.023498647397409242
topcell,external_core,core,F10_variable_dt_recipe,mlp,0.15,4,4,0.1706644242491997,0,724,2.029581768799141,1.7073306248481426,0.34245717714665425,4.852585807742571,3.1159009056634384
topcell,external_core,core,F10_variable_dt_recipe,cnn1d,0.15,4,4,0.1706644242491997,0,724,1.4286535323618113,1.2087977881114438,0.8195741316643971,2.9147728654779854,1.639707341487679
topcell,external_core,core,F10_variable_dt_recipe,tcn,0.15,4,4,0.1706644242491997,0,724,2.658535816347236,2.2489450426821698,-0.22092121939487042,5.677865872611775,4.045705675827423
topcell,external_core,core,F10_variable_dt_recipe,gru,0.15,4,4,0.1706644242491997,0,724,1.426466872705929,1.257283707818919,1.193622353988649,3.407959358176072,2.5285845305645
topcell,external_core,core,F10_variable_dt_recipe,lstm,0.15,4,4,0.1706644242491997,0,724,2.847880619143501,1.7095517655091512,1.4596855262171988,10.790674150799532,8.923173774386449
topcell,external_core,core,F12_history_initialized_sparse,physical_rc,0.15,4,42,0.1372958229950539,20,644,0.06755949357649539,0.057249998154538004,0.04883283453844246,0.24517497654167641,0.018571273785015725
topcell,external_core,core,F12_history_initialized_sparse,mlp,0.15,4,42,0.1372958229950539,20,644,6.048073062628195,5.445831934061696,-0.6270043674684951,10.829299858281473,6.9075581310458345
topcell,external_core,core,F12_history_initialized_sparse,cnn1d,0.15,4,42,0.1372958229950539,20,644,4.9659159032809095,4.133592839045595,1.2867729546041482,10.133619319535555,5.413967855931021
topcell,external_core,core,F12_history_initialized_sparse,tcn,0.15,4,42,0.1372958229950539,20,644,6.231892687852584,5.418330022799142,-1.821283071068382,12.052943373649072,6.943254148280377
topcell,external_core,core,F12_history_initialized_sparse,gru,0.15,4,42,0.1372958229950539,20,644,4.614218110805425,4.256439515648279,3.689735670651064,9.90752926692042,4.447690019672773
topcell,external_core,core,F12_history_initialized_sparse,lstm,0.15,4,42,0.1372958229950539,20,644,6.056826862767535,4.802319127943991,3.5321934639293513,17.148751265224732,13.088700065015034
topcell,external_core,core,F01_level_interpolation,physical_rc,0.5,0,4,0.24067673153386523,0,724,0.04976324998548604,0.03393906432096947,0.03276767178157217,0.41505418847522435,0.006181097309604982
topcell,external_core,core,F01_level_interpolation,mlp,0.5,0,4,0.24067673153386523,0,724,0.9638913966226146,0.8104898911702294,0.31618496725408946,1.6419494325719626,1.0223932988307145
topcell,external_core,core,F01_level_interpolation,cnn1d,0.5,0,4,0.24067673153386523,0,724,0.7352557438614133,0.6197365354113852,0.3988909284280029,1.1752428281722729,0.7410880105155364
topcell,external_core,core,F01_level_interpolation,tcn,0.5,0,4,0.24067673153386523,0,724,0.9566218805242572,0.8160872816177054,0.07752923394276141,1.891841011778979,1.1728170192093457
topcell,external_core,core,F01_level_interpolation,gru,0.5,0,4,0.24067673153386523,0,724,0.4311223645170645,0.40679203703072636,0.4035003130128721,0.6808347281254754,0.27225988645086074
topcell,external_core,core,F01_level_interpolation,lstm,0.5,0,4,0.24067673153386523,0,724,0.6341856611327504,0.5774421271846703,0.5527413273208911,0.9848999037598247,0.4811618687524807
topcell,external_core,core,F02_coupled_interpolation,physical_rc,0.5,0,4,0.6778102811088946,0,724,0.2264629662503442,0.16600731791341672,0.16336569086207242,1.2752430041460485,0.03298891905701665
topcell,external_core,core,F02_coupled_interpolation,mlp,0.5,0,4,0.6778102811088946,0,724,0.2793619730367259,0.21524663087555315,-0.008128272481158738,1.2752430041459704,0.31093025176884986
topcell,external_core,core,F02_coupled_interpolation,cnn1d,0.5,0,4,0.6778102811088946,0,724,0.35321372861812483,0.28705724069257804,-0.076700462790073,1.2752430041459704,0.23086274335033113
topcell,external_core,core,F02_coupled_interpolation,tcn,0.5,0,4,0.6778102811088946,0,724,0.8504670007781936,0.7051075430366893,-0.31825005377088234,1.6815558040739518,0.7289795439561183
topcell,external_core,core,F02_coupled_interpolation,gru,0.5,0,4,0.6778102811088946,0,724,0.2307346402206489,0.17552954291471945,-0.1316751554886179,1.2752430041459704,0.1497254918154598
topcell,external_core,core,F02_coupled_interpolation,lstm,0.5,0,4,0.6778102811088946,0,724,0.29717353601291985,0.23032579516689222,-0.16006202982304077,1.2752430041459704,0.24253320110749102
topcell,external_core,core,F03_high_power_extrapolation,physical_rc,0.5,0,4,0.6237983900602889,0,724,0.23136356088497637,0.1851312657045669,-0.18503931219658437,0.8660191822461698,0.04843249427605085
topcell,external_core,core,F03_high_power_extrapolation,mlp,0.5,0,4,0.6237983900602889,0,724,0.6301407327293926,0.5366370025852605,-0.09576021333545627,1.3156562448663038,0.6153580364512903
topcell,external_core,core,F03_high_power_extrapolation,cnn1d,0.5,0,4,0.6237983900602889,0,724,0.5096621733847525,0.4218280661399385,-0.2757283595832575,1.0411723047486703,0.4222895982901509
topcell,external_core,core,F03_high_power_extrapolation,tcn,0.5,0,4,0.6237983900602889,0,724,1.5878604416908106,1.3170847811651405,-1.2578019511497207,3.0874704314453822,0.40830504392582595
topcell,external_core,core,F03_high_power_extrapolation,gru,0.5,0,4,0.6237983900602889,0,724,0.5765540118368586,0.5107475098130204,-0.12854804844155743,1.4324176849601997,1.0382548865568018
topcell,external_core,core,F03_high_power_extrapolation,lstm,0.5,0,4,0.6237983900602889,0,724,0.7420777660450952,0.6259021015198081,-0.45333959881733926,1.666689660983593,0.72810981868495
topcell,external_core,core,F04_strong_cooling_extrapolation,physical_rc,0.5,0,4,0.4740345349493726,0,724,0.09981661067515639,0.06182929102446389,0.05632629579618838,0.7372756586208311,0.011113036990578511
topcell,external_core,core,F04_strong_cooling_extrapolation,mlp,0.5,0,4,0.4740345349493726,0,724,0.5623874490747753,0.4268454372623953,0.417374566016111,1.1712983145690217,0.6031341729505976
topcell,external_core,core,F04_strong_cooling_extrapolation,cnn1d,0.5,0,4,0.4740345349493726,0,724,0.47338469727056165,0.4113406099135148,-0.1213740255088067,0.7710078581016901,0.44780417943466566
topcell,external_core,core,F04_strong_cooling_extrapolation,tcn,0.5,0,4,0.4740345349493726,0,724,0.6310001449541534,0.491830189545867,0.4685311928069767,1.3605717856401398,0.5408983018756406
topcell,external_core,core,F04_strong_cooling_extrapolation,gru,0.5,0,4,0.4740345349493726,0,724,0.35473064100700585,0.31385568405856923,0.03203292297564142,0.737275658620959,0.35016350757053805
topcell,external_core,core,F04_strong_cooling_extrapolation,lstm,0.5,0,4,0.4740345349493726,0,724,0.8904248959680605,0.772085414436934,0.743055685897186,1.452725565161721,0.7963290465112782
topcell,external_core,core,F05_short_plasma_pulses,physical_rc,0.5,0,4,0.5943313754089244,0,724,0.1625284804288827,0.12394181137883303,-0.12236890152131973,1.0419854992908668,0.04110332372007472
topcell,external_core,core,F05_short_plasma_pulses,mlp,0.5,0,4,0.5943313754089244,0,724,1.1084809604990304,0.9015336075419565,-0.7122759915443657,2.8023671382472486,0.7664707488093249
topcell,external_core,core,F05_short_plasma_pulses,cnn1d,0.5,0,4,0.5943313754089244,0,724,0.6753175933291948,0.5597644173927522,-0.23324554996865696,1.5471660098812947,0.6808384141688315
topcell,external_core,core,F05_short_plasma_pulses,tcn,0.5,0,4,0.5943313754089244,0,724,1.3424517268511453,0.9901692025426967,0.12715552205357775,3.6560043775111097,1.4378458865708443
topcell,external_core,core,F05_short_plasma_pulses,gru,0.5,0,4,0.5943313754089244,0,724,1.2508722632134435,0.9468616109921155,-0.6835485627142122,3.0162309143619694,2.208135892173393
topcell,external_core,core,F05_short_plasma_pulses,lstm,0.5,0,4,0.5943313754089244,0,724,0.5817288352999292,0.44099731073325515,0.222474981677056,1.3461752351342113,0.6039469153104772
topcell,external_core,core,F06_multiaxis_recipe,physical_rc,0.5,0,4,0.5659341409481353,0,724,0.16110845080520111,0.11106141416524024,0.0939752231035306,0.9051239007452381,0.017382970229761128
topcell,external_core,core,F06_multiaxis_recipe,mlp,0.5,0,4,0.5659341409481353,0,724,1.614106076344536,1.3691584898602462,0.27624987222968583,3.996053332117725,2.6601711657289897
topcell,external_core,core,F06_multiaxis_recipe,cnn1d,0.5,0,4,0.5659341409481353,0,724,1.27057381242147,1.0748754514836076,0.7905564448310057,2.6868853632519745,1.635982039812543
topcell,external_core,core,F06_multiaxis_recipe,tcn,0.5,0,4,0.5659341409481353,0,724,2.1873172983484226,1.8446765475368896,-0.1750845314594266,4.8938605117340614,3.5723133890285053
topcell,external_core,core,F06_multiaxis_recipe,gru,0.5,0,4,0.5659341409481353,0,724,1.2210904676334717,1.038067520911041,0.9960317978525665,3.1302158275739913,2.444292489396786
topcell,external_core,core,F06_multiaxis_recipe,lstm,0.5,0,4,0.5659341409481353,0,724,3.2496195531109606,1.995929945539662,1.9588530241341635,11.387875746003218,9.699693739487623
topcell,external_core,core,F07_smooth_multiaxis_ramp,physical_rc,0.5,0,4,0.4066789276486565,0,724,0.1803787478753007,0.14677240761413543,0.14456920592203154,0.6262941603342611,0.019091631103868363
topcell,external_core,core,F07_smooth_multiaxis_ramp,mlp,0.5,0,4,0.4066789276486565,0,724,1.2243521552167969,1.0634745191701105,0.8448059766882993,2.3977348262848324,1.6327448347699658
topcell,external_core,core,F07_smooth_multiaxis_ramp,cnn1d,0.5,0,4,0.4066789276486565,0,724,1.2239048203674292,1.0257970859723022,0.933391176270031,2.663777923191603,0.9124064913834115
topcell,external_core,core,F07_smooth_multiaxis_ramp,tcn,0.5,0,4,0.4066789276486565,0,724,0.8605557330266502,0.6637014685324626,0.3180288185992045,2.2772916984961853,0.9134725530169018
topcell,external_core,core,F07_smooth_multiaxis_ramp,gru,0.5,0,4,0.4066789276486565,0,724,1.559442597918538,1.3793049546722351,1.3793049546722351,2.951068320876658,1.320582759687155
topcell,external_core,core,F07_smooth_multiaxis_ramp,lstm,0.5,0,4,0.4066789276486565,0,724,1.6762242728228478,1.4343272494548949,1.4313398135776425,3.6868403867737385,2.860194810611258
topcell,external_core,core,F08_hot_start_cooldown,physical_rc,0.5,0,4,0.4213459852979405,0,724,0.11217258464596604,0.07109088931586756,-0.07035889140945877,0.8345624370026314,0.016879356940273812
topcell,external_core,core,F08_hot_start_cooldown,mlp,0.5,0,4,0.4213459852979405,0,724,0.6944126531358004,0.6095170047542751,0.4159485061060094,1.1783006379500875,0.6963598215523527
topcell,external_core,core,F08_hot_start_cooldown,cnn1d,0.5,0,4,0.4213459852979405,0,724,0.9944106146539031,0.8415141298998758,0.5200045167732199,1.4566192057681633,1.0180444349880706
topcell,external_core,core,F08_hot_start_cooldown,tcn,0.5,0,4,0.4213459852979405,0,724,0.9180477520262534,0.7860652623791419,0.5317774165417777,1.4921694319221075,0.9821773283699664
topcell,external_core,core,F08_hot_start_cooldown,gru,0.5,0,4,0.4213459852979405,0,724,0.9399035532329719,0.867212367716723,0.8292396520081136,1.5261935067232457,0.6150319770486236
topcell,external_core,core,F08_hot_start_cooldown,lstm,0.5,0,4,0.4213459852979405,0,724,0.9001046013797855,0.7882556143215073,0.7494069344343441,1.4839803132685887,0.5982944332410822
topcell,external_core,core,F09_sparse_initial_observation,physical_rc,0.5,0,2,0.1625933480632135,0,724,1.2950370520372303,0.48490308243902325,-0.11690139367603171,9.126569354121834,0.05897929294143211
topcell,external_core,core,F09_sparse_initial_observation,mlp,0.5,0,2,0.1625933480632135,0,724,2.5328628098699393,2.0730981589672135,-0.31701778089123805,9.126569354121827,2.635597673085334
topcell,external_core,core,F09_sparse_initial_observation,cnn1d,0.5,0,2,0.1625933480632135,0,724,2.5958546875016144,2.2477155679337577,-0.4065253776719892,9.126569354121827,2.301993998224919
topcell,external_core,core,F09_sparse_initial_observation,tcn,0.5,0,2,0.1625933480632135,0,724,2.766312178374128,2.313263696469756,-0.982063111744463,9.126569354121827,2.3856890912346094
topcell,external_core,core,F09_sparse_initial_observation,gru,0.5,0,2,0.1625933480632135,0,724,2.8365234135836843,2.2773421435915866,1.2286249443602755,9.126569354121827,3.6136594967056883
topcell,external_core,core,F09_sparse_initial_observation,lstm,0.5,0,2,0.1625933480632135,0,724,4.245390896466366,3.1509912917235536,2.0061812854201833,14.433175226248252,10.652251608725049
topcell,external_core,core,F10_variable_dt_recipe,physical_rc,0.5,0,4,0.27258118944634685,0,724,0.07194586484564569,0.043108927548761763,0.01136240332592677,0.35169991881829077,0.02184115027162738
topcell,external_core,core,F10_variable_dt_recipe,mlp,0.5,0,4,0.27258118944634685,0,724,1.8018686544058504,1.4941521392684318,0.26840714804128674,4.611524360287106,2.865430957333856
topcell,external_core,core,F10_variable_dt_recipe,cnn1d,0.5,0,4,0.27258118944634685,0,724,1.33555303690632,1.1231928906447155,0.7672687635678475,2.6445420690921395,1.5283597749423141
topcell,external_core,core,F10_variable_dt_recipe,tcn,0.5,0,4,0.27258118944634685,0,724,2.412497188120888,2.005052891928892,-0.26045403900269837,5.391525372535455,3.784122917176921
topcell,external_core,core,F10_variable_dt_recipe,gru,0.5,0,4,0.27258118944634685,0,724,1.3368310147429254,1.1510838474044869,1.071152916873238,3.4706167577430165,2.467636978909776
topcell,external_core,core,F10_variable_dt_recipe,lstm,0.5,0,4,0.27258118944634685,0,724,2.7623475035140412,1.6009250253612206,1.3358061778309296,10.745126297971368,8.77962887130327
topcell,external_core,core,F12_history_initialized_sparse,physical_rc,0.5,0,42,0.5029902560743343,20,644,0.18271291946582247,0.1510590590065668,0.1481536575645456,0.6283552890656807,0.025983287162194196
topcell,external_core,core,F12_history_initialized_sparse,mlp,0.5,0,42,0.5029902560743343,20,644,5.8484244484109995,5.188311278985248,-0.7423072328019299,10.733034855685744,6.664667394651598
topcell,external_core,core,F12_history_initialized_sparse,cnn1d,0.5,0,42,0.5029902560743343,20,644,4.774986116387295,3.9643454048019255,1.191574921538978,10.0322377431268,5.192908817702791
topcell,external_core,core,F12_history_initialized_sparse,tcn,0.5,0,42,0.5029902560743343,20,644,6.044397426561857,5.167619041758521,-1.8488696711175445,11.942418794963217,6.755654839272753
topcell,external_core,core,F12_history_initialized_sparse,gru,0.5,0,42,0.5029902560743343,20,644,4.076077734894102,3.780341790146642,3.1944866059054773,9.80424544480637,4.01424592677458
topcell,external_core,core,F12_history_initialized_sparse,lstm,0.5,0,42,0.5029902560743343,20,644,5.624556162221653,4.443024678719324,3.1192097298514416,15.8558966300304,12.501320261809688
topcell,external_core,core,F01_level_interpolation,physical_rc,0.5,1,4,0.49983024087478445,0,724,0.11357877937334909,0.0829208442645561,0.08278288767415065,0.9983569409515312,0.01565471639262827
topcell,external_core,core,F01_level_interpolation,mlp,0.5,1,4,0.49983024087478445,0,724,1.2001304419643353,0.9846301100338208,0.42743083473953936,2.140941652519274,1.2466783174906195
topcell,external_core,core,F01_level_interpolation,cnn1d,0.5,1,4,0.49983024087478445,0,724,0.8418292698291439,0.7113740525070588,0.4989118281412554,1.4804941192605554,0.825593848532335
topcell,external_core,core,F01_level_interpolation,tcn,0.5,1,4,0.49983024087478445,0,724,1.1703550738534456,0.9779877890596295,0.17710274009215027,2.099697595847047,1.3890068342267299
topcell,external_core,core,F01_level_interpolation,gru,0.5,1,4,0.49983024087478445,0,724,0.5029982950267952,0.45353570774966634,0.4533384933191463,1.0104988572810782,0.26822584716922987
topcell,external_core,core,F01_level_interpolation,lstm,0.5,1,4,0.49983024087478445,0,724,0.6788776478946681,0.6173221966477126,0.5879084696839191,1.3152452794807132,0.4087682339337633
topcell,external_core,core,F02_coupled_interpolation,physical_rc,0.5,1,4,0.20741874840669525,0,724,0.05023810606193818,0.034880848953040104,-0.03345224804387686,0.3993128553314449,0.014718223711626626
topcell,external_core,core,F02_coupled_interpolation,mlp,0.5,1,4,0.20741874840669525,0,724,0.34204014609594646,0.2753575024957756,-0.1971846351322685,0.6636295832379489,0.3379828831785559
topcell,external_core,core,F02_coupled_interpolation,cnn1d,0.5,1,4,0.20741874840669525,0,724,0.45662954319975546,0.36369445979976023,-0.3161767941612846,0.9287984380110146,0.22310012745660399
topcell,external_core,core,F02_coupled_interpolation,tcn,0.5,1,4,0.20741874840669525,0,724,1.0317285857281056,0.863310316420559,-0.5482161640285336,2.0781008582619336,0.7450295439700332
topcell,external_core,core,F02_coupled_interpolation,gru,0.5,1,4,0.20741874840669525,0,724,0.4556087134643136,0.3919468440627587,-0.3914400554018152,0.9005544703188519,0.1754072499127109
topcell,external_core,core,F02_coupled_interpolation,lstm,0.5,1,4,0.20741874840669525,0,724,0.4974490147050723,0.443016258956683,-0.4313514439201123,0.9091406661782742,0.27526672376580325
topcell,external_core,core,F03_high_power_extrapolation,physical_rc,0.5,1,4,0.4825734497210626,0,724,0.0779353465427786,0.034488459786632626,0.005057407841589774,0.6670078886036137,0.011998204217581928
topcell,external_core,core,F03_high_power_extrapolation,mlp,0.5,1,4,0.4825734497210626,0,724,0.6646758205038439,0.508091154046408,0.0960816857826389,1.452651016161525,0.7795799025089593
topcell,external_core,core,F03_high_power_extrapolation,cnn1d,0.5,1,4,0.4825734497210626,0,724,0.4139434000021464,0.35399837899811837,0.02379165426263749,0.9202651135425555,0.5311772366182144
topcell,external_core,core,F03_high_power_extrapolation,tcn,0.5,1,4,0.4825734497210626,0,724,1.3416453952367746,1.059402367165751,-0.9825676370480055,2.872457313208514,0.47554123143850113
topcell,external_core,core,F03_high_power_extrapolation,gru,0.5,1,4,0.4825734497210626,0,724,0.6088032121634719,0.48181492186596137,-0.08270334613907336,1.7115806607485808,1.0408135632392708
topcell,external_core,core,F03_high_power_extrapolation,lstm,0.5,1,4,0.4825734497210626,0,724,0.7395048211298669,0.6134174921000675,-0.38817104217744935,1.598033366587515,0.7533092381425766
topcell,external_core,core,F04_strong_cooling_extrapolation,physical_rc,0.5,1,4,0.3442303885295089,0,724,0.07242771050212708,0.03549060739630003,0.018884800640161344,0.4648309985421406,0.003945605711195406
topcell,external_core,core,F04_strong_cooling_extrapolation,mlp,0.5,1,4,0.3442303885295089,0,724,0.6541113530330287,0.5981296187441046,0.5130745893569046,1.0527813850030867,0.6652476501424659
topcell,external_core,core,F04_strong_cooling_extrapolation,cnn1d,0.5,1,4,0.3442303885295089,0,724,0.5882803194153176,0.5402064988736303,0.24647892109661146,1.046385251432696,0.30560524670630096
topcell,external_core,core,F04_strong_cooling_extrapolation,tcn,0.5,1,4,0.3442303885295089,0,724,0.9511477664488285,0.8882030393348354,0.5372484791868135,1.477197626162095,0.9497972031516508
topcell,external_core,core,F04_strong_cooling_extrapolation,gru,0.5,1,4,0.3442303885295089,0,724,0.6948600823956369,0.637987941255266,0.6137053014517257,1.0476566715967195,0.6074118180177791
topcell,external_core,core,F04_strong_cooling_extrapolation,lstm,0.5,1,4,0.3442303885295089,0,724,1.151406956928963,1.066889615251855,1.0602468528911897,1.789900944958191,1.0121539084719073
topcell,external_core,core,F05_short_plasma_pulses,physical_rc,0.5,1,4,0.4390677912544551,0,724,0.07771905765991383,0.0373005121669592,-0.01683476383968543,0.7694451178115997,0.02141635430471519
topcell,external_core,core,F05_short_plasma_pulses,mlp,0.5,1,4,0.4390677912544551,0,724,0.969517988763555,0.8328313735426035,-0.6284094092851308,2.68735932859056,0.3714397009011042
topcell,external_core,core,F05_short_plasma_pulses,cnn1d,0.5,1,4,0.4390677912544551,0,724,0.5176036977734646,0.4468160168379257,-0.21002922355037615,1.041235855648793,0.4161418538030249
topcell,external_core,core,F05_short_plasma_pulses,tcn,0.5,1,4,0.4390677912544551,0,724,1.4675602572403668,1.153949158419506,0.3729853182326691,4.122690746900275,1.6048119520013686
topcell,external_core,core,F05_short_plasma_pulses,gru,0.5,1,4,0.4390677912544551,0,724,1.5945625947807534,1.2035189450814585,-1.0818013800051036,3.716442152243431,2.6883150122368065
topcell,external_core,core,F05_short_plasma_pulses,lstm,0.5,1,4,0.4390677912544551,0,724,0.49623255426099777,0.4072475183539359,-0.08872208093681783,1.1023190515217607,0.3992942560150189
topcell,external_core,core,F06_multiaxis_recipe,physical_rc,0.5,1,4,0.7881404528838931,0,724,0.22291152915087303,0.14592080549861788,0.14081670698945106,1.548526765071621,0.020217624847194172
topcell,external_core,core,F06_multiaxis_recipe,mlp,0.5,1,4,0.7881404528838931,0,724,1.1471561021921022,0.9030700316055773,0.17019407715200857,3.4300813536913353,2.0862266016049964
topcell,external_core,core,F06_multiaxis_recipe,cnn1d,0.5,1,4,0.7881404528838931,0,724,0.9008712585423645,0.741862426857615,0.5656542254665419,1.9703502561099242,1.1877122329927936
topcell,external_core,core,F06_multiaxis_recipe,tcn,0.5,1,4,0.7881404528838931,0,724,1.5170632935307529,1.2032942435905647,-0.1692083019328118,4.070629813683055,2.861506514845771
topcell,external_core,core,F06_multiaxis_recipe,gru,0.5,1,4,0.7881404528838931,0,724,1.0237242467130903,0.8697689416836625,0.828524812433812,2.8285245452104704,2.274746383451533
topcell,external_core,core,F06_multiaxis_recipe,lstm,0.5,1,4,0.7881404528838931,0,724,3.025903156440114,1.755788788830458,1.7058997834596639,10.931146050624804,9.325037422723566
topcell,external_core,core,F07_smooth_multiaxis_ramp,physical_rc,0.5,1,4,0.3978283294405126,0,724,0.09489198963167438,0.05868940038107304,0.03719983653215934,0.7203939962778918,0.016220955787514885
topcell,external_core,core,F07_smooth_multiaxis_ramp,mlp,0.5,1,4,0.3978283294405126,0,724,1.1298181995248615,0.973642357722641,0.743098464276425,2.1416684751938107,1.5611844454268524
topcell,external_core,core,F07_smooth_multiaxis_ramp,cnn1d,0.5,1,4,0.3978283294405126,0,724,1.1664918645697882,1.0072013745675614,0.9103123979183879,2.113239013408176,0.7798108345922748
topcell,external_core,core,F07_smooth_multiaxis_ramp,tcn,0.5,1,4,0.3978283294405126,0,724,0.7393504237923417,0.5589440540083812,0.2945794212568461,2.267469482287538,0.8508253421888946
topcell,external_core,core,F07_smooth_multiaxis_ramp,gru,0.5,1,4,0.3978283294405126,0,724,1.2422588636073368,1.0871247649966307,1.0681515419142535,2.2802925426512246,1.074114285566334
topcell,external_core,core,F07_smooth_multiaxis_ramp,lstm,0.5,1,4,0.3978283294405126,0,724,1.459889062032011,1.2308109120035016,1.165591669321931,3.648896219453178,2.5483722864812615
topcell,external_core,core,F08_hot_start_cooldown,physical_rc,0.5,1,4,0.36412570680173467,0,724,0.0724644878785858,0.03300325041742932,-0.013281630330992514,0.6286246785710574,0.0054847057404551
topcell,external_core,core,F08_hot_start_cooldown,mlp,0.5,1,4,0.36412570680173467,0,724,0.8220198243530952,0.6581624968308928,0.46783024040278864,1.5342621751928078,0.8344006375219987
topcell,external_core,core,F08_hot_start_cooldown,cnn1d,0.5,1,4,0.36412570680173467,0,724,1.1425073647011699,0.9210756228441269,0.6439674620289455,1.9695302823946577,1.2204467048126386
topcell,external_core,core,F08_hot_start_cooldown,tcn,0.5,1,4,0.36412570680173467,0,724,1.021848841434403,0.8581885798662564,0.5751190414010598,1.8140156473933473,1.0317861097824652
topcell,external_core,core,F08_hot_start_cooldown,gru,0.5,1,4,0.36412570680173467,0,724,1.233122167166635,1.1251491305194776,1.1132185326033264,2.172967522377796,0.8391103543415855
topcell,external_core,core,F08_hot_start_cooldown,lstm,0.5,1,4,0.36412570680173467,0,724,1.1421303410169719,0.9650683506421902,0.9326197458732646,2.025749725275027,0.8633084247648064
topcell,external_core,core,F09_sparse_initial_observation,physical_rc,0.5,1,2,0.6643515589787882,0,724,1.2896928879670593,0.5208758930800533,-0.19249427946771094,9.089165262393905,0.07477627900351444
topcell,external_core,core,F09_sparse_initial_observation,mlp,0.5,1,2,0.6643515589787882,0,724,2.820142779128657,2.364144736080901,-0.39270210792055726,9.089165262393905,2.934553786275109
topcell,external_core,core,F09_sparse_initial_observation,cnn1d,0.5,1,2,0.6643515589787882,0,724,2.861380746463234,2.514385334563237,-0.48945202462152904,9.089165262393905,2.6105016339125977
topcell,external_core,core,F09_sparse_initial_observation,tcn,0.5,1,2,0.6643515589787882,0,724,3.075149674910471,2.635636666916181,-1.135217087779716,9.089165262393905,2.665579409427462
topcell,external_core,core,F09_sparse_initial_observation,gru,0.5,1,2,0.6643515589787882,0,724,3.1603994408016063,2.5831814279853615,1.3478294585626522,9.089165262393905,3.949497017061987
topcell,external_core,core,F09_sparse_initial_observation,lstm,0.5,1,2,0.6643515589787882,0,724,4.521214746246941,3.4352534311921956,2.1189850927675518,15.265588014704619,11.001230413652374
topcell,external_core,core,F10_variable_dt_recipe,physical_rc,0.5,1,4,0.31226842945023525,0,724,0.10364486000490784,0.07971272653381649,-0.07323668058363644,0.5238978380968078,0.025408674001666742
topcell,external_core,core,F10_variable_dt_recipe,mlp,0.5,1,4,0.31226842945023525,0,724,1.8299358173039613,1.500726842787422,0.18454625625681198,4.676815237453198,2.894636239349122
topcell,external_core,core,F10_variable_dt_recipe,cnn1d,0.5,1,4,0.31226842945023525,0,724,1.2956642566716265,1.0986966040079604,0.6758225378094725,2.5337058288428693,1.4954837780170998
topcell,external_core,core,F10_variable_dt_recipe,tcn,0.5,1,4,0.31226842945023525,0,724,2.435367075398432,2.001180166774702,-0.32685886024029276,5.42698487245805,3.799960437277515
topcell,external_core,core,F10_variable_dt_recipe,gru,0.5,1,4,0.31226842945023525,0,724,1.2867474359071471,1.0903040583370633,0.9691089362469668,3.523028396105616,2.432877327544685
topcell,external_core,core,F10_variable_dt_recipe,lstm,0.5,1,4,0.31226842945023525,0,724,2.737121924373895,1.5857815058975437,1.2422240802166418,10.777866193051139,8.724862926724182
topcell,external_core,core,F12_history_initialized_sparse,physical_rc,0.5,1,42,0.4792635944732141,20,644,0.02897228632130787,0.020241011588354358,-0.011903725900031957,0.09600398179070169,0.028754391515352237
topcell,external_core,core,F12_history_initialized_sparse,mlp,0.5,1,42,0.4792635944732141,20,644,5.596389245823145,4.992974371791925,-0.7051969593025527,10.256162325578615,6.413234944134609
topcell,external_core,core,F12_history_initialized_sparse,cnn1d,0.5,1,42,0.4792635944732141,20,644,4.540261478710792,3.762782445454929,1.0439375074310717,9.630891201458638,4.935445890422733
topcell,external_core,core,F12_history_initialized_sparse,tcn,0.5,1,42,0.4792635944732141,20,644,5.788821475058713,4.964681271362877,-1.821439534521792,11.352329320492672,6.471025719433377
topcell,external_core,core,F12_history_initialized_sparse,gru,0.5,1,42,0.4792635944732141,20,644,4.036305934763636,3.700814760100759,3.146284704405331,9.392692390019015,4.108013754223159
topcell,external_core,core,F12_history_initialized_sparse,lstm,0.5,1,42,0.4792635944732141,20,644,5.6749029532867965,4.429549181318554,3.182113122462349,16.396613913257966,12.625197574165597
topcell,external_core,core,F01_level_interpolation,physical_rc,0.5,2,4,0.7332879359489662,0,724,0.22011126492098113,0.17419322961440523,-0.17167865981309569,1.0603083093928092,0.041454968446551506
topcell,external_core,core,F01_level_interpolation,mlp,0.5,2,4,0.7332879359489662,0,724,1.205353923535006,1.0285647541502565,0.1788510874264304,2.0694394379575414,1.2613026876918185
topcell,external_core,core,F01_level_interpolation,cnn1d,0.5,2,4,0.7332879359489662,0,724,0.8083378925733554,0.6919601322006546,0.2601171482352966,1.40023008544361,0.8273513261447598
topcell,external_core,core,F01_level_interpolation,tcn,0.5,2,4,0.7332879359489662,0,724,1.2975718528804694,1.0863761625429615,-0.10382049502425195,2.6987072474491924,1.4459259173760777
topcell,external_core,core,F01_level_interpolation,gru,0.5,2,4,0.7332879359489662,0,724,0.40408221105742254,0.37968754447023906,0.3135040087972897,1.0603083093927026,0.25641436244078814
topcell,external_core,core,F01_level_interpolation,lstm,0.5,2,4,0.7332879359489662,0,724,0.6849575188046154,0.6310151034816046,0.4800416171300929,1.230919778715446,0.508709976115057
topcell,external_core,core,F02_coupled_interpolation,physical_rc,0.5,2,4,0.20575650901937942,0,724,0.0385911123698753,0.021370498491700002,0.013691229419158303,0.24405272914904685,0.00831280421640235
topcell,external_core,core,F02_coupled_interpolation,mlp,0.5,2,4,0.20575650901937942,0,724,0.37409557738677907,0.304244495008004,-0.16913598479662503,0.7401070729225694,0.40399772277407137
topcell,external_core,core,F02_coupled_interpolation,cnn1d,0.5,2,4,0.20575650901937942,0,724,0.4723639490101757,0.3915233200903782,-0.3020122119574832,0.9191372679353549,0.27097418431349624
topcell,external_core,core,F02_coupled_interpolation,tcn,0.5,2,4,0.20575650901937942,0,724,1.0489256016297643,0.8775571936197438,-0.5089871769308765,2.1204607938535673,0.8032098458039146
topcell,external_core,core,F02_coupled_interpolation,gru,0.5,2,4,0.20575650901937942,0,724,0.41514967001238423,0.35679761537611854,-0.35288848819426205,0.816091777894087,0.16568129659345604
topcell,external_core,core,F02_coupled_interpolation,lstm,0.5,2,4,0.20575650901937942,0,724,0.46115193739138005,0.4171518573701173,-0.39253915392746397,0.8189439568236025,0.25529910679461604
topcell,external_core,core,F03_high_power_extrapolation,physical_rc,0.5,2,4,0.832630299223333,0,724,0.13438846334367735,0.07094339896330265,-0.055814425969279303,1.4643026935674257,0.021650124014933443
topcell,external_core,core,F03_high_power_extrapolation,mlp,0.5,2,4,0.832630299223333,0,724,0.9940897935338742,0.814017823637378,-0.09356279521941266,1.955784025235772,1.0080477230553844
topcell,external_core,core,F03_high_power_extrapolation,cnn1d,0.5,2,4,0.832630299223333,0,724,0.9117833450860803,0.7176695156343664,-0.11464805220860248,2.0710026265699213,0.9020234633964423
topcell,external_core,core,F03_high_power_extrapolation,tcn,0.5,2,4,0.832630299223333,0,724,1.4167494463996055,1.1610066725867132,-0.9619258040511784,2.8048078915098813,0.6807589786818277
topcell,external_core,core,F03_high_power_extrapolation,gru,0.5,2,4,0.832630299223333,0,724,1.293633132372574,1.0384064667930224,-0.6505179228323736,2.501725766689688,1.1681645031433674
topcell,external_core,core,F03_high_power_extrapolation,lstm,0.5,2,4,0.832630299223333,0,724,1.4562639570105755,1.1424525870264197,-0.9746370013168699,2.964734946313172,1.1846436647220735
topcell,external_core,core,F04_strong_cooling_extrapolation,physical_rc,0.5,2,4,0.25014449276566514,0,724,0.09013110138010537,0.06807081532941708,-0.06807081532941708,0.4557449564071163,0.01580241848263488
topcell,external_core,core,F04_strong_cooling_extrapolation,mlp,0.5,2,4,0.25014449276566514,0,724,0.5638181746887218,0.5226750346261424,0.41473261181336835,0.9430015885682508,0.6082673292542723
topcell,external_core,core,F04_strong_cooling_extrapolation,cnn1d,0.5,2,4,0.25014449276566514,0,724,0.571006115540879,0.4998357634786976,0.14411981770375565,1.208045701802618,0.31634456310049436
topcell,external_core,core,F04_strong_cooling_extrapolation,tcn,0.5,2,4,0.25014449276566514,0,724,0.8679348188071478,0.8077155182152826,0.44091172381320354,1.5074907486313691,0.9129951283104051
topcell,external_core,core,F04_strong_cooling_extrapolation,gru,0.5,2,4,0.25014449276566514,0,724,0.6124619159302429,0.5362218131554854,0.48149503835980584,1.054520611778429,0.5528403828017646
topcell,external_core,core,F04_strong_cooling_extrapolation,lstm,0.5,2,4,0.25014449276566514,0,724,1.03203129692958,0.9443378371709154,0.9349375894334723,1.6921340588516927,0.9463118351921216
topcell,external_core,core,F05_short_plasma_pulses,physical_rc,0.5,2,4,0.5668616443157536,0,724,0.16624147298207884,0.11849930970263624,0.11586950053117713,0.979759201552298,0.01946614103646239
topcell,external_core,core,F05_short_plasma_pulses,mlp,0.5,2,4,0.5668616443157536,0,724,0.8764048811403053,0.7027970287448088,-0.46413140524015223,2.8932510444276716,0.518027947962509
topcell,external_core,core,F05_short_plasma_pulses,cnn1d,0.5,2,4,0.5668616443157536,0,724,0.44516750161262,0.36279833249709076,-0.14296199687005706,1.1624148679947979,0.3124748721348546
topcell,external_core,core,F05_short_plasma_pulses,tcn,0.5,2,4,0.5668616443157536,0,724,1.3841082721875695,1.0478480168448214,0.4738881267111867,3.9874510692137335,1.5024307461914261
topcell,external_core,core,F05_short_plasma_pulses,gru,0.5,2,4,0.5668616443157536,0,724,1.4086356392042663,1.0291214282580863,-0.8280695257337877,3.200749428029397,2.4889611566596788
topcell,external_core,core,F05_short_plasma_pulses,lstm,0.5,2,4,0.5668616443157536,0,724,0.3958828518620035,0.3085299940627239,0.1389442017966399,1.0787081040153197,0.18094548905792343
topcell,external_core,core,F06_multiaxis_recipe,physical_rc,0.5,2,4,0.7973386107378094,0,724,0.3257525907360316,0.25990027880138467,0.25934045066699507,1.063817373750247,0.04149345174442483
topcell,external_core,core,F06_multiaxis_recipe,mlp,0.5,2,4,0.7973386107378094,0,724,1.2597089491530447,1.052797290209319,0.34200193134280427,3.5055094545997463,2.1985278326218833
topcell,external_core,core,F06_multiaxis_recipe,cnn1d,0.5,2,4,0.7973386107378094,0,724,1.0864606514983903,0.9396277208711752,0.8078772992819996,2.067558701475164,1.3495456964827701
topcell,external_core,core,F06_multiaxis_recipe,tcn,0.5,2,4,0.7973386107378094,0,724,1.7093449381830519,1.4211172312972575,-0.011357328630920349,4.303936479782919,3.1020069770258325
topcell,external_core,core,F06_multiaxis_recipe,gru,0.5,2,4,0.7973386107378094,0,724,1.0769642724631843,0.9468546438331089,0.9115121442032134,2.8509796566139016,2.286934985439543
topcell,external_core,core,F06_multiaxis_recipe,lstm,0.5,2,4,0.7973386107378094,0,724,3.048182105927638,1.8354385081881743,1.807783775372167,10.947306893988696,9.3411111533531
topcell,external_core,core,F07_smooth_multiaxis_ramp,physical_rc,0.5,2,4,0.734988600807528,0,724,0.19817886019996586,0.1301035883193997,-0.12602597920495182,1.2984099827504565,0.04698385037105672
topcell,external_core,core,F07_smooth_multiaxis_ramp,mlp,0.5,2,4,0.734988600807528,0,724,1.4178709898378665,1.2265633036928276,0.6556935409030216,2.5993770777740224,2.0221587724423187
topcell,external_core,core,F07_smooth_multiaxis_ramp,cnn1d,0.5,2,4,0.734988600807528,0,724,1.3132859791696658,1.1020982185112294,0.773913144455585,2.8789831170475395,1.208007229684232
topcell,external_core,core,F07_smooth_multiaxis_ramp,tcn,0.5,2,4,0.734988600807528,0,724,0.9910299733959071,0.8410011445825166,0.071194980977142,2.12368435259836,1.4537717352919064
topcell,external_core,core,F07_smooth_multiaxis_ramp,gru,0.5,2,4,0.734988600807528,0,724,1.6032911910929692,1.3816117067311569,1.3133657551539522,3.146767460934697,1.4226516121407222
topcell,external_core,core,F07_smooth_multiaxis_ramp,lstm,0.5,2,4,0.734988600807528,0,724,1.7628148247754518,1.504898943329791,1.368057512513896,4.1732023810141925,3.050644663184494
topcell,external_core,core,F08_hot_start_cooldown,physical_rc,0.5,2,4,0.22382706486886766,0,724,0.061498547655912804,0.045397307210104425,-0.0410744516766322,0.307315568041588,0.011340965825076729
topcell,external_core,core,F08_hot_start_cooldown,mlp,0.5,2,4,0.22382706486886766,0,724,0.5983766004213203,0.4760256637371585,0.3650294129671198,1.0718072599347366,0.7085311268025181
topcell,external_core,core,F08_hot_start_cooldown,cnn1d,0.5,2,4,0.22382706486886766,0,724,0.7637783299478024,0.6237062456600411,0.36145077722481106,1.313536564048377,0.8193825054221732
topcell,external_core,core,F08_hot_start_cooldown,tcn,0.5,2,4,0.22382706486886766,0,724,0.7396889995580554,0.617714738948157,0.47370206254801694,1.365263650995196,0.7005566982865078
topcell,external_core,core,F08_hot_start_cooldown,gru,0.5,2,4,0.22382706486886766,0,724,0.798427056198315,0.7182313077393261,0.710895012865532,1.389954560795168,0.6130383127863206
topcell,external_core,core,F08_hot_start_cooldown,lstm,0.5,2,4,0.22382706486886766,0,724,0.8311888739373187,0.7038753820415632,0.6875930891260605,1.3837802661742131,0.6003411260517076
topcell,external_core,core,F09_sparse_initial_observation,physical_rc,0.5,2,2,0.35183417772739245,0,724,1.2943697126884837,0.44717519368073877,-0.03563133957622668,9.349041997613625,0.042273419629281585
topcell,external_core,core,F09_sparse_initial_observation,mlp,0.5,2,2,0.35183417772739245,0,724,2.4969244337154257,2.0368015368459718,-0.2354981757674129,9.349041997613618,2.600782073656019
topcell,external_core,core,F09_sparse_initial_observation,cnn1d,0.5,2,2,0.35183417772739245,0,724,2.5766136357247666,2.232299026879258,-0.3520220526272894,9.349041997613618,2.2815628542763027
topcell,external_core,core,F09_sparse_initial_observation,tcn,0.5,2,2,0.35183417772739245,0,724,2.712710343295154,2.261277231673197,-0.8907265219874028,9.349041997613618,2.352434062597858
topcell,external_core,core,F09_sparse_initial_observation,gru,0.5,2,2,0.35183417772739245,0,724,2.827349489872137,2.257567102924113,1.2749297776328747,9.349041997613618,3.592340362104037
topcell,external_core,core,F09_sparse_initial_observation,lstm,0.5,2,2,0.35183417772739245,0,724,4.2273501825585065,3.131045865010988,2.0487235603296106,14.347591708514315,10.620666447567265
topcell,external_core,core,F10_variable_dt_recipe,physical_rc,0.5,2,4,0.13529559580172656,0,724,0.05327099801545052,0.0389129867245411,-0.013055026773753805,0.21125457955422888,0.02126752845966675
topcell,external_core,core,F10_variable_dt_recipe,mlp,0.5,2,4,0.13529559580172656,0,724,2.0383452056497844,1.729461854839313,0.29908220410938835,4.872995086147469,3.1374131208845855
topcell,external_core,core,F10_variable_dt_recipe,cnn1d,0.5,2,4,0.13529559580172656,0,724,1.4533174825247395,1.24084011847611,0.7816277788582131,3.0519781417273464,1.685380594831536
topcell,external_core,core,F10_variable_dt_recipe,tcn,0.5,2,4,0.13529559580172656,0,724,2.6839250847413525,2.2811486277356536,-0.28908583662096204,5.702930037465251,4.053918742316387
topcell,external_core,core,F10_variable_dt_recipe,gru,0.5,2,4,0.13529559580172656,0,724,1.4396534391829638,1.2744954914282074,1.2088933513277076,3.33297318340027,2.56204745207973
topcell,external_core,core,F10_variable_dt_recipe,lstm,0.5,2,4,0.13529559580172656,0,724,2.8962449452146117,1.758417684900284,1.485058825274659,10.775776465245343,9.0102164280878
topcell,external_core,core,F12_history_initialized_sparse,physical_rc,0.5,2,42,0.47316888747604546,20,644,0.2070369017334227,0.13977638570842632,-0.1357111823042323,1.1380858796890152,0.05720267114088941
topcell,external_core,core,F12_history_initialized_sparse,mlp,0.5,2,42,0.47316888747604546,20,644,5.660180248667097,5.05793895934539,-0.7536302513254866,10.393606264087254,6.459105134539543
topcell,external_core,core,F12_history_initialized_sparse,cnn1d,0.5,2,42,0.47316888747604546,20,644,4.585278296064632,3.793937693783924,0.9594586626953101,9.79242249908448,4.95929038498115
topcell,external_core,core,F12_history_initialized_sparse,tcn,0.5,2,42,0.47316888747604546,20,644,5.8684123899347185,5.040045367810372,-1.9049059371140002,11.478485699998984,6.497170152470438
topcell,external_core,core,F12_history_initialized_sparse,gru,0.5,2,42,0.47316888747604546,20,644,4.152484443444204,3.775738103782103,3.2021249601636037,9.575690188048085,4.2440802931494614
topcell,external_core,core,F12_history_initialized_sparse,lstm,0.5,2,42,0.47316888747604546,20,644,5.807930984748422,4.520192335107331,3.236155733001984,16.863076642448306,12.800943361345606
topcell,external_core,core,F01_level_interpolation,physical_rc,0.5,3,4,0.5879429030389008,0,724,0.12170725784189838,0.07504438603770872,0.06068664888765893,0.7610375439332486,0.011792075110408437
topcell,external_core,core,F01_level_interpolation,mlp,0.5,3,4,0.5879429030389008,0,724,1.302259591166612,1.024573928350064,0.4327724111835498,2.462784821567709,1.3483260797153567
topcell,external_core,core,F01_level_interpolation,cnn1d,0.5,3,4,0.5879429030389008,0,724,1.027857946247614,0.8528182235093338,0.5858348143109321,1.972681292774979,0.9926903982149693
topcell,external_core,core,F01_level_interpolation,tcn,0.5,3,4,0.5879429030389008,0,724,1.2546877844086088,0.9925806065937283,0.21858514185656727,2.387468197037194,1.461055340476415
topcell,external_core,core,F01_level_interpolation,gru,0.5,3,4,0.5879429030389008,0,724,0.49502264659376943,0.3969200438361983,0.28509768171827826,1.1017685538262754,0.37930871694232077
topcell,external_core,core,F01_level_interpolation,lstm,0.5,3,4,0.5879429030389008,0,724,0.6142744239627709,0.5032302847651748,0.43316467896712746,1.3777756531804073,0.2825967373623999
topcell,external_core,core,F02_coupled_interpolation,physical_rc,0.5,3,4,0.3925705198016563,0,724,0.1636697717757301,0.13109411830264872,0.13109411830264872,0.48680008591464485,0.025055072213405468
topcell,external_core,core,F02_coupled_interpolation,mlp,0.5,3,4,0.3925705198016563,0,724,0.2592751590841965,0.2180750117130418,0.010515839425905373,0.6338830390134831,0.2753636184933062
topcell,external_core,core,F02_coupled_interpolation,cnn1d,0.5,3,4,0.3925705198016563,0,724,0.29566088248463634,0.2415644087366938,-0.09407464614066549,0.7857758054004478,0.15656666476687228
topcell,external_core,core,F02_coupled_interpolation,tcn,0.5,3,4,0.3925705198016563,0,724,0.8496138596206483,0.6995847726358473,-0.40497516959046753,1.8426930942705013,0.6659842608519159
topcell,external_core,core,F02_coupled_interpolation,gru,0.5,3,4,0.3925705198016563,0,724,0.1956053452016508,0.16553792674054177,-0.0541324710906257,0.48660415256947687,0.17683604240925183
topcell,external_core,core,F02_coupled_interpolation,lstm,0.5,3,4,0.3925705198016563,0,724,0.21334625845498872,0.16920164852902714,-0.09865378288180174,0.7094550835833076,0.10567292378616154
topcell,external_core,core,F03_high_power_extrapolation,physical_rc,0.5,3,4,0.6406641123386048,0,724,0.10963182580286278,0.050413770748291946,0.020932552595116633,1.0224374065971062,0.010963286181463545
topcell,external_core,core,F03_high_power_extrapolation,mlp,0.5,3,4,0.6406641123386048,0,724,0.5793436594110536,0.45241413844553197,-0.026885750888799693,1.496762147633099,0.38972352429409846
topcell,external_core,core,F03_high_power_extrapolation,cnn1d,0.5,3,4,0.6406641123386048,0,724,0.544825641474442,0.45483355703168193,-0.14042852653410268,1.1898273217188802,0.5747257037234041
topcell,external_core,core,F03_high_power_extrapolation,tcn,0.5,3,4,0.6406641123386048,0,724,1.5977870054467893,1.2704423999084649,-1.1408662794480506,3.53825889010875,0.7220608347355295
topcell,external_core,core,F03_high_power_extrapolation,gru,0.5,3,4,0.6406641123386048,0,724,0.6102938238549481,0.4931842205217708,0.03088494221610861,1.6096904801066785,1.1325952393296965
topcell,external_core,core,F03_high_power_extrapolation,lstm,0.5,3,4,0.6406641123386048,0,724,0.6607649912633562,0.5340683033213715,-0.3053671198193252,1.3487678976526638,0.7932060609655481
topcell,external_core,core,F04_strong_cooling_extrapolation,physical_rc,0.5,3,4,0.5402357042424407,0,724,0.17422083555958912,0.12245484686007337,0.12221852729670744,0.9990547575519884,0.025130513400553393
topcell,external_core,core,F04_strong_cooling_extrapolation,mlp,0.5,3,4,0.5402357042424407,0,724,0.5945358588225991,0.5471042901826487,0.5416642224607564,1.024450897900124,0.5671379061533399
topcell,external_core,core,F04_strong_cooling_extrapolation,cnn1d,0.5,3,4,0.5402357042424407,0,724,0.529099679120037,0.46097159639483004,0.17526029291731324,1.0003006722362358,0.31032535522983645
topcell,external_core,core,F04_strong_cooling_extrapolation,tcn,0.5,3,4,0.5402357042424407,0,724,0.80279523314128,0.6932836372884547,0.5956140214521032,1.4237152492346112,0.7355920360814506
topcell,external_core,core,F04_strong_cooling_extrapolation,gru,0.5,3,4,0.5402357042424407,0,724,0.6216388341442618,0.4986093692501739,0.48438986345257495,1.1321020242980353,0.529304884428267
topcell,external_core,core,F04_strong_cooling_extrapolation,lstm,0.5,3,4,0.5402357042424407,0,724,1.1045912310066568,1.0126540740622327,1.0123646396524677,1.65555824322972,0.8965645208523352
topcell,external_core,core,F05_short_plasma_pulses,physical_rc,0.5,3,4,0.3269269461832962,0,724,0.07682237297670841,0.047312328104713045,0.031503230281257136,0.5419339154663518,0.015065563675120705
topcell,external_core,core,F05_short_plasma_pulses,mlp,0.5,3,4,0.3269269461832962,0,724,0.8980154043344983,0.734505264451802,-0.555572533477876,2.7652282955627925,0.46064346897065106
topcell,external_core,core,F05_short_plasma_pulses,cnn1d,0.5,3,4,0.3269269461832962,0,724,0.4883392807515506,0.40658596403050634,0.00947259930010073,1.1711162061136662,0.545196126024163
topcell,external_core,core,F05_short_plasma_pulses,tcn,0.5,3,4,0.3269269461832962,0,724,1.2935544779329853,0.9766800718793169,0.3638031005112396,3.724754962348541,1.424987818482513
topcell,external_core,core,F05_short_plasma_pulses,gru,0.5,3,4,0.3269269461832962,0,724,1.3249316904111197,0.9491880653146552,-0.7620373522905564,2.992191492845649,2.3942315734508957
topcell,external_core,core,F05_short_plasma_pulses,lstm,0.5,3,4,0.3269269461832962,0,724,0.3586265328759312,0.2730122403284644,0.19257585922998888,1.0267527487523864,0.18008683052971833
topcell,external_core,core,F06_multiaxis_recipe,physical_rc,0.5,3,4,0.6301122525506583,0,724,0.19285969785585097,0.12732409950172507,-0.11727510490531624,0.854773434727619,0.047282569800406626
topcell,external_core,core,F06_multiaxis_recipe,mlp,0.5,3,4,0.6301122525506583,0,724,1.5406410809293203,1.2332311794100468,0.044508668168641886,3.9900248528686575,2.5315977664948153
topcell,external_core,core,F06_multiaxis_recipe,cnn1d,0.5,3,4,0.6301122525506583,0,724,1.225046601821618,1.0263209785370615,0.6529292502481133,2.417234767426777,1.5842592255329817
topcell,external_core,core,F06_multiaxis_recipe,tcn,0.5,3,4,0.6301122525506583,0,724,2.1702142200239583,1.7366163609593763,-0.32462648799528904,4.896484535654324,3.542986837167042
topcell,external_core,core,F06_multiaxis_recipe,gru,0.5,3,4,0.6301122525506583,0,724,0.9228074085323669,0.7624360979339989,0.6212473209946373,2.9314710196649685,2.211684703390659
topcell,external_core,core,F06_multiaxis_recipe,lstm,0.5,3,4,0.6301122525506583,0,724,3.039549129233082,1.7588452858623744,1.5976769205274444,11.102481800774413,9.362068843457159
topcell,external_core,core,F07_smooth_multiaxis_ramp,physical_rc,0.5,3,4,0.6932733829765686,0,724,0.2457422629247338,0.19368948303093805,-0.19249399883420865,0.9567055084841201,0.06237764581163907
topcell,external_core,core,F07_smooth_multiaxis_ramp,mlp,0.5,3,4,0.6932733829765686,0,724,0.9201604181511228,0.7641407267367576,0.42334725668670786,2.0130228156605057,1.3908560213989771
topcell,external_core,core,F07_smooth_multiaxis_ramp,cnn1d,0.5,3,4,0.6932733829765686,0,724,1.0460550447216295,0.8805785057016505,0.5841091226009786,2.3772063169257933,0.9085498908391954
topcell,external_core,core,F07_smooth_multiaxis_ramp,tcn,0.5,3,4,0.6932733829765686,0,724,0.9363856982280139,0.7243591855412591,-0.10908959524609102,2.457304342096421,0.7987833399349753
topcell,external_core,core,F07_smooth_multiaxis_ramp,gru,0.5,3,4,0.6932733829765686,0,724,1.3841872244307845,1.1868398830109586,1.0803875779341294,2.7338754300956083,1.3082116585741015
topcell,external_core,core,F07_smooth_multiaxis_ramp,lstm,0.5,3,4,0.6932733829765686,0,724,1.5076668992087243,1.263309904749026,1.1319843307446538,3.764237935945445,2.8336134372098094
topcell,external_core,core,F08_hot_start_cooldown,physical_rc,0.5,3,4,0.7743836031419553,0,724,0.27237294437131127,0.20993524449699938,-0.20432211485406102,1.1273946511290234,0.04791096210125978
topcell,external_core,core,F08_hot_start_cooldown,mlp,0.5,3,4,0.7743836031419553,0,724,0.4596445516628696,0.3852526304474668,0.17874448549188252,1.1878546897957563,0.5629309612068609
topcell,external_core,core,F08_hot_start_cooldown,cnn1d,0.5,3,4,0.7743836031419553,0,724,0.7088672923215398,0.6040575310274019,0.14278491032327773,1.327719532960046,0.7347789431205967
topcell,external_core,core,F08_hot_start_cooldown,tcn,0.5,3,4,0.7743836031419553,0,724,0.6123048497912003,0.523430183947374,0.29828138937071214,1.3817417797523177,0.5248208202151805
topcell,external_core,core,F08_hot_start_cooldown,gru,0.5,3,4,0.7743836031419553,0,724,0.4815029527440599,0.42069735491064497,0.35012732945967795,1.1273946511290944,0.35488709836383986
topcell,external_core,core,F08_hot_start_cooldown,lstm,0.5,3,4,0.7743836031419553,0,724,0.5481984037035154,0.48685624660949595,0.41054471334940085,1.1273946511290944,0.3457007010464216
topcell,external_core,core,F09_sparse_initial_observation,physical_rc,0.5,3,2,0.18253820111926922,0,724,1.3022532600938816,0.4926114164537535,-0.1215308285262391,9.11817935061061,0.0600465203288284
topcell,external_core,core,F09_sparse_initial_observation,mlp,0.5,3,2,0.18253820111926922,0,724,2.4194195985243847,1.9576135648819302,-0.3215150914376702,9.11817935061061,2.512374378091714
topcell,external_core,core,F09_sparse_initial_observation,cnn1d,0.5,3,2,0.18253820111926922,0,724,2.4816230583076417,2.1250203023502716,-0.3923372572585703,9.11817935061061,2.161225859445499
topcell,external_core,core,F09_sparse_initial_observation,tcn,0.5,3,2,0.18253820111926922,0,724,2.6506580669760624,2.1854293305864188,-0.95427945556104,9.11817935061061,2.2731607762122064
topcell,external_core,core,F09_sparse_initial_observation,gru,0.5,3,2,0.18253820111926922,0,724,2.689466542510175,2.1405825104930725,1.1467669956356852,9.11817935061061,3.4649491740307146
topcell,external_core,core,F09_sparse_initial_observation,lstm,0.5,3,2,0.18253820111926922,0,724,4.127277509713475,3.0241274810857828,1.9301458371638895,14.072210257350875,10.502324705292965
topcell,external_core,core,F10_variable_dt_recipe,physical_rc,0.5,3,4,0.529204805120021,0,724,0.09143008575380991,0.047238529239169845,-0.0056320978249853855,0.8682498341291023,0.02129953387268581
topcell,external_core,core,F10_variable_dt_recipe,mlp,0.5,3,4,0.529204805120021,0,724,1.8962951125597087,1.4837987698161366,0.2559547652770701,4.676337359952001,2.89992579757198
topcell,external_core,core,F10_variable_dt_recipe,cnn1d,0.5,3,4,0.529204805120021,0,724,1.3692120209135876,1.1158017291621587,0.7952452617794386,2.988135509332025,1.4989122865972957
topcell,external_core,core,F10_variable_dt_recipe,tcn,0.5,3,4,0.529204805120021,0,724,2.4986435618987115,2.000689369641986,-0.17333792372598547,5.4699886717865525,3.8998130925195453
topcell,external_core,core,F10_variable_dt_recipe,gru,0.5,3,4,0.529204805120021,0,724,1.3321521035124746,1.0651645432098198,0.8269840877840586,3.8046650096356274,2.371200466024127
topcell,external_core,core,F10_variable_dt_recipe,lstm,0.5,3,4,0.529204805120021,0,724,2.632731774190997,1.492287662700623,1.099956914742038,10.868951566978438,8.443713080511095
topcell,external_core,core,F12_history_initialized_sparse,physical_rc,0.5,3,42,0.44379652017346705,20,644,0.12198489414253273,0.10018901127549894,0.09509546442092344,0.5128256668944289,0.01802765673470286
topcell,external_core,core,F12_history_initialized_sparse,mlp,0.5,3,42,0.44379652017346705,20,644,5.9554091859914475,5.372682460845239,-0.5774406167021819,10.60108938389915,6.827853042173256
topcell,external_core,core,F12_history_initialized_sparse,cnn1d,0.5,3,42,0.44379652017346705,20,644,4.892150388478793,4.075918014594988,1.2996921765306122,9.9070720481986,5.34599474000635
topcell,external_core,core,F12_history_initialized_sparse,tcn,0.5,3,42,0.44379652017346705,20,644,6.1323491575291476,5.346719519062155,-1.7600587982953428,11.810145051444849,6.866548895287148
topcell,external_core,core,F12_history_initialized_sparse,gru,0.5,3,42,0.44379652017346705,20,644,4.579994094638278,4.224108598515102,3.674317504650426,9.676220991310373,4.433193872474784
topcell,external_core,core,F12_history_initialized_sparse,lstm,0.5,3,42,0.44379652017346705,20,644,6.029029540537404,4.775360829875166,3.549260679667952,17.125289255466726,13.065590398687375
topcell,external_core,core,F01_level_interpolation,physical_rc,0.5,4,4,0.5511877492441977,0,724,0.12167347378896501,0.07760489348340863,-0.06207809710943769,0.8354901492241638,0.01842033163999748
topcell,external_core,core,F01_level_interpolation,mlp,0.5,4,4,0.5511877492441977,0,724,0.6941777768297291,0.6183796206884166,0.1448347276891036,1.0877024709936478,0.7606305855915974
topcell,external_core,core,F01_level_interpolation,cnn1d,0.5,4,4,0.5511877492441977,0,724,0.5559169800329182,0.4711718121746219,0.1984531199496156,0.9608424162334188,0.5711661695432149
topcell,external_core,core,F01_level_interpolation,tcn,0.5,4,4,0.5511877492441977,0,724,0.7493544335940243,0.621120331837161,-0.07572351010499995,1.674430071533294,0.9324624934889342
topcell,external_core,core,F01_level_interpolation,gru,0.5,4,4,0.5511877492441977,0,724,0.37369852175556273,0.3386878410518775,0.3062309381167514,0.8354901492240643,0.3001977954972482
topcell,external_core,core,F01_level_interpolation,lstm,0.5,4,4,0.5511877492441977,0,724,0.5937887110187628,0.5265908779519894,0.4759032362289425,0.9786228253950071,0.5409595525177483
topcell,external_core,core,F02_coupled_interpolation,physical_rc,0.5,4,4,0.5044331233082191,0,724,0.08767788169616249,0.03537693885455567,-0.004082636163963791,0.686249639233182,0.00957485853169816
topcell,external_core,core,F02_coupled_interpolation,mlp,0.5,4,4,0.5044331233082191,0,724,0.6144689470355684,0.49130770475352625,-0.16818702382910838,1.1378623395975893,0.6399661344738692
topcell,external_core,core,F02_coupled_interpolation,cnn1d,0.5,4,4,0.5044331233082191,0,724,0.6679441509805122,0.5263691049030834,-0.32835369938819475,1.3640811079600184,0.5407578582614267
topcell,external_core,core,F02_coupled_interpolation,tcn,0.5,4,4,0.5044331233082191,0,724,1.19678292294746,0.92846912080906,-0.6252853663387524,2.6947739958082337,0.9455479463735138
topcell,external_core,core,F02_coupled_interpolation,gru,0.5,4,4,0.5044331233082191,0,724,0.526220170629668,0.47183015443396326,-0.016488701928844565,1.0309300128918437,0.5277153034556148
topcell,external_core,core,F02_coupled_interpolation,lstm,0.5,4,4,0.5044331233082191,0,724,0.48826140052346406,0.4066226045796464,-0.07685562772826292,1.1001128338477884,0.4973410021328377
topcell,external_core,core,F03_high_power_extrapolation,physical_rc,0.5,4,4,0.24730215503340894,0,724,0.08542398325297683,0.06667242886490213,-0.06637196405925512,0.31101133209858034,0.023810055797034362
topcell,external_core,core,F03_high_power_extrapolation,mlp,0.5,4,4,0.24730215503340894,0,724,0.48674727881233404,0.4061150065569318,-0.030879424896889173,0.8846874298054246,0.480516637442858
topcell,external_core,core,F03_high_power_extrapolation,cnn1d,0.5,4,4,0.24730215503340894,0,724,0.4513613518896206,0.3689167961492039,-0.19546336151746357,0.9313463377974927,0.4394563959222338
topcell,external_core,core,F03_high_power_extrapolation,tcn,0.5,4,4,0.24730215503340894,0,724,1.4351691734601189,1.1629190246147223,-1.127269685890568,2.6933436406461055,0.30347730975615583
topcell,external_core,core,F03_high_power_extrapolation,gru,0.5,4,4,0.24730215503340894,0,724,0.5663134057415798,0.49296406764930173,-0.1456312531943282,1.4803966756748252,1.0010697538811133
topcell,external_core,core,F03_high_power_extrapolation,lstm,0.5,4,4,0.24730215503340894,0,724,0.7256024401678148,0.6132221234967142,-0.4799043527653121,1.651846334407793,0.6420635488358433
topcell,external_core,core,F04_strong_cooling_extrapolation,physical_rc,0.5,4,4,0.47757553797552466,0,724,0.16210001753548722,0.12306570279674488,-0.11978880333837064,0.8098838012735712,0.02810649160960083
topcell,external_core,core,F04_strong_cooling_extrapolation,mlp,0.5,4,4,0.47757553797552466,0,724,0.5111951930644779,0.46238316573733795,0.32897479271282387,0.9094160677552452,0.6030360304058204
topcell,external_core,core,F04_strong_cooling_extrapolation,cnn1d,0.5,4,4,0.47757553797552466,0,724,0.5562592432393809,0.475463552654499,0.08888377342501122,1.1862099383813245,0.33524372053144996
topcell,external_core,core,F04_strong_cooling_extrapolation,tcn,0.5,4,4,0.47757553797552466,0,724,0.7297770773483223,0.6718279932774702,0.35701664176151104,1.2991912485923152,0.818898335598105
topcell,external_core,core,F04_strong_cooling_extrapolation,gru,0.5,4,4,0.47757553797552466,0,724,0.6367850530110314,0.5647015260926207,0.5030263041950598,1.0636974208772543,0.579943611796856
topcell,external_core,core,F04_strong_cooling_extrapolation,lstm,0.5,4,4,0.47757553797552466,0,724,1.0382421473281858,0.9513108983699543,0.9252684915259536,1.726829239599887,0.9776930232641453
topcell,external_core,core,F05_short_plasma_pulses,physical_rc,0.5,4,4,0.28995318254219055,0,724,0.10781990569182831,0.0801599720584853,-0.08001184916144376,0.45713803246344753,0.03236370015462736
topcell,external_core,core,F05_short_plasma_pulses,mlp,0.5,4,4,0.28995318254219055,0,724,0.9334741046076426,0.7554140553874451,-0.6429318399759707,2.9579744453159407,0.5500098900480906
topcell,external_core,core,F05_short_plasma_pulses,cnn1d,0.5,4,4,0.28995318254219055,0,724,0.4955247276945905,0.4078283809514016,-0.10802808051245076,1.282750445510743,0.5337857641591198
topcell,external_core,core,F05_short_plasma_pulses,tcn,0.5,4,4,0.28995318254219055,0,724,1.2651410036947026,0.9756552446699415,0.28709345891014654,3.5083237724217753,1.410158160554774
topcell,external_core,core,F05_short_plasma_pulses,gru,0.5,4,4,0.28995318254219055,0,724,1.341214468947921,0.954623901215721,-0.8575634773944326,3.0136431999131332,2.4094683797541103
topcell,external_core,core,F05_short_plasma_pulses,lstm,0.5,4,4,0.28995318254219055,0,724,0.314560351928777,0.24071801721483532,0.08684591793927554,0.9394250276480989,0.15742660113141874
topcell,external_core,core,F06_multiaxis_recipe,physical_rc,0.5,4,4,0.36965405750989433,0,724,0.10993925435920468,0.08412932690347509,0.07498729481121388,0.4648221058521358,0.017504594900606088
topcell,external_core,core,F06_multiaxis_recipe,mlp,0.5,4,4,0.36965405750989433,0,724,1.4238256411040298,1.1193910773131672,0.17744687829917313,3.7749536363284477,2.3609143809395525
topcell,external_core,core,F06_multiaxis_recipe,cnn1d,0.5,4,4,0.36965405750989433,0,724,1.06262024286153,0.8716653201943161,0.6773481533542507,2.1930000040751594,1.3481020602892755
topcell,external_core,core,F06_multiaxis_recipe,tcn,0.5,4,4,0.36965405750989433,0,724,1.910265826507101,1.5124288599250144,-0.10830308280763182,4.563848482530119,3.3281345614160114
topcell,external_core,core,F06_multiaxis_recipe,gru,0.5,4,4,0.36965405750989433,0,724,0.9174668745248462,0.7381637340702359,0.6347748916060646,3.10684858471447,2.142948564773637
topcell,external_core,core,F06_multiaxis_recipe,lstm,0.5,4,4,0.36965405750989433,0,724,2.9257542771058436,1.6374791958170887,1.5584964873982916,11.10892894976162,9.122325356632837
topcell,external_core,core,F07_smooth_multiaxis_ramp,physical_rc,0.5,4,4,0.4367855479466779,0,724,0.19249379584972687,0.15451993538679032,0.15259537307146637,0.5911944335817054,0.020533939655292467
topcell,external_core,core,F07_smooth_multiaxis_ramp,mlp,0.5,4,4,0.4367855479466779,0,724,1.2152334245993135,1.062701079819871,0.8538726707887306,2.3193357315183363,1.609630531808984
topcell,external_core,core,F07_smooth_multiaxis_ramp,cnn1d,0.5,4,4,0.4367855479466779,0,724,1.224445919491416,1.0374788127349308,0.9568371656657909,2.5878338743232945,0.880921686539587
topcell,external_core,core,F07_smooth_multiaxis_ramp,tcn,0.5,4,4,0.4367855479466779,0,724,0.8496525909315527,0.6600745833607236,0.33665340094758295,2.3238628174186147,0.8703650818949497
topcell,external_core,core,F07_smooth_multiaxis_ramp,gru,0.5,4,4,0.4367855479466779,0,724,1.5228527563448766,1.3543640559795496,1.3543640559795496,2.8469728150454188,1.281958908010677
topcell,external_core,core,F07_smooth_multiaxis_ramp,lstm,0.5,4,4,0.4367855479466779,0,724,1.6513764173729437,1.4191471641751,1.4130580351873803,3.5653099077561876,2.81356831194254
topcell,external_core,core,F08_hot_start_cooldown,physical_rc,0.5,4,4,0.286972341972183,0,724,0.044164255691608444,0.021213118463973453,0.015314508635215725,0.40029432369222206,0.0016646750470298496
topcell,external_core,core,F08_hot_start_cooldown,mlp,0.5,4,4,0.286972341972183,0,724,0.5879134375367969,0.5484684211230391,0.46079809081412537,1.00557024651296,0.608237541672479
topcell,external_core,core,F08_hot_start_cooldown,cnn1d,0.5,4,4,0.286972341972183,0,724,0.8401745277366365,0.7419769340399606,0.45436686501672835,1.4128882383437116,0.8345594600233895
topcell,external_core,core,F08_hot_start_cooldown,tcn,0.5,4,4,0.286972341972183,0,724,0.8263311237409038,0.7239129124448478,0.5950736928751922,1.5617464952710804,0.7908613958404549
topcell,external_core,core,F08_hot_start_cooldown,gru,0.5,4,4,0.286972341972183,0,724,0.729784612876591,0.63633305722843,0.6161151894946577,1.4520522665705755,0.44212467822919305
topcell,external_core,core,F08_hot_start_cooldown,lstm,0.5,4,4,0.286972341972183,0,724,0.7645257372912471,0.6756670310150774,0.663166901448166,1.6530000517343524,0.3531305680550455
topcell,external_core,core,F09_sparse_initial_observation,physical_rc,0.5,4,2,0.2682281239184127,0,724,1.3039043942567623,0.538961809307673,-0.21233758885021836,9.135757468722467,0.07919138518782877
topcell,external_core,core,F09_sparse_initial_observation,mlp,0.5,4,2,0.2682281239184127,0,724,2.6097781371187727,2.1523894398611874,-0.4125222886868395,9.135757468722467,2.7086093667641644
topcell,external_core,core,F09_sparse_initial_observation,cnn1d,0.5,4,2,0.2682281239184127,0,724,2.6510900110857523,2.296918445172698,-0.47355030826070876,9.135757468722467,2.3609803745018634
topcell,external_core,core,F09_sparse_initial_observation,tcn,0.5,4,2,0.2682281239184127,0,724,2.8644015256472013,2.412134082786692,-1.0977653837167378,9.135757468722467,2.454784015953003
topcell,external_core,core,F09_sparse_initial_observation,gru,0.5,4,2,0.2682281239184127,0,724,2.887372364041316,2.3362851225637176,1.1934312014678246,9.135757468722467,3.676456229434298
topcell,external_core,core,F09_sparse_initial_observation,lstm,0.5,4,2,0.2682281239184127,0,724,4.299480113314668,3.207523789465397,1.9751407692683478,14.625581463630567,10.728207048671544
topcell,external_core,core,F10_variable_dt_recipe,physical_rc,0.5,4,4,1.0830685300369924,0,724,0.2311147464069137,0.12641474463073604,0.08050357315777461,1.8533348237205374,0.03025820678183533
topcell,external_core,core,F10_variable_dt_recipe,mlp,0.5,4,4,1.0830685300369924,0,724,2.5833224602265443,2.2801302527629637,0.5080331077003152,5.265438975795618,3.700512334599532
topcell,external_core,core,F10_variable_dt_recipe,cnn1d,0.5,4,4,1.0830685300369924,0,724,1.9688808921335037,1.6268101541221396,0.9998060916838261,4.366995405568474,2.2300590842882517
topcell,external_core,core,F10_variable_dt_recipe,tcn,0.5,4,4,1.0830685300369924,0,724,3.2803430367023396,2.950251019522218,-0.2721217149185503,6.257609805960286,4.607820088065683
topcell,external_core,core,F10_variable_dt_recipe,gru,0.5,4,4,1.0830685300369924,0,724,2.0401076377002805,1.7705012330609922,1.7348444850155207,4.213780490874939,3.0164035230206117
topcell,external_core,core,F10_variable_dt_recipe,lstm,0.5,4,4,1.0830685300369924,0,724,3.4291716429853643,2.25348534874143,2.053718413792594,12.517683530308162,9.757275742422728
topcell,external_core,core,F12_history_initialized_sparse,physical_rc,0.5,4,42,0.5343126934096888,20,644,0.12416832324481035,0.09247454268958262,0.0865593848948955,0.7232983277151135,0.01744635782025507
topcell,external_core,core,F12_history_initialized_sparse,mlp,0.5,4,42,0.5343126934096888,20,644,5.939966511115834,5.329987060715947,-0.7387582538018914,10.820816208060776,6.751399044925292
topcell,external_core,core,F12_history_initialized_sparse,cnn1d,0.5,4,42,0.5343126934096888,20,644,4.831695988489682,4.00428351278126,1.0636576317049522,10.194350698052787,5.225916893487768
topcell,external_core,core,F12_history_initialized_sparse,tcn,0.5,4,42,0.5343126934096888,20,644,6.134702849883122,5.297152337736177,-1.9388948546158495,11.934187246872312,6.758561154298821
topcell,external_core,core,F12_history_initialized_sparse,gru,0.5,4,42,0.5343126934096888,20,644,4.466222307576863,4.070578587856004,3.489485605368449,9.964061314415204,4.438622962680496
topcell,external_core,core,F12_history_initialized_sparse,lstm,0.5,4,42,0.5343126934096888,20,644,6.038305977116875,4.7327957488926735,3.4173659136899888,17.347626026477585,13.07826124060888
linear_comsol,internal_test,configured_data_pool,T14_combined_recipe,physical_rc,0.0,0,3,0.0,0,900,0.039519022479152614,0.03141515264161165,0.016386846594665806,0.12299491960448705,0.02300745993596964
linear_comsol,internal_test,configured_data_pool,T14_combined_recipe,mlp,0.0,0,3,0.0,0,900,0.07604224865551953,0.05055746566215763,0.013958095576118216,0.21643631836167998,0.13297620095356508
linear_comsol,internal_test,configured_data_pool,T14_combined_recipe,cnn1d,0.0,0,3,0.0,0,900,0.10145765534962532,0.07081951801341335,0.06623471872076961,0.284732273625103,0.08673281676467
linear_comsol,internal_test,configured_data_pool,T14_combined_recipe,tcn,0.0,0,3,0.0,0,900,0.17031998943329996,0.12697788070764604,0.09904238050733899,0.40976238573256296,0.15624063515660175
linear_comsol,internal_test,configured_data_pool,T14_combined_recipe,gru,0.0,0,3,0.0,0,900,0.13033818128771063,0.0925426025677136,0.03303212605349308,0.3687294190910606,0.057416278224453346
linear_comsol,internal_test,configured_data_pool,T14_combined_recipe,lstm,0.0,0,3,0.0,0,900,0.14076057000444275,0.10200315581080047,0.021902693142667715,0.4093247646768674,0.06753057105874004
linear_comsol,internal_test,configured_data_pool,T09_coolant_step_35c,physical_rc,0.0,0,3,0.0,0,1080,0.014357938264803855,0.011273044583021159,0.01095320694407002,0.081629869465079,0.007370612729995921
linear_comsol,internal_test,configured_data_pool,T09_coolant_step_35c,mlp,0.0,0,3,0.0,0,1080,0.09873485128313608,0.0752739741440233,-0.025146741894212274,0.23728380893508216,0.10327563210137503
linear_comsol,internal_test,configured_data_pool,T09_coolant_step_35c,cnn1d,0.0,0,3,0.0,0,1080,0.04186781632109894,0.027993629584181008,0.020287127651610604,0.13325674625755823,0.09377409719578196
linear_comsol,internal_test,configured_data_pool,T09_coolant_step_35c,tcn,0.0,0,3,0.0,0,1080,0.16806211545776936,0.14164531615571282,-0.13350302536663683,0.3219146292120101,0.11948730697235374
linear_comsol,internal_test,configured_data_pool,T09_coolant_step_35c,gru,0.0,0,3,0.0,0,1080,0.13404800114984636,0.10054389679468279,-0.01792825996315632,0.44155681893423093,0.33453456940002785
linear_comsol,internal_test,configured_data_pool,T09_coolant_step_35c,lstm,0.0,0,3,0.0,0,1080,0.10938570787326314,0.09570963139935366,-0.03898647212242231,0.23909220356344107,0.11786672211121743
linear_comsol,internal_test,configured_data_pool,T14_combined_recipe,physical_rc,0.15,0,3,0.11786570747996863,0,900,0.053383501690428145,0.04647629148791152,0.03819058479308907,0.14749687257960176,0.032803236193855646
linear_comsol,internal_test,configured_data_pool,T14_combined_recipe,mlp,0.15,0,3,0.11786570747996863,0,900,0.13979779964827954,0.1164075395369724,0.06083457046806134,0.26502981917239055,0.19716500312363625
linear_comsol,internal_test,configured_data_pool,T14_combined_recipe,cnn1d,0.15,0,3,0.11786570747996863,0,900,0.16096661568487325,0.12882107271360618,0.0980097891396863,0.3404543679806835,0.13993923815905074
linear_comsol,internal_test,configured_data_pool,T14_combined_recipe,tcn,0.15,0,3,0.11786570747996863,0,900,0.22765328289907902,0.18641196483232098,0.13470288111937218,0.5141228252348,0.23918486318041052
linear_comsol,internal_test,configured_data_pool,T14_combined_recipe,gru,0.15,0,3,0.11786570747996863,0,900,0.1961798905879747,0.16028283065657015,0.06058644717203657,0.4147982040740388,0.12817426294916992
linear_comsol,internal_test,configured_data_pool,T14_combined_recipe,lstm,0.15,0,3,0.11786570747996863,0,900,0.17795040665181097,0.14888618004377627,0.049555973332083766,0.38982643524153815,0.08786490494065742
linear_comsol,internal_test,configured_data_pool,T09_coolant_step_35c,physical_rc,0.15,0,3,0.20681848922554136,0,1080,0.12929214856171695,0.11938284396771232,0.11938284396771232,0.2944755857871222,0.048111220150841356
linear_comsol,internal_test,configured_data_pool,T09_coolant_step_35c,mlp,0.15,0,3,0.20681848922554136,0,1080,0.17980899024670324,0.15267894019230077,0.01094622307510573,0.3385376645139111,0.17776152917678065
linear_comsol,internal_test,configured_data_pool,T09_coolant_step_35c,cnn1d,0.15,0,3,0.20681848922554136,0,1080,0.17132621744838855,0.1272677026174057,0.11187598088225555,0.3508715911523623,0.21043659055473238
linear_comsol,internal_test,configured_data_pool,T09_coolant_step_35c,tcn,0.15,0,3,0.20681848922554136,0,1080,0.149205613666607,0.11741343626652817,-0.03218277882445618,0.360609136089856,0.17707739435227807
linear_comsol,internal_test,configured_data_pool,T09_coolant_step_35c,gru,0.15,0,3,0.20681848922554136,0,1080,0.20581781620838097,0.16513419076281377,0.056095448842023776,0.5602769041991422,0.38978036664760024
linear_comsol,internal_test,configured_data_pool,T09_coolant_step_35c,lstm,0.15,0,3,0.20681848922554136,0,1080,0.15345927447757393,0.12367044354780218,0.05178957079544538,0.5237244741465972,0.17103381268511175
linear_comsol,internal_test,configured_data_pool,T14_combined_recipe,physical_rc,0.15,1,3,0.04271948244783902,0,900,0.04884812024734623,0.04210932228163005,0.03223270222121677,0.14092291815247648,0.03016776439966295
linear_comsol,internal_test,configured_data_pool,T14_combined_recipe,mlp,0.15,1,3,0.04271948244783902,0,900,0.06761904573662998,0.054351584167050514,0.004840629192654909,0.1650929159366541,0.0919485423849259
linear_comsol,internal_test,configured_data_pool,T14_combined_recipe,cnn1d,0.15,1,3,0.04271948244783902,0,900,0.09817343525598247,0.07988271347624011,0.07206192241078976,0.25257028398826264,0.07165597027941394
linear_comsol,internal_test,configured_data_pool,T14_combined_recipe,tcn,0.15,1,3,0.04271948244783902,0,900,0.16625196235066705,0.12436706877217467,0.10873461857299047,0.3829588244267228,0.12909315682332484
linear_comsol,internal_test,configured_data_pool,T14_combined_recipe,gru,0.15,1,3,0.04271948244783902,0,900,0.11390969934237516,0.08410032555307653,0.03115725484159988,0.32205276588962306,0.0381074369599041
linear_comsol,internal_test,configured_data_pool,T14_combined_recipe,lstm,0.15,1,3,0.04271948244783902,0,900,0.14222501495686388,0.11165098378875611,0.02805542238246537,0.37743176702338843,0.07737953512862097
linear_comsol,internal_test,configured_data_pool,T09_coolant_step_35c,physical_rc,0.15,1,3,0.11536809639938732,0,1080,0.04415703444608347,0.035363384646437374,-0.035363384646437374,0.13218728706291216,0.011859416910555962
linear_comsol,internal_test,configured_data_pool,T09_coolant_step_35c,mlp,0.15,1,3,0.11536809639938732,0,1080,0.12838988636084347,0.0983298219861029,-0.005001539707951651,0.29420015692478785,0.1451667307572487
linear_comsol,internal_test,configured_data_pool,T09_coolant_step_35c,cnn1d,0.15,1,3,0.11536809639938732,0,1080,0.0977733812925872,0.082429646258225,-0.010109818458608638,0.21426058667272585,0.056520535223192295
linear_comsol,internal_test,configured_data_pool,T09_coolant_step_35c,tcn,0.15,1,3,0.11536809639938732,0,1080,0.23473499859957925,0.18984968616325612,-0.17121586653838697,0.4995556957570315,0.17119121279530014
linear_comsol,internal_test,configured_data_pool,T09_coolant_step_35c,gru,0.15,1,3,0.11536809639938732,0,1080,0.15810418449772873,0.12531870698237094,-0.03335834524634043,0.5210323050662424,0.3388091875827347
linear_comsol,internal_test,configured_data_pool,T09_coolant_step_35c,lstm,0.15,1,3,0.11536809639938732,0,1080,0.17211401731290235,0.1444151965163014,-0.06959178068887543,0.3100615349027649,0.1635807200689366
linear_comsol,internal_test,configured_data_pool,T14_combined_recipe,physical_rc,0.15,2,3,0.1416654968446087,0,900,0.042075445783104,0.03827756868824524,-0.017715453556897492,0.12796292542891763,0.008199982422096897
linear_comsol,internal_test,configured_data_pool,T14_combined_recipe,mlp,0.15,2,3,0.1416654968446087,0,900,0.11664161502851625,0.08377307765759924,-0.06992148426677917,0.2938871259246625,0.044032395822538525
linear_comsol,internal_test,configured_data_pool,T14_combined_recipe,cnn1d,0.15,2,3,0.1416654968446087,0,900,0.11811732858759243,0.0897715309327742,0.010223621924783209,0.2732653962448133,0.08148750570998024
linear_comsol,internal_test,configured_data_pool,T14_combined_recipe,tcn,0.15,2,3,0.1416654968446087,0,900,0.16369761277806036,0.11875301171301757,0.05978693451499331,0.43377301872367724,0.15352893421111585
linear_comsol,internal_test,configured_data_pool,T14_combined_recipe,gru,0.15,2,3,0.1416654968446087,0,900,0.156028745843386,0.1265384537663236,-0.04675975468006871,0.3601459265855027,0.08465003421090422
linear_comsol,internal_test,configured_data_pool,T14_combined_recipe,lstm,0.15,2,3,0.1416654968446087,0,900,0.17068199571025164,0.12664726068076332,-0.03656492494213609,0.4299217366200665,0.05765871404459712
linear_comsol,internal_test,configured_data_pool,T09_coolant_step_35c,physical_rc,0.15,2,3,0.2279258395694789,0,1080,0.017439749681810883,0.014654231072298391,0.014027077946044367,0.09563361181270835,0.008480813429743122
linear_comsol,internal_test,configured_data_pool,T09_coolant_step_35c,mlp,0.15,2,3,0.2279258395694789,0,1080,0.2664084743679304,0.24440704040989988,-0.12050263666812992,0.4304763721172691,0.23998838516798815
linear_comsol,internal_test,configured_data_pool,T09_coolant_step_35c,cnn1d,0.15,2,3,0.2279258395694789,0,1080,0.2272399020757665,0.2026519524148136,0.005673744097643453,0.3698858802585505,0.2903885916361844
linear_comsol,internal_test,configured_data_pool,T09_coolant_step_35c,tcn,0.15,2,3,0.2279258395694789,0,1080,0.25620127906627155,0.20877465441767812,-0.1536550318836097,0.5223111953626827,0.18281699223375053
linear_comsol,internal_test,configured_data_pool,T09_coolant_step_35c,gru,0.15,2,3,0.2279258395694789,0,1080,0.24871258061664417,0.22160977264925144,-0.03214169850594963,0.6246446300495734,0.38474538052835944
linear_comsol,internal_test,configured_data_pool,T09_coolant_step_35c,lstm,0.15,2,3,0.2279258395694789,0,1080,0.2333244408035505,0.21238743268888438,-0.04800999593488781,0.444048618745537,0.2840161688170247
linear_comsol,internal_test,configured_data_pool,T14_combined_recipe,physical_rc,0.15,3,3,0.15569884772601028,0,900,0.07966110446134754,0.06496893283528779,-0.06392263538092616,0.19343417748793357,0.014671016614027407
linear_comsol,internal_test,configured_data_pool,T14_combined_recipe,mlp,0.15,3,3,0.15569884772601028,0,900,0.18525117906394503,0.15593681558246916,0.008078270346851338,0.38029948150052917,0.26911902811026583
linear_comsol,internal_test,configured_data_pool,T14_combined_recipe,cnn1d,0.15,3,3,0.15569884772601028,0,900,0.18152929139120247,0.1590385602551199,0.014953150566174895,0.347267710340013,0.18571406881938102
linear_comsol,internal_test,configured_data_pool,T14_combined_recipe,tcn,0.15,3,3,0.15569884772601028,0,900,0.23384421890605372,0.19304363196543847,0.03829921513491295,0.4627366689774064,0.2705081528749202
linear_comsol,internal_test,configured_data_pool,T14_combined_recipe,gru,0.15,3,3,0.15569884772601028,0,900,0.2343427353212857,0.1958097732154133,0.004757331354547429,0.48468828442080536,0.18202134318136454
linear_comsol,internal_test,configured_data_pool,T14_combined_recipe,lstm,0.15,3,3,0.15569884772601028,0,900,0.20872197360792116,0.15795744373111087,-0.030548562340056075,0.4734958606515818,0.14237432771430095
linear_comsol,internal_test,configured_data_pool,T09_coolant_step_35c,physical_rc,0.15,3,3,0.06078888640417285,0,1080,0.025112234834107038,0.023337922834303703,0.02329673147904553,0.10578671779200732,0.011718889016802816
linear_comsol,internal_test,configured_data_pool,T09_coolant_step_35c,mlp,0.15,3,3,0.06078888640417285,0,1080,0.12960580553784398,0.10757700474869097,-0.007974211664389727,0.2713959355000384,0.14722239720392155
linear_comsol,internal_test,configured_data_pool,T09_coolant_step_35c,cnn1d,0.15,3,3,0.06078888640417285,0,1080,0.05974840036590134,0.047013344822513826,0.030381380876545003,0.12330401903169275,0.07140349331890056
linear_comsol,internal_test,configured_data_pool,T09_coolant_step_35c,tcn,0.15,3,3,0.06078888640417285,0,1080,0.1777925708501718,0.14869738192365534,-0.11603630928219615,0.36043701960583974,0.17181557640523373
linear_comsol,internal_test,configured_data_pool,T09_coolant_step_35c,gru,0.15,3,3,0.06078888640417285,0,1080,0.1631063018251198,0.12909557557679838,-0.017787365876524207,0.5024072722184485,0.34596911818605186
linear_comsol,internal_test,configured_data_pool,T09_coolant_step_35c,lstm,0.15,3,3,0.06078888640417285,0,1080,0.12453243781798909,0.10068123483081311,-0.03112557070721045,0.2672965650332948,0.07535866505388335
linear_comsol,internal_test,configured_data_pool,T14_combined_recipe,physical_rc,0.15,4,3,0.10929108944881027,0,900,0.046253842836280146,0.040492456018014454,-0.02469090162923398,0.13319712014418172,0.005648492945436221
linear_comsol,internal_test,configured_data_pool,T14_combined_recipe,mlp,0.15,4,3,0.10929108944881027,0,900,0.12153317142950563,0.10664327854916449,-0.01033134840061618,0.3031057369892167,0.16468343825672072
linear_comsol,internal_test,configured_data_pool,T14_combined_recipe,cnn1d,0.15,4,3,0.10929108944881027,0,900,0.13288342251252175,0.11472660582354394,0.030395249309851956,0.2986479285817296,0.1189650253635829
linear_comsol,internal_test,configured_data_pool,T14_combined_recipe,tcn,0.15,4,3,0.10929108944881027,0,900,0.1957920718267424,0.1540736122937329,0.06923008012042253,0.47328015541384616,0.22263296907076194
linear_comsol,internal_test,configured_data_pool,T14_combined_recipe,gru,0.15,4,3,0.10929108944881027,0,900,0.18657739543146387,0.15813804079668836,-0.006758774239667491,0.4099245312561308,0.11604632347817774
linear_comsol,internal_test,configured_data_pool,T14_combined_recipe,lstm,0.15,4,3,0.10929108944881027,0,900,0.17369336112204037,0.14444280715229138,-0.017250610548429534,0.3660589134374348,0.06839269247258746
linear_comsol,internal_test,configured_data_pool,T09_coolant_step_35c,physical_rc,0.15,4,3,0.1955544848780694,0,1080,0.049412986403917336,0.04643243754618512,0.04636679778888906,0.15141345009920215,0.020379804671062294
linear_comsol,internal_test,configured_data_pool,T09_coolant_step_35c,mlp,0.15,4,3,0.1955544848780694,0,1080,0.26639653870021324,0.2546003259902483,-0.1091984390362255,0.444863448212665,0.2596437118910043
linear_comsol,internal_test,configured_data_pool,T09_coolant_step_35c,cnn1d,0.15,4,3,0.1955544848780694,0,1080,0.2042114757301282,0.17551180992400586,0.02513765654677678,0.4256773721863709,0.2669047248693408
linear_comsol,internal_test,configured_data_pool,T09_coolant_step_35c,tcn,0.15,4,3,0.1955544848780694,0,1080,0.23012326231905644,0.2054039814327258,-0.11539881102693968,0.3911329094997953,0.22773307860199662
linear_comsol,internal_test,configured_data_pool,T09_coolant_step_35c,gru,0.15,4,3,0.1955544848780694,0,1080,0.2612122341937806,0.24351947394701004,-0.040082921288115046,0.6135026449373555,0.3892426837793673
linear_comsol,internal_test,configured_data_pool,T09_coolant_step_35c,lstm,0.15,4,3,0.1955544848780694,0,1080,0.20696717854946883,0.18099226964972362,-0.03269215129237278,0.4571684164934595,0.21273305001817555
linear_comsol,internal_test,configured_data_pool,T14_combined_recipe,physical_rc,0.5,0,3,0.460672238747988,0,900,0.28605449845955944,0.26536748777158836,0.26536748777158836,0.581260117915182,0.13648194907869451
linear_comsol,internal_test,configured_data_pool,T14_combined_recipe,mlp,0.5,0,3,0.460672238747988,0,900,0.3816909131962747,0.3256758010198855,0.03828524890620804,0.780318957997352,0.33625015288491805
linear_comsol,internal_test,configured_data_pool,T14_combined_recipe,cnn1d,0.5,0,3,0.460672238747988,0,900,0.40779492111402654,0.2984424573387864,0.22633880004195653,0.780707429607272,0.3569999468090755
linear_comsol,internal_test,configured_data_pool,T14_combined_recipe,tcn,0.5,0,3,0.460672238747988,0,900,0.44562298683564344,0.3268058614102918,0.29622163584146305,0.9133452662340531,0.3380410831009093
linear_comsol,internal_test,configured_data_pool,T14_combined_recipe,gru,0.5,0,3,0.460672238747988,0,900,0.37312062768703613,0.28848632323975215,0.1156007611688335,0.8933473591499279,0.37051083007229973
linear_comsol,internal_test,configured_data_pool,T14_combined_recipe,lstm,0.5,0,3,0.460672238747988,0,900,0.42396741048067504,0.31483596662458035,0.18267859453345284,0.9087718608667359,0.39033718305198456
linear_comsol,internal_test,configured_data_pool,T09_coolant_step_35c,physical_rc,0.5,0,3,0.549853687040806,0,1080,0.17000490830450937,0.14961350962625136,-0.14961350962625136,0.4688356300429106,0.05501604763097144
linear_comsol,internal_test,configured_data_pool,T09_coolant_step_35c,mlp,0.5,0,3,0.549853687040806,0,1080,0.49922463237994,0.432197734090144,-0.3659097717065994,0.7608956327478751,0.40540863930474325
linear_comsol,internal_test,configured_data_pool,T09_coolant_step_35c,cnn1d,0.5,0,3,0.549853687040806,0,1080,0.37316442130045113,0.3374304192916291,-0.19098609501648842,0.7125332934034461,0.33828906227741334
linear_comsol,internal_test,configured_data_pool,T09_coolant_step_35c,tcn,0.5,0,3,0.549853687040806,0,1080,0.44739704566698074,0.3772495094873144,-0.3239087132196596,0.7123555795222387,0.3182877809604236
linear_comsol,internal_test,configured_data_pool,T09_coolant_step_35c,gru,0.5,0,3,0.549853687040806,0,1080,0.4500808629211831,0.3817877079102259,-0.2774671041339826,0.8778370030055846,0.3862551039049239
linear_comsol,internal_test,configured_data_pool,T09_coolant_step_35c,lstm,0.5,0,3,0.549853687040806,0,1080,0.39174552352449565,0.3175615328877172,-0.2476820873798946,0.8890316485309171,0.24954728631909753
linear_comsol,internal_test,configured_data_pool,T14_combined_recipe,physical_rc,0.5,1,3,0.2884236198922038,0,900,0.07147490638416985,0.061742102259579566,0.058880461015675574,0.17074208303625937,0.04214536202436901
linear_comsol,internal_test,configured_data_pool,T14_combined_recipe,mlp,0.5,1,3,0.2884236198922038,0,900,0.2754945864567773,0.2265319361420484,0.060403411921326436,0.493465688138933,0.2833367538284134
linear_comsol,internal_test,configured_data_pool,T14_combined_recipe,cnn1d,0.5,1,3,0.2884236198922038,0,900,0.2988640294335777,0.22277144249249228,0.10904234485539399,0.5959139965086635,0.2768106435172047
linear_comsol,internal_test,configured_data_pool,T14_combined_recipe,tcn,0.5,1,3,0.2884236198922038,0,900,0.352079970820744,0.25866288953381067,0.16779116755978324,0.7892937204894892,0.3756088880952854
linear_comsol,internal_test,configured_data_pool,T14_combined_recipe,gru,0.5,1,3,0.2884236198922038,0,900,0.32852592451477,0.28567685855154706,0.039031745231438576,0.623518595094815,0.2738791430165174
linear_comsol,internal_test,configured_data_pool,T14_combined_recipe,lstm,0.5,1,3,0.2884236198922038,0,900,0.3090230986397093,0.2655399732371995,0.0521518564050076,0.644019292225849,0.23151424899901496
linear_comsol,internal_test,configured_data_pool,T09_coolant_step_35c,physical_rc,0.5,1,3,0.575291308184573,0,1080,0.07221062759506122,0.06709829957427357,0.06709829957427357,0.24913008714389662,0.028071278700176342
linear_comsol,internal_test,configured_data_pool,T09_coolant_step_35c,mlp,0.5,1,3,0.575291308184573,0,1080,0.6193451596931235,0.5256337150521774,0.05370113901024501,0.9743691648734512,0.6478347396651682
linear_comsol,internal_test,configured_data_pool,T09_coolant_step_35c,cnn1d,0.5,1,3,0.575291308184573,0,1080,0.578015571747471,0.4851376336260037,0.04666307767727877,0.8637215151111413,0.5539666158408927
linear_comsol,internal_test,configured_data_pool,T09_coolant_step_35c,tcn,0.5,1,3,0.575291308184573,0,1080,0.6099226967354052,0.5607451343509535,-0.029251814235029133,0.934325481722496,0.6690729432329139
linear_comsol,internal_test,configured_data_pool,T09_coolant_step_35c,gru,0.5,1,3,0.575291308184573,0,1080,0.6423280836455839,0.5903478451903441,-0.1035090613818948,1.0142842385165665,0.6941881791727821
linear_comsol,internal_test,configured_data_pool,T09_coolant_step_35c,lstm,0.5,1,3,0.575291308184573,0,1080,0.5944041619168073,0.5491549657095173,-0.03586200731083427,0.8926519489038895,0.48204536182957175
linear_comsol,internal_test,configured_data_pool,T14_combined_recipe,physical_rc,0.5,2,3,0.11823428637178816,0,900,0.04994567002822462,0.04323493548023689,0.03375693970544046,0.14256966358832557,0.03082756658963291
linear_comsol,internal_test,configured_data_pool,T14_combined_recipe,mlp,0.5,2,3,0.11823428637178816,0,900,0.1155717175200114,0.09565673055835601,-0.0020095213282435033,0.24014364097116925,0.10628756431846098
linear_comsol,internal_test,configured_data_pool,T14_combined_recipe,cnn1d,0.5,2,3,0.11823428637178816,0,900,0.14863028703812634,0.11496515178518577,0.06889285074411204,0.34567280244316123,0.12466870250219284
linear_comsol,internal_test,configured_data_pool,T14_combined_recipe,tcn,0.5,2,3,0.11823428637178816,0,900,0.2059408855310954,0.1568919535148611,0.11922621457640117,0.5304458109811563,0.2084283937227527
linear_comsol,internal_test,configured_data_pool,T14_combined_recipe,gru,0.5,2,3,0.11823428637178816,0,900,0.17535281054413976,0.1529266851732458,0.009403457592001662,0.38052185087793333,0.11489689279476882
linear_comsol,internal_test,configured_data_pool,T14_combined_recipe,lstm,0.5,2,3,0.11823428637178816,0,900,0.1778433002984833,0.15222797310334935,0.019726224701719357,0.3848538812993283,0.0793852115670925
linear_comsol,internal_test,configured_data_pool,T09_coolant_step_35c,physical_rc,0.5,2,3,0.5784071219477189,0,1080,0.19761903959929708,0.18107579412043648,0.18107579412043648,0.5309193260954004,0.07180780807985747
linear_comsol,internal_test,configured_data_pool,T09_coolant_step_35c,mlp,0.5,2,3,0.5784071219477189,0,1080,0.5818319055417738,0.5248394336929469,-0.11300194785074903,0.8676858232249387,0.5757886369385626
linear_comsol,internal_test,configured_data_pool,T09_coolant_step_35c,cnn1d,0.5,2,3,0.5784071219477189,0,1080,0.5477794534209568,0.5040964659579577,0.14431835816101443,0.8585766035903966,0.6021342880573006
linear_comsol,internal_test,configured_data_pool,T09_coolant_step_35c,tcn,0.5,2,3,0.5784071219477189,0,1080,0.5167444749246142,0.4423902979382484,-0.014032028995667838,0.8800019847996978,0.5133094464876069
linear_comsol,internal_test,configured_data_pool,T09_coolant_step_35c,gru,0.5,2,3,0.5784071219477189,0,1080,0.559990712531572,0.4555140227461759,0.09609815043732249,1.1095002212040583,0.650284310625201
linear_comsol,internal_test,configured_data_pool,T09_coolant_step_35c,lstm,0.5,2,3,0.5784071219477189,0,1080,0.5473824863080063,0.478454409085077,0.09527781944050678,1.03843251785759,0.6073662386204709
linear_comsol,internal_test,configured_data_pool,T14_combined_recipe,physical_rc,0.5,3,3,0.8010550763811523,0,900,0.03731501837435171,0.033163776751730024,-5.567218184395589e-05,0.16546726590802052,0.015808585905948067
linear_comsol,internal_test,configured_data_pool,T14_combined_recipe,mlp,0.5,3,3,0.8010550763811523,0,900,0.8168590980370926,0.5479776635485318,-0.3924579992416641,1.58292048940379,0.8010259302273323
linear_comsol,internal_test,configured_data_pool,T14_combined_recipe,cnn1d,0.5,3,3,0.8010550763811523,0,900,0.7841545859439951,0.6811960671522487,-0.10922618187955872,1.3849580526430785,0.7813738134328725
linear_comsol,internal_test,configured_data_pool,T14_combined_recipe,tcn,0.5,3,3,0.8010550763811523,0,900,0.7005191994767482,0.6422793443848132,0.03411391782379537,1.3653550756511272,0.6843352758870255
linear_comsol,internal_test,configured_data_pool,T14_combined_recipe,gru,0.5,3,3,0.8010550763811523,0,900,0.7904504466445005,0.5614720039582228,-0.3364898601948654,1.4980377031310326,0.7943733120915762
linear_comsol,internal_test,configured_data_pool,T14_combined_recipe,lstm,0.5,3,3,0.8010550763811523,0,900,0.74491940680722,0.6041022016196568,-0.1784153401773428,1.4594216969967349,0.6846094024085293
linear_comsol,internal_test,configured_data_pool,T09_coolant_step_35c,physical_rc,0.5,3,3,0.18670418250251414,0,1080,0.04549846838915579,0.04274417065615218,0.04274417065615218,0.14376368327491562,0.01891185921011528
linear_comsol,internal_test,configured_data_pool,T09_coolant_step_35c,mlp,0.5,3,3,0.18670418250251414,0,1080,0.21585062509690264,0.17572415091473625,0.051327297915917794,0.4449415693934142,0.2411653915625504
linear_comsol,internal_test,configured_data_pool,T09_coolant_step_35c,cnn1d,0.5,3,3,0.18670418250251414,0,1080,0.15610061265740854,0.11752937698105087,0.05545588138644342,0.317092082711639,0.09830342171147145
linear_comsol,internal_test,configured_data_pool,T09_coolant_step_35c,tcn,0.5,3,3,0.18670418250251414,0,1080,0.24137679283988353,0.220514379679574,-0.08422775861919703,0.4000594950037879,0.2651594694686283
linear_comsol,internal_test,configured_data_pool,T09_coolant_step_35c,gru,0.5,3,3,0.18670418250251414,0,1080,0.2323967415612188,0.20536395114493494,0.0005129613749711527,0.6375990322499803,0.38767593189575433
linear_comsol,internal_test,configured_data_pool,T09_coolant_step_35c,lstm,0.5,3,3,0.18670418250251414,0,1080,0.2026257952294846,0.17706067564913372,-0.00982240450642881,0.3586397273214601,0.11964805866614929
linear_comsol,internal_test,configured_data_pool,T14_combined_recipe,physical_rc,0.5,4,3,0.36323649930238355,0,900,0.161641933643658,0.14817389713042778,0.14816200897124854,0.29270424605224576,0.0828920386143103
linear_comsol,internal_test,configured_data_pool,T14_combined_recipe,mlp,0.5,4,3,0.36323649930238355,0,900,0.3353893833444199,0.2581679446441555,0.21075381762680873,0.6598733699523294,0.3827979748405732
linear_comsol,internal_test,configured_data_pool,T14_combined_recipe,cnn1d,0.5,4,3,0.36323649930238355,0,900,0.3476559198275064,0.24880737780326584,0.23161142926250455,0.6958443936860945,0.31513504374481965
linear_comsol,internal_test,configured_data_pool,T14_combined_recipe,tcn,0.5,4,3,0.36323649930238355,0,900,0.35676012753882236,0.27497331320301266,0.23201233079178565,0.7318805820846279,0.27021499912307156
linear_comsol,internal_test,configured_data_pool,T14_combined_recipe,gru,0.5,4,3,0.36323649930238355,0,900,0.3389655454932011,0.25618253848821154,0.2401241515767549,0.809442670686046,0.30038837691284664
linear_comsol,internal_test,configured_data_pool,T14_combined_recipe,lstm,0.5,4,3,0.36323649930238355,0,900,0.32808649314741634,0.2604894563542542,0.1931093707773822,0.7961520355625069,0.31098328637909634
linear_comsol,internal_test,configured_data_pool,T09_coolant_step_35c,physical_rc,0.5,4,3,0.17887240006627778,0,1080,0.07889523964579996,0.06726433562688763,-0.06726433562688763,0.19289813983104054,0.02373891179332211
linear_comsol,internal_test,configured_data_pool,T09_coolant_step_35c,mlp,0.5,4,3,0.17887240006627778,0,1080,0.1681181110072223,0.14839899886896146,-0.12272967698275115,0.32079088976490766,0.10724490356207612
linear_comsol,internal_test,configured_data_pool,T09_coolant_step_35c,cnn1d,0.5,4,3,0.17887240006627778,0,1080,0.10315469238151773,0.08955688691541794,-0.06323279973084107,0.22692197798214409,0.11699637241549016
linear_comsol,internal_test,configured_data_pool,T09_coolant_step_35c,tcn,0.5,4,3,0.17887240006627778,0,1080,0.23908921296356872,0.2205746173028948,-0.21810128212811497,0.37460984298988365,0.11016604349806271
linear_comsol,internal_test,configured_data_pool,T09_coolant_step_35c,gru,0.5,4,3,0.17887240006627778,0,1080,0.1809523875608886,0.15817299327700712,-0.1015281283727822,0.38846087145353536,0.3033731056618022
linear_comsol,internal_test,configured_data_pool,T09_coolant_step_35c,lstm,0.5,4,3,0.17887240006627778,0,1080,0.169986521665369,0.1407337943469739,-0.12036326349423873,0.40548334008605025,0.13061852502619017
linear_comsol,external_core,core,F01_power_interpolation,physical_rc,0.0,0,3,0.0,0,900,0.0063957051301247484,0.0036448168382486852,0.002086931296919398,0.0714261357831063,0.0035361975975630802
linear_comsol,external_core,core,F01_power_interpolation,mlp,0.0,0,3,0.0,0,900,0.05056193883269284,0.04041115367791573,0.004153773581444966,0.11226277439806864,0.08272028330071483
linear_comsol,external_core,core,F01_power_interpolation,cnn1d,0.0,0,3,0.0,0,900,0.08137774444580789,0.06135249927176771,0.005533904899212551,0.1904777278773011,0.11886743554921206
linear_comsol,external_core,core,F01_power_interpolation,tcn,0.0,0,3,0.0,0,900,0.07177318016852358,0.05697795805630092,-0.038770474105519634,0.13674723107925502,0.058072336856464506
linear_comsol,external_core,core,F01_power_interpolation,gru,0.0,0,3,0.0,0,900,0.07775132580392087,0.058258857412186296,-0.0318356122650635,0.18223092387191286,0.13056857095867536
linear_comsol,external_core,core,F01_power_interpolation,lstm,0.0,0,3,0.0,0,900,0.10547777397887707,0.0753460443480665,-0.06108891095975319,0.3126767230370504,0.18090529354209295
linear_comsol,external_core,core,F02_joint_interpolation,physical_rc,0.0,0,3,0.0,0,900,0.0247120041975775,0.01748806142305569,-0.012319156430012109,0.09275295122399996,0.02434635834568343
linear_comsol,external_core,core,F02_joint_interpolation,mlp,0.0,0,3,0.0,0,900,0.07750735380046685,0.06394928241727837,-0.02766213037289937,0.14876390552078078,0.08494439181962776
linear_comsol,external_core,core,F02_joint_interpolation,cnn1d,0.0,0,3,0.0,0,900,0.05612631661090261,0.04726518470287166,0.01960655339544612,0.13264403789896306,0.09068563043101845
linear_comsol,external_core,core,F02_joint_interpolation,tcn,0.0,0,3,0.0,0,900,0.1741766574294269,0.12937015847643482,0.030798569653318054,0.40628313905478564,0.26894303802270214
linear_comsol,external_core,core,F02_joint_interpolation,gru,0.0,0,3,0.0,0,900,0.10472552424943667,0.08184760734303377,-0.03160294857059075,0.25418315066627883,0.2009327029642457
linear_comsol,external_core,core,F02_joint_interpolation,lstm,0.0,0,3,0.0,0,900,0.11168561802110448,0.08924558988601569,-0.05966107463485793,0.24336158610425684,0.13735706498758724
linear_comsol,external_core,core,F03_power_extrapolation,physical_rc,0.0,0,3,0.0,0,900,0.014252665835133871,0.00791030325283258,0.003167318670546757,0.1632597389305097,0.008686203434746532
linear_comsol,external_core,core,F03_power_extrapolation,mlp,0.0,0,3,0.0,0,900,0.5551981213523849,0.4887954963080608,-0.4864177315020115,0.9343770068798278,0.35825033294845515
linear_comsol,external_core,core,F03_power_extrapolation,cnn1d,0.0,0,3,0.0,0,900,0.18780985517798832,0.15805821885369564,-0.15339593991272357,0.33707081821526685,0.15823902384595026
linear_comsol,external_core,core,F03_power_extrapolation,tcn,0.0,0,3,0.0,0,900,0.419236859198338,0.35717464440992786,-0.2007887275926409,0.7432219700269016,0.432446020196933
linear_comsol,external_core,core,F03_power_extrapolation,gru,0.0,0,3,0.0,0,900,2.9826177963028084,2.628882873159836,-2.6233622671143535,4.371290400563353,3.778133387627993
linear_comsol,external_core,core,F03_power_extrapolation,lstm,0.0,0,3,0.0,0,900,2.0125717478736562,1.6062998463713112,-1.5993249182955345,4.448866906403566,2.778431626072549
linear_comsol,external_core,core,F04_coolant_extrapolation,physical_rc,0.0,0,3,0.0,0,900,0.02067629288203215,0.016975476721451114,-0.011523763524956168,0.09183360314814237,0.020300924048138762
linear_comsol,external_core,core,F04_coolant_extrapolation,mlp,0.0,0,3,0.0,0,900,0.15360305058068557,0.12005440863705887,0.01623032450458647,0.4345576931541686,0.3514146087275828
linear_comsol,external_core,core,F04_coolant_extrapolation,cnn1d,0.0,0,3,0.0,0,900,0.19135411380790737,0.11891897640273112,-0.10268207130507306,0.5191633375905624,0.33933252236288447
linear_comsol,external_core,core,F04_coolant_extrapolation,tcn,0.0,0,3,0.0,0,900,0.3232112319488759,0.24762638636024034,-0.2470993436368868,0.8523304726533496,0.5445887639133226
linear_comsol,external_core,core,F04_coolant_extrapolation,gru,0.0,0,3,0.0,0,900,0.4923011045846743,0.36989181849083497,-0.34188379486134546,1.05841809263827,0.9312840034132852
linear_comsol,external_core,core,F04_coolant_extrapolation,lstm,0.0,0,3,0.0,0,900,0.3822050950340758,0.2741953172148076,-0.25234522128488107,0.9014361390846304,0.7297568418906155
linear_comsol,external_core,core,F05_short_pulses,physical_rc,0.0,0,3,0.0,0,900,0.08297369967213226,0.07113265247990967,-0.0614463922097555,0.2556269983787054,0.04823487089991882
linear_comsol,external_core,core,F05_short_pulses,mlp,0.0,0,3,0.0,0,900,0.6953738334204879,0.46762831691463635,0.3553710177567787,1.8230863915665196,1.1525082211363238
linear_comsol,external_core,core,F05_short_pulses,cnn1d,0.0,0,3,0.0,0,900,0.2138316322067117,0.16478171942881267,0.142422036190189,0.5711492130549018,0.25160761717620045
linear_comsol,external_core,core,F05_short_pulses,tcn,0.0,0,3,0.0,0,900,0.7805395373443489,0.5840012579877556,0.4804083254179583,1.4320050378721803,1.0399384683460553
linear_comsol,external_core,core,F05_short_pulses,gru,0.0,0,3,0.0,0,900,0.4207776641622882,0.3229289032277231,0.22223992366131493,0.8753372701537572,0.6378258104054004
linear_comsol,external_core,core,F05_short_pulses,lstm,0.0,0,3,0.0,0,900,0.4958126134477021,0.39586554322975265,0.17693232128040576,1.1660761161879662,0.7938003057039762
linear_comsol,external_core,core,F06_unseen_recipe,physical_rc,0.0,0,3,0.0,0,900,0.05898135057874092,0.04920112732272951,0.020728067203546953,0.19256039151476045,0.03135822019676481
linear_comsol,external_core,core,F06_unseen_recipe,mlp,0.0,0,3,0.0,0,900,0.20154824444279543,0.15340530214044748,0.09149940905310266,0.49470106462498364,0.19905659236059287
linear_comsol,external_core,core,F06_unseen_recipe,cnn1d,0.0,0,3,0.0,0,900,0.2203852808231317,0.16368319872313955,-0.08230226403327079,0.4640434988302147,0.3016186731838877
linear_comsol,external_core,core,F06_unseen_recipe,tcn,0.0,0,3,0.0,0,900,0.29587171946794993,0.21219138711809357,-0.07224167848216413,0.9136867781517424,0.19431480931695938
linear_comsol,external_core,core,F06_unseen_recipe,gru,0.0,0,3,0.0,0,900,0.7739292901144942,0.5814984087048862,0.3772252015421149,1.7164315950692313,0.8892414708336983
linear_comsol,external_core,core,F06_unseen_recipe,lstm,0.0,0,3,0.0,0,900,0.9737313606010496,0.6614515994988633,0.5890905539198866,2.3676600464333006,1.1397592792779072
linear_comsol,external_core,core,F07_hot_initial_state,physical_rc,0.0,0,3,0.0,0,900,0.038589824775877864,0.0273403786918354,0.025713098175590136,0.14186349132075549,0.034973426381007665
linear_comsol,external_core,core,F07_hot_initial_state,mlp,0.0,0,3,0.0,0,900,0.5205161107240333,0.4694383815980801,0.46820747612122177,0.8988445143548418,0.1523086185611386
linear_comsol,external_core,core,F07_hot_initial_state,cnn1d,0.0,0,3,0.0,0,900,0.23224891953713064,0.2080383116475419,0.02871925919207637,0.4805004767382428,0.22684222681285318
linear_comsol,external_core,core,F07_hot_initial_state,tcn,0.0,0,3,0.0,0,900,0.3715274804084935,0.3400200396012312,0.33690278234935134,0.678690528636892,0.28023783618731685
linear_comsol,external_core,core,F07_hot_initial_state,gru,0.0,0,3,0.0,0,900,2.346972820956361,2.17601284432379,2.1759903178045907,3.6903158646062977,1.4040616632804048
linear_comsol,external_core,core,F07_hot_initial_state,lstm,0.0,0,3,0.0,0,900,2.2807971536809806,2.1193581650906723,2.1193581650906723,3.861870059591581,1.5619685485779187
linear_comsol,external_core,core,F08_variable_sampling,physical_rc,0.0,0,3,0.0,0,1080,0.04362931048769628,0.03655124267315463,0.03654203010334339,0.0988724609772973,0.054692169395281265
linear_comsol,external_core,core,F08_variable_sampling,mlp,0.0,0,3,0.0,0,1080,0.503920115711954,0.3974441208617987,-0.3800516807244053,1.0534432504959597,0.8465114893988916
linear_comsol,external_core,core,F08_variable_sampling,cnn1d,0.0,0,3,0.0,0,1080,0.2184201599930119,0.18387256718790368,0.128525130310342,0.45086095901612566,0.24442821387047622
linear_comsol,external_core,core,F08_variable_sampling,tcn,0.0,0,3,0.0,0,1080,0.1720153023508584,0.1345646931436258,-0.08084228313019903,0.38464024651828055,0.2901918193542001
linear_comsol,external_core,core,F08_variable_sampling,gru,0.0,0,3,0.0,0,1080,0.16346632989512264,0.1253634342087917,0.028538906577623025,0.3809739294180545,0.15613081197280393
linear_comsol,external_core,core,F08_variable_sampling,lstm,0.0,0,3,0.0,0,1080,0.13060893785022157,0.10702467149999523,0.08409036836151473,0.28724635921677333,0.17476895513633664
linear_comsol,external_core,core,F01_power_interpolation,physical_rc,0.15,0,3,0.17694945800702078,0,900,0.09795718459339757,0.09099751793970248,-0.09099751793970248,0.1805098731082353,0.04423416552752903
linear_comsol,external_core,core,F01_power_interpolation,mlp,0.15,0,3,0.17694945800702078,0,900,0.12951801290670636,0.10732918457014415,-0.05716106978548728,0.2563854275421704,0.11955549250196754
linear_comsol,external_core,core,F01_power_interpolation,cnn1d,0.15,0,3,0.17694945800702078,0,900,0.1790226418540816,0.15783304047706462,-0.07203696063264661,0.28874962343749644,0.2035702205965985
linear_comsol,external_core,core,F01_power_interpolation,tcn,0.15,0,3,0.17694945800702078,0,900,0.19640025415383894,0.17172752125116567,-0.13243994667725825,0.32901701516091464,0.1528220965577511
linear_comsol,external_core,core,F01_power_interpolation,gru,0.15,0,3,0.17694945800702078,0,900,0.14849245425517082,0.13644639082071447,-0.08390258636706999,0.2589695596612529,0.184665250735898
linear_comsol,external_core,core,F01_power_interpolation,lstm,0.15,0,3,0.17694945800702078,0,900,0.15266520187542343,0.14163716473818536,-0.1366280580307556,0.2645425936682564,0.14665830518380524
linear_comsol,external_core,core,F02_joint_interpolation,physical_rc,0.15,0,3,0.030661538199733752,0,900,0.02727670769591133,0.020627063607917488,-0.0188643374389203,0.09795307642224316,0.02732785752867423
linear_comsol,external_core,core,F02_joint_interpolation,mlp,0.15,0,3,0.030661538199733752,0,900,0.09074847215470365,0.07588749383492863,-0.017480662772411698,0.205623203578142,0.10275212969154739
linear_comsol,external_core,core,F02_joint_interpolation,cnn1d,0.15,0,3,0.030661538199733752,0,900,0.0563467382491697,0.044149438990533835,0.019359113623223637,0.17678207034931148,0.10586598970319169
linear_comsol,external_core,core,F02_joint_interpolation,tcn,0.15,0,3,0.030661538199733752,0,900,0.18586797310910322,0.14138594494783516,0.02691114812844711,0.44470518923518654,0.28348110800156073
linear_comsol,external_core,core,F02_joint_interpolation,gru,0.15,0,3,0.030661538199733752,0,900,0.08700337679295518,0.0705665236698828,-0.023595697328499247,0.19719393337933866,0.1853477603069755
linear_comsol,external_core,core,F02_joint_interpolation,lstm,0.15,0,3,0.030661538199733752,0,900,0.1179739508718652,0.09310846871841247,-0.05821423294618199,0.2649171957672607,0.14372531694043028
linear_comsol,external_core,core,F03_power_extrapolation,physical_rc,0.15,0,3,0.0402529311903617,0,900,0.013635258502318526,0.009437109907047221,-0.002278169170939132,0.15446269059778928,0.010317570044690819
linear_comsol,external_core,core,F03_power_extrapolation,mlp,0.15,0,3,0.0402529311903617,0,900,0.549011413689123,0.48438409166152047,-0.4799056711999528,0.9409065916323343,0.35011145011368094
linear_comsol,external_core,core,F03_power_extrapolation,cnn1d,0.15,0,3,0.0402529311903617,0,900,0.20199949763645778,0.1667982173690052,-0.1541318807936969,0.3652093311073017,0.1826975279508944
linear_comsol,external_core,core,F03_power_extrapolation,tcn,0.15,0,3,0.0402529311903617,0,900,0.4403366624236072,0.3815090386250164,-0.19892937673680927,0.7629649588956582,0.46982756907837275
linear_comsol,external_core,core,F03_power_extrapolation,gru,0.15,0,3,0.0402529311903617,0,900,2.990051781172788,2.6361593912176664,-2.6288877102069077,4.395819868981931,3.78536411474135
linear_comsol,external_core,core,F03_power_extrapolation,lstm,0.15,0,3,0.0402529311903617,0,900,2.0227206971178626,1.6126563285556073,-1.6037998459775615,4.489958313282727,2.7914109465087673
linear_comsol,external_core,core,F04_coolant_extrapolation,physical_rc,0.15,0,3,0.13769742865631115,0,900,0.044821592085034744,0.03193627473500943,0.03129505809165783,0.16748209432842032,0.00391488419464951
linear_comsol,external_core,core,F04_coolant_extrapolation,mlp,0.15,0,3,0.13769742865631115,0,900,0.19680043082969917,0.1512333631011,0.05736749822240482,0.517145202923686,0.4069492528576224
linear_comsol,external_core,core,F04_coolant_extrapolation,cnn1d,0.15,0,3,0.13769742865631115,0,900,0.204829902180206,0.17243880537575032,-0.061437807685077346,0.39917713572393865,0.32976720548811966
linear_comsol,external_core,core,F04_coolant_extrapolation,tcn,0.15,0,3,0.13769742865631115,0,900,0.30138430508530845,0.23398237121223533,-0.2120309897942949,0.7764985751579445,0.4899788183657423
linear_comsol,external_core,core,F04_coolant_extrapolation,gru,0.15,0,3,0.13769742865631115,0,900,0.4585854510825758,0.36082625096832915,-0.2831337914345067,0.9361030760126638,0.8702839826292215
linear_comsol,external_core,core,F04_coolant_extrapolation,lstm,0.15,0,3,0.13769742865631115,0,900,0.39524372542925856,0.2757528440329041,-0.2006978541755714,1.0241032111160635,0.7617552058206387
linear_comsol,external_core,core,F05_short_pulses,physical_rc,0.15,0,3,0.12183411728618893,0,900,0.09636314448493782,0.08572257022976534,-0.07920973394486466,0.28189130562300235,0.056397200771184736
linear_comsol,external_core,core,F05_short_pulses,mlp,0.15,0,3,0.12183411728618893,0,900,0.7750849909833025,0.5784544022013022,0.3822533199639874,1.9217397498479123,1.2329978750316166
linear_comsol,external_core,core,F05_short_pulses,cnn1d,0.15,0,3,0.12183411728618893,0,900,0.23955400076299813,0.19156849139016643,0.15146856745369874,0.6627402497832549,0.14913415056733506
linear_comsol,external_core,core,F05_short_pulses,tcn,0.15,0,3,0.12183411728618893,0,900,0.8353089450670128,0.6836868588302297,0.46150385992095283,1.4747793660913295,1.0968257237838777
linear_comsol,external_core,core,F05_short_pulses,gru,0.15,0,3,0.12183411728618893,0,900,0.5081019190357275,0.4267058994901838,0.24553777531164056,0.9842155748688235,0.7347070903335464
linear_comsol,external_core,core,F05_short_pulses,lstm,0.15,0,3,0.12183411728618893,0,900,0.5806341269013271,0.4974406776390867,0.18402243158072928,1.24066322834555,0.8855298049711331
linear_comsol,external_core,core,F06_unseen_recipe,physical_rc,0.15,0,3,0.19088831821914967,0,900,0.09783261144662238,0.08516603792072958,0.07656391118407219,0.26359505130940875,0.05674614752076084
linear_comsol,external_core,core,F06_unseen_recipe,mlp,0.15,0,3,0.19088831821914967,0,900,0.2901747131425048,0.24711166096813952,0.13356018384076432,0.6366651967692434,0.2875388775705376
linear_comsol,external_core,core,F06_unseen_recipe,cnn1d,0.15,0,3,0.19088831821914967,0,900,0.26481270832823106,0.23864497255463496,-0.031631509568153734,0.6231124151553331,0.320855091133457
linear_comsol,external_core,core,F06_unseen_recipe,tcn,0.15,0,3,0.19088831821914967,0,900,0.30714718806970503,0.23418822589144153,-0.03370425422609718,0.7813913142151989,0.10667987007038163
linear_comsol,external_core,core,F06_unseen_recipe,gru,0.15,0,3,0.19088831821914967,0,900,0.8007142585067959,0.631438770899835,0.4445543577942077,1.6355536010712797,0.9337678268741271
linear_comsol,external_core,core,F06_unseen_recipe,lstm,0.15,0,3,0.19088831821914967,0,900,1.012224320291817,0.7110818403921632,0.6511521716877227,2.5306434432628464,1.1939067878256897
linear_comsol,external_core,core,F07_hot_initial_state,physical_rc,0.15,0,3,0.1604702146715902,0,900,0.05340725573861078,0.048074885590750106,0.048074885590750106,0.16227392553008002,0.04514889882548148
linear_comsol,external_core,core,F07_hot_initial_state,mlp,0.15,0,3,0.1604702146715902,0,900,0.6067314479352099,0.5560103798793389,0.5546821555759403,1.076287193685907,0.23287540788787406
linear_comsol,external_core,core,F07_hot_initial_state,cnn1d,0.15,0,3,0.1604702146715902,0,900,0.16060167074329523,0.13051094277655967,0.08169578663193258,0.32621839818840925,0.1663040592314733
linear_comsol,external_core,core,F07_hot_initial_state,tcn,0.15,0,3,0.1604702146715902,0,900,0.43932357346818784,0.38522580505709403,0.38121836899771777,0.905359378280437,0.3395826616346474
linear_comsol,external_core,core,F07_hot_initial_state,gru,0.15,0,3,0.1604702146715902,0,900,2.417151507232963,2.265584073317391,2.2655017929956127,3.7309609855950185,1.445485242189193
linear_comsol,external_core,core,F07_hot_initial_state,lstm,0.15,0,3,0.1604702146715902,0,900,2.3813848912125235,2.1964725032420116,2.1963543854976857,4.132912736691942,1.6531573360410332
linear_comsol,external_core,core,F08_variable_sampling,physical_rc,0.15,0,3,0.22033246777072177,0,1080,0.17115286820677153,0.16355614376202557,0.16355614376202557,0.24683746025393916,0.11244350034728619
linear_comsol,external_core,core,F08_variable_sampling,mlp,0.15,0,3,0.22033246777072177,0,1080,0.493396885541562,0.3844845574912195,-0.2951036878297556,1.1724845028785253,0.8688333607611205
linear_comsol,external_core,core,F08_variable_sampling,cnn1d,0.15,0,3,0.22033246777072177,0,1080,0.27197065772687135,0.2501382381027274,0.23646196613944614,0.38984611904001554,0.2145185015853727
linear_comsol,external_core,core,F08_variable_sampling,tcn,0.15,0,3,0.22033246777072177,0,1080,0.2017783990645739,0.16695629249995717,0.043906117246851055,0.39271683760355103,0.2673236585854069
linear_comsol,external_core,core,F08_variable_sampling,gru,0.15,0,3,0.22033246777072177,0,1080,0.20041217545296516,0.17854131934305453,0.11412724928964173,0.3391424646450716,0.14699211902041015
linear_comsol,external_core,core,F08_variable_sampling,lstm,0.15,0,3,0.22033246777072177,0,1080,0.2411840374093826,0.21563840757641467,0.19313381456620143,0.4279388309390342,0.2712272266542354
linear_comsol,external_core,core,F01_power_interpolation,physical_rc,0.15,1,3,0.2125188077349796,0,900,0.05417387190907055,0.05022232131655729,-0.05022232131655729,0.13883151166340468,0.025767105650349273
linear_comsol,external_core,core,F01_power_interpolation,mlp,0.15,1,3,0.2125188077349796,0,900,0.2120692258869496,0.16217698908152758,0.06717676203045592,0.38457119961786645,0.187634144451572
linear_comsol,external_core,core,F01_power_interpolation,cnn1d,0.15,1,3,0.2125188077349796,0,900,0.2789862477679781,0.23950605338930556,0.010466295064010282,0.5082826026675562,0.339900001909541
linear_comsol,external_core,core,F01_power_interpolation,tcn,0.15,1,3,0.2125188077349796,0,900,0.270331546346329,0.2573182927796946,-0.07268825367973585,0.39585478344647385,0.2772481536124819
linear_comsol,external_core,core,F01_power_interpolation,gru,0.15,1,3,0.2125188077349796,0,900,0.2502796913962658,0.20975273616973106,0.02290766133125227,0.39302742176813155,0.2788391991955083
linear_comsol,external_core,core,F01_power_interpolation,lstm,0.15,1,3,0.2125188077349796,0,900,0.18977394618084745,0.16194127883969442,-0.05842966431076251,0.4205250692379714,0.11715766277382433
linear_comsol,external_core,core,F02_joint_interpolation,physical_rc,0.15,1,3,0.10449793924187809,0,900,0.0298637279482347,0.027173985614704736,0.009638162694904173,0.12723976573764872,0.014351294312703534
linear_comsol,external_core,core,F02_joint_interpolation,mlp,0.15,1,3,0.10449793924187809,0,900,0.12009659585071689,0.09354316075485437,-0.07250318228874214,0.31041866390602024,0.12209263935519671
linear_comsol,external_core,core,F02_joint_interpolation,cnn1d,0.15,1,3,0.10449793924187809,0,900,0.13974604259322912,0.1209540547683238,0.015166025650355432,0.26209996204097763,0.11944466689126941
linear_comsol,external_core,core,F02_joint_interpolation,tcn,0.15,1,3,0.10449793924187809,0,900,0.170911935312848,0.14921928040788057,0.0375222957276744,0.309199648940357,0.23396626447971366
linear_comsol,external_core,core,F02_joint_interpolation,gru,0.15,1,3,0.10449793924187809,0,900,0.18694188178770244,0.15462578999650767,-0.05612797459232566,0.40085722174469396,0.26490033513444844
linear_comsol,external_core,core,F02_joint_interpolation,lstm,0.15,1,3,0.10449793924187809,0,900,0.12579673122580898,0.10005167327900971,-0.06440537597220768,0.3383679529126411,0.15073986571473294
linear_comsol,external_core,core,F03_power_extrapolation,physical_rc,0.15,1,3,0.10120924030290829,0,900,0.025147256895326875,0.021702797099008374,-0.020591480288096743,0.1250038218913332,0.017358276164996495
linear_comsol,external_core,core,F03_power_extrapolation,mlp,0.15,1,3,0.10120924030290829,0,900,0.4996898950405227,0.45345242881268344,-0.4416377740993694,0.7521045389407277,0.25053253910452056
linear_comsol,external_core,core,F03_power_extrapolation,cnn1d,0.15,1,3,0.10120924030290829,0,900,0.2272286678046904,0.1799643170583241,-0.15236854588541457,0.4532982500810192,0.24756287498814386
linear_comsol,external_core,core,F03_power_extrapolation,tcn,0.15,1,3,0.10120924030290829,0,900,0.3916656930414497,0.3595737983143112,-0.2065129349871453,0.6143317184458752,0.4264408369718157
linear_comsol,external_core,core,F03_power_extrapolation,gru,0.15,1,3,0.10120924030290829,0,900,2.9609786383899572,2.6167553051008126,-2.603134101781184,4.205228453575842,3.748857631385198
linear_comsol,external_core,core,F03_power_extrapolation,lstm,0.15,1,3,0.10120924030290829,0,900,2.043320979345559,1.6088829227456463,-1.5936931879996175,4.552072553343365,2.827337543625825
linear_comsol,external_core,core,F04_coolant_extrapolation,physical_rc,0.15,1,3,0.1292493120113199,0,900,0.07661296820518777,0.07472310614006396,-0.07472310614006396,0.1563672562975249,0.048905208654299155
linear_comsol,external_core,core,F04_coolant_extrapolation,mlp,0.15,1,3,0.1292493120113199,0,900,0.188108821220998,0.167993764278844,-0.049161341087417515,0.4320244548108292,0.3371629565058702
linear_comsol,external_core,core,F04_coolant_extrapolation,cnn1d,0.15,1,3,0.1292493120113199,0,900,0.22588104952306715,0.17129297564656287,-0.16777005911372087,0.4950180334934373,0.3572239340487883
linear_comsol,external_core,core,F04_coolant_extrapolation,tcn,0.15,1,3,0.1292493120113199,0,900,0.36711840497356196,0.31827877810353267,-0.31827877810353267,0.8628561011738256,0.5540667191625169
linear_comsol,external_core,core,F04_coolant_extrapolation,gru,0.15,1,3,0.1292493120113199,0,900,0.5130532428516087,0.4093190523801663,-0.39665653489577596,1.042173336168986,0.9415708718835235
linear_comsol,external_core,core,F04_coolant_extrapolation,lstm,0.15,1,3,0.1292493120113199,0,900,0.4270927204199274,0.32794207986027646,-0.3123626270531832,0.9985426169162182,0.7744145182829333
linear_comsol,external_core,core,F05_short_pulses,physical_rc,0.15,1,3,0.07813944159152235,0,900,0.11912642430905004,0.1089742986086953,-0.10576384894096681,0.3207427686225408,0.06847140007035832
linear_comsol,external_core,core,F05_short_pulses,mlp,0.15,1,3,0.07813944159152235,0,900,0.6874453276984877,0.4824064176702379,0.3115248747837506,1.7924130681127188,1.1390130482713532
linear_comsol,external_core,core,F05_short_pulses,cnn1d,0.15,1,3,0.07813944159152235,0,900,0.19247214071563146,0.15366379181590392,0.10070725815694187,0.5364188994835786,0.22015068887906866
linear_comsol,external_core,core,F05_short_pulses,tcn,0.15,1,3,0.07813944159152235,0,900,0.7683502579391088,0.5962618110428788,0.4320224650976561,1.3952987339784322,1.0333604375482603
linear_comsol,external_core,core,F05_short_pulses,gru,0.15,1,3,0.07813944159152235,0,900,0.42250273616027845,0.3354128654163454,0.18111971012773206,0.8596170861532464,0.6390692237578143
linear_comsol,external_core,core,F05_short_pulses,lstm,0.15,1,3,0.07813944159152235,0,900,0.5015924519458961,0.4084124149081961,0.13276256906353878,1.1407661963393032,0.7978636589169177
linear_comsol,external_core,core,F06_unseen_recipe,physical_rc,0.15,1,3,0.06485410945420411,0,900,0.0562467633697631,0.046874635893141434,0.01114167630771199,0.19271400631239288,0.027049833110282213
linear_comsol,external_core,core,F06_unseen_recipe,mlp,0.15,1,3,0.06485410945420411,0,900,0.2256398978533989,0.17123705798028405,0.09335318740243848,0.5777043875528136,0.23553951983733507
linear_comsol,external_core,core,F06_unseen_recipe,cnn1d,0.15,1,3,0.06485410945420411,0,900,0.21328944453495172,0.17669723972019052,-0.08765959553391067,0.5214522231829619,0.27275796092189775
linear_comsol,external_core,core,F06_unseen_recipe,tcn,0.15,1,3,0.06485410945420411,0,900,0.29742484799837676,0.21977120088170532,-0.08470040889649032,0.8607439156925949,0.17386119170860814
linear_comsol,external_core,core,F06_unseen_recipe,gru,0.15,1,3,0.06485410945420411,0,900,0.7768355574965794,0.5935976922674491,0.38371838756662013,1.6440437756601227,0.8969042472894928
linear_comsol,external_core,core,F06_unseen_recipe,lstm,0.15,1,3,0.06485410945420411,0,900,0.9777090735854153,0.6575064152430499,0.5865864878892496,2.4379822101011754,1.1508537470457307
linear_comsol,external_core,core,F07_hot_initial_state,physical_rc,0.15,1,3,0.1680028055506421,0,900,0.06211400028012306,0.04864650794001162,-0.036933816077165706,0.12874416365115593,0.006855766183554364
linear_comsol,external_core,core,F07_hot_initial_state,mlp,0.15,1,3,0.1680028055506421,0,900,0.5159594836615193,0.45619427625531433,0.442820119984096,0.9376898071981401,0.19444306388087798
linear_comsol,external_core,core,F07_hot_initial_state,cnn1d,0.15,1,3,0.1680028055506421,0,900,0.19742965406895466,0.17497990802266802,-0.013499205616557583,0.3620350373308767,0.15957497408817872
linear_comsol,external_core,core,F07_hot_initial_state,tcn,0.15,1,3,0.1680028055506421,0,900,0.3820123489413858,0.3264190855020911,0.29772403132096315,0.7983369298405378,0.3173310305622898
linear_comsol,external_core,core,F07_hot_initial_state,gru,0.15,1,3,0.1680028055506421,0,900,2.289982161004275,2.125704034390945,2.1234030895700493,3.662982037321285,1.3876764851813168
linear_comsol,external_core,core,F07_hot_initial_state,lstm,0.15,1,3,0.1680028055506421,0,900,2.247583878068374,2.052674024322314,2.0500037133690614,3.933177786542963,1.5919288194573082
linear_comsol,external_core,core,F08_variable_sampling,physical_rc,0.15,1,3,0.1185198795212452,0,1080,0.03640721287591906,0.03086267983466186,0.02602771611474735,0.08775975578745943,0.0499664928163233
linear_comsol,external_core,core,F08_variable_sampling,mlp,0.15,1,3,0.1185198795212452,0,1080,0.5095405883292887,0.3915590891760665,-0.362798675941115,1.1308735419167846,0.8246978785450423
linear_comsol,external_core,core,F08_variable_sampling,cnn1d,0.15,1,3,0.1185198795212452,0,1080,0.2753099226225879,0.19879427420614884,0.13181284031706164,0.6105476743091174,0.3141887984749694
linear_comsol,external_core,core,F08_variable_sampling,tcn,0.15,1,3,0.1185198795212452,0,1080,0.2331637400846141,0.18361963539881201,-0.09112741816261717,0.532172913936293,0.32622081774035677
linear_comsol,external_core,core,F08_variable_sampling,gru,0.15,1,3,0.1185198795212452,0,1080,0.20027034711648406,0.1612941146371973,0.04903748099609474,0.47474697669022703,0.15736290200152717
linear_comsol,external_core,core,F08_variable_sampling,lstm,0.15,1,3,0.1185198795212452,0,1080,0.14596164538976464,0.1191815930036594,0.08769701719725555,0.3646145663979965,0.1583081837078981
linear_comsol,external_core,core,F01_power_interpolation,physical_rc,0.15,2,3,0.136143297113162,0,900,0.05141017173322317,0.04715972423411925,0.04715972423411925,0.14208563570176835,0.01917026096645559
linear_comsol,external_core,core,F01_power_interpolation,mlp,0.15,2,3,0.136143297113162,0,900,0.1385271984012953,0.12133459692744644,0.010839154029283884,0.30912046699647533,0.17942857254839453
linear_comsol,external_core,core,F01_power_interpolation,cnn1d,0.15,2,3,0.136143297113162,0,900,0.1285083442219585,0.10779547533983318,0.0312636058225287,0.253397551472041,0.13035153831742152
linear_comsol,external_core,core,F01_power_interpolation,tcn,0.15,2,3,0.136143297113162,0,900,0.10001628148560643,0.0885357500618698,0.005398560943543782,0.23895774375798595,0.10638630335282549
linear_comsol,external_core,core,F01_power_interpolation,gru,0.15,2,3,0.136143297113162,0,900,0.15828875436754994,0.14564264531463966,-0.03289342735611129,0.264700976216087,0.18592542176092675
linear_comsol,external_core,core,F01_power_interpolation,lstm,0.15,2,3,0.136143297113162,0,900,0.20119833861268435,0.1648790121441334,-0.03702070994962415,0.472876197598616,0.2859637745229825
linear_comsol,external_core,core,F02_joint_interpolation,physical_rc,0.15,2,3,0.13960810689411463,0,900,0.03771028033992359,0.034163702738362556,-0.0338313067649249,0.10982129570003707,0.0341394771907626
linear_comsol,external_core,core,F02_joint_interpolation,mlp,0.15,2,3,0.13960810689411463,0,900,0.16076883177540785,0.1336189780306354,-0.08755074947471056,0.36889931036966317,0.15705441498517778
linear_comsol,external_core,core,F02_joint_interpolation,cnn1d,0.15,2,3,0.13960810689411463,0,900,0.1503000739535954,0.1262864106242241,-0.01797570146394978,0.3074534171162888,0.12571490749809464
linear_comsol,external_core,core,F02_joint_interpolation,tcn,0.15,2,3,0.13960810689411463,0,900,0.19297525837627716,0.15223829786342533,0.005715390388077005,0.36369672476487835,0.24902450707013024
linear_comsol,external_core,core,F02_joint_interpolation,gru,0.15,2,3,0.13960810689411463,0,900,0.2157899821420846,0.16380181291348953,-0.0976098744272084,0.47264100112414553,0.30306472701130316
linear_comsol,external_core,core,F02_joint_interpolation,lstm,0.15,2,3,0.13960810689411463,0,900,0.19051766911108056,0.16299839241559333,-0.10536191346367288,0.4368130751346264,0.1999630592957727
linear_comsol,external_core,core,F03_power_extrapolation,physical_rc,0.15,2,3,0.09927115373270609,0,900,0.027282705284436947,0.021594561199813973,0.02102096053235972,0.19202306417952641,0.007833147403234184
linear_comsol,external_core,core,F03_power_extrapolation,mlp,0.15,2,3,0.09927115373270609,0,900,0.5561075164694125,0.4957946636352411,-0.4791477457904668,0.9144851827470148,0.36140661503823096
linear_comsol,external_core,core,F03_power_extrapolation,cnn1d,0.15,2,3,0.09927115373270609,0,900,0.18165663795930972,0.16438585510043158,-0.14003181595332906,0.2977802009939019,0.15366034503654083
linear_comsol,external_core,core,F03_power_extrapolation,tcn,0.15,2,3,0.09927115373270609,0,900,0.3653730838285583,0.3130067245104872,-0.19448774821578266,0.6517668166779558,0.34199840910345675
linear_comsol,external_core,core,F03_power_extrapolation,gru,0.15,2,3,0.09927115373270609,0,900,2.953771742698885,2.612199283277174,-2.594243199076203,4.268695271626214,3.749591171996324
linear_comsol,external_core,core,F03_power_extrapolation,lstm,0.15,2,3,0.09927115373270609,0,900,1.9912366606805643,1.591731956548558,-1.5758695033121055,4.371432011766146,2.756616043496334
linear_comsol,external_core,core,F04_coolant_extrapolation,physical_rc,0.15,2,3,0.08632319495668297,0,900,0.022546220297619837,0.018665524475285227,-0.015877489128719037,0.08429148361852512,0.0222189321959855
linear_comsol,external_core,core,F04_coolant_extrapolation,mlp,0.15,2,3,0.08632319495668297,0,900,0.18855492102816684,0.15645941823609433,-0.02137238822742354,0.501894497748367,0.3463832276990704
linear_comsol,external_core,core,F04_coolant_extrapolation,cnn1d,0.15,2,3,0.08632319495668297,0,900,0.22609064629980855,0.17612373424859468,-0.12046372238483852,0.5116865354996918,0.37486637894675573
linear_comsol,external_core,core,F04_coolant_extrapolation,tcn,0.15,2,3,0.08632319495668297,0,900,0.32224981658405677,0.27001441983110164,-0.2655884304600548,0.7651862881510283,0.5058626153981035
linear_comsol,external_core,core,F04_coolant_extrapolation,gru,0.15,2,3,0.08632319495668297,0,900,0.5032170854209178,0.40787892522112545,-0.3559655349232105,1.057855510967201,0.9243395573260537
linear_comsol,external_core,core,F04_coolant_extrapolation,lstm,0.15,2,3,0.08632319495668297,0,900,0.3997575490553615,0.29923246204208737,-0.2643405561529567,1.0025025310300748,0.7416963329788279
linear_comsol,external_core,core,F05_short_pulses,physical_rc,0.15,2,3,0.10257751762739553,0,900,0.08131522173356992,0.0704706697820689,-0.0588413102733137,0.2519289720662776,0.04708561607663716
linear_comsol,external_core,core,F05_short_pulses,mlp,0.15,2,3,0.10257751762739553,0,900,0.708244684765291,0.5241133743148721,0.35853950945550045,1.7567726215066841,1.1493236272552558
linear_comsol,external_core,core,F05_short_pulses,cnn1d,0.15,2,3,0.10257751762739553,0,900,0.22143821767477442,0.1756416331327784,0.14674543546223937,0.5888279903664184,0.19005837689731417
linear_comsol,external_core,core,F05_short_pulses,tcn,0.15,2,3,0.10257751762739553,0,900,0.8084147497002027,0.6436752133189698,0.4752921468931341,1.37267598996986,1.0642818236524025
linear_comsol,external_core,core,F05_short_pulses,gru,0.15,2,3,0.10257751762739553,0,900,0.458967190318961,0.3799103365041558,0.2269552364363499,0.8273664360648461,0.6698445121756254
linear_comsol,external_core,core,F05_short_pulses,lstm,0.15,2,3,0.10257751762739553,0,900,0.5327407480462447,0.45582438995063324,0.18130902774676694,1.1156134737317878,0.8241925681300529
linear_comsol,external_core,core,F06_unseen_recipe,physical_rc,0.15,2,3,0.1297158750839236,0,900,0.055889455035610276,0.04668205232354258,0.009051979611408805,0.19457227815422584,0.02611354392754879
linear_comsol,external_core,core,F06_unseen_recipe,mlp,0.15,2,3,0.1297158750839236,0,900,0.1926837037813116,0.15130445563380668,0.021065251197339797,0.5753842057948901,0.12036088084698074
linear_comsol,external_core,core,F06_unseen_recipe,cnn1d,0.15,2,3,0.1297158750839236,0,900,0.3115687540304579,0.23316593706965036,-0.11425079409153593,0.6626746825518879,0.4170177409083335
linear_comsol,external_core,core,F06_unseen_recipe,tcn,0.15,2,3,0.1297158750839236,0,900,0.3293301115475663,0.2242114969698076,-0.09092272057550314,1.0859825815376638,0.21237467151527697
linear_comsol,external_core,core,F06_unseen_recipe,gru,0.15,2,3,0.1297158750839236,0,900,0.7581149760551484,0.5884208399766258,0.31322303659977213,1.7381035579269621,0.8528357358858567
linear_comsol,external_core,core,F06_unseen_recipe,lstm,0.15,2,3,0.1297158750839236,0,900,0.9467803030887283,0.6847100005742224,0.548643218683079,2.1756195947589987,1.0929592791936535
linear_comsol,external_core,core,F07_hot_initial_state,physical_rc,0.15,2,3,0.10835115674558887,0,900,0.0623128235983572,0.04870021155605881,-0.03721657937485626,0.1347120824823449,0.006707422268746402
linear_comsol,external_core,core,F07_hot_initial_state,mlp,0.15,2,3,0.10835115674558887,0,900,0.4923040664634948,0.44108004771877274,0.43535043164716875,0.8569938517775952,0.1393339100036573
linear_comsol,external_core,core,F07_hot_initial_state,cnn1d,0.15,2,3,0.10835115674558887,0,900,0.18351442381515462,0.15528439581154183,-0.021996682938963074,0.4436755428194914,0.16321867673145932
linear_comsol,external_core,core,F07_hot_initial_state,tcn,0.15,2,3,0.10835115674558887,0,900,0.33655328881092156,0.29543360023393145,0.28253987353137405,0.7110116408934459,0.2628470875403613
linear_comsol,external_core,core,F07_hot_initial_state,gru,0.15,2,3,0.10835115674558887,0,900,2.2845428778647654,2.1187657284182317,2.118003710709305,3.5849491035354575,1.3681522531316366
linear_comsol,external_core,core,F07_hot_initial_state,lstm,0.15,2,3,0.10835115674558887,0,900,2.22263588539981,2.047775598178978,2.0469266681453404,3.8602984831627936,1.541702605086654
linear_comsol,external_core,core,F08_variable_sampling,physical_rc,0.15,2,3,0.05921627802652822,0,1080,0.041665113113268516,0.035069653776608846,0.0340000140315451,0.09607838118540002,0.053503500965764
linear_comsol,external_core,core,F08_variable_sampling,mlp,0.15,2,3,0.05921627802652822,0,1080,0.49192215071114215,0.3895066181910573,-0.3798234998774862,1.0927534736535378,0.8378722792285516
linear_comsol,external_core,core,F08_variable_sampling,cnn1d,0.15,2,3,0.05921627802652822,0,1080,0.23021654085010665,0.20221566638230357,0.12673851532206143,0.40672298269721097,0.2541897854055056
linear_comsol,external_core,core,F08_variable_sampling,tcn,0.15,2,3,0.05921627802652822,0,1080,0.15590912431152412,0.12121182056255964,-0.08041836877661902,0.4095408229549662,0.2830362021393679
linear_comsol,external_core,core,F08_variable_sampling,gru,0.15,2,3,0.05921627802652822,0,1080,0.19230754645912862,0.15000904441203222,0.024319400083341897,0.44110378918671245,0.20334018126171247
linear_comsol,external_core,core,F08_variable_sampling,lstm,0.15,2,3,0.05921627802652822,0,1080,0.1587464796509359,0.12570457886700162,0.08181941106375257,0.36449447178634387,0.19429143986421038
linear_comsol,external_core,core,F01_power_interpolation,physical_rc,0.15,3,3,0.20313828864331823,0,900,0.020030790914363668,0.017370472528969623,0.017325769588658745,0.0951630725037731,0.006119824443953294
linear_comsol,external_core,core,F01_power_interpolation,mlp,0.15,3,3,0.20313828864331823,0,900,0.19624910201571985,0.16698489591584922,-0.005887612926387631,0.3733490276630249,0.229680021988022
linear_comsol,external_core,core,F01_power_interpolation,cnn1d,0.15,3,3,0.20313828864331823,0,900,0.20411376843291257,0.18203197373640875,0.006608880164794281,0.3597171707082367,0.22180615010205718
linear_comsol,external_core,core,F01_power_interpolation,tcn,0.15,3,3,0.20313828864331823,0,900,0.18130847719774518,0.1711200565783024,-0.018007653319615447,0.33594923241340524,0.19665596241693808
linear_comsol,external_core,core,F01_power_interpolation,gru,0.15,3,3,0.20313828864331823,0,900,0.23886216687086914,0.22774049475574654,-0.06041814085349025,0.34366386770338764,0.259428662899184
linear_comsol,external_core,core,F01_power_interpolation,lstm,0.15,3,3,0.20313828864331823,0,900,0.2738435750019643,0.251289744506788,-0.06350819511164504,0.5307315882531185,0.34303471197057583
linear_comsol,external_core,core,F02_joint_interpolation,physical_rc,0.15,3,3,0.10095269324873267,0,900,0.02672018116655832,0.02435185383997566,0.004097430486403925,0.11827612498414908,0.016874046649629448
linear_comsol,external_core,core,F02_joint_interpolation,mlp,0.15,3,3,0.10095269324873267,0,900,0.11094631649170221,0.09258036754504602,-0.008092866881372021,0.24495533111134904,0.12338917444655774
linear_comsol,external_core,core,F02_joint_interpolation,cnn1d,0.15,3,3,0.10095269324873267,0,900,0.11738835130182822,0.10998304503030966,0.037450669096910146,0.2415045815182566,0.15052221807319352
linear_comsol,external_core,core,F02_joint_interpolation,tcn,0.15,3,3,0.10095269324873267,0,900,0.20330481549260002,0.13820372161881336,0.04390284655699517,0.4996544621146981,0.2947388550532228
linear_comsol,external_core,core,F02_joint_interpolation,gru,0.15,3,3,0.10095269324873267,0,900,0.11042310971652508,0.09306070362169146,0.002706777772790253,0.290639576104617,0.1761460498747576
linear_comsol,external_core,core,F02_joint_interpolation,lstm,0.15,3,3,0.10095269324873267,0,900,0.11902012838912408,0.10266576082652727,-0.03441828387407498,0.23666706047486485,0.15038681840234136
linear_comsol,external_core,core,F03_power_extrapolation,physical_rc,0.15,3,3,0.1147021208132283,0,900,0.0199379733452305,0.015721603441995805,-0.01430208875171964,0.1353329398755534,0.014731770393771491
linear_comsol,external_core,core,F03_power_extrapolation,mlp,0.15,3,3,0.1147021208132283,0,900,0.5947857494394259,0.5318842293084265,-0.52391461586199,0.9724170854859437,0.39238890786556696
linear_comsol,external_core,core,F03_power_extrapolation,cnn1d,0.15,3,3,0.1147021208132283,0,900,0.21477875818000722,0.19269938006370277,-0.1794258233058392,0.37751947150400156,0.15585735706605683
linear_comsol,external_core,core,F03_power_extrapolation,tcn,0.15,3,3,0.1147021208132283,0,900,0.3885261284990714,0.3294381948656528,-0.23547614967052702,0.7035881812916287,0.33389779217779164
linear_comsol,external_core,core,F03_power_extrapolation,gru,0.15,3,3,0.1147021208132283,0,900,2.9813600754671126,2.6428685325300703,-2.633488458032271,4.290626289130671,3.7703481441048092
linear_comsol,external_core,core,F03_power_extrapolation,lstm,0.15,3,3,0.1147021208132283,0,900,2.0146620889721163,1.6237874900218796,-1.615712676605506,4.378558470799518,2.769578278558011
linear_comsol,external_core,core,F04_coolant_extrapolation,physical_rc,0.15,3,3,0.14986768130076533,0,900,0.02737035698122023,0.02179957257326208,0.011455240159613555,0.13233566210326586,0.010217770362872474
linear_comsol,external_core,core,F04_coolant_extrapolation,mlp,0.15,3,3,0.14986768130076533,0,900,0.2105499845108682,0.1585739782725689,0.09953126794643576,0.5932486869840048,0.45339365165695644
linear_comsol,external_core,core,F04_coolant_extrapolation,cnn1d,0.15,3,3,0.14986768130076533,0,900,0.17731167411927215,0.13499834931969465,-0.05806536765600113,0.35708784700462814,0.2711302732478157
linear_comsol,external_core,core,F04_coolant_extrapolation,tcn,0.15,3,3,0.14986768130076533,0,900,0.33196878148175135,0.24941709754122623,-0.21579274505710977,0.9094375150256653,0.547355013091852
linear_comsol,external_core,core,F04_coolant_extrapolation,gru,0.15,3,3,0.14986768130076533,0,900,0.43782156787075177,0.32843704662069706,-0.2689723123880662,1.041576277591652,0.8622257705983347
linear_comsol,external_core,core,F04_coolant_extrapolation,lstm,0.15,3,3,0.14986768130076533,0,900,0.40686064889645807,0.2865203305987364,-0.1985266432871588,0.9786956544228929,0.7944423578590121
linear_comsol,external_core,core,F05_short_pulses,physical_rc,0.15,3,3,0.0906130819538252,0,900,0.10888085741059321,0.09869230913541963,-0.09426947310030434,0.303753677709512,0.06319154728895582
linear_comsol,external_core,core,F05_short_pulses,mlp,0.15,3,3,0.0906130819538252,0,900,0.6661687512532667,0.44272010844345994,0.3098109145515655,1.7981205662154665,1.1217572536123246
linear_comsol,external_core,core,F05_short_pulses,cnn1d,0.15,3,3,0.0906130819538252,0,900,0.208405049337312,0.1667562706239618,0.10431398761660293,0.5379966666769818,0.2861453707850213
linear_comsol,external_core,core,F05_short_pulses,tcn,0.15,3,3,0.0906130819538252,0,900,0.7489514883600568,0.5532004120011681,0.44808287931562146,1.4195829565367681,1.0129503777074202
linear_comsol,external_core,core,F05_short_pulses,gru,0.15,3,3,0.0906130819538252,0,900,0.3899624328548887,0.29512922525367896,0.18053870587903562,0.8555833341743799,0.6032553499157144
linear_comsol,external_core,core,F05_short_pulses,lstm,0.15,3,3,0.0906130819538252,0,900,0.4682839547225392,0.36540635492999324,0.13708820102366367,1.1484249574594045,0.7629474724847242
linear_comsol,external_core,core,F06_unseen_recipe,physical_rc,0.15,3,3,0.11203747886746697,0,900,0.06226603957999592,0.0539886459257307,0.028259942623719,0.20209495597288196,0.034752894951917135
linear_comsol,external_core,core,F06_unseen_recipe,mlp,0.15,3,3,0.11203747886746697,0,900,0.2712725124448798,0.19195998255526833,0.14839348108454328,0.7025043685134307,0.3066944222533213
linear_comsol,external_core,core,F06_unseen_recipe,cnn1d,0.15,3,3,0.11203747886746697,0,900,0.1830585927092653,0.15278750160311005,-0.057931747155594675,0.49996925192422026,0.21569494087377047
linear_comsol,external_core,core,F06_unseen_recipe,tcn,0.15,3,3,0.11203747886746697,0,900,0.30110144877361433,0.24246993610217796,-0.05867500076952025,0.7640464399721978,0.22180632861870375
linear_comsol,external_core,core,F06_unseen_recipe,gru,0.15,3,3,0.11203747886746697,0,900,0.8029503084434523,0.608259106250789,0.4298770036255994,1.683890908219567,0.9329153152072831
linear_comsol,external_core,core,F06_unseen_recipe,lstm,0.15,3,3,0.11203747886746697,0,900,1.0063280158245422,0.6708288836651788,0.6210985224711345,2.5357557970927616,1.1866994885363722
linear_comsol,external_core,core,F07_hot_initial_state,physical_rc,0.15,3,3,0.09141016428443476,0,900,0.036873045999528765,0.028540064311447268,0.021216270599488527,0.13768907392830698,0.03289409300731357
linear_comsol,external_core,core,F07_hot_initial_state,mlp,0.15,3,3,0.09141016428443476,0,900,0.5225919275250934,0.46677833447482336,0.4641759096705167,0.9037933054734921,0.17038291694015703
linear_comsol,external_core,core,F07_hot_initial_state,cnn1d,0.15,3,3,0.09141016428443476,0,900,0.25577166029514253,0.23422354958430372,0.019616465191034806,0.5400548030938239,0.26410420665120615
linear_comsol,external_core,core,F07_hot_initial_state,tcn,0.15,3,3,0.09141016428443476,0,900,0.3569523475323721,0.3239157691530732,0.3200691554061763,0.6502941088866763,0.2634846660955068
linear_comsol,external_core,core,F07_hot_initial_state,gru,0.15,3,3,0.09141016428443476,0,900,2.345746994114156,2.1721888502301816,2.1720014477275393,3.6058779719703224,1.392132979288762
linear_comsol,external_core,core,F07_hot_initial_state,lstm,0.15,3,3,0.09141016428443476,0,900,2.2632344301856784,2.115454923228964,2.115359395590591,3.8096942703287553,1.5230412786757839
linear_comsol,external_core,core,F08_variable_sampling,physical_rc,0.15,3,3,0.08376900565940101,0,1080,0.04430891009722244,0.03748487019177014,0.037294558932293234,0.09974756828515297,0.05506452195592162
linear_comsol,external_core,core,F08_variable_sampling,mlp,0.15,3,3,0.08376900565940101,0,1080,0.5649909823524738,0.4487248564734139,-0.4231598456963566,1.212144078956669,0.9205984418924902
linear_comsol,external_core,core,F08_variable_sampling,cnn1d,0.15,3,3,0.08376900565940101,0,1080,0.16674228914166284,0.14618213210884615,0.10897536090812054,0.32209525423668595,0.17473838088799656
linear_comsol,external_core,core,F08_variable_sampling,tcn,0.15,3,3,0.08376900565940101,0,1080,0.2070328606523727,0.16971894556330994,-0.08778885229155499,0.49431614775040345,0.31584338274317947
linear_comsol,external_core,core,F08_variable_sampling,gru,0.15,3,3,0.08376900565940101,0,1080,0.13714561960742383,0.10836789211885618,-0.008430046315252656,0.34295532702176956,0.14959696210377538
linear_comsol,external_core,core,F08_variable_sampling,lstm,0.15,3,3,0.08376900565940101,0,1080,0.15331904586942605,0.1280180308624934,0.0649558487977354,0.3080369953838584,0.2289943336906863
linear_comsol,external_core,core,F01_power_interpolation,physical_rc,0.15,4,3,0.16182339243024446,0,900,0.01395168763137545,0.012094827262145592,-0.01155716136646905,0.07536767295452762,0.008537242882212324
linear_comsol,external_core,core,F01_power_interpolation,mlp,0.15,4,3,0.16182339243024446,0,900,0.13709400616477055,0.11455013966525572,0.02342460386613791,0.23627788388233384,0.12449436327518516
linear_comsol,external_core,core,F01_power_interpolation,cnn1d,0.15,4,3,0.16182339243024446,0,900,0.1841322867565085,0.16392444885290822,0.006584454127314909,0.33419444973215917,0.2302215965032805
linear_comsol,external_core,core,F01_power_interpolation,tcn,0.15,4,3,0.16182339243024446,0,900,0.17136509556271326,0.1387628969617772,-0.039823380959258775,0.3138668812513288,0.19255860692502824
linear_comsol,external_core,core,F01_power_interpolation,gru,0.15,4,3,0.16182339243024446,0,900,0.20455651708392883,0.1722720102307629,-0.03300522793804967,0.36878304320609345,0.22290888581260232
linear_comsol,external_core,core,F01_power_interpolation,lstm,0.15,4,3,0.16182339243024446,0,900,0.21655057952046033,0.2079574456021335,-0.0640985143467395,0.36536181950830127,0.2555884035430367
linear_comsol,external_core,core,F02_joint_interpolation,physical_rc,0.15,4,3,0.10294740748986456,0,900,0.047705564977270715,0.03846723443823646,0.03146092218341795,0.1622883280220826,0.0047497376127140205
linear_comsol,external_core,core,F02_joint_interpolation,mlp,0.15,4,3,0.10294740748986456,0,900,0.09868722008924534,0.07982612612392587,-0.04197206735195959,0.23728176958027092,0.10146508437559598
linear_comsol,external_core,core,F02_joint_interpolation,cnn1d,0.15,4,3,0.10294740748986456,0,900,0.13357399845680729,0.10855488448649153,0.04112653396414986,0.2712741654385127,0.12665077128853666
linear_comsol,external_core,core,F02_joint_interpolation,tcn,0.15,4,3,0.10294740748986456,0,900,0.17415364558702645,0.147992369980375,0.060388185898717826,0.36293896864208364,0.2500897713528799
linear_comsol,external_core,core,F02_joint_interpolation,gru,0.15,4,3,0.10294740748986456,0,900,0.16816938771602827,0.14120213392253245,-0.023377206104146616,0.37481310615026686,0.23759187020926364
linear_comsol,external_core,core,F02_joint_interpolation,lstm,0.15,4,3,0.10294740748986456,0,900,0.10676330519385752,0.08652487863530849,-0.036510814042900554,0.3248659812624801,0.13500865377741228
linear_comsol,external_core,core,F03_power_extrapolation,physical_rc,0.15,4,3,0.1192393215083928,0,900,0.06610361102181994,0.06116899475303934,-0.06101229577550743,0.18370336938508913,0.03499711987978428
linear_comsol,external_core,core,F03_power_extrapolation,mlp,0.15,4,3,0.1192393215083928,0,900,0.5863476013482259,0.5300501500611374,-0.5300501500611374,0.9741746842473447,0.3606719518429811
linear_comsol,external_core,core,F03_power_extrapolation,cnn1d,0.15,4,3,0.1192393215083928,0,900,0.25520433257644415,0.21911372561732487,-0.21066358980448013,0.43667501684124943,0.2081345165041032
linear_comsol,external_core,core,F03_power_extrapolation,tcn,0.15,4,3,0.1192393215083928,0,900,0.4759366086939908,0.4239439833569163,-0.25505017625269666,0.8299800146509924,0.4852235386207618
linear_comsol,external_core,core,F03_power_extrapolation,gru,0.15,4,3,0.1192393215083928,0,900,3.0310420019678013,2.6861613116163308,-2.685457064769538,4.4190610810651805,3.8152083085497472
linear_comsol,external_core,core,F03_power_extrapolation,lstm,0.15,4,3,0.1192393215083928,0,900,2.0690032198495203,1.66438962606145,-1.6631429923141827,4.55282237412375,2.8284330579060026
linear_comsol,external_core,core,F04_coolant_extrapolation,physical_rc,0.15,4,3,0.053017665458198804,0,900,0.032378557633348896,0.0233960716664484,0.017738885525051123,0.14348828120876078,0.007630600347307462
linear_comsol,external_core,core,F04_coolant_extrapolation,mlp,0.15,4,3,0.053017665458198804,0,900,0.15625721082765331,0.11679659100357527,0.03725434058883689,0.46826672892638044,0.3623896129396804
linear_comsol,external_core,core,F04_coolant_extrapolation,cnn1d,0.15,4,3,0.053017665458198804,0,900,0.1895405925241436,0.12773706118222153,-0.07648147619687896,0.5015388872569488,0.3381869938737639
linear_comsol,external_core,core,F04_coolant_extrapolation,tcn,0.15,4,3,0.053017665458198804,0,900,0.30160471539081446,0.22670718654982155,-0.21987558503228047,0.8118038666069225,0.5197622608780835
linear_comsol,external_core,core,F04_coolant_extrapolation,gru,0.15,4,3,0.053017665458198804,0,900,0.4805950571035146,0.36563919828502417,-0.3152156853455577,1.0443914478639371,0.9136613491518407
linear_comsol,external_core,core,F04_coolant_extrapolation,lstm,0.15,4,3,0.053017665458198804,0,900,0.37126624243310213,0.2617482343121391,-0.22462001474866639,0.9152101005062576,0.7206874131912252
linear_comsol,external_core,core,F05_short_pulses,physical_rc,0.15,4,3,0.0848950276479046,0,900,0.07706557728491154,0.06820836659242914,-0.052305686904631804,0.24207691404231113,0.04402384846217444
linear_comsol,external_core,core,F05_short_pulses,mlp,0.15,4,3,0.0848950276479046,0,900,0.6568596172195503,0.42130113293697485,0.33899592310247434,1.7850100201967685,1.1116033660623839
linear_comsol,external_core,core,F05_short_pulses,cnn1d,0.15,4,3,0.0848950276479046,0,900,0.23489076837510378,0.19023199943979527,0.13762641389030553,0.5373312940484283,0.32734509209103946
linear_comsol,external_core,core,F05_short_pulses,tcn,0.15,4,3,0.0848950276479046,0,900,0.7554868038908567,0.5482910445296345,0.4928658647236772,1.4304928070163605,1.0130026921261241
linear_comsol,external_core,core,F05_short_pulses,gru,0.15,4,3,0.0848950276479046,0,900,0.3787841769489105,0.2748852336949226,0.2099253088759583,0.8337548491194049,0.5865491988523734
linear_comsol,external_core,core,F05_short_pulses,lstm,0.15,4,3,0.0848950276479046,0,900,0.4529162421557844,0.34352571313111063,0.17301984355433617,1.1427889058860963,0.7441807553111232
linear_comsol,external_core,core,F06_unseen_recipe,physical_rc,0.15,4,3,0.18325826856315952,0,900,0.1355321762470403,0.11736360223778733,0.1165434016928676,0.31436465162322236,0.07495489449032923
linear_comsol,external_core,core,F06_unseen_recipe,mlp,0.15,4,3,0.18325826856315952,0,900,0.24378737318970908,0.20652504246276837,0.11376751101419023,0.4576313628748494,0.20071956422658427
linear_comsol,external_core,core,F06_unseen_recipe,cnn1d,0.15,4,3,0.18325826856315952,0,900,0.30111975730020235,0.2530029843091692,-0.012747787625005039,0.5308702016436371,0.4048211002169185
linear_comsol,external_core,core,F06_unseen_recipe,tcn,0.15,4,3,0.18325826856315952,0,900,0.3009376758783867,0.21833898706429047,8.081472095595485e-05,0.9196330571165205,0.06349640691761262
linear_comsol,external_core,core,F06_unseen_recipe,gru,0.15,4,3,0.18325826856315952,0,900,0.7853048198312632,0.6043112864368215,0.42990441998236295,1.6289450590375338,0.9090704795951098
linear_comsol,external_core,core,F06_unseen_recipe,lstm,0.15,4,3,0.18325826856315952,0,900,0.998712813924037,0.710415795452992,0.6647024431096179,2.3604824837353178,1.164544965173352
linear_comsol,external_core,core,F07_hot_initial_state,physical_rc,0.15,4,3,0.06987472170367487,0,900,0.05764805694336552,0.053167601637072064,0.053167601637072064,0.1669576360926115,0.04748534992256678
linear_comsol,external_core,core,F07_hot_initial_state,mlp,0.15,4,3,0.06987472170367487,0,900,0.5546518767399686,0.505733245669093,0.5051531411128268,0.9519837475440056,0.17323300623683152
linear_comsol,external_core,core,F07_hot_initial_state,cnn1d,0.15,4,3,0.06987472170367487,0,900,0.22284941209801856,0.19132835024099,0.06272392839165158,0.40476607016609734,0.21614289282501634
linear_comsol,external_core,core,F07_hot_initial_state,tcn,0.15,4,3,0.06987472170367487,0,900,0.40807240106343556,0.373482708015477,0.3716092941768231,0.7542503830678058,0.3093547366050749
linear_comsol,external_core,core,F07_hot_initial_state,gru,0.15,4,3,0.06987472170367487,0,900,2.3874630577569986,2.221662529933389,2.221662529933389,3.758538488487858,1.4303454146221475
linear_comsol,external_core,core,F07_hot_initial_state,lstm,0.15,4,3,0.06987472170367487,0,900,2.333834229068587,2.165852350135594,2.1658446495161794,3.957087905293193,1.6061935213438083
linear_comsol,external_core,core,F08_variable_sampling,physical_rc,0.15,4,3,0.16674937100008688,0,1080,0.06633405507759302,0.04949293052801667,-0.04783630190675566,0.2358379072399508,0.01683880511162274
linear_comsol,external_core,core,F08_variable_sampling,mlp,0.15,4,3,0.16674937100008688,0,1080,0.4710552919207136,0.4050955057234752,-0.4050149104102635,0.9674894192796089,0.7744418190674786
linear_comsol,external_core,core,F08_variable_sampling,cnn1d,0.15,4,3,0.16674937100008688,0,1080,0.2956354933916229,0.2752909898297587,0.07028777609962761,0.4764802108766446,0.34658057148900356
linear_comsol,external_core,core,F08_variable_sampling,tcn,0.15,4,3,0.16674937100008688,0,1080,0.195108202029262,0.16598854148402167,-0.15277728214830738,0.38134989689132937,0.31551906848108335
linear_comsol,external_core,core,F08_variable_sampling,gru,0.15,4,3,0.16674937100008688,0,1080,0.27710125029815225,0.23397989275049255,-0.01037513512194365,0.5983979403496349,0.296800839517352
linear_comsol,external_core,core,F08_variable_sampling,lstm,0.15,4,3,0.16674937100008688,0,1080,0.19474695127768932,0.1692773062632718,0.023767434245757477,0.3581241380373186,0.1678421731247682
linear_comsol,external_core,core,F01_power_interpolation,physical_rc,0.5,0,3,0.4475345806231477,0,900,0.10697082172124885,0.09902594201457583,-0.09902594201457583,0.3117028957622807,0.04777447212509674
linear_comsol,external_core,core,F01_power_interpolation,mlp,0.5,0,3,0.4475345806231477,0,900,0.40520018516191875,0.3664115232880162,-0.25791906141646354,0.652786782435772,0.4315142517091506
linear_comsol,external_core,core,F01_power_interpolation,cnn1d,0.5,0,3,0.4475345806231477,0,900,0.325452033525082,0.2790110990664344,-0.17229532035045947,0.6728198734649133,0.18806022135369507
linear_comsol,external_core,core,F01_power_interpolation,tcn,0.5,0,3,0.4475345806231477,0,900,0.32055048302175587,0.2928666361517837,-0.17365001318587875,0.6525506781565191,0.2332830226367601
linear_comsol,external_core,core,F01_power_interpolation,gru,0.5,0,3,0.4475345806231477,0,900,0.3684498215730765,0.301704257686312,-0.2616651630206427,0.7477361922777064,0.3629835679187639
linear_comsol,external_core,core,F01_power_interpolation,lstm,0.5,0,3,0.4475345806231477,0,900,0.39382056276559596,0.3287441998563962,-0.23406194121117815,0.703688861208807,0.43954507727718356
linear_comsol,external_core,core,F02_joint_interpolation,physical_rc,0.5,0,3,0.7721348872072703,0,900,0.256689630194971,0.24386724957007122,-0.24386724957007122,0.6612205245231308,0.13025352527095688
linear_comsol,external_core,core,F02_joint_interpolation,mlp,0.5,0,3,0.7721348872072703,0,900,0.9368555564304799,0.8735228958812243,0.2702409741619005,1.5086535128377463,0.9946088710910309
linear_comsol,external_core,core,F02_joint_interpolation,cnn1d,0.5,0,3,0.7721348872072703,0,900,0.7693035779331223,0.6740864479542291,-0.010866396458222521,1.1107717210321582,0.8260809764960584
linear_comsol,external_core,core,F02_joint_interpolation,tcn,0.5,0,3,0.7721348872072703,0,900,0.8576231956446084,0.723745491874132,-0.09074691360968508,1.2999254452158056,0.9638510114342408
linear_comsol,external_core,core,F02_joint_interpolation,gru,0.5,0,3,0.7721348872072703,0,900,0.7530401745002729,0.695698079937523,0.08640429068184396,1.0679261025335336,0.7744398592685048
linear_comsol,external_core,core,F02_joint_interpolation,lstm,0.5,0,3,0.7721348872072703,0,900,0.8091673982230905,0.6872704090541285,-0.09170478097528606,1.2871362236609727,0.8006692681581062
linear_comsol,external_core,core,F03_power_extrapolation,physical_rc,0.5,0,3,0.390946434003387,0,900,0.028454345214897484,0.02469987163493333,-0.023339877608362817,0.14667595178160653,0.018604525591493854
linear_comsol,external_core,core,F03_power_extrapolation,mlp,0.5,0,3,0.390946434003387,0,900,0.6321141444152679,0.5489529433840068,-0.42680964042288516,1.077137405658391,0.5046609087284127
linear_comsol,external_core,core,F03_power_extrapolation,cnn1d,0.5,0,3,0.390946434003387,0,900,0.4631661212379406,0.4560347425206895,-0.1446167668295631,0.5977731794764907,0.4755460677591113
linear_comsol,external_core,core,F03_power_extrapolation,tcn,0.5,0,3,0.390946434003387,0,900,0.7034726791784155,0.6490690060859828,-0.16185366965391387,1.1500174387609974,0.8074811390954159
linear_comsol,external_core,core,F03_power_extrapolation,gru,0.5,0,3,0.390946434003387,0,900,3.0752573117785453,2.7112365805556955,-2.66981749186973,4.675219316939817,3.870435609686934
linear_comsol,external_core,core,F03_power_extrapolation,lstm,0.5,0,3,0.390946434003387,0,900,2.118581843739136,1.6705596806307104,-1.6284516889674503,4.791303123724674,2.8978556867966634
linear_comsol,external_core,core,F04_coolant_extrapolation,physical_rc,0.5,0,3,0.38268251575459855,0,900,0.17901892305990522,0.1711929410322918,-0.1711929410322918,0.32536188558968604,0.09286413542935504
linear_comsol,external_core,core,F04_coolant_extrapolation,mlp,0.5,0,3,0.38268251575459855,0,900,0.3908153670747705,0.33623386134471894,-0.02169577671714445,0.9087952382392075,0.5678496806325715
linear_comsol,external_core,core,F04_coolant_extrapolation,cnn1d,0.5,0,3,0.38268251575459855,0,900,0.38306901198289833,0.33075334999660827,-0.22128598729819793,0.689788340168171,0.4025689250532598
linear_comsol,external_core,core,F04_coolant_extrapolation,tcn,0.5,0,3,0.38268251575459855,0,900,0.5431009716291733,0.4476506022037264,-0.40985135767519504,1.0496759668407378,0.6697198761438408
linear_comsol,external_core,core,F04_coolant_extrapolation,gru,0.5,0,3,0.38268251575459855,0,900,0.5287972273264505,0.43359306087908384,-0.3833720682045517,1.1004971645949837,0.8967962151684394
linear_comsol,external_core,core,F04_coolant_extrapolation,lstm,0.5,0,3,0.38268251575459855,0,900,0.5952325398755011,0.4958791997372762,-0.34404763382294107,1.265194507578336,0.9868171283389504
linear_comsol,external_core,core,F05_short_pulses,physical_rc,0.5,0,3,0.6320069897807973,0,900,0.0761513745998092,0.04759647469367648,0.021787486518857646,0.4109574817271415,0.010500852636850607
linear_comsol,external_core,core,F05_short_pulses,mlp,0.5,0,3,0.6320069897807973,0,900,1.072421181767638,0.9724484715152414,0.5686417818571031,2.052511716269958,1.4588632357871518
linear_comsol,external_core,core,F05_short_pulses,cnn1d,0.5,0,3,0.6320069897807973,0,900,0.5845654965634868,0.5353393192517277,0.31547947589812647,1.0922842094346734,0.250431843849434
linear_comsol,external_core,core,F05_short_pulses,tcn,0.5,0,3,0.6320069897807973,0,900,1.1393123990050489,1.065465700027145,0.5536255337318338,1.6439546498868935,1.3644394562230124
linear_comsol,external_core,core,F05_short_pulses,gru,0.5,0,3,0.6320069897807973,0,900,0.8744856119511202,0.8247198765602956,0.4415922984234688,1.2583988796025274,1.0666232654664374
linear_comsol,external_core,core,F05_short_pulses,lstm,0.5,0,3,0.6320069897807973,0,900,0.9216041478422832,0.8835022280946827,0.3489978459191747,1.380537112784154,1.1928676327776075
linear_comsol,external_core,core,F06_unseen_recipe,physical_rc,0.5,0,3,0.7231184857118679,0,900,0.4787387772902718,0.44320756663041366,0.44320756663041366,0.880368223782245,0.2239958179233291
linear_comsol,external_core,core,F06_unseen_recipe,mlp,0.5,0,3,0.7231184857118679,0,900,0.5512265374057016,0.4861754152825761,0.24044945304658819,1.0342591282734759,0.46584683331904725
linear_comsol,external_core,core,F06_unseen_recipe,cnn1d,0.5,0,3,0.7231184857118679,0,900,0.7041205128806586,0.6339400046585646,0.23748322203174294,1.0492081534322253,0.8191137279358007
linear_comsol,external_core,core,F06_unseen_recipe,tcn,0.5,0,3,0.7231184857118679,0,900,0.6264058616952414,0.5408120823609296,0.3011209579014974,1.1558616691968737,0.4669515498425428
linear_comsol,external_core,core,F06_unseen_recipe,gru,0.5,0,3,0.7231184857118679,0,900,0.9638021423674272,0.7920269213220599,0.5824319354243135,1.9688507823558226,1.0554994554826962
linear_comsol,external_core,core,F06_unseen_recipe,lstm,0.5,0,3,0.7231184857118679,0,900,1.1914122292938185,1.0377335115447774,0.9188762182228669,2.315341741928343,1.2829791874155918
linear_comsol,external_core,core,F07_hot_initial_state,physical_rc,0.5,0,3,0.44340415944263056,0,900,0.19700107773563558,0.169363324360435,-0.169363324360435,0.41286449007647974,0.05427489011162222
linear_comsol,external_core,core,F07_hot_initial_state,mlp,0.5,0,3,0.44340415944263056,0,900,0.6590447581749594,0.5312582688352426,0.48228511325990037,1.4030591042106764,0.45654503877917435
linear_comsol,external_core,core,F07_hot_initial_state,cnn1d,0.5,0,3,0.44340415944263056,0,900,0.2587668605480663,0.22379644606576643,-0.07554280568934597,0.5631225877708346,0.26421553748793103
linear_comsol,external_core,core,F07_hot_initial_state,tcn,0.5,0,3,0.44340415944263056,0,900,0.500765370015453,0.3608738319657094,0.20262234084547875,1.126806681316367,0.4735459640403611
linear_comsol,external_core,core,F07_hot_initial_state,gru,0.5,0,3,0.44340415944263056,0,900,2.2552444768565416,2.113846313917578,2.104170872528401,3.3439039812819473,1.379737588624935
linear_comsol,external_core,core,F07_hot_initial_state,lstm,0.5,0,3,0.44340415944263056,0,900,2.250348306429471,1.9862954720530983,1.9753890941606822,4.262209334748135,1.6542886905703362
linear_comsol,external_core,core,F08_variable_sampling,physical_rc,0.5,0,3,0.26688803359212415,0,1080,0.043414768645575766,0.030202872399739105,-0.021294881762357044,0.23994004744770336,0.028432708856259
linear_comsol,external_core,core,F08_variable_sampling,mlp,0.5,0,3,0.26688803359212415,0,1080,0.49405373039890643,0.4150846748734754,-0.4002361520147524,1.1566457690994696,0.8080257531045143
linear_comsol,external_core,core,F08_variable_sampling,cnn1d,0.5,0,3,0.26688803359212415,0,1080,0.35349483906606827,0.32323492331084347,0.08624436285216487,0.5462775594733884,0.38096256257632954
linear_comsol,external_core,core,F08_variable_sampling,tcn,0.5,0,3,0.26688803359212415,0,1080,0.24837261435520114,0.21462285094707023,-0.1224581536485003,0.48020976392388093,0.35530664531791134
linear_comsol,external_core,core,F08_variable_sampling,gru,0.5,0,3,0.26688803359212415,0,1080,0.36460930204106085,0.3046103832888578,-0.013058385203550371,0.7056571225113828,0.4009572261917843
linear_comsol,external_core,core,F08_variable_sampling,lstm,0.5,0,3,0.26688803359212415,0,1080,0.3197801832247246,0.27419525394028016,0.038848691024597766,0.5914819775042801,0.3185294579699365
linear_comsol,external_core,core,F01_power_interpolation,physical_rc,0.5,1,3,0.5654983390752933,0,900,0.17730688651143908,0.16430028334462823,0.16430028334462823,0.378254600810525,0.07255205237905303
linear_comsol,external_core,core,F01_power_interpolation,mlp,0.5,1,3,0.5654983390752933,0,900,0.5313246315496873,0.5135517588223758,0.2276475731509569,0.8328171958702661,0.5058759661909289
linear_comsol,external_core,core,F01_power_interpolation,cnn1d,0.5,1,3,0.5654983390752933,0,900,0.5340116440500433,0.4843197454480021,0.2111741280680026,0.8747915960956121,0.5164937574989796
linear_comsol,external_core,core,F01_power_interpolation,tcn,0.5,1,3,0.5654983390752933,0,900,0.5143931917391306,0.48046220605561374,0.12805713950631228,0.7701810921256751,0.47797480497929795
linear_comsol,external_core,core,F01_power_interpolation,gru,0.5,1,3,0.5654983390752933,0,900,0.502318330372071,0.47333965523653415,0.22958537573568327,0.8123639145361423,0.47762262438329234
linear_comsol,external_core,core,F01_power_interpolation,lstm,0.5,1,3,0.5654983390752933,0,900,0.4536476563879546,0.43669147728629376,0.14543080433087124,0.8559654797453042,0.39590854948153564
linear_comsol,external_core,core,F02_joint_interpolation,physical_rc,0.5,1,3,0.9160508865089552,0,900,0.45906499603119855,0.41886961448649557,0.41886961448649557,0.9473041770605661,0.17273886889654932
linear_comsol,external_core,core,F02_joint_interpolation,mlp,0.5,1,3,0.9160508865089552,0,900,0.8574211951362325,0.7482921201028719,-0.04931249333837627,1.4943266314377723,0.9052855914102821
linear_comsol,external_core,core,F02_joint_interpolation,cnn1d,0.5,1,3,0.9160508865089552,0,900,0.9381133140338719,0.9105362719584643,0.2808845500409243,1.196607543463756,0.9035830087970865
linear_comsol,external_core,core,F02_joint_interpolation,tcn,0.5,1,3,0.9160508865089552,0,900,0.8589222516262875,0.8323573299839137,0.37773017264394393,1.2170004726675359,0.8244747677395998
linear_comsol,external_core,core,F02_joint_interpolation,gru,0.5,1,3,0.9160508865089552,0,900,0.943867330907229,0.8461644572983775,-0.0064331858785791635,1.6644699590484677,0.9995287520992581
linear_comsol,external_core,core,F02_joint_interpolation,lstm,0.5,1,3,0.9160508865089552,0,900,0.8368959297763315,0.8050746609294074,0.15017453623079977,1.2769439109627427,0.8031320862457869
linear_comsol,external_core,core,F03_power_extrapolation,physical_rc,0.5,1,3,0.29847629209759696,0,900,0.13787416991811055,0.1264379575944172,0.1264379575944172,0.3615660157181324,0.05190683965819618
linear_comsol,external_core,core,F03_power_extrapolation,mlp,0.5,1,3,0.29847629209759696,0,900,0.6331922733294812,0.5405221777513218,-0.4681298603061587,1.1253180062128934,0.5218893138651152
linear_comsol,external_core,core,F03_power_extrapolation,cnn1d,0.5,1,3,0.29847629209759696,0,900,0.2215162657756312,0.17112108111996532,-0.06892305959859625,0.45325571455364155,0.1504759939477259
linear_comsol,external_core,core,F03_power_extrapolation,tcn,0.5,1,3,0.29847629209759696,0,900,0.35401018208697493,0.29396865932801675,-0.12586718975486716,0.6230625115893531,0.23968424516139727
linear_comsol,external_core,core,F03_power_extrapolation,gru,0.5,1,3,0.29847629209759696,0,900,2.905107633419286,2.575553075580067,-2.518821133287739,4.264418887308139,3.7165983302819483
linear_comsol,external_core,core,F03_power_extrapolation,lstm,0.5,1,3,0.29847629209759696,0,900,1.897700882542459,1.5467920087173122,-1.491827092262255,4.091193560177842,2.646031399270945
linear_comsol,external_core,core,F04_coolant_extrapolation,physical_rc,0.5,1,3,0.5017724750988766,0,900,0.04286488417650995,0.040408534996553364,-0.04011650483219773,0.22766248095431152,0.03303506727252659
linear_comsol,external_core,core,F04_coolant_extrapolation,mlp,0.5,1,3,0.5017724750988766,0,900,0.5415529608931735,0.4450200980953901,-0.08858628319230738,0.9221227337322446,0.6151887272002498
linear_comsol,external_core,core,F04_coolant_extrapolation,cnn1d,0.5,1,3,0.5017724750988766,0,900,0.5278874439434722,0.42714946384551844,-0.1646888045975271,0.9823695690034526,0.5943025968337279
linear_comsol,external_core,core,F04_coolant_extrapolation,tcn,0.5,1,3,0.5017724750988766,0,900,0.5609949141829829,0.41841803553602314,-0.341277185077622,0.9849586722254458,0.5399687409829023
linear_comsol,external_core,core,F04_coolant_extrapolation,gru,0.5,1,3,0.5017724750988766,0,900,0.6364129011130877,0.5283573505307643,-0.3402806992817969,1.2487597322312354,0.9008359053483729
linear_comsol,external_core,core,F04_coolant_extrapolation,lstm,0.5,1,3,0.5017724750988766,0,900,0.6644902433403332,0.5094922403525408,-0.27052502217504387,1.552929985241839,0.9914014141825972
linear_comsol,external_core,core,F05_short_pulses,physical_rc,0.5,1,3,0.4124631192775447,0,900,0.11280997787787239,0.10263602781155325,-0.09871966308472571,0.3101728663845016,0.06518649499833408
linear_comsol,external_core,core,F05_short_pulses,mlp,0.5,1,3,0.4124631192775447,0,900,0.9641817410297812,0.6250643778651402,0.44125351485363856,2.4919377662970987,1.4615859708930612
linear_comsol,external_core,core,F05_short_pulses,cnn1d,0.5,1,3,0.4124631192775447,0,900,0.5119322548280573,0.4396927872450792,0.18171843399861776,1.12680905202118,0.5462808989732939
linear_comsol,external_core,core,F05_short_pulses,tcn,0.5,1,3,0.4124631192775447,0,900,0.912138577688475,0.6431100433984808,0.48875519429435016,1.9297450646393948,1.1654399908647082
linear_comsol,external_core,core,F05_short_pulses,gru,0.5,1,3,0.4124631192775447,0,900,0.6532090357006044,0.45517388131280184,0.3001844976635164,1.5004036738311264,0.8821274879486719
linear_comsol,external_core,core,F05_short_pulses,lstm,0.5,1,3,0.4124631192775447,0,900,0.7078834770348525,0.5114623463620405,0.2076713857171273,1.7045878411167763,1.0112595488499216
linear_comsol,external_core,core,F06_unseen_recipe,physical_rc,0.5,1,3,0.5470371637858057,0,900,0.32286934815475987,0.29698818073214817,0.29698818073214817,0.669686045441253,0.15737309497600588
linear_comsol,external_core,core,F06_unseen_recipe,mlp,0.5,1,3,0.5470371637858057,0,900,0.5110597471652101,0.4193648837245439,0.08597447296017828,0.9331535680975911,0.4852835531162977
linear_comsol,external_core,core,F06_unseen_recipe,cnn1d,0.5,1,3,0.5470371637858057,0,900,0.618417832549372,0.5112883316425558,0.09349327396435973,1.0688070513576875,0.737687639950936
linear_comsol,external_core,core,F06_unseen_recipe,tcn,0.5,1,3,0.5470371637858057,0,900,0.5434798244648933,0.42943418805461914,0.1268711633767967,1.1318920960584862,0.34587268303499386
linear_comsol,external_core,core,F06_unseen_recipe,gru,0.5,1,3,0.5470371637858057,0,900,0.889340003549138,0.732324134805875,0.46456495076562515,1.8361459139799763,0.9963014993050747
linear_comsol,external_core,core,F06_unseen_recipe,lstm,0.5,1,3,0.5470371637858057,0,900,1.0985431629926103,0.8876990643793733,0.7729269474158605,2.1195209890153777,1.2273343427138437
linear_comsol,external_core,core,F07_hot_initial_state,physical_rc,0.5,1,3,0.4538266146722681,0,900,0.035908160682996605,0.03318893088139936,0.008528782075096535,0.14397432780965147,0.02702247234818817
linear_comsol,external_core,core,F07_hot_initial_state,mlp,0.5,1,3,0.4538266146722681,0,900,0.6446776230567242,0.4917453514444736,0.39871920771371516,1.3643971424485812,0.4781343252539019
linear_comsol,external_core,core,F07_hot_initial_state,cnn1d,0.5,1,3,0.4538266146722681,0,900,0.5603677400848508,0.4812612512534008,-0.03031847737981695,0.8969627128056388,0.5817961682508356
linear_comsol,external_core,core,F07_hot_initial_state,tcn,0.5,1,3,0.4538266146722681,0,900,0.502745767730795,0.3596084738640289,0.25097692080054745,1.0793265785632897,0.45686379474383143
linear_comsol,external_core,core,F07_hot_initial_state,gru,0.5,1,3,0.4538266146722681,0,900,2.353716773188881,2.123695154343728,2.1179798663987595,4.054037809559382,1.4030465750224315
linear_comsol,external_core,core,F07_hot_initial_state,lstm,0.5,1,3,0.4538266146722681,0,900,2.1958822976961585,2.077320609204573,2.07281324724945,3.467276153523976,1.3938977699474564
linear_comsol,external_core,core,F08_variable_sampling,physical_rc,0.5,1,3,0.5183512108349017,0,1080,0.04506650882108757,0.0367441136103873,0.03544455872322155,0.28672554872942513,0.05391819393759933
linear_comsol,external_core,core,F08_variable_sampling,mlp,0.5,1,3,0.5183512108349017,0,1080,0.39822151660981364,0.34896206371388133,-0.1124347572533989,0.7966273827988672,0.4955663752860033
linear_comsol,external_core,core,F08_variable_sampling,cnn1d,0.5,1,3,0.5183512108349017,0,1080,0.6797921265568201,0.6030916413686709,0.25008385892936386,1.116399948991905,0.7245442718953445
linear_comsol,external_core,core,F08_variable_sampling,tcn,0.5,1,3,0.5183512108349017,0,1080,0.4226437363707465,0.37694871852117134,-0.031759682816614475,0.8030258138079738,0.47054984166277425
linear_comsol,external_core,core,F08_variable_sampling,gru,0.5,1,3,0.5183512108349017,0,1080,0.6332121611399014,0.5665485399332282,0.24770218725592233,1.1078507937468416,0.6157447016842006
linear_comsol,external_core,core,F08_variable_sampling,lstm,0.5,1,3,0.5183512108349017,0,1080,0.49663012861694283,0.4509207876545476,0.2027300266858792,0.8729609575019417,0.37685525055962726
linear_comsol,external_core,core,F01_power_interpolation,physical_rc,0.5,2,3,0.44895035353448504,0,900,0.16351565941036547,0.1511773974309585,0.1511773974309585,0.3999268800874063,0.06634599309816268
linear_comsol,external_core,core,F01_power_interpolation,mlp,0.5,2,3,0.44895035353448504,0,900,0.34463541298428946,0.24329325221931206,0.1917241309058841,0.7456727719015745,0.2547160477930541
linear_comsol,external_core,core,F01_power_interpolation,cnn1d,0.5,2,3,0.44895035353448504,0,900,0.358587278147103,0.26951861736969523,0.17618863105202642,0.7444952845729524,0.3413580519170487
linear_comsol,external_core,core,F01_power_interpolation,tcn,0.5,2,3,0.44895035353448504,0,900,0.3388605480240793,0.2668076917030249,0.13603480376313123,0.7464231416079556,0.31811974697630113
linear_comsol,external_core,core,F01_power_interpolation,gru,0.5,2,3,0.44895035353448504,0,900,0.3623408920507191,0.2814399214354638,0.11467917026773998,0.7471365426383656,0.3061973772009496
linear_comsol,external_core,core,F01_power_interpolation,lstm,0.5,2,3,0.44895035353448504,0,900,0.36954130726196843,0.3045182716915669,0.09785805919204241,0.7670082411987877,0.3652943734064778
linear_comsol,external_core,core,F02_joint_interpolation,physical_rc,0.5,2,3,0.5190904286692117,0,900,0.15211652581750326,0.14605663250116271,-0.14605663250116271,0.4057649440524429,0.0855253044468511
linear_comsol,external_core,core,F02_joint_interpolation,mlp,0.5,2,3,0.5190904286692117,0,900,0.6477656006937539,0.6088936431593452,0.19734145396801353,1.0716360482331453,0.6958876688405343
linear_comsol,external_core,core,F02_joint_interpolation,cnn1d,0.5,2,3,0.5190904286692117,0,900,0.5076362160666006,0.45659759011515183,0.02060733733439839,0.7234359556945478,0.5627201008143521
linear_comsol,external_core,core,F02_joint_interpolation,tcn,0.5,2,3,0.5190904286692117,0,900,0.6041178780690605,0.5199597448465632,-0.026882890718876437,0.8815972436488622,0.7101753950665554
linear_comsol,external_core,core,F02_joint_interpolation,gru,0.5,2,3,0.5190904286692117,0,900,0.49309039668596744,0.46151366771101504,0.06629999951761527,0.7532716227149123,0.5132399854112526
linear_comsol,external_core,core,F02_joint_interpolation,lstm,0.5,2,3,0.5190904286692117,0,900,0.5585500008004218,0.478107649534761,-0.06042754222965888,0.9317047443000988,0.5541044396878723
linear_comsol,external_core,core,F03_power_extrapolation,physical_rc,0.5,2,3,0.7569429879120905,0,900,0.3842361111511826,0.35548342982315306,0.35548342982315306,0.728852890869689,0.15596839691045145
linear_comsol,external_core,core,F03_power_extrapolation,mlp,0.5,2,3,0.7569429879120905,0,900,0.8023027607159512,0.6060000314296041,-0.2814816112787699,1.5557699163999956,0.8205998232206494
linear_comsol,external_core,core,F03_power_extrapolation,cnn1d,0.5,2,3,0.7569429879120905,0,900,0.6439312810552215,0.5773426565257699,0.1556039903287246,1.1457789417749815,0.628783910137403
linear_comsol,external_core,core,F03_power_extrapolation,tcn,0.5,2,3,0.7569429879120905,0,900,0.8793603948340317,0.7640141470961483,0.164541579224787,1.4232886979983874,0.9515114173305887
linear_comsol,external_core,core,F03_power_extrapolation,gru,0.5,2,3,0.7569429879120905,0,900,2.9843631424785353,2.5827304641980913,-2.4368129245619796,5.111644583446818,3.8447617439918735
linear_comsol,external_core,core,F03_power_extrapolation,lstm,0.5,2,3,0.7569429879120905,0,900,1.8658018756041905,1.4829227398305178,-1.3359172766824383,4.217722636896951,2.6081473847555374
linear_comsol,external_core,core,F04_coolant_extrapolation,physical_rc,0.5,2,3,0.5563944766026119,0,900,0.3642723176609271,0.34374741165122474,-0.34374741165122474,0.6637323105345416,0.17164140979469358
linear_comsol,external_core,core,F04_coolant_extrapolation,mlp,0.5,2,3,0.5563944766026119,0,900,0.4036558073401683,0.32801813441787975,-0.15047565029728996,0.7769092530752459,0.4755075395318392
linear_comsol,external_core,core,F04_coolant_extrapolation,cnn1d,0.5,2,3,0.5563944766026119,0,900,0.4324783746133401,0.3815188965945259,-0.37586540595516216,0.739184329417796,0.38236738476229687
linear_comsol,external_core,core,F04_coolant_extrapolation,tcn,0.5,2,3,0.5563944766026119,0,900,0.6556817604214132,0.565400779784371,-0.565400779784371,1.301885715798477,0.7868302676738311
linear_comsol,external_core,core,F04_coolant_extrapolation,gru,0.5,2,3,0.5563944766026119,0,900,0.627558419137643,0.5516613949760917,-0.5516613374465086,1.3801625411430294,1.009623461864084
linear_comsol,external_core,core,F04_coolant_extrapolation,lstm,0.5,2,3,0.5563944766026119,0,900,0.6609737746089507,0.5577140525437665,-0.5142334816727108,1.248267572071775,0.9975393015503361
linear_comsol,external_core,core,F05_short_pulses,physical_rc,0.5,2,3,0.18264726522189825,0,900,0.07122159094415566,0.06479510827784618,-0.04141874995686996,0.2260036854674219,0.03902872939227923
linear_comsol,external_core,core,F05_short_pulses,mlp,0.5,2,3,0.18264726522189825,0,900,0.7248141515096242,0.45981167656806576,0.37827901790583623,1.974463739666966,1.1925657192310015
linear_comsol,external_core,core,F05_short_pulses,cnn1d,0.5,2,3,0.18264726522189825,0,900,0.3101466550812061,0.2681995720793633,0.1665717077419876,0.7027301887128772,0.3954934907230872
linear_comsol,external_core,core,F05_short_pulses,tcn,0.5,2,3,0.18264726522189825,0,900,0.7853375976005217,0.567522493800888,0.5187922289251983,1.58527824994421,1.0406888916590675
linear_comsol,external_core,core,F05_short_pulses,gru,0.5,2,3,0.18264726522189825,0,900,0.42957645723798266,0.31260392381806595,0.24847861284016606,1.0088511408236123,0.6413025533565063
linear_comsol,external_core,core,F05_short_pulses,lstm,0.5,2,3,0.18264726522189825,0,900,0.4973331182291124,0.3615496357938633,0.20096008237316593,1.3005878461044844,0.792433811226784
linear_comsol,external_core,core,F06_unseen_recipe,physical_rc,0.5,2,3,0.6361826804651156,0,900,0.17070551883813426,0.1519698701591103,0.15161927914683604,0.35888843659618175,0.0909385764439866
linear_comsol,external_core,core,F06_unseen_recipe,mlp,0.5,2,3,0.6361826804651156,0,900,0.6503641133628578,0.5604945219557933,-0.0909267240826853,1.4584614945061176,0.6342776076050045
linear_comsol,external_core,core,F06_unseen_recipe,cnn1d,0.5,2,3,0.6361826804651156,0,900,0.8320550606463408,0.7422587675369181,-0.06317056111737636,1.438454683188887,1.0037701633521339
linear_comsol,external_core,core,F06_unseen_recipe,tcn,0.5,2,3,0.6361826804651156,0,900,0.7172625998469565,0.6246155883411266,0.023979685591352023,1.6903193992977208,0.6597599159906743
linear_comsol,external_core,core,F06_unseen_recipe,gru,0.5,2,3,0.6361826804651156,0,900,0.9588883397279387,0.7626470344804774,0.22077690854663076,2.030904540864178,1.0118400252354625
linear_comsol,external_core,core,F06_unseen_recipe,lstm,0.5,2,3,0.6361826804651156,0,900,1.0842501107051643,0.9369839210504606,0.5757872611857642,2.4008008976371684,1.143005799775841
linear_comsol,external_core,core,F07_hot_initial_state,physical_rc,0.5,2,3,0.390424201880459,0,900,0.12347977324056356,0.12056642401482766,0.12056642401482766,0.228496617326428,0.07820587806682151
linear_comsol,external_core,core,F07_hot_initial_state,mlp,0.5,2,3,0.390424201880459,0,900,0.6226879750444941,0.5454769363791895,0.38964196860356715,1.0994713992719056,0.48181399173213557
linear_comsol,external_core,core,F07_hot_initial_state,cnn1d,0.5,2,3,0.390424201880459,0,900,0.603227542934721,0.5742816814570817,0.041903252099985334,1.0118234035601716,0.6118022130620003
linear_comsol,external_core,core,F07_hot_initial_state,tcn,0.5,2,3,0.390424201880459,0,900,0.5327598923187704,0.4657254609550526,0.3662162285346343,0.9594674012457034,0.46414958248182897
linear_comsol,external_core,core,F07_hot_initial_state,gru,0.5,2,3,0.390424201880459,0,900,2.403003854493122,2.1551202018070716,2.147153373766458,3.8523072424544793,1.473693860574078
linear_comsol,external_core,core,F07_hot_initial_state,lstm,0.5,2,3,0.390424201880459,0,900,2.2624497538255666,2.148750402308623,2.143130806735618,3.3656429943703543,1.4748854101553917
linear_comsol,external_core,core,F08_variable_sampling,physical_rc,0.5,2,3,0.6122825719822048,0,1080,0.3351144982562787,0.3028297713178074,-0.3028297713178074,0.803941736585589,0.10070954017841902
linear_comsol,external_core,core,F08_variable_sampling,mlp,0.5,2,3,0.6122825719822048,0,1080,0.6802208959661762,0.6401576796127466,-0.6401576796127466,1.16359705344032,0.860415090098945
linear_comsol,external_core,core,F08_variable_sampling,cnn1d,0.5,2,3,0.6122825719822048,0,1080,0.4610891943170387,0.37720616997664264,-0.17809238753861845,0.9199411102744897,0.4558197144266535
linear_comsol,external_core,core,F08_variable_sampling,tcn,0.5,2,3,0.6122825719822048,0,1080,0.47476364087081185,0.4051047066409703,-0.40369077612595144,0.9189427044922631,0.49710841376908893
linear_comsol,external_core,core,F08_variable_sampling,gru,0.5,2,3,0.6122825719822048,0,1080,0.5149803544458557,0.40226383532470544,-0.25273654812994856,0.9821958655025753,0.5069126386061459
linear_comsol,external_core,core,F08_variable_sampling,lstm,0.5,2,3,0.6122825719822048,0,1080,0.4566254608247118,0.38198084791290027,-0.2277935321372063,0.9328938879444522,0.34342241844727517
linear_comsol,external_core,core,F01_power_interpolation,physical_rc,0.5,3,3,0.5763749687712004,0,900,0.18387376206346026,0.17038097593198323,-0.17038097593198323,0.49551037783848884,0.08024674563698858
linear_comsol,external_core,core,F01_power_interpolation,mlp,0.5,3,3,0.5763749687712004,0,900,0.47852300361909755,0.41768747800698786,-0.2911187096581212,0.8532092271868663,0.44095449119277236
linear_comsol,external_core,core,F01_power_interpolation,cnn1d,0.5,3,3,0.5763749687712004,0,900,0.40997236007761434,0.3271623157232903,-0.2225571127830826,0.8552778696001688,0.2658288221530941
linear_comsol,external_core,core,F01_power_interpolation,tcn,0.5,3,3,0.5763749687712004,0,900,0.445824483162289,0.3688703172529629,-0.2522476872090992,0.8524013208071182,0.32406627284316203
linear_comsol,external_core,core,F01_power_interpolation,gru,0.5,3,3,0.5763749687712004,0,900,0.4127284385192589,0.347125444150742,-0.2687260936441062,0.8516153254083711,0.3720507431657334
linear_comsol,external_core,core,F01_power_interpolation,lstm,0.5,3,3,0.5763749687712004,0,900,0.43894026995991037,0.39217733166727686,-0.278178451120028,0.8508373634933761,0.4208496536434699
linear_comsol,external_core,core,F02_joint_interpolation,physical_rc,0.5,3,3,0.435373587764807,0,900,0.0919370906576498,0.08907269519562439,-0.08907269519562439,0.23615529483129905,0.05944474132919707
linear_comsol,external_core,core,F02_joint_interpolation,mlp,0.5,3,3,0.435373587764807,0,900,0.5456346063785206,0.45076678393279573,0.18348061307189362,1.0396984034965584,0.6037587438718927
linear_comsol,external_core,core,F02_joint_interpolation,cnn1d,0.5,3,3,0.435373587764807,0,900,0.44118293316121143,0.3737119551107622,0.05122524880521049,0.7122170092235507,0.5020640598877709
linear_comsol,external_core,core,F02_joint_interpolation,tcn,0.5,3,3,0.435373587764807,0,900,0.5177458466253426,0.44665626784985246,0.008191904816677203,0.9220494186305501,0.6224107779625173
linear_comsol,external_core,core,F02_joint_interpolation,gru,0.5,3,3,0.435373587764807,0,900,0.40270965518904883,0.32788927492221565,0.10169691772775612,0.7786705815903758,0.4138137072043424
linear_comsol,external_core,core,F02_joint_interpolation,lstm,0.5,3,3,0.435373587764807,0,900,0.46070778567394416,0.3960492595737229,-0.018057527013121223,0.7416996029993008,0.4647925036228666
linear_comsol,external_core,core,F03_power_extrapolation,physical_rc,0.5,3,3,0.47105590072734255,0,900,0.22178408869960775,0.20632121888299132,-0.20632121888299132,0.44721736252211386,0.10074725437796914
linear_comsol,external_core,core,F03_power_extrapolation,mlp,0.5,3,3,0.47105590072734255,0,900,0.8550876062752479,0.7954396460890394,-0.7954396460890394,1.3634564386427712,0.6131025051195454
linear_comsol,external_core,core,F03_power_extrapolation,cnn1d,0.5,3,3,0.47105590072734255,0,900,0.42621119365765675,0.3968066589006543,-0.3968066589006543,0.7648544076213959,0.16186213325198023
linear_comsol,external_core,core,F03_power_extrapolation,tcn,0.5,3,3,0.47105590072734255,0,900,0.6172657049576109,0.5221158701708146,-0.4475672138779802,1.1721640024112787,0.440858881017218
linear_comsol,external_core,core,F03_power_extrapolation,gru,0.5,3,3,0.47105590072734255,0,900,3.181886158084553,2.8865309528455336,-2.8865309528455336,4.644425065393435,3.934022704821135
linear_comsol,external_core,core,F03_power_extrapolation,lstm,0.5,3,3,0.47105590072734255,0,900,2.158492943867815,1.8565110759300398,-1.8565110759300398,4.448932225659632,2.8366292766967316
linear_comsol,external_core,core,F04_coolant_extrapolation,physical_rc,0.5,3,3,0.47730968593882334,0,900,0.08805307350080456,0.07307938270486106,0.07307938270486106,0.2972103281003804,0.018956928231414635
linear_comsol,external_core,core,F04_coolant_extrapolation,mlp,0.5,3,3,0.47730968593882334,0,900,0.4677880518936324,0.3804652379438577,0.1362041047353512,0.8883992120713557,0.5264357959353346
linear_comsol,external_core,core,F04_coolant_extrapolation,cnn1d,0.5,3,3,0.47730968593882334,0,900,0.4868418094908351,0.3993975936530067,0.002859312045687711,0.8769676797313721,0.5599030118383242
linear_comsol,external_core,core,F04_coolant_extrapolation,tcn,0.5,3,3,0.47730968593882334,0,900,0.5668843487902484,0.5205105228406504,-0.11524946187220846,1.0569071947603987,0.8092631826882103
linear_comsol,external_core,core,F04_coolant_extrapolation,gru,0.5,3,3,0.47730968593882334,0,900,0.70423359587149,0.5687215957708599,-0.3056840426018447,1.429730002121559,1.1346406244610718
linear_comsol,external_core,core,F04_coolant_extrapolation,lstm,0.5,3,3,0.47730968593882334,0,900,0.5230780306027344,0.44955514498350696,-0.188458873641053,1.1382551812164436,0.6869333511084232
linear_comsol,external_core,core,F05_short_pulses,physical_rc,0.5,3,3,0.32143885458698584,0,900,0.07313501743078517,0.06612509717969117,-0.044571014674467405,0.23111681399948836,0.04061774509739656
linear_comsol,external_core,core,F05_short_pulses,mlp,0.5,3,3,0.32143885458698584,0,900,0.9747266572310872,0.7225072943076669,0.5232864595771319,2.3582801127786936,1.4642742596874796
linear_comsol,external_core,core,F05_short_pulses,cnn1d,0.5,3,3,0.32143885458698584,0,900,0.40610270527891,0.29958901578309244,0.2445302617049318,1.0379003720107107,0.2704681892305326
linear_comsol,external_core,core,F05_short_pulses,tcn,0.5,3,3,0.32143885458698584,0,900,0.9549012901504877,0.7907322454250955,0.5205950049295195,1.7873123467751952,1.2087095493039426
linear_comsol,external_core,core,F05_short_pulses,gru,0.5,3,3,0.32143885458698584,0,900,0.6720822286946235,0.550708187961592,0.3685555704845415,1.3752637642921073,0.9134710115168281
linear_comsol,external_core,core,F05_short_pulses,lstm,0.5,3,3,0.32143885458698584,0,900,0.7257720450141905,0.604354542829065,0.27413619471262846,1.5722110911212752,1.043447080301638
linear_comsol,external_core,core,F06_unseen_recipe,physical_rc,0.5,3,3,0.6010461109708642,0,900,0.058441402132434914,0.05027979816036692,-0.014820051709701978,0.21619159544260214,0.015350995210908606
linear_comsol,external_core,core,F06_unseen_recipe,mlp,0.5,3,3,0.6010461109708642,0,900,0.7765904062031166,0.5650134668235762,0.40633608299176294,1.6561106876881482,0.9176682354611416
linear_comsol,external_core,core,F06_unseen_recipe,cnn1d,0.5,3,3,0.6010461109708642,0,900,0.4939235287426657,0.43116941448277146,0.0028371783286667016,1.0415168882316834,0.3428758516264359
linear_comsol,external_core,core,F06_unseen_recipe,tcn,0.5,3,3,0.6010461109708642,0,900,0.6335404999439794,0.5251113134359211,-0.04101351430358967,1.0700284023261162,0.6781847578812199
linear_comsol,external_core,core,F06_unseen_recipe,gru,0.5,3,3,0.6010461109708642,0,900,1.092373915938933,0.8694825087368107,0.6221785964811003,2.5270303046555824,1.2513282025675223
linear_comsol,external_core,core,F06_unseen_recipe,lstm,0.5,3,3,0.6010461109708642,0,900,1.2504804759704593,0.9063023963323791,0.7061964294835168,3.229923438124594,1.4570451512032394
linear_comsol,external_core,core,F07_hot_initial_state,physical_rc,0.5,3,3,0.3120159610864658,0,900,0.07575781007062717,0.05434784445577834,-0.051701125438722725,0.2095043162415493,0.0027473903912931786
linear_comsol,external_core,core,F07_hot_initial_state,mlp,0.5,3,3,0.3120159610864658,0,900,0.5023469595788981,0.41106351618307474,0.3464563343623274,1.0562119795021587,0.3149109884875043
linear_comsol,external_core,core,F07_hot_initial_state,cnn1d,0.5,3,3,0.3120159610864658,0,900,0.4272673683160981,0.349068380347979,-0.08152593229054099,0.8301238164181868,0.426902563335461
linear_comsol,external_core,core,F07_hot_initial_state,tcn,0.5,3,3,0.3120159610864658,0,900,0.3592496311352117,0.27306864780918677,0.2160779058816158,0.8102705289646934,0.3103876482746782
linear_comsol,external_core,core,F07_hot_initial_state,gru,0.5,3,3,0.3120159610864658,0,900,2.246769740293548,2.041356564189796,2.0350018831403527,3.705201639825738,1.3408277511841749
linear_comsol,external_core,core,F07_hot_initial_state,lstm,0.5,3,3,0.3120159610864658,0,900,2.1119774443102717,1.9859391814625775,1.9809711912009116,3.4693287469718257,1.3855601580411765
linear_comsol,external_core,core,F08_variable_sampling,physical_rc,0.5,3,3,0.40555049297551177,0,1080,0.0916844151892259,0.08753773939111019,0.08753773939111019,0.15327808084973782,0.0778794092352166
linear_comsol,external_core,core,F08_variable_sampling,mlp,0.5,3,3,0.40555049297551177,0,1080,0.5113462740982865,0.3891832900180354,-0.19063518241235292,1.2053870541117888,0.7231561419615107
linear_comsol,external_core,core,F08_variable_sampling,cnn1d,0.5,3,3,0.40555049297551177,0,1080,0.5536139382063485,0.4063886945887241,0.24533335466960607,1.0831945737284983,0.5920130459166046
linear_comsol,external_core,core,F08_variable_sampling,tcn,0.5,3,3,0.40555049297551177,0,1080,0.40997549630325003,0.3478498382304138,-0.01424425708945804,0.7574152568294679,0.44470022936270603
linear_comsol,external_core,core,F08_variable_sampling,gru,0.5,3,3,0.40555049297551177,0,1080,0.4698912844837701,0.3604085295785586,0.21272940240318583,0.9724981785005227,0.4125525127322216
linear_comsol,external_core,core,F08_variable_sampling,lstm,0.5,3,3,0.40555049297551177,0,1080,0.39039332698196183,0.31027289782654016,0.20255966982993634,0.7908279226780977,0.32804927879891393
linear_comsol,external_core,core,F01_power_interpolation,physical_rc,0.5,4,3,0.4592117503181751,0,900,0.24868558182949543,0.2310676430783312,-0.2310676430783312,0.4678243380570848,0.10814057262451239
linear_comsol,external_core,core,F01_power_interpolation,mlp,0.5,4,3,0.4592117503181751,0,900,0.2941402558071449,0.2443786001086962,-0.24153041771385775,0.5523782377620847,0.24847366637662843
linear_comsol,external_core,core,F01_power_interpolation,cnn1d,0.5,4,3,0.4592117503181751,0,900,0.3093278302754923,0.27134238801162336,-0.2339760332368226,0.5629264081530181,0.2347296620780503
linear_comsol,external_core,core,F01_power_interpolation,tcn,0.5,4,3,0.4592117503181751,0,900,0.3141962930125451,0.27587895684971314,-0.2706276687433898,0.5527447752387538,0.2107934183737835
linear_comsol,external_core,core,F01_power_interpolation,gru,0.5,4,3,0.4592117503181751,0,900,0.3486263570907691,0.2972363962115902,-0.2815551767214775,0.619660871465026,0.3125404131419939
linear_comsol,external_core,core,F01_power_interpolation,lstm,0.5,4,3,0.4592117503181751,0,900,0.38307445394152334,0.32982455683037465,-0.30457745276876164,0.6036994631206234,0.3560615321189765
linear_comsol,external_core,core,F02_joint_interpolation,physical_rc,0.5,4,3,0.645792549331431,0,900,0.04532959618504009,0.04080377308399657,-0.03931354741797672,0.2624029399169032,0.036925505257763364
linear_comsol,external_core,core,F02_joint_interpolation,mlp,0.5,4,3,0.645792549331431,0,900,0.7269697130248847,0.6984482405601151,0.26452500237197224,1.1158667716211568,0.7093073285532167
linear_comsol,external_core,core,F02_joint_interpolation,cnn1d,0.5,4,3,0.645792549331431,0,900,0.5786033750415518,0.5415574899255355,0.11958545150517948,0.8382262485819467,0.5972762078445483
linear_comsol,external_core,core,F02_joint_interpolation,tcn,0.5,4,3,0.645792549331431,0,900,0.6776459188407989,0.6370320203989405,0.09432280030745087,0.9530053947824797,0.7690741869629565
linear_comsol,external_core,core,F02_joint_interpolation,gru,0.5,4,3,0.645792549331431,0,900,0.6030927068314333,0.5448497119947132,0.08985311562432777,0.9198105619714241,0.6059574638212437
linear_comsol,external_core,core,F02_joint_interpolation,lstm,0.5,4,3,0.645792549331431,0,900,0.6539818483589219,0.5799429446558113,0.007407222850379623,1.0201056108513313,0.6301529801400174
linear_comsol,external_core,core,F03_power_extrapolation,physical_rc,0.5,4,3,0.3582045053551935,0,900,0.16962927679790332,0.1560642934523993,0.1560642934523993,0.4090876240063892,0.06531165459142843
linear_comsol,external_core,core,F03_power_extrapolation,mlp,0.5,4,3,0.3582045053551935,0,900,0.8024335176337194,0.6288437515536462,-0.5540591896246078,1.567775636603244,0.7783248470330709
linear_comsol,external_core,core,F03_power_extrapolation,cnn1d,0.5,4,3,0.3582045053551935,0,900,0.36287074430802513,0.2937536339329422,-0.07851562561283339,0.708088035769336,0.296040971553269
linear_comsol,external_core,core,F03_power_extrapolation,tcn,0.5,4,3,0.3582045053551935,0,900,0.6213460636611379,0.5200885504661216,-0.09974091414906505,1.0840808091041794,0.6186168428539426
linear_comsol,external_core,core,F03_power_extrapolation,gru,0.5,4,3,0.3582045053551935,0,900,3.030875831359564,2.673657685175863,-2.615351770934928,4.9013688710833065,3.8610512330164615
linear_comsol,external_core,core,F03_power_extrapolation,lstm,0.5,4,3,0.3582045053551935,0,900,1.894156329315076,1.5966904105306716,-1.5396711867446122,4.071210485515749,2.6023349161391494
linear_comsol,external_core,core,F04_coolant_extrapolation,physical_rc,0.5,4,3,0.30077439219642954,0,900,0.1645478436422909,0.15764328396705116,-0.15764328396705116,0.3015606755734268,0.08666844915334121
linear_comsol,external_core,core,F04_coolant_extrapolation,mlp,0.5,4,3,0.30077439219642954,0,900,0.26795919473494484,0.239447101439148,-0.1663992666716918,0.44359725797186655,0.26964002318236424
linear_comsol,external_core,core,F04_coolant_extrapolation,cnn1d,0.5,4,3,0.30077439219642954,0,900,0.3137559323082211,0.26647633755599603,-0.26296360251333034,0.6301965963528744,0.4237568910635886
linear_comsol,external_core,core,F04_coolant_extrapolation,tcn,0.5,4,3,0.30077439219642954,0,900,0.4389948717413842,0.41019752279963195,-0.41019752279963195,0.8600540075673919,0.584903159849348
linear_comsol,external_core,core,F04_coolant_extrapolation,gru,0.5,4,3,0.30077439219642954,0,900,0.595558451358489,0.5042662755627068,-0.5039640651524937,1.1699824094533895,1.0105932557377446
linear_comsol,external_core,core,F04_coolant_extrapolation,lstm,0.5,4,3,0.30077439219642954,0,900,0.48397329845379977,0.413277613600998,-0.4120079887522191,1.0106629342410542,0.7798243152310157
linear_comsol,external_core,core,F05_short_pulses,physical_rc,0.5,4,3,0.1992314072815148,0,900,0.06971896602699251,0.049254625438811754,0.012824429475100475,0.2551894719236216,0.014335171122042481
linear_comsol,external_core,core,F05_short_pulses,mlp,0.5,4,3,0.1992314072815148,0,900,0.8097662480451119,0.5355024449506907,0.4807965921204451,2.0883470256992283,1.2870131010292194
linear_comsol,external_core,core,F05_short_pulses,cnn1d,0.5,4,3,0.1992314072815148,0,900,0.31771437416687054,0.2671892710204323,0.24255720090692068,0.8114131894990209,0.30838955381582384
linear_comsol,external_core,core,F05_short_pulses,tcn,0.5,4,3,0.1992314072815148,0,900,0.854443166684577,0.6395976412415931,0.5749930660865998,1.6402240283161866,1.099338988293518
linear_comsol,external_core,core,F05_short_pulses,gru,0.5,4,3,0.1992314072815148,0,900,0.506775524738529,0.37584918946474527,0.33671372970130947,1.099532823120576,0.7268189544663187
linear_comsol,external_core,core,F05_short_pulses,lstm,0.5,4,3,0.1992314072815148,0,900,0.5680833261215287,0.43638592256173,0.27845665593617897,1.372742268393953,0.870345990870786
linear_comsol,external_core,core,F06_unseen_recipe,physical_rc,0.5,4,3,0.24859059343540987,0,900,0.05582868485401519,0.048071637825072636,-0.0030526353524355284,0.20524506439261359,0.020761366655227688
linear_comsol,external_core,core,F06_unseen_recipe,mlp,0.5,4,3,0.24859059343540987,0,900,0.2616094750826448,0.20908513176080173,-0.06053835324657759,0.7328559514187063,0.17492141216275386
linear_comsol,external_core,core,F06_unseen_recipe,cnn1d,0.5,4,3,0.24859059343540987,0,900,0.39533026156980344,0.3338398963840345,-0.14822062390685734,0.7455238474199319,0.5005336478592682
linear_comsol,external_core,core,F06_unseen_recipe,tcn,0.5,4,3,0.24859059343540987,0,900,0.3694577598084604,0.262611952439275,-0.12582203001685666,1.192199324868092,0.1584002461955964
linear_comsol,external_core,core,F06_unseen_recipe,gru,0.5,4,3,0.24859059343540987,0,900,0.7462536184904353,0.6113066906329502,0.258098215365248,1.5764327279837644,0.8248349516095302
linear_comsol,external_core,core,F06_unseen_recipe,lstm,0.5,4,3,0.24859059343540987,0,900,0.9242681658335934,0.699727731958133,0.5099846240471401,2.084115079594568,1.0594845221182143
linear_comsol,external_core,core,F07_hot_initial_state,physical_rc,0.5,4,3,0.3411102234022057,0,900,0.17188618012107335,0.14559417701607297,-0.14559417701607297,0.3477189888142931,0.04341563315821387
linear_comsol,external_core,core,F07_hot_initial_state,mlp,0.5,4,3,0.3411102234022057,0,900,0.5490893069331387,0.4654013733209819,0.4292141986964329,1.154829936273849,0.3012102632214427
linear_comsol,external_core,core,F07_hot_initial_state,cnn1d,0.5,4,3,0.3411102234022057,0,900,0.17890703021733237,0.13080640248538083,-0.08454093753137604,0.5069736051180911,0.13326120758525473
linear_comsol,external_core,core,F07_hot_initial_state,tcn,0.5,4,3,0.3411102234022057,0,900,0.3997483521842975,0.288540617175438,0.20794563114737621,0.9393742323363483,0.3610655199542689
linear_comsol,external_core,core,F07_hot_initial_state,gru,0.5,4,3,0.3411102234022057,0,900,2.2198127053577044,2.0716650262640925,2.0646402073112355,3.4209038940666474,1.345803488147887
linear_comsol,external_core,core,F07_hot_initial_state,lstm,0.5,4,3,0.3411102234022057,0,900,2.1933580123409246,1.9646424023119031,1.95669367267764,4.049632910110731,1.5875490609131153
linear_comsol,external_core,core,F08_variable_sampling,physical_rc,0.5,4,3,0.28548395620629935,0,1080,0.16451158548614664,0.1571553699415803,0.1571553699415803,0.3154129287950269,0.10942661232177867
linear_comsol,external_core,core,F08_variable_sampling,mlp,0.5,4,3,0.28548395620629935,0,1080,0.41793442681315435,0.30784218626486315,-0.2502133130448207,1.0808022705719438,0.7775992154582501
linear_comsol,external_core,core,F08_variable_sampling,cnn1d,0.5,4,3,0.28548395620629935,0,1080,0.3480204110013771,0.3148989504138848,0.25334001748436186,0.5293696348688677,0.308246380788291
linear_comsol,external_core,core,F08_variable_sampling,tcn,0.5,4,3,0.28548395620629935,0,1080,0.17887731068050625,0.14615273020468222,0.05071809813075186,0.4530749519439752,0.2370662983494853
linear_comsol,external_core,core,F08_variable_sampling,gru,0.5,4,3,0.28548395620629935,0,1080,0.2925881697744461,0.25753546629653745,0.14452732460238188,0.48238496300906064,0.2571308125298772
linear_comsol,external_core,core,F08_variable_sampling,lstm,0.5,4,3,0.28548395620629935,0,1080,0.286564702744962,0.22254845008529672,0.20836649510885824,0.5529811396873612,0.2705389915993271
nonlinear_comsol,internal_test,configured_data_pool,NT09_cold_high_flow,physical_rc,0.0,0,3,0.0,0,270,0.4047870456013327,0.3690815167980062,0.3690810753412792,0.6735666441097763,0.4996399052094961
nonlinear_comsol,internal_test,configured_data_pool,NT09_cold_high_flow,mlp,0.0,0,3,0.0,0,270,1.2905171855621913,1.1138138568332276,-0.10372547758204018,2.9107979736873517,2.1333371836347848
nonlinear_comsol,internal_test,configured_data_pool,NT09_cold_high_flow,cnn1d,0.0,0,3,0.0,0,270,1.9579923079222008,1.4689889977314683,1.0376273712189559,4.824049118738827,3.514969721818565
nonlinear_comsol,internal_test,configured_data_pool,NT09_cold_high_flow,tcn,0.0,0,3,0.0,0,270,1.5767365666364437,1.3506878610392268,-0.39499860667564796,2.6489060749652715,1.8133877656306285
nonlinear_comsol,internal_test,configured_data_pool,NT09_cold_high_flow,gru,0.0,0,3,0.0,0,270,2.76693416957518,2.3654333500693414,-2.041287285615381,4.90413396987492,1.6550453727580152
nonlinear_comsol,internal_test,configured_data_pool,NT09_cold_high_flow,lstm,0.0,0,3,0.0,0,270,2.699118421052928,2.2601574440565835,-2.1126486067435195,4.905048855977544,1.6137876273451819
nonlinear_comsol,internal_test,configured_data_pool,NT09_cold_high_flow,physical_rc,0.15,0,3,0.22357611778616218,0,270,0.43425411519506235,0.41393654055388557,0.41393654055388557,0.6896588438612952,0.5050691481636349
nonlinear_comsol,internal_test,configured_data_pool,NT09_cold_high_flow,mlp,0.15,0,3,0.22357611778616218,0,270,1.259887574251046,1.0648525194754226,-0.011816771842916875,2.858851077379228,2.187486500637743
nonlinear_comsol,internal_test,configured_data_pool,NT09_cold_high_flow,cnn1d,0.15,0,3,0.22357611778616218,0,270,1.9905490119902636,1.5221910319489667,1.1035191998684806,4.7138650332823175,3.5358745488895087
nonlinear_comsol,internal_test,configured_data_pool,NT09_cold_high_flow,tcn,0.15,0,3,0.22357611778616218,0,270,1.5500284708568084,1.3286158873740437,-0.3251524117901866,2.614075110523281,1.8816370300572625
nonlinear_comsol,internal_test,configured_data_pool,NT09_cold_high_flow,gru,0.15,0,3,0.22357611778616218,0,270,2.697723971551254,2.30748037036972,-1.9655714262454669,4.892530165483784,1.6595670885693916
nonlinear_comsol,internal_test,configured_data_pool,NT09_cold_high_flow,lstm,0.15,0,3,0.22357611778616218,0,270,2.6448761528581044,2.1724816506178066,-2.0526014587109946,4.879922608444655,1.6089246678410773
nonlinear_comsol,internal_test,configured_data_pool,NT09_cold_high_flow,physical_rc,0.15,1,3,0.07773614008945015,0,270,0.4016576022058238,0.3662196813152102,0.36359820909039153,0.6715993245058343,0.4989762166327828
nonlinear_comsol,internal_test,configured_data_pool,NT09_cold_high_flow,mlp,0.15,1,3,0.07773614008945015,0,270,1.2827459158305048,1.1097277891949422,-0.11713093998989524,2.871955078172469,2.1095156130075305
nonlinear_comsol,internal_test,configured_data_pool,NT09_cold_high_flow,cnn1d,0.15,1,3,0.07773614008945015,0,270,1.9674767136099323,1.4717347805639056,1.0227910416197128,4.898747945914927,3.510553893270834
nonlinear_comsol,internal_test,configured_data_pool,NT09_cold_high_flow,tcn,0.15,1,3,0.07773614008945015,0,270,1.5863225764016473,1.3627120586838073,-0.400276112449105,2.72144271451776,1.8142206060218828
nonlinear_comsol,internal_test,configured_data_pool,NT09_cold_high_flow,gru,0.15,1,3,0.07773614008945015,0,270,2.783698239325374,2.378923388241039,-2.0453351448007524,4.93186163510309,1.7026746373095636
nonlinear_comsol,internal_test,configured_data_pool,NT09_cold_high_flow,lstm,0.15,1,3,0.07773614008945015,0,270,2.7015346748304747,2.2762566128639232,-2.1034150806041305,4.926814846107916,1.6621031155239672
nonlinear_comsol,internal_test,configured_data_pool,NT09_cold_high_flow,physical_rc,0.15,2,3,0.08807060954194704,0,270,0.3972040953141524,0.36195882940369273,0.3554286624149284,0.6686687743669069,0.49798759728413206
nonlinear_comsol,internal_test,configured_data_pool,NT09_cold_high_flow,mlp,0.15,2,3,0.08807060954194704,0,270,1.3009635828781254,1.1273906906506481,-0.13572766098567293,2.914620788791659,2.108938741447019
nonlinear_comsol,internal_test,configured_data_pool,NT09_cold_high_flow,cnn1d,0.15,2,3,0.08807060954194704,0,270,1.9542332195609993,1.4552298785361946,1.0140785922355353,4.891614657645036,3.5080743359949036
nonlinear_comsol,internal_test,configured_data_pool,NT09_cold_high_flow,tcn,0.15,2,3,0.08807060954194704,0,270,1.5902283181855104,1.3612989122688697,-0.4156911969987633,2.78451963325967,1.7937461380975046
nonlinear_comsol,internal_test,configured_data_pool,NT09_cold_high_flow,gru,0.15,2,3,0.08807060954194704,0,270,2.793689037411226,2.3882072439443003,-2.062753104829323,4.910102606496313,1.6759471490517523
nonlinear_comsol,internal_test,configured_data_pool,NT09_cold_high_flow,lstm,0.15,2,3,0.08807060954194704,0,270,2.7148493801393894,2.291598802853019,-2.123582162768226,4.911730229360476,1.6374402730580437
nonlinear_comsol,internal_test,configured_data_pool,NT09_cold_high_flow,physical_rc,0.15,3,3,0.2433748423377113,0,270,0.4403191325033597,0.4221308312368584,0.4221308312368584,0.6926010553027737,0.5060618836079946
nonlinear_comsol,internal_test,configured_data_pool,NT09_cold_high_flow,mlp,0.15,3,3,0.2433748423377113,0,270,1.3142107384318225,1.1034111659877377,-0.021937919983225515,3.0467313153656264,2.2201954366259438
nonlinear_comsol,internal_test,configured_data_pool,NT09_cold_high_flow,cnn1d,0.15,3,3,0.2433748423377113,0,270,1.948137251733506,1.4739285444289116,1.1268459278880785,4.617258515993669,3.541397398057771
nonlinear_comsol,internal_test,configured_data_pool,NT09_cold_high_flow,tcn,0.15,3,3,0.2433748423377113,0,270,1.5303777523742372,1.283154052093841,-0.3294078744925925,2.5215805475008217,1.8292602791898696
nonlinear_comsol,internal_test,configured_data_pool,NT09_cold_high_flow,gru,0.15,3,3,0.2433748423377113,0,270,2.671581475405462,2.2814028437577387,-1.9722103639774184,4.722792107334065,1.5212327227097124
nonlinear_comsol,internal_test,configured_data_pool,NT09_cold_high_flow,lstm,0.15,3,3,0.2433748423377113,0,270,2.6432143098574516,2.1650197703665763,-2.0816058333781364,4.944655361499056,1.4746687522102886
nonlinear_comsol,internal_test,configured_data_pool,NT09_cold_high_flow,physical_rc,0.15,4,3,0.09850570757241202,0,270,0.3967207975461269,0.3614814216335283,0.35451285354197337,0.6683403141652136,0.4978767930441669
nonlinear_comsol,internal_test,configured_data_pool,NT09_cold_high_flow,mlp,0.15,4,3,0.09850570757241202,0,270,1.3213491569820932,1.142634621746527,-0.1265412588943024,2.968144565178072,2.1443900539798957
nonlinear_comsol,internal_test,configured_data_pool,NT09_cold_high_flow,cnn1d,0.15,4,3,0.09850570757241202,0,270,1.941330516099102,1.4542695238848329,1.0248442850564297,4.778255583353491,3.514571075756813
nonlinear_comsol,internal_test,configured_data_pool,NT09_cold_high_flow,tcn,0.15,4,3,0.09850570757241202,0,270,1.5879613112505075,1.3543850418907168,-0.4203727468650222,2.6957682634768467,1.7939923628079388
nonlinear_comsol,internal_test,configured_data_pool,NT09_cold_high_flow,gru,0.15,4,3,0.09850570757241202,0,270,2.7839840407200254,2.381512391999141,-2.0708843492419042,4.892083604536687,1.6064679180212822
nonlinear_comsol,internal_test,configured_data_pool,NT09_cold_high_flow,lstm,0.15,4,3,0.09850570757241202,0,270,2.7274694994923214,2.281001332488421,-2.1516531760717306,4.9053378669380905,1.5680989408148305
nonlinear_comsol,internal_test,configured_data_pool,NT09_cold_high_flow,physical_rc,0.5,0,3,0.5127478414495108,0,270,0.38258470517841525,0.34578159729230507,0.32417489733968347,0.6574477625181174,0.4942024368045062
nonlinear_comsol,internal_test,configured_data_pool,NT09_cold_high_flow,mlp,0.5,0,3,0.5127478414495108,0,270,1.3583738285719207,1.1547657380353438,-0.03133555155111838,2.7133577608649446,2.2921573194441396
nonlinear_comsol,internal_test,configured_data_pool,NT09_cold_high_flow,cnn1d,0.5,0,3,0.5127478414495108,0,270,2.117936942905062,1.7032208839691103,0.9995864049170776,4.541638198733629,3.579867586831455
nonlinear_comsol,internal_test,configured_data_pool,NT09_cold_high_flow,tcn,0.5,0,3,0.5127478414495108,0,270,1.744104794225022,1.523470311932577,-0.4209834348061418,3.1262252824969146,2.0845630450388475
nonlinear_comsol,internal_test,configured_data_pool,NT09_cold_high_flow,gru,0.5,0,3,0.5127478414495108,0,270,2.8817528926270075,2.4809186986876455,-2.080124469389161,5.421405044052285,1.8499801727159366
nonlinear_comsol,internal_test,configured_data_pool,NT09_cold_high_flow,lstm,0.5,0,3,0.5127478414495108,0,270,2.852665619047205,2.3214473601636905,-2.1823484602895054,5.423692639121626,1.7965847414461582
nonlinear_comsol,internal_test,configured_data_pool,NT09_cold_high_flow,physical_rc,0.5,1,3,0.38288179250190385,0,270,0.3704097571515991,0.33236146554495366,0.28571572767421116,0.6436503711951502,0.48954872604440985
nonlinear_comsol,internal_test,configured_data_pool,NT09_cold_high_flow,mlp,0.5,1,3,0.38288179250190385,0,270,1.3264437209515758,1.1428245636204315,-0.12105324699769571,2.5585619488467586,2.188227042048048
nonlinear_comsol,internal_test,configured_data_pool,NT09_cold_high_flow,cnn1d,0.5,1,3,0.38288179250190385,0,270,2.073236814481736,1.6381358256631362,0.9340337248064015,4.727701909952501,3.541022980232033
nonlinear_comsol,internal_test,configured_data_pool,NT09_cold_high_flow,tcn,0.5,1,3,0.38288179250190385,0,270,1.7333355850076915,1.5255379630750356,-0.47950814559334853,3.1537046790813967,1.994724522110224
nonlinear_comsol,internal_test,configured_data_pool,NT09_cold_high_flow,gru,0.5,1,3,0.38288179250190385,0,270,2.9252515061983995,2.512885398902199,-2.141072678825371,5.436251343486614,1.851063414261349
nonlinear_comsol,internal_test,configured_data_pool,NT09_cold_high_flow,lstm,0.5,1,3,0.38288179250190385,0,270,2.86665917750315,2.3446694180473027,-2.2141285950730922,5.440988697800133,1.8052595218263463
nonlinear_comsol,internal_test,configured_data_pool,NT09_cold_high_flow,physical_rc,0.5,2,3,0.4310040840055575,0,270,0.3723947253510213,0.3341878062603017,0.2937347919440995,0.6465293104581562,0.49051971169164377
nonlinear_comsol,internal_test,configured_data_pool,NT09_cold_high_flow,mlp,0.5,2,3,0.4310040840055575,0,270,1.3752898127599695,1.179468695595072,-0.1199097116679179,2.7430230926333223,2.232511320667833
nonlinear_comsol,internal_test,configured_data_pool,NT09_cold_high_flow,cnn1d,0.5,2,3,0.4310040840055575,0,270,2.0304518766694124,1.6000798617769725,0.9628864737917636,4.568675250067223,3.547110199438994
nonlinear_comsol,internal_test,configured_data_pool,NT09_cold_high_flow,tcn,0.5,2,3,0.4310040840055575,0,270,1.7155918608027165,1.4896808026861499,-0.48376373810794104,3.0171473575844665,1.9536052474597565
nonlinear_comsol,internal_test,configured_data_pool,NT09_cold_high_flow,gru,0.5,2,3,0.4310040840055575,0,270,2.8967096113684203,2.492104445739545,-2.148409191379879,5.28737048059449,1.7075596902156116
nonlinear_comsol,internal_test,configured_data_pool,NT09_cold_high_flow,lstm,0.5,2,3,0.4310040840055575,0,270,2.872516550474693,2.338389569570998,-2.253774505010066,5.314727496372097,1.6653998230766676
nonlinear_comsol,internal_test,configured_data_pool,NT09_cold_high_flow,physical_rc,0.5,3,3,0.49621531482550196,0,270,0.39392743371361805,0.3586552175820718,0.349095017643008,0.6663967262542627,0.497221141048797
nonlinear_comsol,internal_test,configured_data_pool,NT09_cold_high_flow,mlp,0.5,3,3,0.49621531482550196,0,270,1.337212956646155,1.1301356951127894,-0.19331790613612324,2.782239524407153,2.029300442615279
nonlinear_comsol,internal_test,configured_data_pool,NT09_cold_high_flow,cnn1d,0.5,3,3,0.49621531482550196,0,270,2.0375042608632716,1.4980215245591335,0.9647303451101173,5.291624943815094,3.512926787025445
nonlinear_comsol,internal_test,configured_data_pool,NT09_cold_high_flow,tcn,0.5,3,3,0.49621531482550196,0,270,1.673530908952847,1.4245920979075208,-0.41888705262106435,3.191426173000913,1.830870028555033
nonlinear_comsol,internal_test,configured_data_pool,NT09_cold_high_flow,gru,0.5,3,3,0.49621531482550196,0,270,2.8802680224981887,2.4789658153565073,-2.054837821560137,5.164197527759274,1.935039790485316
nonlinear_comsol,internal_test,configured_data_pool,NT09_cold_high_flow,lstm,0.5,3,3,0.49621531482550196,0,270,2.7294100167595197,2.368560900862824,-2.047570098609032,4.909473201700337,1.901437631193167
nonlinear_comsol,internal_test,configured_data_pool,NT09_cold_high_flow,physical_rc,0.5,4,3,0.47879241306329634,0,270,0.42943379146416816,0.40721373008154255,0.40721373008154255,0.687252816758523,0.5042573460075593
nonlinear_comsol,internal_test,configured_data_pool,NT09_cold_high_flow,mlp,0.5,4,3,0.47879241306329634,0,270,1.4794758414111602,1.2237181221774491,-0.07449019761123568,3.386412594694363,2.3123570384993943
nonlinear_comsol,internal_test,configured_data_pool,NT09_cold_high_flow,cnn1d,0.5,4,3,0.47879241306329634,0,270,1.8976658780521498,1.420451793377504,1.1334649609292096,4.424895602297752,3.5683736928402054
nonlinear_comsol,internal_test,configured_data_pool,NT09_cold_high_flow,tcn,0.5,4,3,0.47879241306329634,0,270,1.570952921013349,1.3152531037257065,-0.3799283536584966,3.0200667835813952,1.7659235328713663
nonlinear_comsol,internal_test,configured_data_pool,NT09_cold_high_flow,gru,0.5,4,3,0.47879241306329634,0,270,2.693282651840967,2.281779562149042,-2.0319750406952344,4.538631574788294,1.270303884761417
nonlinear_comsol,internal_test,configured_data_pool,NT09_cold_high_flow,lstm,0.5,4,3,0.47879241306329634,0,270,2.7163856742249104,2.2127797365263824,-2.1846910266289536,5.4516701304164386,1.2422376313534058
nonlinear_comsol,external_core,core,NF01_fixed_flow_interpolation,physical_rc,0.0,0,3,0.0,0,270,0.19505597920871628,0.16265673250018,0.1626565417933683,0.38180104734114195,0.3184066961439714
nonlinear_comsol,external_core,core,NF01_fixed_flow_interpolation,mlp,0.0,0,3,0.0,0,270,0.37230430821436067,0.30147964139689193,0.08307340011605062,1.157252120007442,0.8090542308461552
nonlinear_comsol,external_core,core,NF01_fixed_flow_interpolation,cnn1d,0.0,0,3,0.0,0,270,0.5503657718299361,0.36003748667120644,-0.27101335393106873,1.7922745756529324,1.4005955123169243
nonlinear_comsol,external_core,core,NF01_fixed_flow_interpolation,tcn,0.0,0,3,0.0,0,270,0.6025292620687636,0.5046937386293615,0.39675723067860813,1.2505377738123542,0.7967988895081334
nonlinear_comsol,external_core,core,NF01_fixed_flow_interpolation,gru,0.0,0,3,0.0,0,270,0.5480060337889282,0.4128233171885124,0.3915259986724539,1.1885931581181381,0.7761132645400375
nonlinear_comsol,external_core,core,NF01_fixed_flow_interpolation,lstm,0.0,0,3,0.0,0,270,0.07593124517415523,0.062440654335562715,-0.009974831010416806,0.26123807242762,0.11865834249172284
nonlinear_comsol,external_core,core,NF02_unseen_three_input_recipe,physical_rc,0.0,0,3,0.0,0,270,0.18215731835631394,0.15895827848881097,0.1583157857056801,0.33302885589540665,0.29093070548713335
nonlinear_comsol,external_core,core,NF02_unseen_three_input_recipe,mlp,0.0,0,3,0.0,0,270,0.9723624157319172,0.7644777726831622,0.445136103220807,2.060320068831288,1.47203216825242
nonlinear_comsol,external_core,core,NF02_unseen_three_input_recipe,cnn1d,0.0,0,3,0.0,0,270,0.6209512171486852,0.4552465661379751,-0.3408765773889332,1.4365856991734205,0.22284267736882668
nonlinear_comsol,external_core,core,NF02_unseen_three_input_recipe,tcn,0.0,0,3,0.0,0,270,0.5914024920436999,0.5052045598591859,0.04929702376437265,1.3507980561199275,0.6666527746464856
nonlinear_comsol,external_core,core,NF02_unseen_three_input_recipe,gru,0.0,0,3,0.0,0,270,0.6911582612879508,0.5177131759637524,-0.18040585445648138,1.4962958622385187,0.6629017082517396
nonlinear_comsol,external_core,core,NF02_unseen_three_input_recipe,lstm,0.0,0,3,0.0,0,270,0.5433237856644656,0.43325889368308296,-0.31407683749046805,1.1033879444990973,0.40853542822921113
nonlinear_comsol,external_core,core,NF03_power_extrapolation,physical_rc,0.0,0,3,0.0,0,270,0.13749824983082665,0.10989640750033193,0.10958437207022194,0.3193201897723128,0.20876454491624696
nonlinear_comsol,external_core,core,NF03_power_extrapolation,mlp,0.0,0,3,0.0,0,270,3.03289729263474,2.6049721047985823,-2.601183447353004,5.4347608950454145,3.725832869357481
nonlinear_comsol,external_core,core,NF03_power_extrapolation,cnn1d,0.0,0,3,0.0,0,270,1.9753528770584199,1.584419011531267,-1.3379125941282715,3.843084865969246,2.069918299343285
nonlinear_comsol,external_core,core,NF03_power_extrapolation,tcn,0.0,0,3,0.0,0,270,1.5339143861097722,1.2912204155602083,-1.1567739156201269,3.0763147501447037,1.9033733238565824
nonlinear_comsol,external_core,core,NF03_power_extrapolation,gru,0.0,0,3,0.0,0,270,2.597159645581464,2.283658937836363,-2.2830683689649875,3.6824448669989636,2.6883232309368843
nonlinear_comsol,external_core,core,NF03_power_extrapolation,lstm,0.0,0,3,0.0,0,270,4.049851388050688,3.7507380502509258,-3.7507380502509258,5.688712865006764,3.7064494924989324
nonlinear_comsol,external_core,core,NF04_hot_low_flow_corner,physical_rc,0.0,0,3,0.0,0,270,0.045501341471570984,0.03956884610007912,-0.006729919790393471,0.07692573084555931,0.06516424557614633
nonlinear_comsol,external_core,core,NF04_hot_low_flow_corner,mlp,0.0,0,3,0.0,0,270,2.068135173156585,1.7197942225988163,-1.7116012270725875,4.85750514425942,3.983288238235888
nonlinear_comsol,external_core,core,NF04_hot_low_flow_corner,cnn1d,0.0,0,3,0.0,0,270,2.147164406312242,1.8433068740712677,-1.8076601161703727,4.8616214343050075,4.363112257874382
nonlinear_comsol,external_core,core,NF04_hot_low_flow_corner,tcn,0.0,0,3,0.0,0,270,0.8371381552599515,0.5957368185619649,-0.39361872188227925,3.501639522193983,2.326308676771164
nonlinear_comsol,external_core,core,NF04_hot_low_flow_corner,gru,0.0,0,3,0.0,0,270,1.0291348618557596,0.7904417713325843,-0.7364989116605101,3.0695478202489284,2.5887090957793286
nonlinear_comsol,external_core,core,NF04_hot_low_flow_corner,lstm,0.0,0,3,0.0,0,270,1.828300160192745,1.5748499495681345,-1.5748499495681345,4.605865201038739,3.904090131890554
nonlinear_comsol,external_core,core,NF05_cold_inlet_extrapolation,physical_rc,0.0,0,3,0.0,0,270,0.5027701695503778,0.41028404240956634,0.4102839990023564,0.9846661705672446,0.9010823745114628
nonlinear_comsol,external_core,core,NF05_cold_inlet_extrapolation,mlp,0.0,0,3,0.0,0,270,0.4233244585060141,0.28959069173779556,-0.2843532743062156,1.4255738788448582,0.8232523946031236
nonlinear_comsol,external_core,core,NF05_cold_inlet_extrapolation,cnn1d,0.0,0,3,0.0,0,270,0.5716808751932382,0.4024098660563095,-0.32411089897102435,1.7097892573598443,1.1704363300772618
nonlinear_comsol,external_core,core,NF05_cold_inlet_extrapolation,tcn,0.0,0,3,0.0,0,270,0.6765631725154777,0.45362862895819783,0.02805529217951542,1.9463641786245276,1.4762418189104622
nonlinear_comsol,external_core,core,NF05_cold_inlet_extrapolation,gru,0.0,0,3,0.0,0,270,0.804123036419059,0.6431147892788881,-0.6373800778521217,2.1217294379121867,1.5218507057388868
nonlinear_comsol,external_core,core,NF05_cold_inlet_extrapolation,lstm,0.0,0,3,0.0,0,270,0.6371983873755808,0.4672990157823313,-0.46233612027682075,1.6613247441601473,1.271437251100727
nonlinear_comsol,external_core,core,NF06_air_velocity_interpolation,physical_rc,0.0,0,3,0.0,0,270,0.14715096459753782,0.13055451151756953,0.12967262150322126,0.277761435929996,0.06844037375945129
nonlinear_comsol,external_core,core,NF06_air_velocity_interpolation,mlp,0.0,0,3,0.0,0,270,0.3785986309521145,0.3219531170003533,-0.31267778424401194,0.9172201003259843,0.7163899582459438
nonlinear_comsol,external_core,core,NF06_air_velocity_interpolation,cnn1d,0.0,0,3,0.0,0,270,0.7484449067248304,0.4850942382040993,-0.2262384796791181,2.4990046813070563,2.1159726688526703
nonlinear_comsol,external_core,core,NF06_air_velocity_interpolation,tcn,0.0,0,3,0.0,0,270,0.31019864259360186,0.2661683218248333,0.09465807080555957,0.6562972590556839,0.4824550782717836
nonlinear_comsol,external_core,core,NF06_air_velocity_interpolation,gru,0.0,0,3,0.0,0,270,0.3208043781908346,0.2520385024844172,-0.09264522553377325,0.9791207298084785,0.6203152620496932
nonlinear_comsol,external_core,core,NF06_air_velocity_interpolation,lstm,0.0,0,3,0.0,0,270,0.204001053956152,0.18516383045626095,-0.05457614566271105,0.3578926653477197,0.23113793919045808
nonlinear_comsol,external_core,core,NF07_air_velocity_extrapolation,physical_rc,0.0,0,3,0.0,0,270,0.09796793679338445,0.06713512034718594,0.065553163659807,0.21274593434498001,0.12677992051458561
nonlinear_comsol,external_core,core,NF07_air_velocity_extrapolation,mlp,0.0,0,3,0.0,0,270,1.9708011111071488,1.6295503245056935,-1.6162052793265065,3.934973772523442,2.92458090078529
nonlinear_comsol,external_core,core,NF07_air_velocity_extrapolation,cnn1d,0.0,0,3,0.0,0,270,0.5744059307725532,0.45472560896071,0.11683587593486597,1.4501219940396908,0.9578338031863036
nonlinear_comsol,external_core,core,NF07_air_velocity_extrapolation,tcn,0.0,0,3,0.0,0,270,1.0266711821602872,0.8319051018055363,0.21037181820448533,2.447478405395536,1.9427907531157484
nonlinear_comsol,external_core,core,NF07_air_velocity_extrapolation,gru,0.0,0,3,0.0,0,270,1.1471245603271887,0.8417289572795438,-0.06043970902156596,3.4277155842982197,1.9999301016858662
nonlinear_comsol,external_core,core,NF07_air_velocity_extrapolation,lstm,0.0,0,3,0.0,0,270,1.3463042059074053,1.1225513965239886,0.24860908271824375,3.145018005872025,2.397563984774252
nonlinear_comsol,external_core,core,NF08_short_power_pulses,physical_rc,0.0,0,3,0.0,0,1800,0.0535009492166741,0.028040507328164526,0.021529398980439957,0.30788293128761524,0.02338164853356516
nonlinear_comsol,external_core,core,NF08_short_power_pulses,mlp,0.0,0,3,0.0,0,1800,3.6792436182131634,3.1721622451799556,3.1716267485945107,7.189416729786881,6.4137360213702905
nonlinear_comsol,external_core,core,NF08_short_power_pulses,cnn1d,0.0,0,3,0.0,0,1800,0.6539676987896077,0.5155585492163257,-0.23792664721512832,1.4182181446565316,1.0264494171459115
nonlinear_comsol,external_core,core,NF08_short_power_pulses,tcn,0.0,0,3,0.0,0,1800,1.358898994384329,1.1311880846484093,-0.7533319540541927,2.6896094733780593,2.1605592219299825
nonlinear_comsol,external_core,core,NF08_short_power_pulses,gru,0.0,0,3,0.0,0,1800,0.6585733457300591,0.53292535239179,-0.4973932108655701,1.6125369908524263,0.2823734907920363
nonlinear_comsol,external_core,core,NF08_short_power_pulses,lstm,0.0,0,3,0.0,0,1800,2.236830559681142,1.744004760903371,-1.744004760903371,5.113889858021189,3.03743281738114
nonlinear_comsol,external_core,core,NF09_stationary_hot_start,physical_rc,0.0,0,3,0.0,0,270,0.3532338925737395,0.28232791160670706,0.2752639782493701,0.7242996769923451,0.409426555473444
nonlinear_comsol,external_core,core,NF09_stationary_hot_start,mlp,0.0,0,3,0.0,0,270,4.720684924801899,4.4773576377864845,-4.4773576377864845,6.515494415278312,2.967626099012925
nonlinear_comsol,external_core,core,NF09_stationary_hot_start,cnn1d,0.0,0,3,0.0,0,270,5.14106529275523,5.022509036879621,-5.022509036879621,6.492317277726556,4.0762838687384235
nonlinear_comsol,external_core,core,NF09_stationary_hot_start,tcn,0.0,0,3,0.0,0,270,3.2282538194911448,2.6714907810968875,-2.661309832635921,6.069182062633502,3.103634518673908
nonlinear_comsol,external_core,core,NF09_stationary_hot_start,gru,0.0,0,3,0.0,0,270,8.111224922693435,7.085394263602027,6.906201597843988,12.725801678031601,4.010751880047627
nonlinear_comsol,external_core,core,NF09_stationary_hot_start,lstm,0.0,0,3,0.0,0,270,7.016508619958748,6.054952387777213,5.95254477846141,11.100083948355916,3.0835240245173723
nonlinear_comsol,external_core,core,NF01_fixed_flow_interpolation,physical_rc,0.15,0,3,0.03575411581209168,0,270,0.19524687710962513,0.16298250185314714,0.16298250185314714,0.3819061112529596,0.31851099331639915
nonlinear_comsol,external_core,core,NF01_fixed_flow_interpolation,mlp,0.15,0,3,0.03575411581209168,0,270,0.3741097552059096,0.30470836669623164,0.07766306655537557,1.1284536227419366,0.8098705736295804
nonlinear_comsol,external_core,core,NF01_fixed_flow_interpolation,cnn1d,0.15,0,3,0.03575411581209168,0,270,0.5613865798254373,0.370039545530832,-0.27639905875175735,1.778157840638599,1.4152807066190882
nonlinear_comsol,external_core,core,NF01_fixed_flow_interpolation,tcn,0.15,0,3,0.03575411581209168,0,270,0.6088781680571675,0.5065648069769033,0.3937509194142222,1.271937464286026,0.8113328179653188
nonlinear_comsol,external_core,core,NF01_fixed_flow_interpolation,gru,0.15,0,3,0.03575411581209168,0,270,0.5438998957605222,0.4141957650322643,0.39184166877877363,1.135598696013929,0.7680848364925338
nonlinear_comsol,external_core,core,NF01_fixed_flow_interpolation,lstm,0.15,0,3,0.03575411581209168,0,270,0.07222491920202483,0.06031297599424886,-0.0057173920451230485,0.23573469334194996,0.10556800161833041
nonlinear_comsol,external_core,core,NF02_unseen_three_input_recipe,physical_rc,0.15,0,3,0.15816423585041,0,270,0.1672573387584946,0.1433048275796395,0.1340073711021419,0.325377780243727,0.28356452379739233
nonlinear_comsol,external_core,core,NF02_unseen_three_input_recipe,mlp,0.15,0,3,0.15816423585041,0,270,1.0150641818448602,0.7801230703196188,0.4412841755297089,2.2420582721408593,1.5234749112686587
nonlinear_comsol,external_core,core,NF02_unseen_three_input_recipe,cnn1d,0.15,0,3,0.15816423585041,0,270,0.6474263353004283,0.5119372243177598,-0.3383786948729802,1.4064633358837426,0.3327830696280184
nonlinear_comsol,external_core,core,NF02_unseen_three_input_recipe,tcn,0.15,0,3,0.15816423585041,0,270,0.5350424375482675,0.45942867973631984,0.061331796913253744,1.1454001121767234,0.5870303825717335
nonlinear_comsol,external_core,core,NF02_unseen_three_input_recipe,gru,0.15,0,3,0.15816423585041,0,270,0.7456595510971902,0.5814405330187773,-0.18369554170285168,1.6983795871618597,0.7564174971433865
nonlinear_comsol,external_core,core,NF02_unseen_three_input_recipe,lstm,0.15,0,3,0.15816423585041,0,270,0.6114476614475117,0.5003446009223927,-0.30138110653808553,1.3010258818251188,0.5585961100208852
nonlinear_comsol,external_core,core,NF03_power_extrapolation,physical_rc,0.15,0,3,0.07668486439722907,0,270,0.14313232463483444,0.11890491266474278,0.11872403940518357,0.3222565014074661,0.21139619323969971
nonlinear_comsol,external_core,core,NF03_power_extrapolation,mlp,0.15,0,3,0.07668486439722907,0,270,3.0535801288799367,2.603216745727684,-2.597777397125456,5.484132660348791,3.756092776315139
nonlinear_comsol,external_core,core,NF03_power_extrapolation,cnn1d,0.15,0,3,0.07668486439722907,0,270,1.9464325864396934,1.573223682354801,-1.348791971520054,3.7526309592474263,1.9984724398243712
nonlinear_comsol,external_core,core,NF03_power_extrapolation,tcn,0.15,0,3,0.07668486439722907,0,270,1.5190722920042417,1.2889088069592842,-1.1676488366158162,2.9684482906808967,1.8487482038191938
nonlinear_comsol,external_core,core,NF03_power_extrapolation,gru,0.15,0,3,0.07668486439722907,0,270,2.592323307120169,2.2876266106010372,-2.283905287518669,3.7361407212816147,2.6792240682223136
nonlinear_comsol,external_core,core,NF03_power_extrapolation,lstm,0.15,0,3,0.07668486439722907,0,270,4.05526234724308,3.7642346298137075,-3.761217945586333,5.596851838854704,3.7038073863838448
nonlinear_comsol,external_core,core,NF04_hot_low_flow_corner,physical_rc,0.15,0,3,0.057236072612072475,0,270,0.049262236611934344,0.04596573348507252,0.011254142341004615,0.10526019006204024,0.06362756442730987
nonlinear_comsol,external_core,core,NF04_hot_low_flow_corner,mlp,0.15,0,3,0.057236072612072475,0,270,2.0477616868293462,1.6995739790460376,-1.6873288808445117,4.8624778688872965,3.9630981788554083
nonlinear_comsol,external_core,core,NF04_hot_low_flow_corner,cnn1d,0.15,0,3,0.057236072612072475,0,270,2.1334956483500873,1.823344048851246,-1.782086735197295,4.882759953747126,4.352491704923439
nonlinear_comsol,external_core,core,NF04_hot_low_flow_corner,tcn,0.15,0,3,0.057236072612072475,0,270,0.8548304517474031,0.6210387701312767,-0.3777382135576636,3.536785273448004,2.3378400836394673
nonlinear_comsol,external_core,core,NF04_hot_low_flow_corner,gru,0.15,0,3,0.057236072612072475,0,270,1.0264122887246945,0.7952787933526985,-0.7142857593078793,3.081366024432171,2.572999614729479
nonlinear_comsol,external_core,core,NF04_hot_low_flow_corner,lstm,0.15,0,3,0.057236072612072475,0,270,1.8066448548428231,1.5547797644638641,-1.5539109699325115,4.538508769417334,3.8869588367862224
nonlinear_comsol,external_core,core,NF05_cold_inlet_extrapolation,physical_rc,0.15,0,3,0.12385187114881817,0,270,0.47638131486634044,0.3654562927078348,0.35427998345096373,0.9666807518909479,0.883064281253283
nonlinear_comsol,external_core,core,NF05_cold_inlet_extrapolation,mlp,0.15,0,3,0.12385187114881817,0,270,0.4437971579035479,0.3455309616486397,-0.3455309616486397,1.3734528556055992,0.7936049711523785
nonlinear_comsol,external_core,core,NF05_cold_inlet_extrapolation,cnn1d,0.15,0,3,0.12385187114881817,0,270,0.603683403859701,0.42929228120576995,-0.3805235704378562,1.7611064238640566,1.2064208071177411
nonlinear_comsol,external_core,core,NF05_cold_inlet_extrapolation,tcn,0.15,0,3,0.12385187114881817,0,270,0.6762183317682525,0.4752935410111298,-0.030190465482300036,1.8649087101266204,1.4648362381400255
nonlinear_comsol,external_core,core,NF05_cold_inlet_extrapolation,gru,0.15,0,3,0.12385187114881817,0,270,0.8450106722430079,0.693035458664259,-0.6924967911232695,2.1912137363680486,1.5582614244473252
nonlinear_comsol,external_core,core,NF05_cold_inlet_extrapolation,lstm,0.15,0,3,0.12385187114881817,0,270,0.6428782512585035,0.5070780052652711,-0.5063021935356506,1.595305940038898,1.2612285148588198
nonlinear_comsol,external_core,core,NF06_air_velocity_interpolation,physical_rc,0.15,0,3,0.14171668808084995,0,270,0.11953713510583097,0.10368116197843648,0.0950998215648876,0.2537168410321655,0.06537436608577762
nonlinear_comsol,external_core,core,NF06_air_velocity_interpolation,mlp,0.15,0,3,0.14171668808084995,0,270,0.42815424608588953,0.3538515545982735,-0.33453572821902916,1.0068732959162006,0.7562363315432143
nonlinear_comsol,external_core,core,NF06_air_velocity_interpolation,cnn1d,0.15,0,3,0.14171668808084995,0,270,0.7522875660384505,0.5110013798325691,-0.22716426720228824,2.3944704127414553,2.1114685369271466
nonlinear_comsol,external_core,core,NF06_air_velocity_interpolation,tcn,0.15,0,3,0.14171668808084995,0,270,0.3019644385240308,0.2558577776844093,0.092269697628167,0.6093937366492668,0.374765184077669
nonlinear_comsol,external_core,core,NF06_air_velocity_interpolation,gru,0.15,0,3,0.14171668808084995,0,270,0.25933994428984336,0.21653307474403446,-0.10907733852996311,0.7733098065858712,0.4954635413776411
nonlinear_comsol,external_core,core,NF06_air_velocity_interpolation,lstm,0.15,0,3,0.14171668808084995,0,270,0.22353667417715964,0.19473052015949277,-0.06102905545919993,0.3928148748390683,0.21663058849242595
nonlinear_comsol,external_core,core,NF07_air_velocity_extrapolation,physical_rc,0.15,0,3,0.1922459322721612,0,270,0.09240198871221884,0.0619798830975868,0.04641869556809243,0.21147360714282826,0.12581502438706116
nonlinear_comsol,external_core,core,NF07_air_velocity_extrapolation,mlp,0.15,0,3,0.1922459322721612,0,270,1.9090655645861734,1.633460947193764,-1.6138947114376276,3.6961521761407283,2.8133559538534594
nonlinear_comsol,external_core,core,NF07_air_velocity_extrapolation,cnn1d,0.15,0,3,0.1922459322721612,0,270,0.6696125889532792,0.5493889124700388,0.10260101592809481,1.6086054128254261,1.0942120591994147
nonlinear_comsol,external_core,core,NF07_air_velocity_extrapolation,tcn,0.15,0,3,0.1922459322721612,0,270,1.0627972444639997,0.8352503522813575,0.23345987586104042,2.673600411429966,2.02016166996905
nonlinear_comsol,external_core,core,NF07_air_velocity_extrapolation,gru,0.15,0,3,0.1922459322721612,0,270,1.0722152533191183,0.8155338111938186,-0.059723784879585545,3.191513199164234,1.8756805731776751
nonlinear_comsol,external_core,core,NF07_air_velocity_extrapolation,lstm,0.15,0,3,0.1922459322721612,0,270,1.3091604202282863,1.1185989552714546,0.26744629450825574,2.8866834708312297,2.3266262433066505
nonlinear_comsol,external_core,core,NF08_short_power_pulses,physical_rc,0.15,0,3,0.14624647360453646,0,1800,0.04909893405586607,0.027763525009430703,0.0028138036017654046,0.28823773923568297,0.015002254799210494
nonlinear_comsol,external_core,core,NF08_short_power_pulses,mlp,0.15,0,3,0.14624647360453646,0,1800,3.6916356366242065,3.152517593434836,3.148302226602811,7.321385459435799,6.436332288726181
nonlinear_comsol,external_core,core,NF08_short_power_pulses,cnn1d,0.15,0,3,0.14624647360453646,0,1800,0.6646188340312407,0.556311910027503,-0.2712983527009649,1.3898446938920799,1.0248795181039412
nonlinear_comsol,external_core,core,NF08_short_power_pulses,tcn,0.15,0,3,0.14624647360453646,0,1800,1.2962639655340735,1.062714843560591,-0.7823978012777102,2.63864089151501,2.0585111471733364
nonlinear_comsol,external_core,core,NF08_short_power_pulses,gru,0.15,0,3,0.14624647360453646,0,1800,0.6991191853176496,0.5823450099178888,-0.5451533033133295,1.8088490569746263,0.31354411697835816
nonlinear_comsol,external_core,core,NF08_short_power_pulses,lstm,0.15,0,3,0.14624647360453646,0,1800,2.2564311278419247,1.7925769919980743,-1.7918857315935828,5.095961233648566,3.0328766264215203
nonlinear_comsol,external_core,core,NF09_stationary_hot_start,physical_rc,0.15,0,3,0.07910718564067476,0,270,0.36865467126309914,0.30433066595973635,0.30250673791005717,0.7430371003831056,0.4182223963951463
nonlinear_comsol,external_core,core,NF09_stationary_hot_start,mlp,0.15,0,3,0.07910718564067476,0,270,4.729911772997186,4.473040669490652,-4.473040669490652,6.561341584196526,2.995151560187129
nonlinear_comsol,external_core,core,NF09_stationary_hot_start,cnn1d,0.15,0,3,0.07910718564067476,0,270,5.125038340816458,5.008567896057453,-5.008567896057453,6.441568284296864,4.062606283754565
nonlinear_comsol,external_core,core,NF09_stationary_hot_start,tcn,0.15,0,3,0.07910718564067476,0,270,3.178774605375166,2.6470135520065248,-2.6415339610180064,5.941961029429251,3.043547295224642
nonlinear_comsol,external_core,core,NF09_stationary_hot_start,gru,0.15,0,3,0.07910718564067476,0,270,8.118257798042276,7.090735831265627,6.916726961741455,12.679120569764208,4.011036674279566
nonlinear_comsol,external_core,core,NF09_stationary_hot_start,lstm,0.15,0,3,0.07910718564067476,0,270,7.038562715104155,6.077832035770722,5.972506529198462,11.23330585634936,3.110829830572122
nonlinear_comsol,external_core,core,NF01_fixed_flow_interpolation,physical_rc,0.15,1,3,0.10561800020422128,0,270,0.17700166694807276,0.14066398418125736,0.12495645774224103,0.36969247911287084,0.30639211284100687
nonlinear_comsol,external_core,core,NF01_fixed_flow_interpolation,mlp,0.15,1,3,0.10561800020422128,0,270,0.3951022136511995,0.3096277437513253,0.05995839052518947,1.2976933526406285,0.8536764853713968
nonlinear_comsol,external_core,core,NF01_fixed_flow_interpolation,cnn1d,0.15,1,3,0.10561800020422128,0,270,0.5264058317907023,0.35058136932320555,-0.28881501195778825,1.7722590984892506,1.3646587913216912
nonlinear_comsol,external_core,core,NF01_fixed_flow_interpolation,tcn,0.15,1,3,0.10561800020422128,0,270,0.5604755454778942,0.4752340233760352,0.37185488089341245,1.118800993906305,0.7402808933756457
nonlinear_comsol,external_core,core,NF01_fixed_flow_interpolation,gru,0.15,1,3,0.10561800020422128,0,270,0.5451291171306809,0.40243832123651846,0.3588244919172927,1.2775840488899988,0.7707735639989285
nonlinear_comsol,external_core,core,NF01_fixed_flow_interpolation,lstm,0.15,1,3,0.10561800020422128,0,270,0.13926567295939526,0.11533917072405925,-0.04422356748019897,0.30313186693857475,0.156851248341476
nonlinear_comsol,external_core,core,NF02_unseen_three_input_recipe,physical_rc,0.15,1,3,0.0879624060545844,0,270,0.19084563756153705,0.17110703869984917,0.17058454026223147,0.33688837780275094,0.2946473222200832
nonlinear_comsol,external_core,core,NF02_unseen_three_input_recipe,mlp,0.15,1,3,0.0879624060545844,0,270,0.9979978154777547,0.7788494810650903,0.4773470443946282,2.1481732664064737,1.512899708475962
nonlinear_comsol,external_core,core,NF02_unseen_three_input_recipe,cnn1d,0.15,1,3,0.0879624060545844,0,270,0.6123757744854399,0.46343199311100897,-0.31829844889163506,1.3444815368987406,0.22719306072206258
nonlinear_comsol,external_core,core,NF02_unseen_three_input_recipe,tcn,0.15,1,3,0.0879624060545844,0,270,0.58513048117924,0.5033575418833278,0.07739137828283077,1.302046874103766,0.6684423396890755
nonlinear_comsol,external_core,core,NF02_unseen_three_input_recipe,gru,0.15,1,3,0.0879624060545844,0,270,0.700963851301719,0.5415922654213824,-0.15884289550208536,1.5667167308797971,0.6882660566940506
nonlinear_comsol,external_core,core,NF02_unseen_three_input_recipe,lstm,0.15,1,3,0.0879624060545844,0,270,0.5495183582622635,0.4413736016937341,-0.2934831016998527,1.1819137369011727,0.44927180899276675
nonlinear_comsol,external_core,core,NF03_power_extrapolation,physical_rc,0.15,1,3,0.0412269690577472,0,270,0.12966331977490722,0.10052783728444975,0.09481724870829698,0.314577846829593,0.2045325471045534
nonlinear_comsol,external_core,core,NF03_power_extrapolation,mlp,0.15,1,3,0.0412269690577472,0,270,3.044251696687799,2.625179257217621,-2.622422273169232,5.405841440713388,3.7284856235017476
nonlinear_comsol,external_core,core,NF03_power_extrapolation,cnn1d,0.15,1,3,0.0412269690577472,0,270,1.9871542500521562,1.5962872001842594,-1.3492209981451084,3.8595598266379767,2.0856395661104954
nonlinear_comsol,external_core,core,NF03_power_extrapolation,tcn,0.15,1,3,0.0412269690577472,0,270,1.5372797078150156,1.287419663194369,-1.1668934274377403,3.0863824714269725,1.897363068132739
nonlinear_comsol,external_core,core,NF03_power_extrapolation,gru,0.15,1,3,0.0412269690577472,0,270,2.601450799647752,2.300403870650704,-2.299215072683409,3.6493712876188766,2.682290433123789
nonlinear_comsol,external_core,core,NF03_power_extrapolation,lstm,0.15,1,3,0.0412269690577472,0,270,4.0630641180025755,3.763112099203101,-3.7627238186083583,5.710005401306226,3.7226164467313687
nonlinear_comsol,external_core,core,NF04_hot_low_flow_corner,physical_rc,0.15,1,3,0.0716541046854507,0,270,0.05664007014823248,0.05222529404894221,0.02525765071382943,0.12732582666297532,0.06332663489119805
nonlinear_comsol,external_core,core,NF04_hot_low_flow_corner,mlp,0.15,1,3,0.0716541046854507,0,270,2.041306740455827,1.6901923893485933,-1.6745780432736557,4.870984122290849,3.957942446787912
nonlinear_comsol,external_core,core,NF04_hot_low_flow_corner,cnn1d,0.15,1,3,0.0716541046854507,0,270,2.1287089168984177,1.818227190207718,-1.774113454025762,4.863752085595053,4.348280681658446
nonlinear_comsol,external_core,core,NF04_hot_low_flow_corner,tcn,0.15,1,3,0.0716541046854507,0,270,0.8509895367779818,0.6223484168507251,-0.36850996331918534,3.517640746202261,2.3289001322755545
nonlinear_comsol,external_core,core,NF04_hot_low_flow_corner,gru,0.15,1,3,0.0716541046854507,0,270,1.0235099728484798,0.7913406881418085,-0.7028692734094668,3.0920267614678636,2.5704597142871495
nonlinear_comsol,external_core,core,NF04_hot_low_flow_corner,lstm,0.15,1,3,0.0716541046854507,0,270,1.799156759380691,1.544409367268329,-1.5429832123609533,4.5316290706099664,3.8843563003807913
nonlinear_comsol,external_core,core,NF05_cold_inlet_extrapolation,physical_rc,0.15,1,3,0.07399004798001907,0,270,0.48967404140143717,0.3893775292810657,0.38432142206182723,0.9763276988971228,0.8927285242928246
nonlinear_comsol,external_core,core,NF05_cold_inlet_extrapolation,mlp,0.15,1,3,0.07399004798001907,0,270,0.4463289531900729,0.3188500549099715,-0.3062472512170254,1.4550711197705297,0.8425411592310029
nonlinear_comsol,external_core,core,NF05_cold_inlet_extrapolation,cnn1d,0.15,1,3,0.07399004798001907,0,270,0.5853813906061092,0.412603359782309,-0.3412342545140077,1.7656735748241488,1.1843520139300425
nonlinear_comsol,external_core,core,NF05_cold_inlet_extrapolation,tcn,0.15,1,3,0.07399004798001907,0,270,0.7134511003865032,0.48364422886814123,0.005876654389178697,2.019073514979006,1.5292937873268992
nonlinear_comsol,external_core,core,NF05_cold_inlet_extrapolation,gru,0.15,1,3,0.07399004798001907,0,270,0.8059736292990191,0.6636704418171955,-0.6616906628992263,2.04817340895832,1.513923645941905
nonlinear_comsol,external_core,core,NF05_cold_inlet_extrapolation,lstm,0.15,1,3,0.07399004798001907,0,270,0.6678395914315068,0.4901576653501757,-0.48745671573363647,1.6981117087630153,1.3015337603093156
nonlinear_comsol,external_core,core,NF06_air_velocity_interpolation,physical_rc,0.15,1,3,0.11862492646095261,0,270,0.10862295919822441,0.0908358501681416,0.07807978408462113,0.24188593675340542,0.06433999282775847
nonlinear_comsol,external_core,core,NF06_air_velocity_interpolation,mlp,0.15,1,3,0.11862492646095261,0,270,0.4277622097348013,0.3716647342198149,-0.3629006554675062,0.9514236292913338,0.7428533338926516
nonlinear_comsol,external_core,core,NF06_air_velocity_interpolation,cnn1d,0.15,1,3,0.11862492646095261,0,270,0.7512459653230557,0.4826770519715511,-0.2718160386333512,2.526367995102383,2.1229044297355473
nonlinear_comsol,external_core,core,NF06_air_velocity_interpolation,tcn,0.15,1,3,0.11862492646095261,0,270,0.3017100280094971,0.26403845670089904,0.0418586867828742,0.5881969003437746,0.4646382767302399
nonlinear_comsol,external_core,core,NF06_air_velocity_interpolation,gru,0.15,1,3,0.11862492646095261,0,270,0.3391271616311746,0.2851951231154597,-0.14834992050797954,0.9280882309307756,0.605313149786598
nonlinear_comsol,external_core,core,NF06_air_velocity_interpolation,lstm,0.15,1,3,0.11862492646095261,0,270,0.25312092758133714,0.2280928231489892,-0.11176985030402302,0.46861271386826786,0.24529835063502825
nonlinear_comsol,external_core,core,NF07_air_velocity_extrapolation,physical_rc,0.15,1,3,0.19029316582785533,0,270,0.134875643048848,0.11501434634361297,0.11501434634361297,0.22089352578315413,0.12929923568811064
nonlinear_comsol,external_core,core,NF07_air_velocity_extrapolation,mlp,0.15,1,3,0.19029316582785533,0,270,1.975216946002776,1.626849766121583,-1.5872584402790415,3.8912063514077033,2.9848956502384443
nonlinear_comsol,external_core,core,NF07_air_velocity_extrapolation,cnn1d,0.15,1,3,0.19029316582785533,0,270,0.5691718961922049,0.41573228966039133,0.1671481355970357,1.554560056245279,0.971562129029991
nonlinear_comsol,external_core,core,NF07_air_velocity_extrapolation,tcn,0.15,1,3,0.19029316582785533,0,270,1.0065173254457336,0.8169304382495179,0.262795537494823,2.5439694243408653,1.919487009397751
nonlinear_comsol,external_core,core,NF07_air_velocity_extrapolation,gru,0.15,1,3,0.19029316582785533,0,270,1.1402962737742894,0.8239470942723008,-0.0027312518759751363,3.5082172667029354,2.041382454169495
nonlinear_comsol,external_core,core,NF07_air_velocity_extrapolation,lstm,0.15,1,3,0.19029316582785533,0,270,1.3314923599109036,1.1132767770208185,0.3252263433086233,3.2403661630574803,2.410572448472951
nonlinear_comsol,external_core,core,NF08_short_power_pulses,physical_rc,0.15,1,3,0.17566780446795582,0,1800,0.05223523212116761,0.037635458091379484,-0.015246358339285287,0.2721117053959432,0.008341817588583501
nonlinear_comsol,external_core,core,NF08_short_power_pulses,mlp,0.15,1,3,0.17566780446795582,0,1800,3.6268805145678273,3.144848420847126,3.1441058104961637,7.000093867879503,6.359114970736256
nonlinear_comsol,external_core,core,NF08_short_power_pulses,cnn1d,0.15,1,3,0.17566780446795582,0,1800,0.6797344322922995,0.512256221824175,-0.24568394400746135,1.5876542313494681,1.0448128603514506
nonlinear_comsol,external_core,core,NF08_short_power_pulses,tcn,0.15,1,3,0.17566780446795582,0,1800,1.4927923142785315,1.2916359180480534,-0.7741441799639377,2.81827997526851,2.329462876972395
nonlinear_comsol,external_core,core,NF08_short_power_pulses,gru,0.15,1,3,0.17566780446795582,0,1800,0.7001854129947301,0.571182374228949,-0.5056527491086587,1.7931519491110848,0.299797601752283
nonlinear_comsol,external_core,core,NF08_short_power_pulses,lstm,0.15,1,3,0.17566780446795582,0,1800,2.2723554245403834,1.7609064066653248,-1.7421818790119221,5.198412877116269,3.0890238460746797
nonlinear_comsol,external_core,core,NF09_stationary_hot_start,physical_rc,0.15,1,3,0.1389999285965466,0,270,0.3782748598119056,0.3183656104367927,0.3180293811461124,0.7537073473353502,0.423233941218872
nonlinear_comsol,external_core,core,NF09_stationary_hot_start,mlp,0.15,1,3,0.1389999285965466,0,270,4.670890606254936,4.432631485222778,-4.432631485222778,6.296200242971281,2.947492137836405
nonlinear_comsol,external_core,core,NF09_stationary_hot_start,cnn1d,0.15,1,3,0.1389999285965466,0,270,5.105072499859661,4.977809614973864,-4.977809614973864,6.482739400348976,4.050847742401586
nonlinear_comsol,external_core,core,NF09_stationary_hot_start,tcn,0.15,1,3,0.1389999285965466,0,270,3.2280045890373263,2.667530741479368,-2.617609323246633,6.056270550484584,3.1493107269587552
nonlinear_comsol,external_core,core,NF09_stationary_hot_start,gru,0.15,1,3,0.1389999285965466,0,270,8.175722538833949,7.131429943669319,6.977655781095172,12.95801179829111,4.061865429648015
nonlinear_comsol,external_core,core,NF09_stationary_hot_start,lstm,0.15,1,3,0.1389999285965466,0,270,7.074099140501825,6.100505071230996,6.02209194081094,11.122692511843908,3.1041128727498113
nonlinear_comsol,external_core,core,NF01_fixed_flow_interpolation,physical_rc,0.15,2,3,0.08693980261175027,0,270,0.19602932196556752,0.16431837138003022,0.16431837138003022,0.3823337059267473,0.31893547578623666
nonlinear_comsol,external_core,core,NF01_fixed_flow_interpolation,mlp,0.15,2,3,0.08693980261175027,0,270,0.4218613471876387,0.33904895012615294,0.09106090388013423,1.2774411944846875,0.8610702788559722
nonlinear_comsol,external_core,core,NF01_fixed_flow_interpolation,cnn1d,0.15,2,3,0.08693980261175027,0,270,0.5245437039768678,0.3435436916737023,-0.2550828012630316,1.7123358927163679,1.3729882169785403
nonlinear_comsol,external_core,core,NF01_fixed_flow_interpolation,tcn,0.15,2,3,0.08693980261175027,0,270,0.5881140255506834,0.5076285465924012,0.40927852541183823,1.1513071493015872,0.7450147036861927
nonlinear_comsol,external_core,core,NF01_fixed_flow_interpolation,gru,0.15,2,3,0.08693980261175027,0,270,0.5450483425459176,0.4130937005919714,0.40472482879391736,1.1991759906575865,0.7540053776484518
nonlinear_comsol,external_core,core,NF01_fixed_flow_interpolation,lstm,0.15,2,3,0.08693980261175027,0,270,0.09620811630654039,0.07874556242660317,0.009626246533471008,0.2064129303107265,0.11102388649848059
nonlinear_comsol,external_core,core,NF02_unseen_three_input_recipe,physical_rc,0.15,2,3,0.07436837551944073,0,270,0.17971191681413412,0.15660562839197864,0.15466187973540682,0.33188003993996773,0.28982452862861185
nonlinear_comsol,external_core,core,NF02_unseen_three_input_recipe,mlp,0.15,2,3,0.07436837551944073,0,270,0.9564439161268097,0.7627011297363758,0.4272430503620229,2.0100885124749226,1.443969366675161
nonlinear_comsol,external_core,core,NF02_unseen_three_input_recipe,cnn1d,0.15,2,3,0.07436837551944073,0,270,0.6299522725156286,0.4534094204007931,-0.35531877664350453,1.490638843274965,0.21552929440134347
nonlinear_comsol,external_core,core,NF02_unseen_three_input_recipe,tcn,0.15,2,3,0.07436837551944073,0,270,0.616089688658765,0.5220578081946345,0.02959006498993696,1.4235878758246798,0.6896940883839939
nonlinear_comsol,external_core,core,NF02_unseen_three_input_recipe,gru,0.15,2,3,0.07436837551944073,0,270,0.6835152998341226,0.516954664181089,-0.1935995606059566,1.4214701159904664,0.634604351495801
nonlinear_comsol,external_core,core,NF02_unseen_three_input_recipe,lstm,0.15,2,3,0.07436837551944073,0,270,0.5369752799776993,0.43479985436233437,-0.3303105749844531,1.0273682849600903,0.35949778078123584
nonlinear_comsol,external_core,core,NF03_power_extrapolation,physical_rc,0.15,2,3,0.07883475410071637,0,270,0.14322858859726542,0.11905190514566819,0.11887316632821736,0.3223043286722742,0.21143912743672416
nonlinear_comsol,external_core,core,NF03_power_extrapolation,mlp,0.15,2,3,0.07883475410071637,0,270,3.0482066597963144,2.6135839784527697,-2.6053826161444684,5.417189995086019,3.7491996895088064
nonlinear_comsol,external_core,core,NF03_power_extrapolation,cnn1d,0.15,2,3,0.07883475410071637,0,270,1.950702503698495,1.578266072736659,-1.3398177400155244,3.7640555827694158,2.0311776525965715
nonlinear_comsol,external_core,core,NF03_power_extrapolation,tcn,0.15,2,3,0.07883475410071637,0,270,1.5024676030761601,1.265694807876073,-1.154562308057267,2.986798414480873,1.8373800500187036
nonlinear_comsol,external_core,core,NF03_power_extrapolation,gru,0.15,2,3,0.07883475410071637,0,270,2.5738796546668326,2.285315535611789,-2.2801600986822654,3.6614303982964316,2.6592565070022607
nonlinear_comsol,external_core,core,NF03_power_extrapolation,lstm,0.15,2,3,0.07883475410071637,0,270,4.04768829965947,3.7507020162900884,-3.747048643570472,5.6020690417560175,3.721629737083744
nonlinear_comsol,external_core,core,NF04_hot_low_flow_corner,physical_rc,0.15,2,3,0.11247581934619542,0,270,0.08531976005665357,0.07698906914594388,-0.07460068637862179,0.14797274953634343,0.08063150981073092
nonlinear_comsol,external_core,core,NF04_hot_low_flow_corner,mlp,0.15,2,3,0.11247581934619542,0,270,2.096184119293935,1.7679756212651438,-1.767255444246483,4.868281738116451,3.9956690771694863
nonlinear_comsol,external_core,core,NF04_hot_low_flow_corner,cnn1d,0.15,2,3,0.11247581934619542,0,270,2.1789854615332147,1.8734775800467636,-1.8519520615946248,4.949379176081251,4.383767343631626
nonlinear_comsol,external_core,core,NF04_hot_low_flow_corner,tcn,0.15,2,3,0.11247581934619542,0,270,0.8835066834476892,0.633476422722156,-0.452602056633072,3.6021069472405856,2.378176476314625
nonlinear_comsol,external_core,core,NF04_hot_low_flow_corner,gru,0.15,2,3,0.11247581934619542,0,270,1.067360272921222,0.8417961373160301,-0.7954103718602686,3.084981023664028,2.600324187236336
nonlinear_comsol,external_core,core,NF04_hot_low_flow_corner,lstm,0.15,2,3,0.11247581934619542,0,270,1.8638664200807267,1.6343397261647186,-1.6343397261647186,4.568261518268201,3.9134557672757464
nonlinear_comsol,external_core,core,NF05_cold_inlet_extrapolation,physical_rc,0.15,2,3,0.1696467490886087,0,270,0.5317192666163115,0.4602263691048038,0.4602263691048038,1.000707111885518,0.9171539757528079
nonlinear_comsol,external_core,core,NF05_cold_inlet_extrapolation,mlp,0.15,2,3,0.1696467490886087,0,270,0.4279504808532076,0.33708232487816525,-0.24730912456285611,1.3819164373423334,0.8137664970765901
nonlinear_comsol,external_core,core,NF05_cold_inlet_extrapolation,cnn1d,0.15,2,3,0.1696467490886087,0,270,0.5627805787316694,0.42457493115624073,-0.3012815312811427,1.5378864323065073,1.140993262571809
nonlinear_comsol,external_core,core,NF05_cold_inlet_extrapolation,tcn,0.15,2,3,0.1696467490886087,0,270,0.5929627972829655,0.41750770273599563,0.06213636915798617,1.7554714576692376,1.326053685263598
nonlinear_comsol,external_core,core,NF05_cold_inlet_extrapolation,gru,0.15,2,3,0.1696467490886087,0,270,0.8319121774612558,0.650820424250944,-0.5960939556951146,2.3114638436800448,1.5494368443643247
nonlinear_comsol,external_core,core,NF05_cold_inlet_extrapolation,lstm,0.15,2,3,0.1696467490886087,0,270,0.5982783626053779,0.4629996324604713,-0.42205072035931585,1.6026102212636388,1.213287148013208
nonlinear_comsol,external_core,core,NF06_air_velocity_interpolation,physical_rc,0.15,2,3,0.19562180996238637,0,270,0.12650548034054754,0.11100403281132727,0.10459021197546894,0.2603169207739455,0.06609131214647654
nonlinear_comsol,external_core,core,NF06_air_velocity_interpolation,mlp,0.15,2,3,0.19562180996238637,0,270,0.4675864389046135,0.3947539114729089,-0.3091195855691245,1.0433742446369365,0.7887377251527352
nonlinear_comsol,external_core,core,NF06_air_velocity_interpolation,cnn1d,0.15,2,3,0.19562180996238637,0,270,0.7589231459250393,0.5106136048909143,-0.22586183979207924,2.6232663505159124,2.089689503577375
nonlinear_comsol,external_core,core,NF06_air_velocity_interpolation,tcn,0.15,2,3,0.19562180996238637,0,270,0.33024340192719054,0.2763164765974444,0.07058660407408664,0.6403844410870647,0.4212846735089028
nonlinear_comsol,external_core,core,NF06_air_velocity_interpolation,gru,0.15,2,3,0.19562180996238637,0,270,0.3433803506178111,0.28227394928847993,-0.11957413609647881,0.8471642446123511,0.6395987057700263
nonlinear_comsol,external_core,core,NF06_air_velocity_interpolation,lstm,0.15,2,3,0.19562180996238637,0,270,0.3594117068726899,0.3111931570749587,-0.10140867601286148,0.5738022476264817,0.3776637101027744
nonlinear_comsol,external_core,core,NF07_air_velocity_extrapolation,physical_rc,0.15,2,3,0.09359761581086032,0,270,0.09365347944150423,0.06288724160880349,0.053232094902181,0.2119268982094482,0.12615813076913038
nonlinear_comsol,external_core,core,NF07_air_velocity_extrapolation,mlp,0.15,2,3,0.09359761581086032,0,270,1.9738560538621972,1.6317598182558146,-1.6175898751716575,3.9930792468747924,2.908828709185618
nonlinear_comsol,external_core,core,NF07_air_velocity_extrapolation,cnn1d,0.15,2,3,0.09359761581086032,0,270,0.5787459002457284,0.4699555126319698,0.10407987361906466,1.369437542365965,0.938744113298256
nonlinear_comsol,external_core,core,NF07_air_velocity_extrapolation,tcn,0.15,2,3,0.09359761581086032,0,270,1.0400056156053374,0.8456047492670087,0.1933961861997577,2.3631475204249313,1.9519521001868132
nonlinear_comsol,external_core,core,NF07_air_velocity_extrapolation,gru,0.15,2,3,0.09359761581086032,0,270,1.1657747026078298,0.8695159439399477,-0.07707376941328835,3.4220096058862524,2.002507080709075
nonlinear_comsol,external_core,core,NF07_air_velocity_extrapolation,lstm,0.15,2,3,0.09359761581086032,0,270,1.3648825933880582,1.1396852616630364,0.21917302947677056,3.1366144672006726,2.4088693208563288
nonlinear_comsol,external_core,core,NF08_short_power_pulses,physical_rc,0.15,2,3,0.15067958173390408,0,1800,0.08815442251762924,0.07181809977850959,0.070151646208586,0.3657863257277363,0.046323338057606196
nonlinear_comsol,external_core,core,NF08_short_power_pulses,mlp,0.15,2,3,0.15067958173390408,0,1800,3.750346124847946,3.2320651917107672,3.23044383381076,7.399657384733697,6.478501284415548
nonlinear_comsol,external_core,core,NF08_short_power_pulses,cnn1d,0.15,2,3,0.15067958173390408,0,1800,0.6301146798836762,0.5229604909951694,-0.20592786236545588,1.3365644965645487,0.9913657438295262
nonlinear_comsol,external_core,core,NF08_short_power_pulses,tcn,0.15,2,3,0.15067958173390408,0,1800,1.2614706434660667,1.0204956239784628,-0.704178308796385,2.6404442191525455,2.041263508280099
nonlinear_comsol,external_core,core,NF08_short_power_pulses,gru,0.15,2,3,0.15067958173390408,0,1800,0.6345531508188741,0.5234091230644731,-0.45370707770918867,1.7128178479482585,0.3797966425007408
nonlinear_comsol,external_core,core,NF08_short_power_pulses,lstm,0.15,2,3,0.15067958173390408,0,1800,2.2192065077467307,1.727223467639594,-1.7156241206230662,5.104159186040299,3.0261344516024384
nonlinear_comsol,external_core,core,NF09_stationary_hot_start,physical_rc,0.15,2,3,0.1963548641092282,0,270,0.33167948808233727,0.2649327617880373,0.2281385541393435,0.691894067629093,0.39422953029340635
nonlinear_comsol,external_core,core,NF09_stationary_hot_start,mlp,0.15,2,3,0.1963548641092282,0,270,4.77811055391215,4.524386607432716,-4.524386607432716,6.822596152927815,2.99263367136053
nonlinear_comsol,external_core,core,NF09_stationary_hot_start,cnn1d,0.15,2,3,0.1963548641092282,0,270,5.185760125595639,5.074166629990168,-5.074166629990168,6.518709639770691,4.124920703548976
nonlinear_comsol,external_core,core,NF09_stationary_hot_start,tcn,0.15,2,3,0.1963548641092282,0,270,3.228014625183793,2.7103025619480445,-2.7103025619480445,6.082487429447184,3.050124408863473
nonlinear_comsol,external_core,core,NF09_stationary_hot_start,gru,0.15,2,3,0.1963548641092282,0,270,8.05136957400047,7.0436465737781395,6.839071720120996,12.405389314388486,3.9614019916271
nonlinear_comsol,external_core,core,NF09_stationary_hot_start,lstm,0.15,2,3,0.1963548641092282,0,270,6.963693157383325,6.011194992025229,5.883887915275125,11.078262227122366,3.0699526669746997
nonlinear_comsol,external_core,core,NF01_fixed_flow_interpolation,physical_rc,0.15,3,3,0.13091825236848711,0,270,0.18388021758672504,0.15025857225837758,0.14145514271349274,0.3749902393618072,0.3116473516542273
nonlinear_comsol,external_core,core,NF01_fixed_flow_interpolation,mlp,0.15,3,3,0.13091825236848711,0,270,0.434843270420649,0.34364964396236114,0.08207101043941752,1.3708755071801733,0.8823591249065911
nonlinear_comsol,external_core,core,NF01_fixed_flow_interpolation,cnn1d,0.15,3,3,0.13091825236848711,0,270,0.5089465157679466,0.33656342306700043,-0.2621637065532665,1.7295179167832515,1.3424536093662423
nonlinear_comsol,external_core,core,NF01_fixed_flow_interpolation,tcn,0.15,3,3,0.13091825236848711,0,270,0.5653632710844647,0.4909405231765471,0.3956875609606619,1.06703451871374,0.7076417289444262
nonlinear_comsol,external_core,core,NF01_fixed_flow_interpolation,gru,0.15,3,3,0.13091825236848711,0,270,0.5560595050265537,0.4148027956329593,0.38282242665862704,1.3081506676091053,0.7698579379674839
nonlinear_comsol,external_core,core,NF01_fixed_flow_interpolation,lstm,0.15,3,3,0.13091825236848711,0,270,0.16005728256355892,0.13688951821504292,-0.018633828590838182,0.30754668803843543,0.17770774527387037
nonlinear_comsol,external_core,core,NF02_unseen_three_input_recipe,physical_rc,0.15,3,3,0.09132521563723066,0,270,0.1965101434219828,0.178562915681427,0.17811403175046375,0.3396937078061768,0.29692994312510157
nonlinear_comsol,external_core,core,NF02_unseen_three_input_recipe,mlp,0.15,3,3,0.09132521563723066,0,270,0.9876917139030267,0.7777805908291208,0.48181250846268786,2.190297740048038,1.5026612736767535
nonlinear_comsol,external_core,core,NF02_unseen_three_input_recipe,cnn1d,0.15,3,3,0.09132521563723066,0,270,0.6099340095727201,0.4470993300477319,-0.3251908186600373,1.4612580239662947,0.16396346653427435
nonlinear_comsol,external_core,core,NF02_unseen_three_input_recipe,tcn,0.15,3,3,0.09132521563723066,0,270,0.6364498670760836,0.5453284671333879,0.06539300573658532,1.4529060577466453,0.7356362439362751
nonlinear_comsol,external_core,core,NF02_unseen_three_input_recipe,gru,0.15,3,3,0.09132521563723066,0,270,0.6844636151102966,0.5340361540290488,-0.1640459354070119,1.4802586881907303,0.6348684303296074
nonlinear_comsol,external_core,core,NF02_unseen_three_input_recipe,lstm,0.15,3,3,0.09132521563723066,0,270,0.5242004018896685,0.4170880504077781,-0.3114913858521037,1.0962529068622757,0.3626315408595033
nonlinear_comsol,external_core,core,NF03_power_extrapolation,physical_rc,0.15,3,3,0.16919379847979618,0,270,0.12937631517153114,0.10016391004388886,0.09420012790386487,0.3143809034627054,0.20435730320034337
nonlinear_comsol,external_core,core,NF03_power_extrapolation,mlp,0.15,3,3,0.16919379847979618,0,270,3.069902344719923,2.6606637591985622,-2.649192104309203,5.3143152053706615,3.755026031990916
nonlinear_comsol,external_core,core,NF03_power_extrapolation,cnn1d,0.15,3,3,0.16919379847979618,0,270,1.975889710123235,1.610108099522082,-1.3537172754868079,3.7896922044467516,2.0815093482528684
nonlinear_comsol,external_core,core,NF03_power_extrapolation,tcn,0.15,3,3,0.16919379847979618,0,270,1.4977193405480436,1.2468342541632835,-1.1626444227197392,3.004534609657526,1.812754336059196
nonlinear_comsol,external_core,core,NF03_power_extrapolation,gru,0.15,3,3,0.16919379847979618,0,270,2.568291722521267,2.314442325791995,-2.3056521543198607,3.5451035861352693,2.6331379439745475
nonlinear_comsol,external_core,core,NF03_power_extrapolation,lstm,0.15,3,3,0.16919379847979618,0,270,4.067508182367536,3.764968751269251,-3.757434673792034,5.630552845537345,3.7676308944093617
nonlinear_comsol,external_core,core,NF04_hot_low_flow_corner,physical_rc,0.15,3,3,0.10314383263659596,0,270,0.06271008133490841,0.05676861936599785,0.03414172624407291,0.1413226708761428,0.06355031436399083
nonlinear_comsol,external_core,core,NF04_hot_low_flow_corner,mlp,0.15,3,3,0.10314383263659596,0,270,2.0314369794418194,1.6820775723798131,-1.6655338907062378,4.81812275898443,3.9555575248970904
nonlinear_comsol,external_core,core,NF04_hot_low_flow_corner,cnn1d,0.15,3,3,0.10314383263659596,0,270,2.1118439215021048,1.7990734028520003,-1.7496056837017127,4.8972729423767305,4.341037590586012
nonlinear_comsol,external_core,core,NF04_hot_low_flow_corner,tcn,0.15,3,3,0.10314383263659596,0,270,0.8460464442168629,0.6058105939855518,-0.3442641604160228,3.551485554105952,2.335535991829332
nonlinear_comsol,external_core,core,NF04_hot_low_flow_corner,gru,0.15,3,3,0.10314383263659596,0,270,1.0023197983558523,0.7747794558397284,-0.6851783437432211,3.0288231452844485,2.5588519080111856
nonlinear_comsol,external_core,core,NF04_hot_low_flow_corner,lstm,0.15,3,3,0.10314383263659596,0,270,1.7863237704673112,1.5295378473434422,-1.5232036987815334,4.5466026152648595,3.8739487144643583
nonlinear_comsol,external_core,core,NF05_cold_inlet_extrapolation,physical_rc,0.15,3,3,0.10691590926585136,0,270,0.4872312013586338,0.38519827120177924,0.37913594250670735,0.9746616200518332,0.8910594199133272
nonlinear_comsol,external_core,core,NF05_cold_inlet_extrapolation,mlp,0.15,3,3,0.10691590926585136,0,270,0.41174122654369016,0.31629862225826433,-0.3095332830645075,1.3361036274783231,0.7776286251337335
nonlinear_comsol,external_core,core,NF05_cold_inlet_extrapolation,cnn1d,0.15,3,3,0.10691590926585136,0,270,0.6171234520867243,0.4325607896615266,-0.33692403451514197,1.871501233762757,1.2297476876475921
nonlinear_comsol,external_core,core,NF05_cold_inlet_extrapolation,tcn,0.15,3,3,0.10691590926585136,0,270,0.7281237063210849,0.5053154705791861,0.0122935803225352,1.9582878986347723,1.5528464905498782
nonlinear_comsol,external_core,core,NF05_cold_inlet_extrapolation,gru,0.15,3,3,0.10691590926585136,0,270,0.8169061988168952,0.6593689948557281,-0.6557837087973637,2.1058238076309195,1.5544984418634675
nonlinear_comsol,external_core,core,NF05_cold_inlet_extrapolation,lstm,0.15,3,3,0.10691590926585136,0,270,0.6402899831271736,0.4687685634778787,-0.46557777615382884,1.5595337631869484,1.274765008387319
nonlinear_comsol,external_core,core,NF06_air_velocity_interpolation,physical_rc,0.15,3,3,0.09552432988818411,0,270,0.11846011419693395,0.10249754621088447,0.09354870798482905,0.25264202579895567,0.06526694708053551
nonlinear_comsol,external_core,core,NF06_air_velocity_interpolation,mlp,0.15,3,3,0.09552432988818411,0,270,0.4186776383033638,0.35729674588458554,-0.34412636666036295,0.9620395545554956,0.7412589180574847
nonlinear_comsol,external_core,core,NF06_air_velocity_interpolation,cnn1d,0.15,3,3,0.09552432988818411,0,270,0.7493942972892175,0.4840077643218881,-0.2557526651905301,2.538826183804055,2.1160224382609836
nonlinear_comsol,external_core,core,NF06_air_velocity_interpolation,tcn,0.15,3,3,0.09552432988818411,0,270,0.3022866238392063,0.2628968322241791,0.05687767736249875,0.6006898395813209,0.46195545560107026
nonlinear_comsol,external_core,core,NF06_air_velocity_interpolation,gru,0.15,3,3,0.09552432988818411,0,270,0.3320151089088839,0.27513856196811876,-0.132219147970613,0.9329501930999129,0.6144219782964262
nonlinear_comsol,external_core,core,NF06_air_velocity_interpolation,lstm,0.15,3,3,0.09552432988818411,0,270,0.2556218549488151,0.2290068464051384,-0.09850847450996769,0.46562692456798516,0.2611891390060895
nonlinear_comsol,external_core,core,NF07_air_velocity_extrapolation,physical_rc,0.15,3,3,0.17686596431536064,0,270,0.1118243308148687,0.0883204838943528,0.0883204838943528,0.2142598305110326,0.12793537030067179
nonlinear_comsol,external_core,core,NF07_air_velocity_extrapolation,mlp,0.15,3,3,0.17686596431536064,0,270,2.055650229744554,1.6844121452084213,-1.6414804477820664,4.031697311655009,3.0739529904035887
nonlinear_comsol,external_core,core,NF07_air_velocity_extrapolation,cnn1d,0.15,3,3,0.17686596431536064,0,270,0.5422790761639521,0.4050087493768755,0.1346587330136286,1.4767601538970325,0.9026042781123427
nonlinear_comsol,external_core,core,NF07_air_velocity_extrapolation,tcn,0.15,3,3,0.17686596431536064,0,270,1.0089703120016191,0.8419134421181005,0.1984372823047962,2.4163806939912504,1.8631005688979891
nonlinear_comsol,external_core,core,NF07_air_velocity_extrapolation,gru,0.15,3,3,0.17686596431536064,0,270,1.2164360897928728,0.8772976625366026,-0.05238196107430758,3.651300882142806,2.1169858203094196
nonlinear_comsol,external_core,core,NF07_air_velocity_extrapolation,lstm,0.15,3,3,0.17686596431536064,0,270,1.3769331435114076,1.1451415409394945,0.26708407365876696,3.390735702773931,2.4474743902637637
nonlinear_comsol,external_core,core,NF08_short_power_pulses,physical_rc,0.15,3,3,0.1724473344887939,0,1800,0.04939221448216419,0.030527701457650887,-0.003458885282060332,0.2826649232886993,0.01241042128360753
nonlinear_comsol,external_core,core,NF08_short_power_pulses,mlp,0.15,3,3,0.1724473344887939,0,1800,3.626620115359673,3.1431102683723813,3.142227965595911,6.97636624514891,6.3568816801979455
nonlinear_comsol,external_core,core,NF08_short_power_pulses,cnn1d,0.15,3,3,0.1724473344887939,0,1800,0.7035491534062347,0.5414963893095356,-0.24210050250919024,1.6145323567557561,1.0756167916979966
nonlinear_comsol,external_core,core,NF08_short_power_pulses,tcn,0.15,3,3,0.1724473344887939,0,1800,1.4786053784707773,1.277049122229131,-0.7724857742167676,2.756822147581399,2.3111335426163215
nonlinear_comsol,external_core,core,NF08_short_power_pulses,gru,0.15,3,3,0.1724473344887939,0,1800,0.6937495224989321,0.5616615747912355,-0.5017348580166318,1.8245669671364837,0.2799759456400705
nonlinear_comsol,external_core,core,NF08_short_power_pulses,lstm,0.15,3,3,0.1724473344887939,0,1800,2.250895111005106,1.7542609019745523,-1.737224592736384,5.13329596101957,3.057515352788845
nonlinear_comsol,external_core,core,NF09_stationary_hot_start,physical_rc,0.15,3,3,0.1957882759897772,0,270,0.36728115857689064,0.30235343550248356,0.30020172010991264,0.7414557347714918,0.417479829432276
nonlinear_comsol,external_core,core,NF09_stationary_hot_start,mlp,0.15,3,3,0.1957882759897772,0,270,4.772840147543557,4.496556919684106,-4.496556919684106,6.771560786451715,3.037354390270309
nonlinear_comsol,external_core,core,NF09_stationary_hot_start,cnn1d,0.15,3,3,0.1957882759897772,0,270,5.136916511371271,5.025318161703014,-5.025318161703014,6.454450434549187,4.077077461851125
nonlinear_comsol,external_core,core,NF09_stationary_hot_start,tcn,0.15,3,3,0.1957882759897772,0,270,3.1349311605862855,2.651650328079133,-2.651650328079133,5.8334046038282,2.958375320490389
nonlinear_comsol,external_core,core,NF09_stationary_hot_start,gru,0.15,3,3,0.1957882759897772,0,270,8.089480361802925,7.071336261872277,6.885983795992138,12.460344665997965,3.9838582070885793
nonlinear_comsol,external_core,core,NF09_stationary_hot_start,lstm,0.15,3,3,0.1957882759897772,0,270,7.0278494051483245,6.0746060174070475,5.950033974242983,11.342151462724601,3.1292241695510348
nonlinear_comsol,external_core,core,NF01_fixed_flow_interpolation,physical_rc,0.15,4,3,0.08889754109037085,0,270,0.1918694981891181,0.15938444361868478,0.15705013087646247,0.3800012880391108,0.3166201972285546
nonlinear_comsol,external_core,core,NF01_fixed_flow_interpolation,mlp,0.15,4,3,0.08889754109037085,0,270,0.3904831390295377,0.31781627303033155,0.06446777675525651,1.1161099657225648,0.827343168898275
nonlinear_comsol,external_core,core,NF01_fixed_flow_interpolation,cnn1d,0.15,4,3,0.08889754109037085,0,270,0.5757691209471127,0.38697367858539966,-0.28749108961856024,1.7379885946201625,1.4332258104457039
nonlinear_comsol,external_core,core,NF01_fixed_flow_interpolation,tcn,0.15,4,3,0.08889754109037085,0,270,0.613044695160108,0.5086489842673952,0.38538626645315893,1.2748549070290593,0.8231564945531328
nonlinear_comsol,external_core,core,NF01_fixed_flow_interpolation,gru,0.15,4,3,0.08889754109037085,0,270,0.5372683839613132,0.4202591524430361,0.38830601223984496,1.0548079437379272,0.750823129972386
nonlinear_comsol,external_core,core,NF01_fixed_flow_interpolation,lstm,0.15,4,3,0.08889754109037085,0,270,0.09413370281378503,0.07677417621298675,-0.001388128065993386,0.2500930515860844,0.0968302209341747
nonlinear_comsol,external_core,core,NF02_unseen_three_input_recipe,physical_rc,0.15,4,3,0.152808769223031,0,270,0.15469020465326894,0.12569454006586353,0.10544893819604476,0.31639167329090867,0.2749159333082741
nonlinear_comsol,external_core,core,NF02_unseen_three_input_recipe,mlp,0.15,4,3,0.152808769223031,0,270,1.0042003001226822,0.7697809401483601,0.42490612037105396,2.2202772761300693,1.5265260170437913
nonlinear_comsol,external_core,core,NF02_unseen_three_input_recipe,cnn1d,0.15,4,3,0.152808769223031,0,270,0.6462218432106068,0.4852426425880968,-0.3818650130768089,1.4171083435203897,0.23582931502871737
nonlinear_comsol,external_core,core,NF02_unseen_three_input_recipe,tcn,0.15,4,3,0.152808769223031,0,270,0.6008612789446162,0.5027816367742448,0.011862820337490022,1.4010124021693713,0.6824599228106764
nonlinear_comsol,external_core,core,NF02_unseen_three_input_recipe,gru,0.15,4,3,0.152808769223031,0,270,0.7409512516737767,0.5833754953660207,-0.23086532774749519,1.6887975416783831,0.674529842591242
nonlinear_comsol,external_core,core,NF02_unseen_three_input_recipe,lstm,0.15,4,3,0.152808769223031,0,270,0.5948995053925512,0.4725217644007338,-0.3687567421510969,1.27871037303251,0.4677264940140848
nonlinear_comsol,external_core,core,NF03_power_extrapolation,physical_rc,0.15,4,3,0.20253765051982364,0,270,0.11811715226876413,0.08674100094378562,0.05138551522690361,0.30062764225047545,0.19222769698801184
nonlinear_comsol,external_core,core,NF03_power_extrapolation,mlp,0.15,4,3,0.20253765051982364,0,270,3.028082224649043,2.680025365703032,-2.666330303967186,5.2416360393475685,3.675654411746699
nonlinear_comsol,external_core,core,NF03_power_extrapolation,cnn1d,0.15,4,3,0.20253765051982364,0,270,2.0768054913470144,1.6538401632449173,-1.3432544804929485,4.075527833349369,2.2664006054037737
nonlinear_comsol,external_core,core,NF03_power_extrapolation,tcn,0.15,4,3,0.20253765051982364,0,270,1.5851644743375704,1.2938094195107483,-1.1585524921229673,3.330344802090181,2.0066355291261195
nonlinear_comsol,external_core,core,NF03_power_extrapolation,gru,0.15,4,3,0.20253765051982364,0,270,2.6240107569679183,2.3355498802567882,-2.323669354661202,3.583950648147649,2.6959344403719534
nonlinear_comsol,external_core,core,NF03_power_extrapolation,lstm,0.15,4,3,0.20253765051982364,0,270,4.078258512038751,3.769284303822134,-3.7581060406178657,5.936328659824355,3.7648754468695587
nonlinear_comsol,external_core,core,NF04_hot_low_flow_corner,physical_rc,0.15,4,3,0.14810583608201033,0,270,0.061463771013225296,0.05156304513169011,-0.045508060979224225,0.10232293782312496,0.0724069936146033
nonlinear_comsol,external_core,core,NF04_hot_low_flow_corner,mlp,0.15,4,3,0.14810583608201033,0,270,2.1027290725908467,1.7655170054008016,-1.7596567218511139,4.71975042321418,4.02853736115732
nonlinear_comsol,external_core,core,NF04_hot_low_flow_corner,cnn1d,0.15,4,3,0.14810583608201033,0,270,2.150195684299579,1.8503901632907918,-1.8166020300703196,4.9269909150252005,4.377664973446899
nonlinear_comsol,external_core,core,NF04_hot_low_flow_corner,tcn,0.15,4,3,0.14810583608201033,0,270,0.8119297215971875,0.5231004038249256,-0.3868257673232479,3.541618427107352,2.3395867206395717
nonlinear_comsol,external_core,core,NF04_hot_low_flow_corner,gru,0.15,4,3,0.14810583608201033,0,270,1.0062932569657757,0.772748204018796,-0.7598437196863959,3.083980968140878,2.6031568012682986
nonlinear_comsol,external_core,core,NF04_hot_low_flow_corner,lstm,0.15,4,3,0.14810583608201033,0,270,1.8600229460344737,1.5982820716428143,-1.5903819752420079,4.776112999053879,3.921240984497101
nonlinear_comsol,external_core,core,NF05_cold_inlet_extrapolation,physical_rc,0.15,4,3,0.05278625919160859,0,270,0.5102600328382761,0.42401916587563904,0.42401916587563904,0.9890776952392599,0.9055021920298227
nonlinear_comsol,external_core,core,NF05_cold_inlet_extrapolation,mlp,0.15,4,3,0.05278625919160859,0,270,0.41198681550264343,0.29196817207180753,-0.27429298812018044,1.3956032074581088,0.8068349800920603
nonlinear_comsol,external_core,core,NF05_cold_inlet_extrapolation,cnn1d,0.15,4,3,0.05278625919160859,0,270,0.5685941409381363,0.40470578129066576,-0.3171238798049158,1.6736959409091625,1.1659380390644407
nonlinear_comsol,external_core,core,NF05_cold_inlet_extrapolation,tcn,0.15,4,3,0.05278625919160859,0,270,0.6502205036451587,0.438456999664853,0.03874751672113531,1.880546159850141,1.4344397360364687
nonlinear_comsol,external_core,core,NF05_cold_inlet_extrapolation,gru,0.15,4,3,0.05278625919160859,0,270,0.8104297288800836,0.6377779517362087,-0.6246785581356686,2.1867988104514424,1.5340603476246368
nonlinear_comsol,external_core,core,NF05_cold_inlet_extrapolation,lstm,0.15,4,3,0.05278625919160859,0,270,0.6167733701964535,0.4584265914082076,-0.4476064002150642,1.6239987264256754,1.2480619630361773
nonlinear_comsol,external_core,core,NF06_air_velocity_interpolation,physical_rc,0.15,4,3,0.09509403519521849,0,270,0.11447656826653566,0.0979782922673026,0.08763291001362991,0.2485270344445567,0.06488029920601862
nonlinear_comsol,external_core,core,NF06_air_velocity_interpolation,mlp,0.15,4,3,0.09509403519521849,0,270,0.41680651144502223,0.35927828825221825,-0.3515039320193486,0.9132920961809958,0.7405082571120959
nonlinear_comsol,external_core,core,NF06_air_velocity_interpolation,cnn1d,0.15,4,3,0.09509403519521849,0,270,0.7498702221046761,0.49083483529067773,-0.25071707627572515,2.43641850980152,2.121270528895968
nonlinear_comsol,external_core,core,NF06_air_velocity_interpolation,tcn,0.15,4,3,0.09509403519521849,0,270,0.29647245837393044,0.25682376086141007,0.06945809103268531,0.5784171293078302,0.4270729231540088
nonlinear_comsol,external_core,core,NF06_air_velocity_interpolation,gru,0.15,4,3,0.09509403519521849,0,270,0.29527012518915025,0.2438560056511477,-0.1265184129029768,0.8602394747901201,0.5442420396657719
nonlinear_comsol,external_core,core,NF06_air_velocity_interpolation,lstm,0.15,4,3,0.09509403519521849,0,270,0.2084304954971357,0.18624513740697457,-0.08068924087742926,0.33106220502720163,0.19845866600313794
nonlinear_comsol,external_core,core,NF07_air_velocity_extrapolation,physical_rc,0.15,4,3,0.11135768154329197,0,270,0.10331328229372422,0.0761350579381382,0.0757151893730719,0.21342110184485108,0.12729425218876214
nonlinear_comsol,external_core,core,NF07_air_velocity_extrapolation,mlp,0.15,4,3,0.11135768154329197,0,270,1.9142776255409084,1.5961662688687783,-1.5767184935736929,3.871383951341926,2.8451110605403076
nonlinear_comsol,external_core,core,NF07_air_velocity_extrapolation,cnn1d,0.15,4,3,0.11135768154329197,0,270,0.6067750030241981,0.5021881401877256,0.13103495761605696,1.4477322807997979,1.0011545549372125
nonlinear_comsol,external_core,core,NF07_air_velocity_extrapolation,tcn,0.15,4,3,0.11135768154329197,0,270,1.0411422066317693,0.8297072592879929,0.24562658841153445,2.481071208863341,1.9949934518315793
nonlinear_comsol,external_core,core,NF07_air_velocity_extrapolation,gru,0.15,4,3,0.11135768154329197,0,270,1.1058211126024795,0.8256216806707709,-0.03619308314906391,3.3132355379811074,1.944150113993515
nonlinear_comsol,external_core,core,NF07_air_velocity_extrapolation,lstm,0.15,4,3,0.11135768154329197,0,270,1.3293276778805778,1.1137862156143117,0.26964982470696663,3.022692325419399,2.3803724198983724
nonlinear_comsol,external_core,core,NF08_short_power_pulses,physical_rc,0.15,4,3,0.14330132761232142,0,1800,0.05073254892559202,0.03441933270242335,-0.010284178391793323,0.27660175659876174,0.009873840871867743
nonlinear_comsol,external_core,core,NF08_short_power_pulses,mlp,0.15,4,3,0.14330132761232142,0,1800,3.624267062013897,3.1308805601526144,3.129882672775067,6.998318327770285,6.3587813600849215
nonlinear_comsol,external_core,core,NF08_short_power_pulses,cnn1d,0.15,4,3,0.14330132761232142,0,1800,0.7040298801655073,0.5455920280424537,-0.2548022771681402,1.5919036616557847,1.0781628723249235
nonlinear_comsol,external_core,core,NF08_short_power_pulses,tcn,0.15,4,3,0.14330132761232142,0,1800,1.4569237630439889,1.2494802708076498,-0.7852971262788097,2.7278213585086384,2.2788597725480257
nonlinear_comsol,external_core,core,NF08_short_power_pulses,gru,0.15,4,3,0.14330132761232142,0,1800,0.6975049565291617,0.5648283049817306,-0.520078013366761,1.8166865134788424,0.2541403624679663
nonlinear_comsol,external_core,core,NF08_short_power_pulses,lstm,0.15,4,3,0.14330132761232142,0,1800,2.2504255653416774,1.7642609696364957,-1.75431587721648,5.112127906310967,3.0468825373865047
nonlinear_comsol,external_core,core,NF09_stationary_hot_start,physical_rc,0.15,4,3,0.11981937144402426,0,270,0.33280121506257443,0.26549720854890635,0.23105139663592436,0.6938953156609244,0.39516745744673215
nonlinear_comsol,external_core,core,NF09_stationary_hot_start,mlp,0.15,4,3,0.11981937144402426,0,270,4.765997080663457,4.520861395623472,-4.520861395623472,6.568198342552421,2.9883824463207396
nonlinear_comsol,external_core,core,NF09_stationary_hot_start,cnn1d,0.15,4,3,0.11981937144402426,0,270,5.177019211259373,5.060111768296979,-5.060111768296979,6.549373040773219,4.076161197116007
nonlinear_comsol,external_core,core,NF09_stationary_hot_start,tcn,0.15,4,3,0.11981937144402426,0,270,3.2610233581428947,2.7146726254922435,-2.7028453607752736,6.117744844095824,3.103247941742652
nonlinear_comsol,external_core,core,NF09_stationary_hot_start,gru,0.15,4,3,0.11981937144402426,0,270,8.040254686577688,7.032545744620878,6.820796576013547,12.660800870070247,3.967560454417252
nonlinear_comsol,external_core,core,NF09_stationary_hot_start,lstm,0.15,4,3,0.11981937144402426,0,270,6.949257599380378,6.00679383823699,5.8729107672465375,11.037732564716435,3.058520074855762
nonlinear_comsol,external_core,core,NF01_fixed_flow_interpolation,physical_rc,0.5,0,3,0.640652819812329,0,270,0.392554867694215,0.38626345962710956,0.38626345962710956,0.5590065029368247,0.3898544251891554
nonlinear_comsol,external_core,core,NF01_fixed_flow_interpolation,mlp,0.5,0,3,0.640652819812329,0,270,0.6558058162883089,0.5759472025434738,0.21856453054187572,1.3065062693150367,0.793645385714382
nonlinear_comsol,external_core,core,NF01_fixed_flow_interpolation,cnn1d,0.5,0,3,0.640652819812329,0,270,0.8867177242170248,0.7379527159019302,-0.1574667574803971,2.2732424121251,1.684994846998255
nonlinear_comsol,external_core,core,NF01_fixed_flow_interpolation,tcn,0.5,0,3,0.640652819812329,0,270,1.0054263444154359,0.8082069971675978,0.5468914358430725,1.9740615902190086,1.20602670521839
nonlinear_comsol,external_core,core,NF01_fixed_flow_interpolation,gru,0.5,0,3,0.640652819812329,0,270,0.8397734688426374,0.6985489139310878,0.5939398061774398,1.722420858318877,0.9861112128388
nonlinear_comsol,external_core,core,NF01_fixed_flow_interpolation,lstm,0.5,0,3,0.640652819812329,0,270,0.5701209578894058,0.5122067766977251,0.21125197800522585,1.0633159181881595,0.5595530622182731
nonlinear_comsol,external_core,core,NF02_unseen_three_input_recipe,physical_rc,0.5,0,3,0.31583520906711593,0,270,0.15399867163064823,0.12098331961992388,0.03269362110571259,0.2980211813832341,0.25289623327739286
nonlinear_comsol,external_core,core,NF02_unseen_three_input_recipe,mlp,0.5,0,3,0.31583520906711593,0,270,1.0613706138288093,0.8055657244431271,0.3785488320221838,2.259717445549633,1.587190241177745
nonlinear_comsol,external_core,core,NF02_unseen_three_input_recipe,cnn1d,0.5,0,3,0.31583520906711593,0,270,0.7158163040787731,0.5692986501157973,-0.42672560468860915,1.6617485777462306,0.3835400710880418
nonlinear_comsol,external_core,core,NF02_unseen_three_input_recipe,tcn,0.5,0,3,0.31583520906711593,0,270,0.5759444276508384,0.46296082009844874,-0.02585062913540027,1.2519159085352314,0.6235437662857994
nonlinear_comsol,external_core,core,NF02_unseen_three_input_recipe,gru,0.5,0,3,0.31583520906711593,0,270,0.8348916336704322,0.6735500942889654,-0.28844042386087854,1.968251523740669,0.7748616876030009
nonlinear_comsol,external_core,core,NF02_unseen_three_input_recipe,lstm,0.5,0,3,0.31583520906711593,0,270,0.707368962515552,0.5600694486384681,-0.4097178285915061,1.5338457911869412,0.6351071425085141
nonlinear_comsol,external_core,core,NF03_power_extrapolation,physical_rc,0.5,0,3,0.38845137791119677,0,270,0.11863835337756244,0.08635220970809163,0.05827603596098671,0.30283818559573206,0.19416210039993592
nonlinear_comsol,external_core,core,NF03_power_extrapolation,mlp,0.5,0,3,0.38845137791119677,0,270,3.0092278641617334,2.607036048297272,-2.5805610424384122,5.601924134504216,3.6595311642298682
nonlinear_comsol,external_core,core,NF03_power_extrapolation,cnn1d,0.5,0,3,0.38845137791119677,0,270,2.12039417925323,1.6847772889283352,-1.3532197760570086,4.178266287482728,2.228095895378709
nonlinear_comsol,external_core,core,NF03_power_extrapolation,tcn,0.5,0,3,0.38845137791119677,0,270,1.742440041385535,1.4985669660938348,-1.1957366679851926,3.4396589214026108,2.219494248893825
nonlinear_comsol,external_core,core,NF03_power_extrapolation,gru,0.5,0,3,0.38845137791119677,0,270,2.7625801470830194,2.3536645772964078,-2.314279756910584,3.8797077618283566,2.8715803406512297
nonlinear_comsol,external_core,core,NF03_power_extrapolation,lstm,0.5,0,3,0.38845137791119677,0,270,4.103737860363682,3.824618723872335,-3.800436415174299,6.071784986879322,3.6440801093893773
nonlinear_comsol,external_core,core,NF04_hot_low_flow_corner,physical_rc,0.5,0,3,0.3465464938877491,0,270,0.1935500022284041,0.17083471118430585,0.17083471118430585,0.3567036398862342,0.09810675331405935
nonlinear_comsol,external_core,core,NF04_hot_low_flow_corner,mlp,0.5,0,3,0.3465464938877491,0,270,1.944955279234933,1.5808670814046262,-1.520406693868649,4.879957369539497,3.8721018305932504
nonlinear_comsol,external_core,core,NF04_hot_low_flow_corner,cnn1d,0.5,0,3,0.3465464938877491,0,270,2.0518611774526487,1.7142996949816358,-1.629449257515637,4.835474272367506,4.2874769606390855
nonlinear_comsol,external_core,core,NF04_hot_low_flow_corner,tcn,0.5,0,3,0.3465464938877491,0,270,0.886806669570931,0.686346024429229,-0.23878622513179393,3.524577197824428,2.311892675813848
nonlinear_comsol,external_core,core,NF04_hot_low_flow_corner,gru,0.5,0,3,0.3465464938877491,0,270,0.9958041196160954,0.80414947093103,-0.5528157163731424,3.1210258948627683,2.5033137398519676
nonlinear_comsol,external_core,core,NF04_hot_low_flow_corner,lstm,0.5,0,3,0.3465464938877491,0,270,1.6883894172980516,1.4316713209975205,-1.39737693155637,4.543126069780357,3.813243245213191
nonlinear_comsol,external_core,core,NF05_cold_inlet_extrapolation,physical_rc,0.5,0,3,0.38293642095269964,0,270,0.6130444110708358,0.5746076334933695,0.5746076334933695,1.037439247363956,0.953961309646399
nonlinear_comsol,external_core,core,NF05_cold_inlet_extrapolation,mlp,0.5,0,3,0.38293642095269964,0,270,0.356306600055043,0.24982949514204653,-0.12102290224694338,1.314572474950296,0.7681355433547575
nonlinear_comsol,external_core,core,NF05_cold_inlet_extrapolation,cnn1d,0.5,0,3,0.38293642095269964,0,270,0.5594406757217655,0.4438799404001246,-0.17564273732060925,1.5621706988320483,1.1216506494437453
nonlinear_comsol,external_core,core,NF05_cold_inlet_extrapolation,tcn,0.5,0,3,0.38293642095269964,0,270,0.6289518229816562,0.4516677634765445,0.19570828708571006,1.8133150596380858,1.3658110733471789
nonlinear_comsol,external_core,core,NF05_cold_inlet_extrapolation,gru,0.5,0,3,0.38293642095269964,0,270,0.7823138255231782,0.5855130653609386,-0.46891078663074426,2.2739754416212747,1.531856661818245
nonlinear_comsol,external_core,core,NF05_cold_inlet_extrapolation,lstm,0.5,0,3,0.38293642095269964,0,270,0.5574742225649293,0.3948569667884599,-0.2952774243737565,1.534047085797944,1.1815291095791607
nonlinear_comsol,external_core,core,NF06_air_velocity_interpolation,physical_rc,0.5,0,3,0.3806562433278227,0,270,0.14067044859096234,0.12467530494131904,0.1221261419808491,0.27252597023220204,0.06766863428061841
nonlinear_comsol,external_core,core,NF06_air_velocity_interpolation,mlp,0.5,0,3,0.3806562433278227,0,270,0.5102756061245858,0.4312183411909286,-0.377243743748907,1.0193151806728906,0.7480555937515638
nonlinear_comsol,external_core,core,NF06_air_velocity_interpolation,cnn1d,0.5,0,3,0.3806562433278227,0,270,0.861379979112416,0.6007961654398971,-0.31817753786537684,2.6467545414241087,2.2192908061481584
nonlinear_comsol,external_core,core,NF06_air_velocity_interpolation,tcn,0.5,0,3,0.3806562433278227,0,270,0.5296484338043855,0.4501438313698888,0.0217174475066015,1.055528948109533,0.8049842798927896
nonlinear_comsol,external_core,core,NF06_air_velocity_interpolation,gru,0.5,0,3,0.3806562433278227,0,270,0.6136440678372573,0.5443213278863865,-0.1395820775817965,1.4344545963805189,0.8820301611923166
nonlinear_comsol,external_core,core,NF06_air_velocity_interpolation,lstm,0.5,0,3,0.3806562433278227,0,270,0.3985590333759366,0.36260165547679435,-0.09617565323748152,0.721036416220592,0.4125868646702604
nonlinear_comsol,external_core,core,NF07_air_velocity_extrapolation,physical_rc,0.5,0,3,0.6416963713803642,0,270,0.27028483017679533,0.2055933869538868,-0.15348250616798267,0.6130101396131522,0.11610978380431858
nonlinear_comsol,external_core,core,NF07_air_velocity_extrapolation,mlp,0.5,0,3,0.6416963713803642,0,270,1.9484673256046336,1.798876310524975,-1.780221440554503,3.2589579435696905,2.603023375315292
nonlinear_comsol,external_core,core,NF07_air_velocity_extrapolation,cnn1d,0.5,0,3,0.6416963713803642,0,270,0.995525557904517,0.8439050587238236,-0.1004023700376281,1.8243274181711655,1.4063366112260425
nonlinear_comsol,external_core,core,NF07_air_velocity_extrapolation,tcn,0.5,0,3,0.6416963713803642,0,270,1.2781330824184016,1.0351864900471068,0.08029591958335074,3.016706670465652,2.194056509364785
nonlinear_comsol,external_core,core,NF07_air_velocity_extrapolation,gru,0.5,0,3,0.6416963713803642,0,270,1.1142899834975528,0.9066374434977261,-0.2613586723244223,2.6246292158170803,1.5983986954808052
nonlinear_comsol,external_core,core,NF07_air_velocity_extrapolation,lstm,0.5,0,3,0.6416963713803642,0,270,1.3903229474032817,1.218472267414129,0.0876599511711185,2.629752009301896,2.187127495724091
nonlinear_comsol,external_core,core,NF08_short_power_pulses,physical_rc,0.5,0,3,0.4259170400438965,0,1800,0.25112615423983015,0.22932509888579428,-0.22917171554721663,0.6185296118976709,0.0993441455517581
nonlinear_comsol,external_core,core,NF08_short_power_pulses,mlp,0.5,0,3,0.4259170400438965,0,1800,3.5687397302845336,3.026397936433374,3.011314255596167,7.3694292586822705,6.349328774633829
nonlinear_comsol,external_core,core,NF08_short_power_pulses,cnn1d,0.5,0,3,0.4259170400438965,0,1800,0.5794881614848092,0.43815153551513025,-0.409951237290102,1.3148541543247418,0.8284377711306051
nonlinear_comsol,external_core,core,NF08_short_power_pulses,tcn,0.5,0,3,0.4259170400438965,0,1800,1.5948674836589811,1.332112700715022,-0.9361577398281806,3.238749958438863,2.385536013625607
nonlinear_comsol,external_core,core,NF08_short_power_pulses,gru,0.5,0,3,0.4259170400438965,0,1800,0.9203456732528674,0.7692501468625508,-0.7287676993190085,1.9463174552277671,0.46389324565319906
nonlinear_comsol,external_core,core,NF08_short_power_pulses,lstm,0.5,0,3,0.4259170400438965,0,1800,2.5237308699159873,1.9524723846282706,-1.9524723846282706,5.6817075315736965,3.342610247959203
nonlinear_comsol,external_core,core,NF09_stationary_hot_start,physical_rc,0.5,0,3,0.3704192733868024,0,270,0.3799608173227321,0.3208585269914474,0.3206683533968919,0.7555171177867521,0.4240841286828096
nonlinear_comsol,external_core,core,NF09_stationary_hot_start,mlp,0.5,0,3,0.3704192733868024,0,270,4.639295995082434,4.408477495891754,-4.407991527299764,6.295723668817004,2.9322220514913737
nonlinear_comsol,external_core,core,NF09_stationary_hot_start,cnn1d,0.5,0,3,0.3704192733868024,0,270,5.105581747511007,4.9538195179964735,-4.953272335062469,6.638359867723523,4.028062856503688
nonlinear_comsol,external_core,core,NF09_stationary_hot_start,tcn,0.5,0,3,0.3704192733868024,0,270,3.3192015880273815,2.785945899286593,-2.60420520228597,6.191137822909411,3.2900152782055
nonlinear_comsol,external_core,core,NF09_stationary_hot_start,gru,0.5,0,3,0.3704192733868024,0,270,8.206962059907667,7.156179183704353,6.995384292334211,13.33685520635835,4.115139871642165
nonlinear_comsol,external_core,core,NF09_stationary_hot_start,lstm,0.5,0,3,0.3704192733868024,0,270,7.086414301475055,6.122938693765512,6.036068928547087,11.154927604878736,3.106188204061116
nonlinear_comsol,external_core,core,NF01_fixed_flow_interpolation,physical_rc,0.5,1,3,0.46116895131843566,0,270,0.16790171583132524,0.12653254948667803,0.08111839870753047,0.3556208077587826,0.2924449077030099
nonlinear_comsol,external_core,core,NF01_fixed_flow_interpolation,mlp,0.5,1,3,0.46116895131843566,0,270,0.40905164370399416,0.3512588486513378,-0.05228872633817095,1.0884808687555747,0.760637856643769
nonlinear_comsol,external_core,core,NF01_fixed_flow_interpolation,cnn1d,0.5,1,3,0.46116895131843566,0,270,0.7837793064417885,0.6360706709984293,-0.42759412894290677,1.9951028319160997,1.6089301843823909
nonlinear_comsol,external_core,core,NF01_fixed_flow_interpolation,tcn,0.5,1,3,0.46116895131843566,0,270,0.731812122868677,0.5693372153163986,0.2621776135604253,1.6079277873431863,1.0568041678606286
nonlinear_comsol,external_core,core,NF01_fixed_flow_interpolation,gru,0.5,1,3,0.46116895131843566,0,270,0.6206456901304119,0.5246056291216923,0.27053566018094205,1.3692848782575382,0.835618784887205
nonlinear_comsol,external_core,core,NF01_fixed_flow_interpolation,lstm,0.5,1,3,0.46116895131843566,0,270,0.3682842974215789,0.3260595909623467,-0.12064797301801054,0.7408891298573437,0.3383903502401506
nonlinear_comsol,external_core,core,NF02_unseen_three_input_recipe,physical_rc,0.5,1,3,0.42678278045763457,0,270,0.14914471470348672,0.11427342984475046,0.08120554015940731,0.30876007208117073,0.267573658955118
nonlinear_comsol,external_core,core,NF02_unseen_three_input_recipe,mlp,0.5,1,3,0.42678278045763457,0,270,1.121685529652289,0.8579637847340048,0.4016239754039194,2.574751622762008,1.6113261473011617
nonlinear_comsol,external_core,core,NF02_unseen_three_input_recipe,cnn1d,0.5,1,3,0.42678278045763457,0,270,0.782071873068209,0.6673223364165758,-0.34839771669217856,1.6986822353244406,0.5974311132394488
nonlinear_comsol,external_core,core,NF02_unseen_three_input_recipe,tcn,0.5,1,3,0.42678278045763457,0,270,0.5215774350585212,0.43742292837964475,0.06473817710805664,1.0205225490045216,0.4872067448309213
nonlinear_comsol,external_core,core,NF02_unseen_three_input_recipe,gru,0.5,1,3,0.42678278045763457,0,270,0.8940890121311359,0.7186853853388074,-0.2026199401742125,2.004197706654935,0.9579601156297394
nonlinear_comsol,external_core,core,NF02_unseen_three_input_recipe,lstm,0.5,1,3,0.42678278045763457,0,270,0.7950376832480647,0.6570158545672865,-0.28392806225535416,1.5922391403131613,0.8243233598329611
nonlinear_comsol,external_core,core,NF03_power_extrapolation,physical_rc,0.5,1,3,0.6530308466097295,0,270,0.11957688505583697,0.08760181269464085,0.06451346458479908,0.30484570379273634,0.19592409115515538
nonlinear_comsol,external_core,core,NF03_power_extrapolation,mlp,0.5,1,3,0.6530308466097295,0,270,3.1604747524731827,2.584933750503501,-2.563663061132993,6.0869481404066335,3.833779059519337
nonlinear_comsol,external_core,core,NF03_power_extrapolation,cnn1d,0.5,1,3,0.6530308466097295,0,270,2.074628439566588,1.6982373825008241,-1.4590971891527842,3.8328780282688086,1.884786146951816
nonlinear_comsol,external_core,core,NF03_power_extrapolation,tcn,0.5,1,3,0.6530308466097295,0,270,1.8392325347611185,1.629702018620525,-1.3210174917378368,3.2282514648113363,2.144661150574528
nonlinear_comsol,external_core,core,NF03_power_extrapolation,gru,0.5,1,3,0.6530308466097295,0,270,2.882870719640824,2.4362874155776235,-2.3655000173490026,4.492672367892325,2.96883465469198
nonlinear_comsol,external_core,core,NF03_power_extrapolation,lstm,0.5,1,3,0.6530308466097295,0,270,4.210125559825215,3.9527427330198255,-3.933531384997495,6.146050299550566,3.589155304269504
nonlinear_comsol,external_core,core,NF04_hot_low_flow_corner,physical_rc,0.5,1,3,0.2632344091530324,0,270,0.10800085734977687,0.09047636162597515,0.08581022043174295,0.2227430139256228,0.0708062207634512
nonlinear_comsol,external_core,core,NF04_hot_low_flow_corner,mlp,0.5,1,3,0.2632344091530324,0,270,2.038913518695737,1.6831770439530993,-1.6432140490868044,4.665646136630613,3.992484866709747
nonlinear_comsol,external_core,core,NF04_hot_low_flow_corner,cnn1d,0.5,1,3,0.2632344091530324,0,270,2.080235525447817,1.7727307498859677,-1.7061614600459616,4.825752279004163,4.331722456514981
nonlinear_comsol,external_core,core,NF04_hot_low_flow_corner,tcn,0.5,1,3,0.2632344091530324,0,270,0.7640707405454961,0.47332791569209526,-0.2601001700703985,3.430865616273536,2.2718701797452834
nonlinear_comsol,external_core,core,NF04_hot_low_flow_corner,gru,0.5,1,3,0.2632344091530324,0,270,0.9366008810570899,0.6880051869226768,-0.6331702077978582,3.11017952539234,2.567131317795539
nonlinear_comsol,external_core,core,NF04_hot_low_flow_corner,lstm,0.5,1,3,0.2632344091530324,0,270,1.7842216607725734,1.4883464473874106,-1.4622636871928143,4.797182313795787,3.8869760975196384
nonlinear_comsol,external_core,core,NF05_cold_inlet_extrapolation,physical_rc,0.5,1,3,0.4069023969059226,0,270,0.4484912817547228,0.35992880459236376,0.25417378968593335,0.9345339957489429,0.8508639543051759
nonlinear_comsol,external_core,core,NF05_cold_inlet_extrapolation,mlp,0.5,1,3,0.4069023969059226,0,270,0.5605409359772489,0.48099356232195833,-0.46606818820360635,1.3524579118642848,0.7975241288200828
nonlinear_comsol,external_core,core,NF05_cold_inlet_extrapolation,cnn1d,0.5,1,3,0.4069023969059226,0,270,0.6695629816089842,0.5255178349552662,-0.5048198295761281,1.6901929633903165,1.2365125326070203
nonlinear_comsol,external_core,core,NF05_cold_inlet_extrapolation,tcn,0.5,1,3,0.4069023969059226,0,270,0.6501566575450164,0.5063357539233952,-0.15506295661522645,1.645291762783252,1.3438576899025862
nonlinear_comsol,external_core,core,NF05_cold_inlet_extrapolation,gru,0.5,1,3,0.4069023969059226,0,270,0.9554669984684195,0.8067017775809172,-0.8067017775809172,2.3870434468007318,1.6176050859508666
nonlinear_comsol,external_core,core,NF05_cold_inlet_extrapolation,lstm,0.5,1,3,0.4069023969059226,0,270,0.6910725731391598,0.6107369321402416,-0.6107369321402416,1.5543140803424862,1.2425508641853393
nonlinear_comsol,external_core,core,NF06_air_velocity_interpolation,physical_rc,0.5,1,3,0.8253818975350452,0,270,0.2357982488864474,0.2203369659776087,0.2203369659776087,0.35861216973157184,0.08145310774043091
nonlinear_comsol,external_core,core,NF06_air_velocity_interpolation,mlp,0.5,1,3,0.8253818975350452,0,270,0.755876290799047,0.6315971309003803,-0.13039669631858536,1.7080216851022172,1.0130199809106293
nonlinear_comsol,external_core,core,NF06_air_velocity_interpolation,cnn1d,0.5,1,3,0.8253818975350452,0,270,0.9709954592634793,0.8586516485672717,0.021479005813315438,2.3930614302576103,2.084791445874897
nonlinear_comsol,external_core,core,NF06_air_velocity_interpolation,tcn,0.5,1,3,0.8253818975350452,0,270,0.6900143964100514,0.6176139489528747,0.3407805005026081,1.165662927904208,0.28305701323678184
nonlinear_comsol,external_core,core,NF06_air_velocity_interpolation,gru,0.5,1,3,0.8253818975350452,0,270,0.4686971585086197,0.4189826252580555,0.10232060863561143,0.9761232602754291,0.3163743934083746
nonlinear_comsol,external_core,core,NF06_air_velocity_interpolation,lstm,0.5,1,3,0.8253818975350452,0,270,0.6480978731648985,0.6130161864191835,0.17000603337146541,0.9696668809412436,0.6098475148334941
nonlinear_comsol,external_core,core,NF07_air_velocity_extrapolation,physical_rc,0.5,1,3,0.6839731083797781,0,270,0.09269526623428419,0.06207318370227148,0.048436087232236864,0.21160887824664343,0.12591733759717263
nonlinear_comsol,external_core,core,NF07_air_velocity_extrapolation,mlp,0.5,1,3,0.6839731083797781,0,270,2.193449444724517,1.8274561774881364,-1.769017099609387,4.288779199705303,3.202581780719626
nonlinear_comsol,external_core,core,NF07_air_velocity_extrapolation,cnn1d,0.5,1,3,0.6839731083797781,0,270,0.9030750138456667,0.7081295905256629,0.0930846688520601,2.1009025554702774,1.28917254915236
nonlinear_comsol,external_core,core,NF07_air_velocity_extrapolation,tcn,0.5,1,3,0.6839731083797781,0,270,1.188732115973083,0.9095795315696593,0.18451791301015172,3.0974398227518805,1.9458980296344968
nonlinear_comsol,external_core,core,NF07_air_velocity_extrapolation,gru,0.5,1,3,0.6839731083797781,0,270,1.3115336947986633,1.0620301138928738,-0.08136424188839937,3.520381758627657,2.1376491457140046
nonlinear_comsol,external_core,core,NF07_air_velocity_extrapolation,lstm,0.5,1,3,0.6839731083797781,0,270,1.440870300934614,1.2172979615438106,0.3321445846571462,3.2435496485707844,2.391203464008566
nonlinear_comsol,external_core,core,NF08_short_power_pulses,physical_rc,0.5,1,3,0.28004070857338087,0,1800,0.1153920689012711,0.10006991300345097,0.09909402954355043,0.4100012765992105,0.0603822473537445
nonlinear_comsol,external_core,core,NF08_short_power_pulses,mlp,0.5,1,3,0.28004070857338087,0,1800,3.6674530166314985,3.170079516455039,3.1678839293292014,7.323204955801032,6.377175566239714
nonlinear_comsol,external_core,core,NF08_short_power_pulses,cnn1d,0.5,1,3,0.28004070857338087,0,1800,0.8493112462047195,0.7159103015551197,-0.1950201994094604,1.7127146128079467,1.249419063228601
nonlinear_comsol,external_core,core,NF08_short_power_pulses,tcn,0.5,1,3,0.28004070857338087,0,1800,1.371483891087787,1.1618316363391918,-0.7303914096574003,2.5154253695386046,2.169775327713566
nonlinear_comsol,external_core,core,NF08_short_power_pulses,gru,0.5,1,3,0.28004070857338087,0,1800,0.663347838436516,0.5245488284753185,-0.4428701901968729,1.91806547768455,0.2776404954195692
nonlinear_comsol,external_core,core,NF08_short_power_pulses,lstm,0.5,1,3,0.28004070857338087,0,1800,2.1121801715650217,1.69584945534305,-1.6801126493323553,4.734750727197039,2.861617863846391
nonlinear_comsol,external_core,core,NF09_stationary_hot_start,physical_rc,0.5,1,3,0.3291230487938178,0,270,0.33213895937635307,0.26513177029183277,0.22940669059108465,0.6927523981527912,0.3946317952561971
nonlinear_comsol,external_core,core,NF09_stationary_hot_start,mlp,0.5,1,3,0.3291230487938178,0,270,4.643334261445907,4.439420878306496,-4.439420878306496,6.157095832431452,2.8672956789547164
nonlinear_comsol,external_core,core,NF09_stationary_hot_start,cnn1d,0.5,1,3,0.3291230487938178,0,270,5.166840860382336,5.021751449798174,-5.021751449798174,6.928363883956564,4.120189178812136
nonlinear_comsol,external_core,core,NF09_stationary_hot_start,tcn,0.5,1,3,0.3291230487938178,0,270,3.405244160567291,2.762173710018216,-2.680584390038786,6.497673980318723,3.3638864327119298
nonlinear_comsol,external_core,core,NF09_stationary_hot_start,gru,0.5,1,3,0.3291230487938178,0,270,8.174569438434148,7.130302499610383,6.961382422723071,13.103674820892465,4.083278353557548
nonlinear_comsol,external_core,core,NF09_stationary_hot_start,lstm,0.5,1,3,0.3291230487938178,0,270,7.020226130455262,6.066010226780618,5.9697738358946095,10.901193914111857,3.03250169347856
nonlinear_comsol,external_core,core,NF01_fixed_flow_interpolation,physical_rc,0.5,2,3,0.7064269552098525,0,270,0.3220587065883286,0.316227981565699,0.316227981565699,0.43628806777752516,0.3674500617474777
nonlinear_comsol,external_core,core,NF01_fixed_flow_interpolation,mlp,0.5,2,3,0.7064269552098525,0,270,0.6468446336176806,0.5422904591355571,0.20870347581711154,1.2957185902494288,0.6353311807326532
nonlinear_comsol,external_core,core,NF01_fixed_flow_interpolation,cnn1d,0.5,2,3,0.7064269552098525,0,270,1.0184096635438313,0.8462472507696649,-0.2199851426360296,2.5995499600236656,1.7179786761898734
nonlinear_comsol,external_core,core,NF01_fixed_flow_interpolation,tcn,0.5,2,3,0.7064269552098525,0,270,1.0962663295769168,0.8960227557972524,0.464891893600946,2.1992801651411327,1.3674108302384174
nonlinear_comsol,external_core,core,NF01_fixed_flow_interpolation,gru,0.5,2,3,0.7064269552098525,0,270,0.9807739508099315,0.8538147872011029,0.44694106017903656,1.7635146625110067,1.25430005518343
nonlinear_comsol,external_core,core,NF01_fixed_flow_interpolation,lstm,0.5,2,3,0.7064269552098525,0,270,0.7169668481614146,0.5971945427185179,-0.04399320280384807,1.1851909078547926,0.7657178072490596
nonlinear_comsol,external_core,core,NF02_unseen_three_input_recipe,physical_rc,0.5,2,3,0.1454612677775186,0,270,0.19312472125576532,0.17413772594403096,0.1736452368446316,0.33788053445596233,0.2955778213889047
nonlinear_comsol,external_core,core,NF02_unseen_three_input_recipe,mlp,0.5,2,3,0.1454612677775186,0,270,0.9495542505880318,0.7710190593897736,0.43405916814262463,1.9886420791160972,1.4261957754819534
nonlinear_comsol,external_core,core,NF02_unseen_three_input_recipe,cnn1d,0.5,2,3,0.1454612677775186,0,270,0.6364232880302528,0.45490579996653174,-0.34973189699398655,1.5123855551313952,0.21355986529830287
nonlinear_comsol,external_core,core,NF02_unseen_three_input_recipe,tcn,0.5,2,3,0.1454612677775186,0,270,0.6615863064699261,0.5607065170571138,0.030334142351417785,1.5132907235356043,0.7418794873673505
nonlinear_comsol,external_core,core,NF02_unseen_three_input_recipe,gru,0.5,2,3,0.1454612677775186,0,270,0.6705607445828351,0.5176527475865791,-0.18432928227337367,1.4044318805019387,0.6048519985394292
nonlinear_comsol,external_core,core,NF02_unseen_three_input_recipe,lstm,0.5,2,3,0.1454612677775186,0,270,0.5224165002827126,0.43040570206185147,-0.32836080643024157,1.0546401070097602,0.29051716087786045
nonlinear_comsol,external_core,core,NF03_power_extrapolation,physical_rc,0.5,2,3,0.46248362961681466,0,270,0.1289658734923254,0.09963824586903328,0.09330408340489722,0.3140951155220222,0.20410307705165318
nonlinear_comsol,external_core,core,NF03_power_extrapolation,mlp,0.5,2,3,0.46248362961681466,0,270,3.168826077480044,2.613135563138393,-2.5983723132438517,5.90377383633917,3.8678323016803327
nonlinear_comsol,external_core,core,NF03_power_extrapolation,cnn1d,0.5,2,3,0.46248362961681466,0,270,1.9515966610324458,1.6119758796804364,-1.4493980026948226,3.5972445750427937,1.7524558694500305
nonlinear_comsol,external_core,core,NF03_power_extrapolation,tcn,0.5,2,3,0.46248362961681466,0,270,1.6600302907980171,1.4600784572124081,-1.2910474093259146,2.9697517637315087,1.8691491037784989
nonlinear_comsol,external_core,core,NF03_power_extrapolation,gru,0.5,2,3,0.46248362961681466,0,270,2.739610254014788,2.357457045446943,-2.350329267943159,4.233134875743033,2.802847559149921
nonlinear_comsol,external_core,core,NF03_power_extrapolation,lstm,0.5,2,3,0.46248362961681466,0,270,4.163459125000405,3.902358318389757,-3.8958779582736844,5.855702624297805,3.647079998109941
nonlinear_comsol,external_core,core,NF04_hot_low_flow_corner,physical_rc,0.5,2,3,0.9293796745212962,0,270,0.4140025828733333,0.3814507285032215,0.3814507285032215,0.688571894091794,0.19277746574749136
nonlinear_comsol,external_core,core,NF04_hot_low_flow_corner,mlp,0.5,2,3,0.9293796745212962,0,270,2.019037852358772,1.563054978593594,-1.2819078958024765,5.575951156497723,3.788353223205847
nonlinear_comsol,external_core,core,NF04_hot_low_flow_corner,cnn1d,0.5,2,3,0.9293796745212962,0,270,2.223415700082099,1.773021526417556,-1.5952912093475764,5.505690041044559,4.309805758556043
nonlinear_comsol,external_core,core,NF04_hot_low_flow_corner,tcn,0.5,2,3,0.9293796745212962,0,270,1.2858605018113831,1.150634929911055,-0.24999028672867502,3.1852146756194912,2.3496822627166982
nonlinear_comsol,external_core,core,NF04_hot_low_flow_corner,gru,0.5,2,3,0.9293796745212962,0,270,1.4308722427553189,1.160881799238313,-0.4373040927159277,4.002864941924841,2.6184229116540942
nonlinear_comsol,external_core,core,NF04_hot_low_flow_corner,lstm,0.5,2,3,0.9293796745212962,0,270,1.7572992419805507,1.4224363688704977,-1.318302693984812,5.357900611887189,3.844879158585915
nonlinear_comsol,external_core,core,NF05_cold_inlet_extrapolation,physical_rc,0.5,2,3,0.44833746903901023,0,270,0.45312264648463,0.3541927937127886,0.2802045929466306,0.9428865741243726,0.8592298270054298
nonlinear_comsol,external_core,core,NF05_cold_inlet_extrapolation,mlp,0.5,2,3,0.44833746903901023,0,270,0.5311127525064722,0.434221817674436,-0.39844790063208235,1.0063790728617832,0.6703321265106668
nonlinear_comsol,external_core,core,NF05_cold_inlet_extrapolation,cnn1d,0.5,2,3,0.44833746903901023,0,270,0.8461624235305526,0.6253540619950374,-0.3910326797554789,2.3473161451780484,1.4662212362216545
nonlinear_comsol,external_core,core,NF05_cold_inlet_extrapolation,tcn,0.5,2,3,0.44833746903901023,0,270,0.9156442247657585,0.7365989967056991,-0.044190110614232364,2.3180224351992464,1.7452747144368748
nonlinear_comsol,external_core,core,NF05_cold_inlet_extrapolation,gru,0.5,2,3,0.44833746903901023,0,270,0.9629690931563132,0.7551751257545863,-0.7146583647093181,2.2337330238422126,1.7364517631849534
nonlinear_comsol,external_core,core,NF05_cold_inlet_extrapolation,lstm,0.5,2,3,0.44833746903901023,0,270,0.7122331854276114,0.5260606811405921,-0.4645350881285207,1.891981752117026,1.283178373367954
nonlinear_comsol,external_core,core,NF06_air_velocity_interpolation,physical_rc,0.5,2,3,0.30488645759966826,0,270,0.18416328941708107,0.1695906206668291,0.169384182740016,0.305381903951222,0.07336887180773738
nonlinear_comsol,external_core,core,NF06_air_velocity_interpolation,mlp,0.5,2,3,0.30488645759966826,0,270,0.48569626764367596,0.35461007845481146,-0.2787345886093518,1.263406599407375,0.7708892088095306
nonlinear_comsol,external_core,core,NF06_air_velocity_interpolation,cnn1d,0.5,2,3,0.30488645759966826,0,270,0.8192976147421184,0.5663386306824659,-0.24031126319678167,2.826462704510817,2.138265328659391
nonlinear_comsol,external_core,core,NF06_air_velocity_interpolation,tcn,0.5,2,3,0.30488645759966826,0,270,0.4711222186777633,0.3855520400462074,0.06327873091465089,0.9916543523127643,0.7068719025197382
nonlinear_comsol,external_core,core,NF06_air_velocity_interpolation,gru,0.5,2,3,0.30488645759966826,0,270,0.5418353360231148,0.4650493327173118,-0.09541529180107124,1.3184684956018984,0.8912003410025597
nonlinear_comsol,external_core,core,NF06_air_velocity_interpolation,lstm,0.5,2,3,0.30488645759966826,0,270,0.4433583345237675,0.3812639394318157,-0.09400091482618364,0.7865247033378466,0.4869145516239162
nonlinear_comsol,external_core,core,NF07_air_velocity_extrapolation,physical_rc,0.5,2,3,0.569430422278403,0,270,0.1361416253937851,0.10938265058533528,-0.03638444935043864,0.289322303027717,0.12171059109693828
nonlinear_comsol,external_core,core,NF07_air_velocity_extrapolation,mlp,0.5,2,3,0.569430422278403,0,270,2.269414507153471,1.8963935471122366,-1.832404508656911,4.275821968019876,3.24625763409054
nonlinear_comsol,external_core,core,NF07_air_velocity_extrapolation,cnn1d,0.5,2,3,0.569430422278403,0,270,0.6080562023109372,0.4845332735812378,-0.004333999036250078,1.6341826640411767,0.8059416048022734
nonlinear_comsol,external_core,core,NF07_air_velocity_extrapolation,tcn,0.5,2,3,0.569430422278403,0,270,1.0960292988081553,0.956059210394092,-0.01287658149312289,2.1895381932742453,1.7558214552119566
nonlinear_comsol,external_core,core,NF07_air_velocity_extrapolation,gru,0.5,2,3,0.569430422278403,0,270,1.412921362220565,1.0670315796528114,-0.2390114959755038,3.8748355340097547,2.2386041961737115
nonlinear_comsol,external_core,core,NF07_air_velocity_extrapolation,lstm,0.5,2,3,0.569430422278403,0,270,1.5155118360847248,1.2740604900682586,0.06642215723917767,3.6110523188181958,2.4948636238245236
nonlinear_comsol,external_core,core,NF08_short_power_pulses,physical_rc,0.5,2,3,0.6435966986155689,0,1800,0.36487789096750267,0.33701970779793483,-0.33701970779793483,0.6843246461480526,0.1511556736151213
nonlinear_comsol,external_core,core,NF08_short_power_pulses,mlp,0.5,2,3,0.6435966986155689,0,1800,3.394892567124828,2.8148615685602656,2.778381355664627,6.8421213445002245,6.198254927276004
nonlinear_comsol,external_core,core,NF08_short_power_pulses,cnn1d,0.5,2,3,0.6435966986155689,0,1800,0.8407732233405558,0.675903346708731,-0.5561656855005589,1.7978337160651918,1.1168306231888792
nonlinear_comsol,external_core,core,NF08_short_power_pulses,tcn,0.5,2,3,0.6435966986155689,0,1800,1.6411494856196787,1.426722203553108,-1.1326168655096351,2.878960685577468,2.3579591712932166
nonlinear_comsol,external_core,core,NF08_short_power_pulses,gru,0.5,2,3,0.6435966986155689,0,1800,1.0527504092448632,0.9367961662782106,-0.9338408900510973,2.271277208074462,0.17026261022806125
nonlinear_comsol,external_core,core,NF08_short_power_pulses,lstm,0.5,2,3,0.6435966986155689,0,1800,2.497899361512749,2.1129840165274945,-2.1129840165274945,5.26182352895508,3.169486652419334
nonlinear_comsol,external_core,core,NF09_stationary_hot_start,physical_rc,0.5,2,3,0.4651046448198461,0,270,0.5141698550728805,0.4903735044222102,0.4903735044222102,0.8722310083463753,0.47901202159825496
nonlinear_comsol,external_core,core,NF09_stationary_hot_start,mlp,0.5,2,3,0.4651046448198461,0,270,4.590683570988322,4.320668249009033,-4.319852504458452,6.259551690787447,2.986105126994843
nonlinear_comsol,external_core,core,NF09_stationary_hot_start,cnn1d,0.5,2,3,0.4651046448198461,0,270,4.984851472379048,4.8399393969546765,-4.8390506293397335,6.570701122357036,3.9648134117697333
nonlinear_comsol,external_core,core,NF09_stationary_hot_start,tcn,0.5,2,3,0.4651046448198461,0,270,3.097038617956262,2.614882278257351,-2.4642597545356266,5.669315435166112,3.091782762298509
nonlinear_comsol,external_core,core,NF09_stationary_hot_start,gru,0.5,2,3,0.4651046448198461,0,270,8.345439608093432,7.270723809906829,7.169931629989861,13.331870596582547,4.182389098462393
nonlinear_comsol,external_core,core,NF09_stationary_hot_start,lstm,0.5,2,3,0.4651046448198461,0,270,7.270892169475775,6.29432534405502,6.23595865830098,11.54886536811982,3.233961199772429
nonlinear_comsol,external_core,core,NF01_fixed_flow_interpolation,physical_rc,0.5,3,3,0.6788034142294909,0,270,0.2158061495978307,0.18375736650040733,-0.04329348894167529,0.47128963378209576,0.2529565186570458
nonlinear_comsol,external_core,core,NF01_fixed_flow_interpolation,mlp,0.5,3,3,0.6788034142294909,0,270,0.5256681045388165,0.42634671644316446,-0.18917126978609017,1.3084809046656218,0.8772134217761889
nonlinear_comsol,external_core,core,NF01_fixed_flow_interpolation,cnn1d,0.5,3,3,0.6788034142294909,0,270,0.8561634409688517,0.67538582925163,-0.5536921459383785,2.2199551112994698,1.65513857726558
nonlinear_comsol,external_core,core,NF01_fixed_flow_interpolation,tcn,0.5,3,3,0.6788034142294909,0,270,0.7203455610462138,0.5921088096020218,0.1398277240974738,1.4591173792686476,1.060571133388122
nonlinear_comsol,external_core,core,NF01_fixed_flow_interpolation,gru,0.5,3,3,0.6788034142294909,0,270,0.6294220533548772,0.5274919567342644,0.15251749096689768,1.2902808891887574,0.7692747275200421
nonlinear_comsol,external_core,core,NF01_fixed_flow_interpolation,lstm,0.5,3,3,0.6788034142294909,0,270,0.46301108407772423,0.3561366753487513,-0.20906158999363755,1.085938335070857,0.3496229545879409
nonlinear_comsol,external_core,core,NF02_unseen_three_input_recipe,physical_rc,0.5,3,3,0.15456809133480673,0,270,0.160522516994718,0.13473516776427033,0.12036996663412672,0.32108988593269316,0.2794372735180122
nonlinear_comsol,external_core,core,NF02_unseen_three_input_recipe,mlp,0.5,3,3,0.15456809133480673,0,270,0.9455514205299695,0.757186360281417,0.3820049201439711,1.9781081122467654,1.419355884073346
nonlinear_comsol,external_core,core,NF02_unseen_three_input_recipe,cnn1d,0.5,3,3,0.15456809133480673,0,270,0.6541750021077096,0.467406620380431,-0.39328420437327033,1.5642786142254934,0.2381168745498279
nonlinear_comsol,external_core,core,NF02_unseen_three_input_recipe,tcn,0.5,3,3,0.15456809133480673,0,270,0.6183553442281463,0.5199591266653221,-0.012201168778571383,1.4544986836777056,0.6763714846024867
nonlinear_comsol,external_core,core,NF02_unseen_three_input_recipe,gru,0.5,3,3,0.15456809133480673,0,270,0.6999578490194663,0.5330046522799475,-0.234472720290236,1.4308915968050115,0.6263625474533201
nonlinear_comsol,external_core,core,NF02_unseen_three_input_recipe,lstm,0.5,3,3,0.15456809133480673,0,270,0.5612909832069521,0.4663332729738206,-0.3676402869321405,1.1016164163937248,0.36049634063863073
nonlinear_comsol,external_core,core,NF03_power_extrapolation,physical_rc,0.5,3,3,0.4180307929637805,0,270,0.18510865038437865,0.17270107352603356,0.17270107352603356,0.3395897320716017,0.22708998991624021
nonlinear_comsol,external_core,core,NF03_power_extrapolation,mlp,0.5,3,3,0.4180307929637805,0,270,2.9770976227699952,2.6218471884896,-2.577117444218573,5.043608812938402,3.6923959455252344
nonlinear_comsol,external_core,core,NF03_power_extrapolation,cnn1d,0.5,3,3,0.4180307929637805,0,270,1.9795165805066164,1.6015914132260567,-1.2276279463276865,3.8216743600038967,2.2434013687269725
nonlinear_comsol,external_core,core,NF03_power_extrapolation,tcn,0.5,3,3,0.4180307929637805,0,270,1.4231836655132881,1.123999593130258,-1.0203613513692205,3.126665525168505,1.8395580018521691
nonlinear_comsol,external_core,core,NF03_power_extrapolation,gru,0.5,3,3,0.4180307929637805,0,270,2.4540309468911357,2.2338148236037108,-2.191835798247266,3.325528401617575,2.5696807280604186
nonlinear_comsol,external_core,core,NF03_power_extrapolation,lstm,0.5,3,3,0.4180307929637805,0,270,3.9578143452397216,3.638767300817893,-3.5982890332415867,5.599337585852496,3.7972427937158955
nonlinear_comsol,external_core,core,NF04_hot_low_flow_corner,physical_rc,0.5,3,3,0.22100039479578157,0,270,0.15098740671578448,0.12920393154025978,0.12920393154025978,0.29112183639131217,0.08306586133320028
nonlinear_comsol,external_core,core,NF04_hot_low_flow_corner,mlp,0.5,3,3,0.22100039479578157,0,270,2.019438865980441,1.655951100413926,-1.5991804232337028,4.848973854714018,3.958849132362273
nonlinear_comsol,external_core,core,NF04_hot_low_flow_corner,cnn1d,0.5,3,3,0.22100039479578157,0,270,2.092210579731849,1.7901007892347882,-1.721634121365047,4.681607703923049,4.3242001667475245
nonlinear_comsol,external_core,core,NF04_hot_low_flow_corner,tcn,0.5,3,3,0.22100039479578157,0,270,0.7652923619117731,0.5476465958943398,-0.27845267637162346,3.2978321328111377,2.2239925020444873
nonlinear_comsol,external_core,core,NF04_hot_low_flow_corner,gru,0.5,3,3,0.22100039479578157,0,270,0.9739899737699896,0.7119224296636103,-0.6199458698035154,3.0550900899702214,2.570070040867987
nonlinear_comsol,external_core,core,NF04_hot_low_flow_corner,lstm,0.5,3,3,0.22100039479578157,0,270,1.7670209043322063,1.4794509066514516,-1.457852500144674,4.668007988975361,3.888479439344302
nonlinear_comsol,external_core,core,NF05_cold_inlet_extrapolation,physical_rc,0.5,3,3,0.5907663675218613,0,270,0.4852037078402142,0.38164300894795833,0.37474347132725094,0.9732476401777035,0.889642884796931
nonlinear_comsol,external_core,core,NF05_cold_inlet_extrapolation,mlp,0.5,3,3,0.5907663675218613,0,270,0.5312528063122168,0.48465717895604704,-0.3067724037416722,0.9821321408671615,0.5824997095868882
nonlinear_comsol,external_core,core,NF05_cold_inlet_extrapolation,cnn1d,0.5,3,3,0.5907663675218613,0,270,0.9092133472461327,0.7073170817539196,-0.3013735273447246,2.35845130264709,1.5154736117707803
nonlinear_comsol,external_core,core,NF05_cold_inlet_extrapolation,tcn,0.5,3,3,0.5907663675218613,0,270,0.9326497857459819,0.7823697050805167,0.06231165389668986,2.324505667569568,1.7085658020851069
nonlinear_comsol,external_core,core,NF05_cold_inlet_extrapolation,gru,0.5,3,3,0.5907663675218613,0,270,1.0091320699577944,0.7822205421453922,-0.6056089772185181,2.455580297183637,1.8213935054516657
nonlinear_comsol,external_core,core,NF05_cold_inlet_extrapolation,lstm,0.5,3,3,0.5907663675218613,0,270,0.6877303237298409,0.5460874305070147,-0.33498528883009143,1.8625493192277744,1.2161498464116083
nonlinear_comsol,external_core,core,NF06_air_velocity_interpolation,physical_rc,0.5,3,3,0.398618673167504,0,270,0.3161551391501675,0.2956919412649047,0.2956919412649047,0.5125297912008691,0.09603154478391969
nonlinear_comsol,external_core,core,NF06_air_velocity_interpolation,mlp,0.5,3,3,0.398618673167504,0,270,0.33942733882480147,0.27354753817612176,-0.11339121491375916,0.8985944454356556,0.6942784987596767
nonlinear_comsol,external_core,core,NF06_air_velocity_interpolation,cnn1d,0.5,3,3,0.398618673167504,0,270,0.7639701396994397,0.5800488927403379,-0.041835866230210746,2.5070718458820096,2.0460924783923184
nonlinear_comsol,external_core,core,NF06_air_velocity_interpolation,tcn,0.5,3,3,0.398618673167504,0,270,0.3890406535261182,0.336448731522578,0.27729257840192784,0.7147209211514607,0.415461275505817
nonlinear_comsol,external_core,core,NF06_air_velocity_interpolation,gru,0.5,3,3,0.398618673167504,0,270,0.2884156592225788,0.20394097818257614,0.09308787746415029,0.9547612669584069,0.6403888284895943
nonlinear_comsol,external_core,core,NF06_air_velocity_interpolation,lstm,0.5,3,3,0.398618673167504,0,270,0.28009908947330786,0.23396695477925306,0.11633240963795435,0.543630784468192,0.31993316715095965
nonlinear_comsol,external_core,core,NF07_air_velocity_extrapolation,physical_rc,0.5,3,3,0.16218824668987705,0,270,0.09785984322842993,0.07379564161773848,0.014606268758585122,0.20935943234294996,0.12422455245045275
nonlinear_comsol,external_core,core,NF07_air_velocity_extrapolation,mlp,0.5,3,3,0.16218824668987705,0,270,1.995941890425025,1.6955897354201264,-1.6857091930974502,3.7960510039167374,2.91704173352636
nonlinear_comsol,external_core,core,NF07_air_velocity_extrapolation,cnn1d,0.5,3,3,0.16218824668987705,0,270,0.6306552927486113,0.5049548857138845,0.06427988275943303,1.5924428483859856,1.032705386366947
nonlinear_comsol,external_core,core,NF07_air_velocity_extrapolation,tcn,0.5,3,3,0.16218824668987705,0,270,1.0495345977651034,0.8491203530739034,0.1630278810785452,2.6068765186547864,1.948789210902623
nonlinear_comsol,external_core,core,NF07_air_velocity_extrapolation,gru,0.5,3,3,0.16218824668987705,0,270,1.1403681474572258,0.8621188805363391,-0.11535805047329602,3.33789327617464,1.9487033961825018
nonlinear_comsol,external_core,core,NF07_air_velocity_extrapolation,lstm,0.5,3,3,0.16218824668987705,0,270,1.339869547629274,1.1473789147883395,0.21269602893138154,3.040024365214478,2.3458042402072468
nonlinear_comsol,external_core,core,NF08_short_power_pulses,physical_rc,0.5,3,3,0.3094827288808715,0,1800,0.0870293312621599,0.07022875180821463,0.06844720257592744,0.36281863147461024,0.045382505293759735
nonlinear_comsol,external_core,core,NF08_short_power_pulses,mlp,0.5,3,3,0.3094827288808715,0,1800,3.809398021742431,3.292944561101774,3.2918932660523588,7.6720899692579,6.53363587373012
nonlinear_comsol,external_core,core,NF08_short_power_pulses,cnn1d,0.5,3,3,0.3094827288808715,0,1800,0.5302664292427481,0.42165498803103507,-0.18332708641952383,1.3131243619804494,0.8385764031836981
nonlinear_comsol,external_core,core,NF08_short_power_pulses,tcn,0.5,3,3,0.3094827288808715,0,1800,1.2896803991996788,1.0262749494531096,-0.6622171621705072,2.860474601306919,2.0729204565896904
nonlinear_comsol,external_core,core,NF08_short_power_pulses,gru,0.5,3,3,0.3094827288808715,0,1800,0.6743265974219586,0.5569946007758815,-0.41848829039518215,1.6792530174617397,0.5462222718081863
nonlinear_comsol,external_core,core,NF08_short_power_pulses,lstm,0.5,3,3,0.3094827288808715,0,1800,2.2956224015310593,1.7342002989015175,-1.6965648052790847,5.358380337683993,3.1515412032923455
nonlinear_comsol,external_core,core,NF09_stationary_hot_start,physical_rc,0.5,3,3,0.3284043456023744,0,270,0.41594148504127487,0.3721713951882976,0.3721713951882976,0.7909476519604368,0.44073876369140935
nonlinear_comsol,external_core,core,NF09_stationary_hot_start,mlp,0.5,3,3,0.3284043456023744,0,270,4.689895373882775,4.416556519870041,-4.416556519870041,6.756133219811872,2.9914316397051057
nonlinear_comsol,external_core,core,NF09_stationary_hot_start,cnn1d,0.5,3,3,0.3284043456023744,0,270,5.080900051836246,4.964186782186714,-4.964186782186714,6.4300049788164415,4.102550042301392
nonlinear_comsol,external_core,core,NF09_stationary_hot_start,tcn,0.5,3,3,0.3284043456023744,0,270,3.0851561663920544,2.583217011416863,-2.583217011416863,5.781777892643447,2.970439817673494
nonlinear_comsol,external_core,core,NF09_stationary_hot_start,gru,0.5,3,3,0.3284043456023744,0,270,8.228225225373148,7.184553891215271,7.050832333820597,12.517314464471184,4.067614579425853
nonlinear_comsol,external_core,core,NF09_stationary_hot_start,lstm,0.5,3,3,0.3284043456023744,0,270,7.154445292165705,6.183179395030591,6.0976192596608225,11.419587571842627,3.1725467522063147
nonlinear_comsol,external_core,core,NF01_fixed_flow_interpolation,physical_rc,0.5,4,3,0.8555723842358358,0,270,0.40469302177856464,0.3251744440052993,-0.24693224003426237,0.9270946938108509,0.18889541156723022
nonlinear_comsol,external_core,core,NF01_fixed_flow_interpolation,mlp,0.5,4,3,0.8555723842358358,0,270,0.7926884834299976,0.7212393617565579,-0.3220457830726716,1.833131655216107,1.2619153542454553
nonlinear_comsol,external_core,core,NF01_fixed_flow_interpolation,cnn1d,0.5,4,3,0.8555723842358358,0,270,0.8079957325950646,0.6920237114520142,-0.6266374233230905,1.9374579344399194,1.4884112121199466
nonlinear_comsol,external_core,core,NF01_fixed_flow_interpolation,tcn,0.5,4,3,0.8555723842358358,0,270,0.571268050974546,0.45947306986338693,0.034992044208931955,1.165746600141155,0.7424795355008386
nonlinear_comsol,external_core,core,NF01_fixed_flow_interpolation,gru,0.5,4,3,0.8555723842358358,0,270,0.6357284636405788,0.543444174824564,0.021572435480817033,1.1762365513695023,0.5773808313601122
nonlinear_comsol,external_core,core,NF01_fixed_flow_interpolation,lstm,0.5,4,3,0.8555723842358358,0,270,0.5931275854459279,0.5123433711315171,-0.2939913148228188,1.1755007266541533,0.4002711177554864
nonlinear_comsol,external_core,core,NF02_unseen_three_input_recipe,physical_rc,0.5,4,3,0.5287137487507465,0,270,0.20931645896551293,0.17404637076989243,-0.05815178186199384,0.5120864266835774,0.22544571320474707
nonlinear_comsol,external_core,core,NF02_unseen_three_input_recipe,mlp,0.5,4,3,0.5287137487507465,0,270,1.1073032141334562,0.8636410080282442,0.23582821397146436,2.5382519128220906,1.5519368330355627
nonlinear_comsol,external_core,core,NF02_unseen_three_input_recipe,cnn1d,0.5,4,3,0.5287137487507465,0,270,0.8648998366544133,0.7505319825727184,-0.4938142592319626,1.8236567571371296,0.6416859289599959
nonlinear_comsol,external_core,core,NF02_unseen_three_input_recipe,tcn,0.5,4,3,0.5287137487507465,0,270,0.5326064997641479,0.44249808924268647,-0.0920152615270412,1.0970348754153676,0.4130411979770743
nonlinear_comsol,external_core,core,NF02_unseen_three_input_recipe,gru,0.5,4,3,0.5287137487507465,0,270,0.9613236376753436,0.7881958848824284,-0.3624976503205283,2.1157762539426557,0.9515407703452203
nonlinear_comsol,external_core,core,NF02_unseen_three_input_recipe,lstm,0.5,4,3,0.5287137487507465,0,270,0.8680977659442063,0.7487462420741275,-0.429855918598812,1.6426139858399864,0.8434429689583551
nonlinear_comsol,external_core,core,NF03_power_extrapolation,physical_rc,0.5,4,3,0.22788789595135442,0,270,0.16362616516039272,0.14706211020023893,0.14706211020023893,0.3313596105990513,0.21960607070036223
nonlinear_comsol,external_core,core,NF03_power_extrapolation,mlp,0.5,4,3,0.22788789595135442,0,270,3.092494203691922,2.605014149117008,-2.588293714747193,5.526415436327014,3.8176134233326757
nonlinear_comsol,external_core,core,NF03_power_extrapolation,cnn1d,0.5,4,3,0.22788789595135442,0,270,1.8877938143323991,1.5582129155334317,-1.3559986097801238,3.5555398055520726,1.8721058270927937
nonlinear_comsol,external_core,core,NF03_power_extrapolation,tcn,0.5,4,3,0.22788789595135442,0,270,1.473674949131687,1.2655540565225936,-1.1705294554695709,2.744676625571472,1.7182834067157609
nonlinear_comsol,external_core,core,NF03_power_extrapolation,gru,0.5,4,3,0.22788789595135442,0,270,2.562532602604335,2.2886224392482317,-2.272770523091864,3.7811167339454386,2.642841129236029
nonlinear_comsol,external_core,core,NF03_power_extrapolation,lstm,0.5,4,3,0.22788789595135442,0,270,4.0551977503905015,3.7752686865263487,-3.760935653829308,5.386559358584556,3.716047717376792
nonlinear_comsol,external_core,core,NF04_hot_low_flow_corner,physical_rc,0.5,4,3,0.2987973967732582,0,270,0.07705467940943178,0.06838342985344129,-0.06518041671867457,0.13318607712192687,0.07775449660766813
nonlinear_comsol,external_core,core,NF04_hot_low_flow_corner,mlp,0.5,4,3,0.2987973967732582,0,270,2.1202084709936573,1.7610473656514576,-1.7556638707393946,5.139595903312582,3.981940256747742
nonlinear_comsol,external_core,core,NF04_hot_low_flow_corner,cnn1d,0.5,4,3,0.2987973967732582,0,270,2.2473034496657998,1.9430660092837426,-1.9234433225419703,4.930146289337685,4.403385879561697
nonlinear_comsol,external_core,core,NF04_hot_low_flow_corner,tcn,0.5,4,3,0.2987973967732582,0,270,0.9522779861936929,0.7535694525422402,-0.5295430469573232,3.4294468407575494,2.3478791660469227
nonlinear_comsol,external_core,core,NF04_hot_low_flow_corner,gru,0.5,4,3,0.2987973967732582,0,270,1.1755966601857435,0.9208393994694156,-0.8297157230501178,3.4163449110559156,2.64298663347575
nonlinear_comsol,external_core,core,NF04_hot_low_flow_corner,lstm,0.5,4,3,0.2987973967732582,0,270,1.9011498343804223,1.6808915530630344,-1.6808915530630344,4.808273200664502,3.945347342631963
nonlinear_comsol,external_core,core,NF05_cold_inlet_extrapolation,physical_rc,0.5,4,3,0.4406618402002046,0,270,0.47822692429269265,0.36896904974961536,0.3587678293771324,0.9681183662366664,0.8845044387498603
nonlinear_comsol,external_core,core,NF05_cold_inlet_extrapolation,mlp,0.5,4,3,0.4406618402002046,0,270,0.6919867032737175,0.5986140182612832,-0.3009809179292883,1.8047241388231257,1.114043295478329
nonlinear_comsol,external_core,core,NF05_cold_inlet_extrapolation,cnn1d,0.5,4,3,0.4406618402002046,0,270,0.7034878134388597,0.5629722532429144,-0.32980034092280475,1.8628092462826586,1.2213671389377152
nonlinear_comsol,external_core,core,NF05_cold_inlet_extrapolation,tcn,0.5,4,3,0.4406618402002046,0,270,0.964138644435312,0.7401078758929176,-0.0077736490126990325,2.5912987538084167,1.8225714429790087
nonlinear_comsol,external_core,core,NF05_cold_inlet_extrapolation,gru,0.5,4,3,0.4406618402002046,0,270,0.845310714346369,0.7412631890544783,-0.6911702460220597,1.701149805533987,1.4301618844394992
nonlinear_comsol,external_core,core,NF05_cold_inlet_extrapolation,lstm,0.5,4,3,0.4406618402002046,0,270,0.9246729194159341,0.7729271662834776,-0.555465016676706,2.13220260800221,1.5433523330785555
nonlinear_comsol,external_core,core,NF06_air_velocity_interpolation,physical_rc,0.5,4,3,0.659342106776547,0,270,0.29580088777241287,0.27686148281147044,0.27686148281147044,0.4741197088100435,0.09216447342944144
nonlinear_comsol,external_core,core,NF06_air_velocity_interpolation,mlp,0.5,4,3,0.659342106776547,0,270,0.5680000608017529,0.4440024928203264,-0.23976069892596727,1.1418255702104645,0.7683313215925365
nonlinear_comsol,external_core,core,NF06_air_velocity_interpolation,cnn1d,0.5,4,3,0.659342106776547,0,270,0.9682211674668401,0.7850833827125538,-0.151959310045329,3.0690753744075394,2.264245778295154
nonlinear_comsol,external_core,core,NF06_air_velocity_interpolation,tcn,0.5,4,3,0.659342106776547,0,270,0.7222354766842686,0.6690629955844071,0.2456943632164979,1.3869744970492448,0.9020535808417258
nonlinear_comsol,external_core,core,NF06_air_velocity_interpolation,gru,0.5,4,3,0.659342106776547,0,270,0.7176907427200692,0.6577824937049702,0.07018677756438398,1.3788825205415165,0.8854272164206012
nonlinear_comsol,external_core,core,NF06_air_velocity_interpolation,lstm,0.5,4,3,0.659342106776547,0,270,0.49987709744726044,0.48865600763399786,0.16746915065328005,0.8315327749582018,0.4789338268214296
nonlinear_comsol,external_core,core,NF07_air_velocity_extrapolation,physical_rc,0.5,4,3,0.3789307449815928,0,270,0.10599819344734183,0.08014660219237779,0.08000505939762777,0.21370693589086187,0.12751247088057402
nonlinear_comsol,external_core,core,NF07_air_velocity_extrapolation,mlp,0.5,4,3,0.3789307449815928,0,270,2.069023430492503,1.657129120515073,-1.5928938550026441,4.360208356775715,3.033330938546607
nonlinear_comsol,external_core,core,NF07_air_velocity_extrapolation,cnn1d,0.5,4,3,0.3789307449815928,0,270,0.5994028181732542,0.48029928647137515,0.12686976505957348,1.6744207886899325,0.8171245976300312
nonlinear_comsol,external_core,core,NF07_air_velocity_extrapolation,tcn,0.5,4,3,0.3789307449815928,0,270,1.0872032033508288,0.9067198241937852,0.16975317180565183,2.533180679712295,1.9199640241855203
nonlinear_comsol,external_core,core,NF07_air_velocity_extrapolation,gru,0.5,4,3,0.3789307449815928,0,270,1.321122695365157,1.016160294962548,-0.07444357175184417,3.6959672235789327,2.181704303930544
nonlinear_comsol,external_core,core,NF07_air_velocity_extrapolation,lstm,0.5,4,3,0.3789307449815928,0,270,1.4813695736592558,1.2057575230319317,0.1814259988610704,3.43601558443617,2.545579136935368
nonlinear_comsol,external_core,core,NF08_short_power_pulses,physical_rc,0.5,4,3,1.004329301371907,0,1800,0.13574276225930354,0.12016628369870562,0.11901592835175996,0.4663526663319466,0.07013373096512807
nonlinear_comsol,external_core,core,NF08_short_power_pulses,mlp,0.5,4,3,1.004329301371907,0,1800,3.5851571213010676,3.145615477759264,3.1028438026289353,7.394092171509612,6.183982851128971
nonlinear_comsol,external_core,core,NF08_short_power_pulses,cnn1d,0.5,4,3,1.004329301371907,0,1800,1.372807778960584,1.191028519697357,-0.1285462140520926,2.660104952942607,1.7263669666003976
nonlinear_comsol,external_core,core,NF08_short_power_pulses,tcn,0.5,4,3,1.004329301371907,0,1800,1.954597785147041,1.7508442239813375,-0.7263975561352223,3.6365962913070042,2.8101641601000664
nonlinear_comsol,external_core,core,NF08_short_power_pulses,gru,0.5,4,3,1.004329301371907,0,1800,1.152934441335445,0.9161850755308284,-0.34956639057526295,2.8810295231908896,0.9478384060221895
nonlinear_comsol,external_core,core,NF08_short_power_pulses,lstm,0.5,4,3,1.004329301371907,0,1800,2.206523970996724,1.7579587735464701,-1.548644912270633,4.483521527067829,2.911133025396802
nonlinear_comsol,external_core,core,NF09_stationary_hot_start,physical_rc,0.5,4,3,0.626456929727065,0,270,0.5425347161780742,0.5214530944322376,0.5214530944322376,0.8936223212706551,0.4890973975428098
nonlinear_comsol,external_core,core,NF09_stationary_hot_start,mlp,0.5,4,3,0.626456929727065,0,270,4.794332084195729,4.416969653814421,-4.412379851564662,6.649950618451442,3.2290938561862763
nonlinear_comsol,external_core,core,NF09_stationary_hot_start,cnn1d,0.5,4,3,0.626456929727065,0,270,5.01639127705788,4.879139066199179,-4.875628728878589,6.782511161775062,3.9656823296902255
nonlinear_comsol,external_core,core,NF09_stationary_hot_start,tcn,0.5,4,3,0.626456929727065,0,270,2.8853543009189293,2.478725136827749,-2.4718973667331383,5.674124813388573,2.710348767706385
nonlinear_comsol,external_core,core,NF09_stationary_hot_start,gru,0.5,4,3,0.626456929727065,0,270,8.222510012945195,7.202549889561438,7.02795119648934,12.609906902189891,4.084649447258341
nonlinear_comsol,external_core,core,NF09_stationary_hot_start,lstm,0.5,4,3,0.626456929727065,0,270,7.246482800510754,6.290030854406958,6.153317733108395,12.160998602984932,3.3560502630148683
high_fidelity_comsol,external_core,core,HV01_composite_conjugate,physical_rc,0.0,0,3,0.0,0,33,0.047652987041397525,0.033853794688077914,-0.015076076951581587,0.11218511468921832,0.08579207660050098
high_fidelity_comsol,external_core,core,HV01_composite_conjugate,mlp,0.0,0,3,0.0,0,33,0.6572599361800726,0.567408427459479,-0.567408427459479,1.2262550592369053,0.7493695835705584
high_fidelity_comsol,external_core,core,HV01_composite_conjugate,cnn1d,0.0,0,3,0.0,0,33,0.650328088648797,0.5106076909355602,-0.3626940279254136,1.2654323891776684,0.6272549251797089
high_fidelity_comsol,external_core,core,HV01_composite_conjugate,tcn,0.0,0,3,0.0,0,33,0.7858893590037695,0.5944295599879708,-0.5617231048039795,1.4929224600409938,1.2483196820691402
high_fidelity_comsol,external_core,core,HV01_composite_conjugate,gru,0.0,0,3,0.0,0,33,0.32819385716459476,0.2670056903194997,0.11027745918308193,0.8226641816756128,0.5454228501401694
high_fidelity_comsol,external_core,core,HV01_composite_conjugate,lstm,0.0,0,3,0.0,0,33,0.7102361602172838,0.5236395758760579,-0.4602790642669999,1.47558624534161,1.3580101160364906
high_fidelity_comsol,external_core,core,HV01_composite_conjugate,physical_rc,0.15,0,3,0.22143093829133195,0,33,0.11443700610454394,0.10724608380074402,-0.10724608380074402,0.1895213169098824,0.1610351603108208
high_fidelity_comsol,external_core,core,HV01_composite_conjugate,mlp,0.15,0,3,0.22143093829133195,0,33,0.7772324301282278,0.7125959961331443,-0.7125959961331443,1.1621128291227052,0.8279964266470851
high_fidelity_comsol,external_core,core,HV01_composite_conjugate,cnn1d,0.15,0,3,0.22143093829133195,0,33,0.7067675464486781,0.5629405385837062,-0.49451068442452506,1.376305949174757,0.46893038096900547
high_fidelity_comsol,external_core,core,HV01_composite_conjugate,tcn,0.15,0,3,0.22143093829133195,0,33,0.9072228476930821,0.7339785438536006,-0.7085763854127027,1.6734200469214926,1.3639511004077784
high_fidelity_comsol,external_core,core,HV01_composite_conjugate,gru,0.15,0,3,0.22143093829133195,0,33,0.2804734166985058,0.22336048762154587,-0.028764521458280064,0.5825710403057016,0.47091298384789804
high_fidelity_comsol,external_core,core,HV01_composite_conjugate,lstm,0.15,0,3,0.22143093829133195,0,33,0.8219470288705074,0.6503022046773133,-0.6048666684681177,1.6126316964610368,1.4832818008029978
high_fidelity_comsol,external_core,core,HV01_composite_conjugate,physical_rc,0.15,1,3,0.20548099535618458,0,33,0.09336036460517985,0.08177817440374113,0.07725782671503012,0.15753467676888988,0.026684278208038755
high_fidelity_comsol,external_core,core,HV01_composite_conjugate,mlp,0.15,1,3,0.20548099535618458,0,33,0.583772992498666,0.4642888978791574,-0.4319419666042444,1.2552843825497817,0.7010036791731911
high_fidelity_comsol,external_core,core,HV01_composite_conjugate,cnn1d,0.15,1,3,0.20548099535618458,0,33,0.6237935288853009,0.5116967473958292,-0.22988237165348543,1.2763216954193588,0.7526662817194644
high_fidelity_comsol,external_core,core,HV01_composite_conjugate,tcn,0.15,1,3,0.20548099535618458,0,33,0.6870054993759218,0.547102221973124,-0.41840406417372034,1.332900462370425,1.1313320650348206
high_fidelity_comsol,external_core,core,HV01_composite_conjugate,gru,0.15,1,3,0.20548099535618458,0,33,0.4110067068504916,0.3225807362502002,0.24879578475261038,0.9521146800700819,0.5871209410074711
high_fidelity_comsol,external_core,core,HV01_composite_conjugate,lstm,0.15,1,3,0.20548099535618458,0,33,0.6302454546912035,0.4983960748197856,-0.31341850704434177,1.4788387540804635,1.2329624500331857
high_fidelity_comsol,external_core,core,HV01_composite_conjugate,physical_rc,0.15,2,3,0.07315953762257425,0,33,0.08799429297412494,0.07801562135330607,-0.07766746196843714,0.16470345380088958,0.13664920461755464
high_fidelity_comsol,external_core,core,HV01_composite_conjugate,mlp,0.15,2,3,0.07315953762257425,0,33,0.7020504920343434,0.6099060443556207,-0.6099060443556207,1.3355977175789349,0.8030732580023907
high_fidelity_comsol,external_core,core,HV01_composite_conjugate,cnn1d,0.15,2,3,0.07315953762257425,0,33,0.6848683606706671,0.5457404398104978,-0.40111170426942994,1.3707167444423618,0.6565089822510488
high_fidelity_comsol,external_core,core,HV01_composite_conjugate,tcn,0.15,2,3,0.07315953762257425,0,33,0.8030418686550097,0.6089814728338536,-0.6012327086903695,1.4636033417999812,1.2770606539697633
high_fidelity_comsol,external_core,core,HV01_composite_conjugate,gru,0.15,2,3,0.07315953762257425,0,33,0.3210208823726386,0.2604194949970514,0.06687357706171466,0.7933360601798682,0.5520132338218464
high_fidelity_comsol,external_core,core,HV01_composite_conjugate,lstm,0.15,2,3,0.07315953762257425,0,33,0.7328662973491495,0.5333816422273706,-0.5021076074967429,1.5825403801155389,1.3977515026301546
high_fidelity_comsol,external_core,core,HV01_composite_conjugate,physical_rc,0.15,3,3,0.10719445084565908,0,33,0.04701843359937009,0.040503387812833254,0.00561626417691776,0.09482308761751312,0.06949780514664786
high_fidelity_comsol,external_core,core,HV01_composite_conjugate,mlp,0.15,3,3,0.10719445084565908,0,33,0.6376258478023186,0.5367440894120576,-0.5316834767821789,1.2589571004948965,0.7404660237909941
high_fidelity_comsol,external_core,core,HV01_composite_conjugate,cnn1d,0.15,3,3,0.10719445084565908,0,33,0.6701384000185903,0.5287779723065362,-0.34300016888326035,1.3112438204461618,0.6925209054973656
high_fidelity_comsol,external_core,core,HV01_composite_conjugate,tcn,0.15,3,3,0.10719445084565908,0,33,0.7872456489122898,0.5975221405081591,-0.5337358406010498,1.5500318371471238,1.2523566686079624
high_fidelity_comsol,external_core,core,HV01_composite_conjugate,gru,0.15,3,3,0.10719445084565908,0,33,0.4152414383711,0.3258770076274292,0.1341898226483184,0.9902005487843439,0.6509361522288726
high_fidelity_comsol,external_core,core,HV01_composite_conjugate,lstm,0.15,3,3,0.10719445084565908,0,33,0.7105635459043798,0.5268834027235959,-0.43948548597740583,1.5221756908238007,1.3559627384820243
high_fidelity_comsol,external_core,core,HV01_composite_conjugate,physical_rc,0.15,4,3,0.16832443754233517,0,33,0.10886073217470589,0.1011667684933128,-0.1011667684933128,0.18442117154978632,0.15601364403179188
high_fidelity_comsol,external_core,core,HV01_composite_conjugate,mlp,0.15,4,3,0.16832443754233517,0,33,0.7184898168377102,0.6095043437642307,-0.6066461299667859,1.4423405525853212,0.8330424732865142
high_fidelity_comsol,external_core,core,HV01_composite_conjugate,cnn1d,0.15,4,3,0.16832443754233517,0,33,0.7376087090550715,0.5896910854715581,-0.4153023299847981,1.4935524092475383,0.7434574978155398
high_fidelity_comsol,external_core,core,HV01_composite_conjugate,tcn,0.15,4,3,0.16832443754233517,0,33,0.8304782129786856,0.6534697884130605,-0.6068077903362988,1.5452039176418637,1.3149710301989117
high_fidelity_comsol,external_core,core,HV01_composite_conjugate,gru,0.15,4,3,0.16832443754233517,0,33,0.42975886416264203,0.35442211738964235,0.054216545790998924,0.9728355949908334,0.6877291862219154
high_fidelity_comsol,external_core,core,HV01_composite_conjugate,lstm,0.15,4,3,0.16832443754233517,0,33,0.7619798970994707,0.5707785862975215,-0.5186736139186502,1.7083394419289633,1.4361164575143321
high_fidelity_comsol,external_core,core,HV01_composite_conjugate,physical_rc,0.5,0,3,0.6910418950123131,0,33,0.3477816192163641,0.33886844484576367,0.33886844484576367,0.4319507299187677,0.21648333253701704
high_fidelity_comsol,external_core,core,HV01_composite_conjugate,mlp,0.5,0,3,0.6910418950123131,0,33,0.7055226780416095,0.6307909776842506,-0.22809214998371177,1.0687360325118291,0.776092349124689
high_fidelity_comsol,external_core,core,HV01_composite_conjugate,cnn1d,0.5,0,3,0.6910418950123131,0,33,0.8756671930313689,0.7182802756595784,-0.11830213401592607,1.7210279654876075,1.0187669150483651
high_fidelity_comsol,external_core,core,HV01_composite_conjugate,tcn,0.5,0,3,0.6910418950123131,0,33,0.9730754874042445,0.7780514271806643,-0.26818793304961763,1.9664583971743923,1.3161621805375014
high_fidelity_comsol,external_core,core,HV01_composite_conjugate,gru,0.5,0,3,0.6910418950123131,0,33,0.9376015502254487,0.7375899537888454,0.39713280833718023,1.853462700593127,1.1615815864133692
high_fidelity_comsol,external_core,core,HV01_composite_conjugate,lstm,0.5,0,3,0.6910418950123131,0,33,0.8823310178324584,0.7179660479925724,-0.19868672329785397,1.9065097768921078,1.3368672825333143
high_fidelity_comsol,external_core,core,HV01_composite_conjugate,physical_rc,0.5,1,3,0.24729847534397204,0,33,0.15185434467340686,0.14690534374823835,-0.14690534374823835,0.22279828323197393,0.1938897570761698
high_fidelity_comsol,external_core,core,HV01_composite_conjugate,mlp,0.5,1,3,0.24729847534397204,0,33,0.789588760891043,0.7280768313309741,-0.7280768313309741,1.2792078920857364,0.85166737922894
high_fidelity_comsol,external_core,core,HV01_composite_conjugate,cnn1d,0.5,1,3,0.24729847534397204,0,33,0.7591825176742854,0.6122753622599957,-0.5297145145037746,1.51905829145025,0.5627202371292931
high_fidelity_comsol,external_core,core,HV01_composite_conjugate,tcn,0.5,1,3,0.24729847534397204,0,33,0.9379894850339454,0.7359805787204609,-0.7351232580398488,1.803768154438508,1.4119641176404298
high_fidelity_comsol,external_core,core,HV01_composite_conjugate,gru,0.5,1,3,0.24729847534397204,0,33,0.38687893295171566,0.31535257465706645,-0.06326649949378667,0.7716694722333273,0.6257156410299651
high_fidelity_comsol,external_core,core,HV01_composite_conjugate,lstm,0.5,1,3,0.24729847534397204,0,33,0.8537652750199233,0.6550706920426846,-0.6450065474154701,1.764324722230711,1.535590262789415
high_fidelity_comsol,external_core,core,HV01_composite_conjugate,physical_rc,0.5,2,3,0.6652105281576028,0,33,0.34945481654550875,0.3405446046680915,0.3405446046680915,0.4339391289786505,0.21787899504369243
high_fidelity_comsol,external_core,core,HV01_composite_conjugate,mlp,0.5,2,3,0.6652105281576028,0,33,0.7319382605688216,0.5985860151846809,-0.347755546695443,1.3778488223067384,0.7007638942595209
high_fidelity_comsol,external_core,core,HV01_composite_conjugate,cnn1d,0.5,2,3,0.6652105281576028,0,33,0.6542167104849331,0.5572111837192922,-0.0872374022979219,1.3930525659672313,0.6050812948641318
high_fidelity_comsol,external_core,core,HV01_composite_conjugate,tcn,0.5,2,3,0.6652105281576028,0,33,0.8413929723920723,0.7402978199829496,-0.3080876197916697,1.4396116696581345,1.0800718911065028
high_fidelity_comsol,external_core,core,HV01_composite_conjugate,gru,0.5,2,3,0.6652105281576028,0,33,0.5804443947680253,0.4805340505537546,0.3995943920652906,1.1021826149951792,0.3392846081160625
high_fidelity_comsol,external_core,core,HV01_composite_conjugate,lstm,0.5,2,3,0.6652105281576028,0,33,0.806888252930636,0.7034132721290055,-0.15317345953359343,1.6545494172783322,1.1477753425296746
high_fidelity_comsol,external_core,core,HV01_composite_conjugate,physical_rc,0.5,3,3,0.6851880791748085,0,33,0.5380077441156493,0.5353780725956093,-0.5353780725956093,0.6349152594180367,0.5182160756386285
high_fidelity_comsol,external_core,core,HV01_composite_conjugate,mlp,0.5,3,3,0.6851880791748085,0,33,1.1129071891165947,0.9589395967310921,-0.9589395967310921,2.0769984383052034,1.210325267625258
high_fidelity_comsol,external_core,core,HV01_composite_conjugate,cnn1d,0.5,3,3,0.6851880791748085,0,33,1.1090180209042821,0.9131655695650637,-0.7756515871460107,2.1606054625200777,0.9746680937893953
high_fidelity_comsol,external_core,core,HV01_composite_conjugate,tcn,0.5,3,3,0.6851880791748085,0,33,1.1743273394523501,0.9971654532458515,-0.968647944704201,2.1487606421793544,1.6750057103442237
high_fidelity_comsol,external_core,core,HV01_composite_conjugate,gru,0.5,3,3,0.6851880791748085,0,33,0.7534549414718794,0.6996409584596299,-0.3368612920607878,1.2258892841899254,1.0126813277389313
high_fidelity_comsol,external_core,core,HV01_composite_conjugate,lstm,0.5,3,3,0.6851880791748085,0,33,1.1337103808540214,0.9456531590140005,-0.9163130007841461,2.397368434614947,1.8590596954291294
high_fidelity_comsol,external_core,core,HV01_composite_conjugate,physical_rc,0.5,4,3,0.971222222570381,0,33,0.3310185330902988,0.32207279667478633,0.32207279667478633,0.4114390361010827,0.20252459179711588
high_fidelity_comsol,external_core,core,HV01_composite_conjugate,mlp,0.5,4,3,0.971222222570381,0,33,1.0242206098161826,0.8766346591132803,-0.36040496020729246,1.7730493847890187,1.049073233436374
high_fidelity_comsol,external_core,core,HV01_composite_conjugate,cnn1d,0.5,4,3,0.971222222570381,0,33,1.1681561103690414,0.9767181043716495,-0.28941528403307537,2.4306230726709472,1.1502337850747695
high_fidelity_comsol,external_core,core,HV01_composite_conjugate,tcn,0.5,4,3,0.971222222570381,0,33,1.3343817275199248,1.0628235710698393,-0.4405612219554,2.7175341201752445,1.6708930296534263
high_fidelity_comsol,external_core,core,HV01_composite_conjugate,gru,0.5,4,3,0.971222222570381,0,33,1.2073531944990357,1.068397932775333,0.2353050918951528,2.000136491920358,1.4412305161720906
high_fidelity_comsol,external_core,core,HV01_composite_conjugate,lstm,0.5,4,3,0.971222222570381,0,33,1.2305597315004277,0.9957133059141576,-0.390378176969587,2.6801433553869884,1.6836115066680573
