dataset,model,epoch,train_huber,validation_open_loop_rmse
topcell,mlp,1.0,0.3252539666773722,17.539060217274056
topcell,mlp,2.0,0.151000699935464,
topcell,mlp,3.0,0.03627250369816544,
topcell,mlp,4.0,0.02526065236257672,
topcell,mlp,5.0,0.02267518474063389,2.256235549309118
topcell,mlp,6.0,0.02121875877334948,
topcell,mlp,7.0,0.02014243013229856,
topcell,mlp,8.0,0.019265426543167707,
topcell,mlp,9.0,0.01830553713865209,
topcell,mlp,10.0,0.017178218954583917,1.361096778195877
topcell,mlp,11.0,0.0159936008943863,
topcell,mlp,12.0,0.014192118885465814,
topcell,mlp,13.0,0.012601446555799235,
topcell,mlp,14.0,0.01112251505098735,
topcell,mlp,15.0,0.009921378576703516,0.6950207602011784
topcell,mlp,16.0,0.009049552203818824,
topcell,mlp,17.0,0.008335154082019342,
topcell,mlp,18.0,0.008182228787114892,
topcell,mlp,19.0,0.007676316291713879,
topcell,mlp,20.0,0.0075094429791248245,0.6209180999281598
topcell,mlp,21.0,0.007212492453959022,
topcell,mlp,22.0,0.007138988927482896,
topcell,mlp,23.0,0.0069758846074128526,
topcell,mlp,24.0,0.006698583401936881,
topcell,mlp,25.0,0.006572497169885387,0.5790837505368303
topcell,mlp,26.0,0.006390457780308181,
topcell,mlp,27.0,0.00634767481005793,
topcell,mlp,28.0,0.005994911800727521,
topcell,mlp,29.0,0.0057223491542101115,
topcell,mlp,30.0,0.005822722304015625,0.4563758949192578
topcell,mlp,31.0,0.005756130238613685,
topcell,mlp,32.0,0.005406721308874195,
topcell,mlp,33.0,0.005231955500407291,
topcell,mlp,34.0,0.005302257564865335,
topcell,mlp,35.0,0.005066148710756222,0.4691551529963665
topcell,mlp,36.0,0.005085099991096556,
topcell,mlp,37.0,0.004815435423910319,
topcell,mlp,38.0,0.004722967539287959,
topcell,mlp,39.0,0.004653693895033988,
topcell,mlp,40.0,0.004521693302025995,0.37084461445965594
topcell,mlp,41.0,0.004387523209140074,
topcell,mlp,42.0,0.004457578112234332,
topcell,mlp,43.0,0.00426581876966051,
topcell,mlp,44.0,0.004154430828741564,
topcell,mlp,45.0,0.004144741247046485,0.48340316875978345
topcell,mlp,46.0,0.004021076722840783,
topcell,mlp,47.0,0.0038566761793116288,
topcell,mlp,48.0,0.003952343769535946,
topcell,mlp,49.0,0.0036788269728776054,
topcell,mlp,50.0,0.0037327717886170685,0.4321416222789179
topcell,mlp,51.0,0.0036336525183811638,
topcell,mlp,52.0,0.0036687454506348525,
topcell,mlp,53.0,0.003440356660215861,
topcell,mlp,54.0,0.003564616273338885,
topcell,mlp,55.0,0.0034199257338949768,0.3854911004444335
topcell,mlp,56.0,0.0031412902822615138,
topcell,mlp,57.0,0.0033177056063044856,
topcell,mlp,58.0,0.0031372338166641266,
topcell,mlp,59.0,0.003132646376431169,
topcell,mlp,60.0,0.0031209162415586672,0.3929889884092334
topcell,mlp,61.0,0.0029018616779838656,
topcell,mlp,62.0,0.002789073472507614,
topcell,mlp,63.0,0.0029210606202738584,
topcell,mlp,64.0,0.0028948384247340273,
topcell,mlp,65.0,0.002760088526079383,0.3857538360651065
topcell,mlp,66.0,0.002663584863589419,
topcell,mlp,67.0,0.002751451275567307,
topcell,mlp,68.0,0.002583310770589318,
topcell,mlp,69.0,0.002604447997381773,
topcell,mlp,70.0,0.0024845308175389176,0.43795313478341197
topcell,mlp,71.0,0.0024927654376666513,
topcell,mlp,72.0,0.0023605043457372923,
topcell,mlp,73.0,0.0024076503656931133,
topcell,mlp,74.0,0.0025858388907678324,
topcell,mlp,75.0,0.0023723093131044486,0.4111199454739114
topcell,mlp,76.0,0.002313828288603541,
topcell,mlp,77.0,0.00235272519326922,
topcell,mlp,78.0,0.0021700481162266797,
topcell,mlp,79.0,0.0021234184746082123,
topcell,mlp,80.0,0.002180265867675736,0.4697882315072398
topcell,cnn1d,1.0,0.3479396109036823,18.73131075606741
topcell,cnn1d,2.0,0.133762995314004,
topcell,cnn1d,3.0,0.02864088421253209,
topcell,cnn1d,4.0,0.022399936295209134,
topcell,cnn1d,5.0,0.020396731439684502,2.2873887241695114
topcell,cnn1d,6.0,0.019048947111915213,
topcell,cnn1d,7.0,0.017927299873102646,
topcell,cnn1d,8.0,0.01706621019987253,
topcell,cnn1d,9.0,0.016094161215286524,
topcell,cnn1d,10.0,0.014903357671585587,1.469282404518832
topcell,cnn1d,11.0,0.01339652527979607,
topcell,cnn1d,12.0,0.011381802874685381,
topcell,cnn1d,13.0,0.008807797528335139,
topcell,cnn1d,14.0,0.006938572778806191,
topcell,cnn1d,15.0,0.006161623304754304,0.6573476897772434
topcell,cnn1d,16.0,0.005857688905275509,
topcell,cnn1d,17.0,0.005553699103746398,
topcell,cnn1d,18.0,0.005296450295815982,
topcell,cnn1d,19.0,0.00505341756493891,
topcell,cnn1d,20.0,0.004965109988378492,0.6705117795070553
topcell,cnn1d,21.0,0.004805839054505978,
topcell,cnn1d,22.0,0.004704894040639284,
topcell,cnn1d,23.0,0.0045463792359052594,
topcell,cnn1d,24.0,0.004353533934855943,
topcell,cnn1d,25.0,0.004186417047950119,0.5574677441256413
topcell,cnn1d,26.0,0.004118253083248083,
topcell,cnn1d,27.0,0.004032012758990906,
topcell,cnn1d,28.0,0.003979482793193029,
topcell,cnn1d,29.0,0.0039341568874597275,
topcell,cnn1d,30.0,0.0038455827190911856,0.592854972572901
topcell,cnn1d,31.0,0.003811909352327098,
topcell,cnn1d,32.0,0.003740107851284273,
topcell,cnn1d,33.0,0.003594493386026632,
topcell,cnn1d,34.0,0.003539413477998692,
topcell,cnn1d,35.0,0.003484578829399264,0.5066063848039647
topcell,cnn1d,36.0,0.0034606777254001975,
topcell,cnn1d,37.0,0.003424289233254716,
topcell,cnn1d,38.0,0.003493196191081683,
topcell,cnn1d,39.0,0.00336557631525911,
topcell,cnn1d,40.0,0.0033009897496544443,0.5919700786953936
topcell,cnn1d,41.0,0.003203036794295575,
topcell,cnn1d,42.0,0.003184217293185974,
topcell,cnn1d,43.0,0.0031212865666919846,
topcell,cnn1d,44.0,0.003072008513673468,
topcell,cnn1d,45.0,0.0030439675033971155,0.46861313170266583
topcell,cnn1d,46.0,0.0030301324769659486,
topcell,cnn1d,47.0,0.0029933352084348767,
topcell,cnn1d,48.0,0.002975744997069128,
topcell,cnn1d,49.0,0.0029422002990639696,
topcell,cnn1d,50.0,0.002898882804602312,0.45965329049791925
topcell,cnn1d,51.0,0.0028236644844789743,
topcell,cnn1d,52.0,0.00278414428128139,
topcell,cnn1d,53.0,0.0028741426681143144,
topcell,cnn1d,54.0,0.002789566348047252,
topcell,cnn1d,55.0,0.002844383479779148,0.44335373215798074
topcell,cnn1d,56.0,0.002721569462611055,
topcell,cnn1d,57.0,0.0027786269387632605,
topcell,cnn1d,58.0,0.0026532599918569814,
topcell,cnn1d,59.0,0.0026231369147004468,
topcell,cnn1d,60.0,0.0026268578167787725,0.3970017178968621
topcell,cnn1d,61.0,0.002609812264669343,
topcell,cnn1d,62.0,0.002623920868919168,
topcell,cnn1d,63.0,0.0025038343946452305,
topcell,cnn1d,64.0,0.0024761058154364572,
topcell,cnn1d,65.0,0.002541612644865477,0.3973344003725371
topcell,cnn1d,66.0,0.002438598550611234,
topcell,cnn1d,67.0,0.0023962928580668623,
topcell,cnn1d,68.0,0.0024696306513292744,
topcell,cnn1d,69.0,0.0024319679440407394,
topcell,cnn1d,70.0,0.002382010916864002,0.3694122875536359
topcell,cnn1d,71.0,0.0023861261645577335,
topcell,cnn1d,72.0,0.002329904168772038,
topcell,cnn1d,73.0,0.0023319206116092987,
topcell,cnn1d,74.0,0.0022794984442140354,
topcell,cnn1d,75.0,0.002286472741184252,0.370002544764023
topcell,cnn1d,76.0,0.002251120520728516,
topcell,cnn1d,77.0,0.002196142313850857,
topcell,cnn1d,78.0,0.0021256963920727313,
topcell,cnn1d,79.0,0.0021212519389553455,
topcell,cnn1d,80.0,0.0021298421234815425,0.4148855750000789
topcell,cnn1d,81.0,0.002078301153112361,
topcell,cnn1d,82.0,0.002143158581875965,
topcell,cnn1d,83.0,0.0021045653709443756,
topcell,cnn1d,84.0,0.0021140723151938244,
topcell,cnn1d,85.0,0.0020435509511958112,0.4083352447858935
topcell,cnn1d,86.0,0.0019999322062665714,
topcell,cnn1d,87.0,0.0019658966925453266,
topcell,cnn1d,88.0,0.0019892017944944124,
topcell,cnn1d,89.0,0.0019582437888527398,
topcell,cnn1d,90.0,0.001983593334433691,0.35420945358645395
topcell,cnn1d,91.0,0.0019508223217247237,
topcell,cnn1d,92.0,0.001950274732440344,
topcell,cnn1d,93.0,0.001875787837033408,
topcell,cnn1d,94.0,0.0018745105543466988,
topcell,cnn1d,95.0,0.001855574546968622,0.3233844287476688
topcell,cnn1d,96.0,0.0018384510300648615,
topcell,cnn1d,97.0,0.001787874718501938,
topcell,cnn1d,98.0,0.0018273170813240631,
topcell,cnn1d,99.0,0.0019285496526702391,
topcell,cnn1d,100.0,0.0017963470303348518,0.39772566690618044
topcell,cnn1d,101.0,0.0017300017886922726,
topcell,cnn1d,102.0,0.0016815372073604098,
topcell,cnn1d,103.0,0.0016783365737100822,
topcell,cnn1d,104.0,0.0017141217481941773,
topcell,cnn1d,105.0,0.0016835683985633977,0.32229788206640075
topcell,cnn1d,106.0,0.001680410219760923,
topcell,cnn1d,107.0,0.001630665299476429,
topcell,cnn1d,108.0,0.0016637799829400334,
topcell,cnn1d,109.0,0.0016027084418324107,
topcell,cnn1d,110.0,0.0016187946313050013,0.6069985487396072
topcell,cnn1d,111.0,0.0017143217198808075,
topcell,cnn1d,112.0,0.0016242643086621566,
topcell,cnn1d,113.0,0.0016432816725221245,
topcell,cnn1d,114.0,0.0015799622454643078,
topcell,cnn1d,115.0,0.0015962904099982226,0.7377452354044451
topcell,cnn1d,116.0,0.001751662735626934,
topcell,cnn1d,117.0,0.0015095266591837228,
topcell,cnn1d,118.0,0.0015178108933376305,
topcell,cnn1d,119.0,0.0015513921544841062,
topcell,cnn1d,120.0,0.0015003048087745671,0.3306425994937555
topcell,cnn1d,121.0,0.0014836177503640656,
topcell,cnn1d,122.0,0.0015106154973012717,
topcell,cnn1d,123.0,0.0015599754363094817,
topcell,cnn1d,124.0,0.0015069450949150394,
topcell,cnn1d,125.0,0.0015377960763159693,0.35051366311907883
topcell,cnn1d,126.0,0.0015058605232370333,
topcell,cnn1d,127.0,0.0015041996025976822,
topcell,cnn1d,128.0,0.001437666026434799,
topcell,cnn1d,129.0,0.001430044510495004,
topcell,cnn1d,130.0,0.0014695319020349258,0.3221711187409204
topcell,cnn1d,131.0,0.0014643704673404506,
topcell,cnn1d,132.0,0.0013899036251998095,
topcell,cnn1d,133.0,0.0014481683202065747,
topcell,cnn1d,134.0,0.0014444575695440668,
topcell,cnn1d,135.0,0.0014900101104376251,0.5624193338565422
topcell,cnn1d,136.0,0.0014830773795570602,
topcell,cnn1d,137.0,0.0014026939260062836,
topcell,cnn1d,138.0,0.0013541136787790287,
topcell,cnn1d,139.0,0.0013535348327090911,
topcell,cnn1d,140.0,0.0015850948637293498,0.3444343554409118
topcell,cnn1d,141.0,0.0014361491602939756,
topcell,cnn1d,142.0,0.0013284738919816946,
topcell,cnn1d,143.0,0.0013507839638229851,
topcell,cnn1d,144.0,0.00138452396889846,
topcell,cnn1d,145.0,0.001341173458324736,0.4695701777571545
topcell,cnn1d,146.0,0.001459744936015114,
topcell,cnn1d,147.0,0.0013232101336787794,
topcell,cnn1d,148.0,0.0013054694940757873,
topcell,cnn1d,149.0,0.0014232658112696035,
topcell,cnn1d,150.0,0.0013183005620717866,0.31259686494818134
topcell,cnn1d,151.0,0.0013487369994356652,
topcell,cnn1d,152.0,0.0013292826397529817,
topcell,cnn1d,153.0,0.0013707612018195993,
topcell,cnn1d,154.0,0.0013648196533386377,
topcell,cnn1d,155.0,0.0012804808476252927,0.3083441642252061
topcell,cnn1d,156.0,0.0012976589607670828,
topcell,cnn1d,157.0,0.0012874503766606006,
topcell,cnn1d,158.0,0.0012408986761896028,
topcell,cnn1d,159.0,0.0012920011729891127,
topcell,cnn1d,160.0,0.0012669181191718708,0.3452992941354638
topcell,cnn1d,161.0,0.0012732403914026216,
topcell,cnn1d,162.0,0.0012757252298207199,
topcell,cnn1d,163.0,0.0013163375225793332,
topcell,cnn1d,164.0,0.0012239069145059168,
topcell,cnn1d,165.0,0.0012443562260798535,0.36899921111034534
topcell,cnn1d,166.0,0.0012708307489132514,
topcell,cnn1d,167.0,0.0012327239957630413,
topcell,cnn1d,168.0,0.0012460885704277988,
topcell,cnn1d,169.0,0.0012969655500179116,
topcell,cnn1d,170.0,0.0012621420693874185,0.32606693549605426
topcell,cnn1d,171.0,0.0012376987370294125,
topcell,cnn1d,172.0,0.0012611774644232458,
topcell,cnn1d,173.0,0.0012476163117603057,
topcell,cnn1d,174.0,0.001225388906255144,
topcell,cnn1d,175.0,0.0012505208574167524,0.2421931729530262
topcell,cnn1d,176.0,0.0011741542906195865,
topcell,cnn1d,177.0,0.0011856894842205321,
topcell,cnn1d,178.0,0.0012516518256925535,
topcell,cnn1d,179.0,0.0012214598794160812,
topcell,cnn1d,180.0,0.001202192885096171,0.42053212759706715
topcell,cnn1d,181.0,0.001213254711636461,
topcell,cnn1d,182.0,0.0012503689026836385,
topcell,cnn1d,183.0,0.0011789756981770106,
topcell,cnn1d,184.0,0.0011772663302112608,
topcell,cnn1d,185.0,0.0012114926617370833,0.41723966102562604
topcell,cnn1d,186.0,0.0012491088956664723,
topcell,cnn1d,187.0,0.0011858436159201116,
topcell,cnn1d,188.0,0.0011617795144673274,
topcell,cnn1d,189.0,0.0011503464161916573,
topcell,cnn1d,190.0,0.0012231914794335807,0.2698343913140634
topcell,cnn1d,191.0,0.001183839482547644,
topcell,cnn1d,192.0,0.0011483029224360352,
topcell,cnn1d,193.0,0.0011755851436657586,
topcell,cnn1d,194.0,0.0011661785907123533,
topcell,cnn1d,195.0,0.001145331735739717,0.29007889196397024
topcell,cnn1d,196.0,0.001158558004276121,
topcell,cnn1d,197.0,0.0011551817923140697,
topcell,cnn1d,198.0,0.0011232713991321565,
topcell,cnn1d,199.0,0.0011356982047465599,
topcell,cnn1d,200.0,0.001124945029777758,0.30367706195298955
topcell,cnn1d,201.0,0.0010911317881888928,
topcell,cnn1d,202.0,0.0011259077891953267,
topcell,cnn1d,203.0,0.0011354729509268219,
topcell,cnn1d,204.0,0.001134023262245832,
topcell,cnn1d,205.0,0.0011321720778660624,0.31605731026877354
topcell,cnn1d,206.0,0.001123175242261443,
topcell,cnn1d,207.0,0.0011054912758185313,
topcell,cnn1d,208.0,0.0011470790802015167,
topcell,cnn1d,209.0,0.0011832690365705687,
topcell,cnn1d,210.0,0.001199147052169709,0.37560797937783874
topcell,cnn1d,211.0,0.0011487260513752676,
topcell,cnn1d,212.0,0.001183484730146031,
topcell,cnn1d,213.0,0.001081978440919016,
topcell,cnn1d,214.0,0.0011275533641128452,
topcell,cnn1d,215.0,0.0010679024005805027,0.2510275696072491
topcell,tcn,1.0,0.36375598035971124,20.693886152174954
topcell,tcn,2.0,0.15933549584101617,
topcell,tcn,3.0,0.040631022996821815,
topcell,tcn,4.0,0.030238884164755245,
topcell,tcn,5.0,0.02694019105942457,2.1943772740365994
topcell,tcn,6.0,0.02440238229747681,
topcell,tcn,7.0,0.022585299593892143,
topcell,tcn,8.0,0.02116256159476321,
topcell,tcn,9.0,0.019708390871604753,
topcell,tcn,10.0,0.018105674015127565,1.4049165766236793
topcell,tcn,11.0,0.015871342446045107,
topcell,tcn,12.0,0.013370580717329775,
topcell,tcn,13.0,0.01138998105666646,
topcell,tcn,14.0,0.010559530780722573,
topcell,tcn,15.0,0.010073739447940861,0.7276921474083605
topcell,tcn,16.0,0.009471618899831464,
topcell,tcn,17.0,0.00923418998477148,
topcell,tcn,18.0,0.008823010897591447,
topcell,tcn,19.0,0.008565609878086619,
topcell,tcn,20.0,0.00829949528836936,0.7744674066824474
topcell,tcn,21.0,0.00815232131622233,
topcell,tcn,22.0,0.007785711764075322,
topcell,tcn,23.0,0.007818179757895252,
topcell,tcn,24.0,0.00744146992535962,
topcell,tcn,25.0,0.007256947741908356,0.6983965479478632
topcell,tcn,26.0,0.007186698221504545,
topcell,tcn,27.0,0.006941836368769644,
topcell,tcn,28.0,0.00666971278990383,
topcell,tcn,29.0,0.0066244034529808074,
topcell,tcn,30.0,0.00642690693793159,0.6810356948907008
topcell,tcn,31.0,0.006403247199268614,
topcell,tcn,32.0,0.00630091176157705,
topcell,tcn,33.0,0.006013966351642157,
topcell,tcn,34.0,0.005957009419035404,
topcell,tcn,35.0,0.005668937105902131,0.7136840070963572
topcell,tcn,36.0,0.005626682160614304,
topcell,tcn,37.0,0.005475022502499088,
topcell,tcn,38.0,0.005417974668445679,
topcell,tcn,39.0,0.005405505278107583,
topcell,tcn,40.0,0.005230566902847737,0.6864294633624043
topcell,tcn,41.0,0.0049558051418504365,
topcell,tcn,42.0,0.005011814424656634,
topcell,tcn,43.0,0.004872016458727952,
topcell,tcn,44.0,0.004893877935778977,
topcell,tcn,45.0,0.0047097595374065,0.5923163086925508
topcell,tcn,46.0,0.004681935119286353,
topcell,tcn,47.0,0.004609050280567904,
topcell,tcn,48.0,0.004492410699089357,
topcell,tcn,49.0,0.004434402322238813,
topcell,tcn,50.0,0.004350395143569658,0.6297476436453461
topcell,tcn,51.0,0.004359740457517792,
topcell,tcn,52.0,0.004129592582879675,
topcell,tcn,53.0,0.004244614077280307,
topcell,tcn,54.0,0.004192865171689079,
topcell,tcn,55.0,0.004130370782907455,0.6897840467845778
topcell,tcn,56.0,0.004061704889191942,
topcell,tcn,57.0,0.00401878815774015,
topcell,tcn,58.0,0.004004078881367062,
topcell,tcn,59.0,0.0038584643389842728,
topcell,tcn,60.0,0.0037198570747591707,0.7168562145766203
topcell,tcn,61.0,0.0037923813868761844,
topcell,tcn,62.0,0.0037950417301188363,
topcell,tcn,63.0,0.003763049480596756,
topcell,tcn,64.0,0.0038529035691865785,
topcell,tcn,65.0,0.00365848983146531,0.6925331469838681
topcell,tcn,66.0,0.0035207073006537836,
topcell,tcn,67.0,0.003552111054731172,
topcell,tcn,68.0,0.0034893212184218207,
topcell,tcn,69.0,0.003601767416791103,
topcell,tcn,70.0,0.003428679064304423,0.7305907567289104
topcell,tcn,71.0,0.0034307818291007285,
topcell,tcn,72.0,0.0033553033865868225,
topcell,tcn,73.0,0.003353922588853643,
topcell,tcn,74.0,0.0032878697504781992,
topcell,tcn,75.0,0.00333160177842677,0.7028794033366296
topcell,tcn,76.0,0.003275708190619794,
topcell,tcn,77.0,0.003225785700957823,
topcell,tcn,78.0,0.003278088589217231,
topcell,tcn,79.0,0.00324796963825616,
topcell,tcn,80.0,0.0031929600385325395,0.6050129639863137
topcell,tcn,81.0,0.0030556147323725904,
topcell,tcn,82.0,0.0032119302960250643,
topcell,tcn,83.0,0.0030959178569667373,
topcell,tcn,84.0,0.0030575975239067006,
topcell,tcn,85.0,0.003063741983379199,0.7136454226110779
topcell,gru,1.0,0.3549485662685123,19.09775228489223
topcell,gru,2.0,0.18348732295383663,
topcell,gru,3.0,0.04920871925593661,
topcell,gru,4.0,0.03175464520405906,
topcell,gru,5.0,0.025207367062902504,2.397099465863464
topcell,gru,6.0,0.02125372446365949,
topcell,gru,7.0,0.018581889678603847,
topcell,gru,8.0,0.01677510272836995,
topcell,gru,9.0,0.015413795864899929,
topcell,gru,10.0,0.014226132508013915,1.6495472174056909
topcell,gru,11.0,0.012912802364925983,
topcell,gru,12.0,0.011178329063103017,
topcell,gru,13.0,0.008789227876328002,
topcell,gru,14.0,0.006649318158969029,
topcell,gru,15.0,0.0057500800733667964,0.8435066796213896
topcell,gru,16.0,0.0052740765156913645,
topcell,gru,17.0,0.004980809094732593,
topcell,gru,18.0,0.00473970499025208,
topcell,gru,19.0,0.004536073587979969,
topcell,gru,20.0,0.00434469805579898,0.7277210541640927
topcell,gru,21.0,0.004147732169049758,
topcell,gru,22.0,0.00403169334591457,
topcell,gru,23.0,0.0038317352827870127,
topcell,gru,24.0,0.0036523829559509577,
topcell,gru,25.0,0.00348285836232424,0.5866945647878843
topcell,gru,26.0,0.003349901459671149,
topcell,gru,27.0,0.0031759943684322263,
topcell,gru,28.0,0.0030320787795735074,
topcell,gru,29.0,0.0029267374117612627,
topcell,gru,30.0,0.0027903170918858427,0.5321556424869666
topcell,gru,31.0,0.002666810742265471,
topcell,gru,32.0,0.002574663341012786,
topcell,gru,33.0,0.002452246839230957,
topcell,gru,34.0,0.002375602110580048,
topcell,gru,35.0,0.0022676865828772067,0.4615963307459883
topcell,gru,36.0,0.0021762601649782023,
topcell,gru,37.0,0.00215124604321793,
topcell,gru,38.0,0.0020874247366231466,
topcell,gru,39.0,0.00201204545522278,
topcell,gru,40.0,0.0019378980399827948,0.439517110244303
topcell,gru,41.0,0.0018711588285280115,
topcell,gru,42.0,0.001840763656029147,
topcell,gru,43.0,0.0017881846437297754,
topcell,gru,44.0,0.0017276253987835856,
topcell,gru,45.0,0.0016869953268591749,0.3991506024991117
topcell,gru,46.0,0.0016485595738311076,
topcell,gru,47.0,0.001618197375607554,
topcell,gru,48.0,0.001581614702709967,
topcell,gru,49.0,0.0015368362101828759,
topcell,gru,50.0,0.0014960483798579006,0.41681509334488853
topcell,gru,51.0,0.0014873161751908757,
topcell,gru,52.0,0.00145930627654473,
topcell,gru,53.0,0.0014339945317454563,
topcell,gru,54.0,0.00136797927878335,
topcell,gru,55.0,0.0013949369804879077,0.39032733424790744
topcell,gru,56.0,0.0013236057551333218,
topcell,gru,57.0,0.0013273078794206912,
topcell,gru,58.0,0.001276392547531327,
topcell,gru,59.0,0.001250012538293655,
topcell,gru,60.0,0.0012086621056556215,0.38109598909832704
topcell,gru,61.0,0.0011910709445955283,
topcell,gru,62.0,0.0011754153710223738,
topcell,gru,63.0,0.0011596289459030586,
topcell,gru,64.0,0.0011309910695567794,
topcell,gru,65.0,0.0011026464182970282,0.3662115475561749
topcell,gru,66.0,0.0010659943364034613,
topcell,gru,67.0,0.0010533871703543082,
topcell,gru,68.0,0.00103963401190484,
topcell,gru,69.0,0.001011808416170982,
topcell,gru,70.0,0.0010009970855657717,0.3662331013074966
topcell,gru,71.0,0.0009653738446085178,
topcell,gru,72.0,0.0009358147503779656,
topcell,gru,73.0,0.0009254539292312207,
topcell,gru,74.0,0.0009287610119578556,
topcell,gru,75.0,0.0009021125317141523,0.3056193548548926
topcell,gru,76.0,0.0008632373177689894,
topcell,gru,77.0,0.0008684098102816799,
topcell,gru,78.0,0.0008444318306991108,
topcell,gru,79.0,0.0008084530997400585,
topcell,gru,80.0,0.0008015087600694012,0.29651573513946644
topcell,gru,81.0,0.0007881495939876051,
topcell,gru,82.0,0.000785895495461153,
topcell,gru,83.0,0.0007578039427464572,
topcell,gru,84.0,0.0007438798298562173,
topcell,gru,85.0,0.0007389547473631581,0.3300208937495672
topcell,gru,86.0,0.0007038034211854554,
topcell,gru,87.0,0.0007007974459538389,
topcell,gru,88.0,0.0006890952820445156,
topcell,gru,89.0,0.0006830519867566399,
topcell,gru,90.0,0.000650026746274023,0.27217566281795114
topcell,gru,91.0,0.0006685166970795867,
topcell,gru,92.0,0.0006630085284523929,
topcell,gru,93.0,0.0006368165401412593,
topcell,gru,94.0,0.0006204328887921245,
topcell,gru,95.0,0.0006134492554952222,0.265069423275688
topcell,gru,96.0,0.0005944248079449916,
topcell,gru,97.0,0.000588875397008252,
topcell,gru,98.0,0.0005988333629435697,
topcell,gru,99.0,0.0005865817318252521,
topcell,gru,100.0,0.0005858912252744922,0.3001375548539745
topcell,gru,101.0,0.000567578454582682,
topcell,gru,102.0,0.000558748178012946,
topcell,gru,103.0,0.0005424805201591868,
topcell,gru,104.0,0.0005245522472562889,
topcell,gru,105.0,0.0005390212282228266,0.2821307564813016
topcell,gru,106.0,0.0005210708211298065,
topcell,gru,107.0,0.000516636330071446,
topcell,gru,108.0,0.0005397464774703529,
topcell,gru,109.0,0.0005048509965116382,
topcell,gru,110.0,0.0004845310631024813,0.3259714363974923
topcell,gru,111.0,0.0005059077552966409,
topcell,gru,112.0,0.0004917645384077886,
topcell,gru,113.0,0.0004713085336806049,
topcell,gru,114.0,0.00047971179303945357,
topcell,gru,115.0,0.00047205829044462015,0.26923798933537674
topcell,gru,116.0,0.0004609212009458442,
topcell,gru,117.0,0.00044480064062338694,
topcell,gru,118.0,0.00044080369322186243,
topcell,gru,119.0,0.0004460449440780389,
topcell,gru,120.0,0.00047417893172265407,0.31506364408295306
topcell,gru,121.0,0.0004393661724882941,
topcell,gru,122.0,0.0004293374905221923,
topcell,gru,123.0,0.0004294245917362784,
topcell,gru,124.0,0.00042499092713573335,
topcell,gru,125.0,0.00041447387663087965,0.26053842347763345
topcell,gru,126.0,0.0004172399792800232,
topcell,gru,127.0,0.0004015892181160677,
topcell,gru,128.0,0.00039604335711896206,
topcell,gru,129.0,0.00041919523595365356,
topcell,gru,130.0,0.00039129934182896824,0.24430627141435618
topcell,gru,131.0,0.00038811731580314204,
topcell,gru,132.0,0.0004060487260079378,
topcell,gru,133.0,0.00038146106120983016,
topcell,gru,134.0,0.0004139289058726325,
topcell,gru,135.0,0.00038989344868193876,0.2737629947598654
topcell,gru,136.0,0.0003703895094429296,
topcell,gru,137.0,0.0003658578078642692,
topcell,gru,138.0,0.0003637407319872789,
topcell,gru,139.0,0.00036245034493742606,
topcell,gru,140.0,0.00036358722638383704,0.2567555550636086
topcell,gru,141.0,0.0003742222368934628,
topcell,gru,142.0,0.0003570293884826693,
topcell,gru,143.0,0.00033797674277748885,
topcell,gru,144.0,0.00033803272581300615,
topcell,gru,145.0,0.0003432171649021131,0.35053330807235306
topcell,gru,146.0,0.0003820877990868161,
topcell,gru,147.0,0.00033275285690323285,
topcell,gru,148.0,0.00032184126651491,
topcell,gru,149.0,0.0003236735693303807,
topcell,gru,150.0,0.0003271784079417576,0.2984969492838325
topcell,gru,151.0,0.00031925134726430054,
topcell,gru,152.0,0.0003242427913095161,
topcell,gru,153.0,0.000314962618780951,
topcell,gru,154.0,0.0003133369676176849,
topcell,gru,155.0,0.00030935596584068367,0.26294715768960386
topcell,gru,156.0,0.0003028104514105276,
topcell,gru,157.0,0.00031772665974207976,
topcell,gru,158.0,0.0003030869264244881,
topcell,gru,159.0,0.00028629088508550144,
topcell,gru,160.0,0.00029872736526766186,0.2603803071995121
topcell,gru,161.0,0.00030134066235141854,
topcell,gru,162.0,0.00030574713506192734,
topcell,gru,163.0,0.0002998914564302048,
topcell,gru,164.0,0.0003005320804719612,
topcell,gru,165.0,0.0002808759719500432,0.24274479105907854
topcell,gru,166.0,0.0002974425211331348,
topcell,gru,167.0,0.00027469405166497885,
topcell,gru,168.0,0.0002744985521910626,
topcell,gru,169.0,0.00026917915450519486,
topcell,gru,170.0,0.00026214260580738054,0.22392518549852838
topcell,gru,171.0,0.00026902706239290955,
topcell,gru,172.0,0.0002526971013341539,
topcell,gru,173.0,0.0002586562483097951,
topcell,gru,174.0,0.00025384333807021447,
topcell,gru,175.0,0.00027796299700595515,0.24155387329905378
topcell,gru,176.0,0.00024836695778274415,
topcell,gru,177.0,0.0002455275644598024,
topcell,gru,178.0,0.0002901112383152198,
topcell,gru,179.0,0.00028116703753240364,
topcell,gru,180.0,0.00025043094595505544,0.23913146184873219
topcell,gru,181.0,0.00025372003351090627,
topcell,gru,182.0,0.00028478565147258163,
topcell,gru,183.0,0.00024838663479109004,
topcell,gru,184.0,0.00023948786276730528,
topcell,gru,185.0,0.00023962907582255455,0.25581395562482534
topcell,gru,186.0,0.00024141434266547053,
topcell,gru,187.0,0.0002462703132944618,
topcell,gru,188.0,0.00022710101948511007,
topcell,gru,189.0,0.00022937352577460774,
topcell,gru,190.0,0.0002483680152067336,0.23669842484129885
topcell,gru,191.0,0.00022857079385588003,
topcell,gru,192.0,0.0002487510020521343,
topcell,gru,193.0,0.00022814111596378183,
topcell,gru,194.0,0.00022379656578927118,
topcell,gru,195.0,0.00024302580798546923,0.2510234386596943
topcell,gru,196.0,0.00023365841009679434,
topcell,gru,197.0,0.00021156777653888594,
topcell,gru,198.0,0.0002122740397211746,
topcell,gru,199.0,0.00020978161302516522,
topcell,gru,200.0,0.00021026316099046526,0.20781742307531473
topcell,gru,201.0,0.00020135711960307895,
topcell,gru,202.0,0.0002241307103147337,
topcell,gru,203.0,0.00023636731648999244,
topcell,gru,204.0,0.00022019376423264587,
topcell,gru,205.0,0.00019982422561941332,0.22174302152612452
topcell,gru,206.0,0.00020864475795409995,
topcell,gru,207.0,0.00020276486284418596,
topcell,gru,208.0,0.00020640657772185594,
topcell,gru,209.0,0.00020738978553568299,
topcell,gru,210.0,0.00022599691108831233,0.21570267781337174
topcell,gru,211.0,0.0002089014344512254,
topcell,gru,212.0,0.00019415469853886435,
topcell,gru,213.0,0.0002290069677682536,
topcell,gru,214.0,0.00019453854703952467,
topcell,gru,215.0,0.00018358089160969244,0.22923051871791492
topcell,gru,216.0,0.0001844191706277561,
topcell,gru,217.0,0.0001902064443456253,
topcell,gru,218.0,0.00018215075451773218,
topcell,gru,219.0,0.00018114290549169827,
topcell,gru,220.0,0.00017590979042923004,0.2308256941872388
topcell,gru,221.0,0.0002046641863680822,
topcell,gru,222.0,0.00017793115508790008,
topcell,gru,223.0,0.00018301609545904237,
topcell,gru,224.0,0.00020023667790965074,
topcell,gru,225.0,0.00018561341540428513,0.1921022805737336
topcell,gru,226.0,0.00017836982460820016,
topcell,gru,227.0,0.00018792027717318938,
topcell,gru,228.0,0.00018214736783239322,
topcell,gru,229.0,0.000167406081475729,
topcell,gru,230.0,0.0002383648781267525,0.2037451346378936
topcell,gru,231.0,0.00020780265119125236,
topcell,gru,232.0,0.00017505801410084627,
topcell,gru,233.0,0.00017118965874237486,
topcell,gru,234.0,0.00016620649087137134,
topcell,gru,235.0,0.00018645652538523924,0.20894752165238947
topcell,gru,236.0,0.0001629673681792672,
topcell,gru,237.0,0.00016569641055730133,
topcell,gru,238.0,0.00015884180636112046,
topcell,gru,239.0,0.00015158740119580855,
topcell,gru,240.0,0.000157495153923127,0.20035112305638633
topcell,gru,241.0,0.00016735487101354366,
topcell,gru,242.0,0.00017434332999826727,
topcell,gru,243.0,0.00017079364474992872,
topcell,gru,244.0,0.00015727508217670057,
topcell,gru,245.0,0.0001912320689904276,0.19463043365606827
topcell,gru,246.0,0.0001771802152532054,
topcell,gru,247.0,0.00016624950428538178,
topcell,gru,248.0,0.00015658328296115238,
topcell,gru,249.0,0.00015831187314243353,
topcell,gru,250.0,0.000151839122288434,0.20057208093229054
topcell,gru,251.0,0.00015261530164641064,
topcell,gru,252.0,0.00015337110795976298,
topcell,gru,253.0,0.00015924263521840119,
topcell,gru,254.0,0.0001498200446905604,
topcell,gru,255.0,0.00023329518175046275,0.30032906511350765
topcell,gru,256.0,0.0001683956665298263,
topcell,gru,257.0,0.00014363815651065827,
topcell,gru,258.0,0.0001490599676175656,
topcell,gru,259.0,0.00015273844104148496,
topcell,gru,260.0,0.00015662468606935759,0.15965029285542473
topcell,gru,261.0,0.0001576330045765452,
topcell,gru,262.0,0.00016868175931360096,
topcell,gru,263.0,0.00017456539622105163,
topcell,gru,264.0,0.00015344179975251384,
topcell,gru,265.0,0.00014448026554724256,0.15776105823551337
topcell,gru,266.0,0.0001376770135579929,
topcell,gru,267.0,0.00013799844298403464,
topcell,gru,268.0,0.00014396074115410486,
topcell,gru,269.0,0.0001486057430552325,
topcell,gru,270.0,0.00019771988739731178,0.15492582940551605
topcell,gru,271.0,0.00013415499388725715,
topcell,gru,272.0,0.0001298549715945603,
topcell,gru,273.0,0.00014528319850976924,
topcell,gru,274.0,0.000146756500628503,
topcell,gru,275.0,0.00014510912504794274,0.16226143984008404
topcell,gru,276.0,0.0001310489387023636,
topcell,gru,277.0,0.00013073291413035523,
topcell,gru,278.0,0.0001460097858058684,
topcell,gru,279.0,0.0001578004829741257,
topcell,gru,280.0,0.00015230971179781247,0.16395806932993054
topcell,gru,281.0,0.0001302022337390515,
topcell,gru,282.0,0.0001353312592045227,
topcell,gru,283.0,0.00015894572185809838,
topcell,gru,284.0,0.000164694290119932,
topcell,gru,285.0,0.00013179081414928202,0.1639243713632033
topcell,gru,286.0,0.00013124444456548,
topcell,gru,287.0,0.0001325024777745548,
topcell,gru,288.0,0.00012465113612169094,
topcell,gru,289.0,0.0001292148361788206,
topcell,gru,290.0,0.00012898213005062623,0.1782650466642486
topcell,gru,291.0,0.00016307851479559543,
topcell,gru,292.0,0.00013253876511161062,
topcell,gru,293.0,0.00012328135077746747,
topcell,gru,294.0,0.0001353854543553986,
topcell,gru,295.0,0.0001371790168811875,0.14977103772442
topcell,gru,296.0,0.0001206712763516843,
topcell,gru,297.0,0.0001253247951930031,
topcell,gru,298.0,0.0001245219528161465,
topcell,gru,299.0,0.00012092680174686832,
topcell,gru,300.0,0.00012975384979239016,0.12563651780177068
topcell,lstm,1.0,0.35728403358777533,20.781086869483403
topcell,lstm,2.0,0.2133034554348422,
topcell,lstm,3.0,0.06035092718049501,
topcell,lstm,4.0,0.034506039143626564,
topcell,lstm,5.0,0.024648737263989477,2.274893010989576
topcell,lstm,6.0,0.02018430432091289,
topcell,lstm,7.0,0.017981475191173744,
topcell,lstm,8.0,0.016625742106913314,
topcell,lstm,9.0,0.015492834427567484,
topcell,lstm,10.0,0.01425516390415443,1.511622286186141
topcell,lstm,11.0,0.012092168557554126,
topcell,lstm,12.0,0.007949901051635455,
topcell,lstm,13.0,0.0056853400534541895,
topcell,lstm,14.0,0.005065555027553876,
topcell,lstm,15.0,0.004686544023593753,0.684029310712969
topcell,lstm,16.0,0.004389989326519684,
topcell,lstm,17.0,0.004146388727537257,
topcell,lstm,18.0,0.003963900174189914,
topcell,lstm,19.0,0.003680312025622127,
topcell,lstm,20.0,0.003448099673003339,0.6302536100085059
topcell,lstm,21.0,0.0032687464737799874,
topcell,lstm,22.0,0.0031054556869279147,
topcell,lstm,23.0,0.0029441975733913604,
topcell,lstm,24.0,0.0027989806191544087,
topcell,lstm,25.0,0.0026913600176569443,0.5104241163941864
topcell,lstm,26.0,0.00256479878345526,
topcell,lstm,27.0,0.002513660051296315,
topcell,lstm,28.0,0.0023737072981042883,
topcell,lstm,29.0,0.0023454233086844852,
topcell,lstm,30.0,0.0022554214741391286,0.45819706927902365
topcell,lstm,31.0,0.002142885912096795,
topcell,lstm,32.0,0.002118884749494839,
topcell,lstm,33.0,0.0020374309986031557,
topcell,lstm,34.0,0.0021033351040394394,
topcell,lstm,35.0,0.0019435765886139207,0.4069648411259457
topcell,lstm,36.0,0.001870107329350742,
topcell,lstm,37.0,0.0018319130125993505,
topcell,lstm,38.0,0.0018172301617760823,
topcell,lstm,39.0,0.0017144728029542203,
topcell,lstm,40.0,0.00180847530414317,0.3945110620462677
topcell,lstm,41.0,0.001608666628063347,
topcell,lstm,42.0,0.0016305049595661657,
topcell,lstm,43.0,0.0015353678855921002,
topcell,lstm,44.0,0.0014474988309864704,
topcell,lstm,45.0,0.0014136907767914606,0.3464306741729811
topcell,lstm,46.0,0.0013540774888943278,
topcell,lstm,47.0,0.0013469795137443883,
topcell,lstm,48.0,0.0013381606142255002,
topcell,lstm,49.0,0.0012724730678398165,
topcell,lstm,50.0,0.0012259211803767125,0.32880677205912545
topcell,lstm,51.0,0.0011904523757997557,
topcell,lstm,52.0,0.0011499202211639604,
topcell,lstm,53.0,0.0011454135364188096,
topcell,lstm,54.0,0.0011004844559472093,
topcell,lstm,55.0,0.001240624142673935,0.3212166546456107
topcell,lstm,56.0,0.0010531795621865488,
topcell,lstm,57.0,0.0010303166956590287,
topcell,lstm,58.0,0.0009810939099037165,
topcell,lstm,59.0,0.0009906675481256271,
topcell,lstm,60.0,0.0009562633414502168,0.33134465726864615
topcell,lstm,61.0,0.0009354748558452388,
topcell,lstm,62.0,0.0009185968710364949,
topcell,lstm,63.0,0.0009145492088019108,
topcell,lstm,64.0,0.000886589134820907,
topcell,lstm,65.0,0.0008626802711951318,0.2861602740780292
topcell,lstm,66.0,0.0008511114477551099,
topcell,lstm,67.0,0.0008618244219676731,
topcell,lstm,68.0,0.0008734352811603995,
topcell,lstm,69.0,0.0008068998869176515,
topcell,lstm,70.0,0.000859136395525959,0.38644304144710684
topcell,lstm,71.0,0.0007770958268434703,
topcell,lstm,72.0,0.0007335139513733562,
topcell,lstm,73.0,0.0007445850700388901,
topcell,lstm,74.0,0.0007510621813741822,
topcell,lstm,75.0,0.0007301584982635724,0.2637203956795828
topcell,lstm,76.0,0.0007217943653658465,
topcell,lstm,77.0,0.0006997006463017624,
topcell,lstm,78.0,0.0007051690427266107,
topcell,lstm,79.0,0.0006750922954109617,
topcell,lstm,80.0,0.0006573954210557571,0.2625581381003843
topcell,lstm,81.0,0.00067528050096492,
topcell,lstm,82.0,0.0006612100267338467,
topcell,lstm,83.0,0.0006657663130450943,
topcell,lstm,84.0,0.0006356229618879063,
topcell,lstm,85.0,0.0006908320927389344,0.23033637664498788
topcell,lstm,86.0,0.0006348687805232235,
topcell,lstm,87.0,0.0006414768716434263,
topcell,lstm,88.0,0.0006325568144882777,
topcell,lstm,89.0,0.0006070151306983727,
topcell,lstm,90.0,0.0006324569585208028,0.24242709712728866
topcell,lstm,91.0,0.0005961368338179936,
topcell,lstm,92.0,0.0006147581651318238,
topcell,lstm,93.0,0.0005649011840069496,
topcell,lstm,94.0,0.0005776586395044582,
topcell,lstm,95.0,0.0005298120379796131,0.24550883459021752
topcell,lstm,96.0,0.0005675056646311798,
topcell,lstm,97.0,0.000575011889205492,
topcell,lstm,98.0,0.0005387295863846371,
topcell,lstm,99.0,0.0005711624285989924,
topcell,lstm,100.0,0.0005256399763360253,0.23350674803855084
topcell,lstm,101.0,0.0005933351922094916,
topcell,lstm,102.0,0.0005092893707484835,
topcell,lstm,103.0,0.0005300169779628304,
topcell,lstm,104.0,0.0004889237135856957,
topcell,lstm,105.0,0.0005140171840274037,0.22996211578197462
topcell,lstm,106.0,0.0004938196913395082,
topcell,lstm,107.0,0.0005105360793163413,
topcell,lstm,108.0,0.00048133019225594123,
topcell,lstm,109.0,0.0004753502516398611,
topcell,lstm,110.0,0.0004487969309150053,0.28509161107848563
topcell,lstm,111.0,0.0005106709350037791,
topcell,lstm,112.0,0.00048251261728508697,
topcell,lstm,113.0,0.00046297420055796,
topcell,lstm,114.0,0.0004480797874478628,
topcell,lstm,115.0,0.0004760846898759348,0.20024768546394517
topcell,lstm,116.0,0.0004674989963435171,
topcell,lstm,117.0,0.0004232350954514812,
topcell,lstm,118.0,0.00042243725543178744,
topcell,lstm,119.0,0.00047757209202711293,
topcell,lstm,120.0,0.0004421571148013836,0.169846768179814
topcell,lstm,121.0,0.0004206874362349642,
topcell,lstm,122.0,0.0004179707124166705,
topcell,lstm,123.0,0.0004471805559608264,
topcell,lstm,124.0,0.0004645586108668718,
topcell,lstm,125.0,0.000425184317355063,0.2590442687344516
topcell,lstm,126.0,0.0004062638834362864,
topcell,lstm,127.0,0.000386756718083224,
topcell,lstm,128.0,0.0003784783718614488,
topcell,lstm,129.0,0.0003793194605359519,
topcell,lstm,130.0,0.00038091522488549625,0.3057485298492645
topcell,lstm,131.0,0.000404689846277995,
topcell,lstm,132.0,0.00042130428008312705,
topcell,lstm,133.0,0.00040196037270853323,
topcell,lstm,134.0,0.000372506825335566,
topcell,lstm,135.0,0.00035318490135687644,0.18703701573107154
topcell,lstm,136.0,0.00040841377042524237,
topcell,lstm,137.0,0.0003691061975340895,
topcell,lstm,138.0,0.00038874988554191353,
topcell,lstm,139.0,0.0003707953695338293,
topcell,lstm,140.0,0.0003889253359786852,0.34175124812231167
topcell,lstm,141.0,0.0003914399523439922,
topcell,lstm,142.0,0.0003491662432714274,
topcell,lstm,143.0,0.0003404202788593925,
topcell,lstm,144.0,0.0003292893304505932,
topcell,lstm,145.0,0.0003418698453042973,0.3231497935155679
topcell,lstm,146.0,0.00041546179248939117,
topcell,lstm,147.0,0.0003735685681514137,
topcell,lstm,148.0,0.00031928974049081255,
topcell,lstm,149.0,0.0003315331941605657,
topcell,lstm,150.0,0.00031181239018979515,0.1832068207021512
topcell,lstm,151.0,0.0003406038395330719,
topcell,lstm,152.0,0.000327503168892286,
topcell,lstm,153.0,0.00031722796807491483,
topcell,lstm,154.0,0.0003209327246217864,
topcell,lstm,155.0,0.00029760908753492517,0.18322452905786746
topcell,lstm,156.0,0.0003026525367587773,
topcell,lstm,157.0,0.0003753103036685738,
topcell,lstm,158.0,0.0003187879491748296,
topcell,lstm,159.0,0.0003275898750673579,
topcell,lstm,160.0,0.0003017751664315601,0.17273506122585544
linear_comsol,mlp,1.0,0.4337167136665782,3.3527440059915543
linear_comsol,mlp,2.0,0.4150955032251972,
linear_comsol,mlp,3.0,0.397388761501634,
linear_comsol,mlp,4.0,0.37829796446975356,
linear_comsol,mlp,5.0,0.3564367706428551,2.525990819921581
linear_comsol,mlp,6.0,0.3295255057299829,
linear_comsol,mlp,7.0,0.2984026631988952,
linear_comsol,mlp,8.0,0.2591876135592614,
linear_comsol,mlp,9.0,0.21417221711697443,
linear_comsol,mlp,10.0,0.16810587776431904,1.4243879527380483
linear_comsol,mlp,11.0,0.12430353966320161,
linear_comsol,mlp,12.0,0.09019101011842388,
linear_comsol,mlp,13.0,0.06774329476608477,
linear_comsol,mlp,14.0,0.054899615378204064,
linear_comsol,mlp,15.0,0.045870236801888335,0.7490074324147824
linear_comsol,mlp,16.0,0.040790805887102495,
linear_comsol,mlp,17.0,0.03880263494530241,
linear_comsol,mlp,18.0,0.03937497808287846,
linear_comsol,mlp,19.0,0.037088809186887194,
linear_comsol,mlp,20.0,0.035743404664754404,0.4812037258266361
linear_comsol,mlp,21.0,0.032989037360843285,
linear_comsol,mlp,22.0,0.03206798241492252,
linear_comsol,mlp,23.0,0.030622401647527848,
linear_comsol,mlp,24.0,0.029557009983002345,
linear_comsol,mlp,25.0,0.028591047562873558,0.3522633414849946
linear_comsol,mlp,26.0,0.028518066027318156,
linear_comsol,mlp,27.0,0.027512817555895394,
linear_comsol,mlp,28.0,0.026759201796432156,
linear_comsol,mlp,29.0,0.026073197106699437,
linear_comsol,mlp,30.0,0.025320741508742847,0.295872175790749
linear_comsol,mlp,31.0,0.024759512781529856,
linear_comsol,mlp,32.0,0.02445139607731914,
linear_comsol,mlp,33.0,0.02408215954665428,
linear_comsol,mlp,34.0,0.023513985017101863,
linear_comsol,mlp,35.0,0.022925392765272237,0.27015755727239665
linear_comsol,mlp,36.0,0.022298528282461302,
linear_comsol,mlp,37.0,0.022174214033395086,
linear_comsol,mlp,38.0,0.02129605573454939,
linear_comsol,mlp,39.0,0.020558837833940448,
linear_comsol,mlp,40.0,0.02091178794234268,0.22592477468706845
linear_comsol,mlp,41.0,0.02043184000434081,
linear_comsol,mlp,42.0,0.019733846400296053,
linear_comsol,mlp,43.0,0.01955415331531035,
linear_comsol,mlp,44.0,0.01927394374364838,
linear_comsol,mlp,45.0,0.018529848953792515,0.2666781339141197
linear_comsol,mlp,46.0,0.018472471979461353,
linear_comsol,mlp,47.0,0.01761916050598062,
linear_comsol,mlp,48.0,0.017701874011606056,
linear_comsol,mlp,49.0,0.016815144342523156,
linear_comsol,mlp,50.0,0.016962719354016036,0.23221633348237403
linear_comsol,mlp,51.0,0.01632516930076112,
linear_comsol,mlp,52.0,0.015856802750944816,
linear_comsol,mlp,53.0,0.015458054229633755,
linear_comsol,mlp,54.0,0.015533897099858696,
linear_comsol,mlp,55.0,0.014591894660292494,0.25919236029991216
linear_comsol,mlp,56.0,0.014521918036785281,
linear_comsol,mlp,57.0,0.014195182474340401,
linear_comsol,mlp,58.0,0.0136946614740494,
linear_comsol,mlp,59.0,0.013449422523910452,
linear_comsol,mlp,60.0,0.013086401799181918,0.2201986200266421
linear_comsol,mlp,61.0,0.012974156330112981,
linear_comsol,mlp,62.0,0.011903568540655718,
linear_comsol,mlp,63.0,0.012151825586773397,
linear_comsol,mlp,64.0,0.011981543432637838,
linear_comsol,mlp,65.0,0.01195946419729009,0.20702319385505757
linear_comsol,mlp,66.0,0.011362442238882955,
linear_comsol,mlp,67.0,0.010689694418130651,
linear_comsol,mlp,68.0,0.010620201404277371,
linear_comsol,mlp,69.0,0.010387753139902773,
linear_comsol,mlp,70.0,0.00982706062007462,0.1955111783807362
linear_comsol,mlp,71.0,0.009914191004036406,
linear_comsol,mlp,72.0,0.009768732202302836,
linear_comsol,mlp,73.0,0.009701171043872312,
linear_comsol,mlp,74.0,0.009343987364303082,
linear_comsol,mlp,75.0,0.009281807831155942,0.22576424536246542
linear_comsol,mlp,76.0,0.008707951432545838,
linear_comsol,mlp,77.0,0.008411151763185683,
linear_comsol,mlp,78.0,0.008123849338632874,
linear_comsol,mlp,79.0,0.00801786452762369,
linear_comsol,mlp,80.0,0.008022896148473407,0.2001142457193366
linear_comsol,mlp,81.0,0.007965075153455625,
linear_comsol,mlp,82.0,0.008222664976103607,
linear_comsol,mlp,83.0,0.007857964837076375,
linear_comsol,mlp,84.0,0.007130207379348633,
linear_comsol,mlp,85.0,0.007287935540302463,0.20659189280607523
linear_comsol,mlp,86.0,0.007328255218132916,
linear_comsol,mlp,87.0,0.006891644185618144,
linear_comsol,mlp,88.0,0.006754411525140513,
linear_comsol,mlp,89.0,0.006639499054357466,
linear_comsol,mlp,90.0,0.0070074046985651355,0.20086399288022466
linear_comsol,mlp,91.0,0.0063870268536204726,
linear_comsol,mlp,92.0,0.006671383369132211,
linear_comsol,mlp,93.0,0.0063227365638033675,
linear_comsol,mlp,94.0,0.006018573447575761,
linear_comsol,mlp,95.0,0.006278271055085774,0.19149849773313238
linear_comsol,mlp,96.0,0.0055990826234950525,
linear_comsol,mlp,97.0,0.005701111254131893,
linear_comsol,mlp,98.0,0.005636213753102123,
linear_comsol,mlp,99.0,0.0060452802424655165,
linear_comsol,mlp,100.0,0.00508565740489647,0.19863348154926525
linear_comsol,mlp,101.0,0.006106563824141913,
linear_comsol,mlp,102.0,0.005477090039724705,
linear_comsol,mlp,103.0,0.005434122172830286,
linear_comsol,mlp,104.0,0.005302866887445896,
linear_comsol,mlp,105.0,0.004867716829705554,0.19261686967839137
linear_comsol,mlp,106.0,0.005328533387718595,
linear_comsol,mlp,107.0,0.004917364079022002,
linear_comsol,mlp,108.0,0.004846693134439264,
linear_comsol,mlp,109.0,0.00472999410888883,
linear_comsol,mlp,110.0,0.005028639420505423,0.19789172319521037
linear_comsol,mlp,111.0,0.004784456039086258,
linear_comsol,mlp,112.0,0.004566781791207648,
linear_comsol,mlp,113.0,0.004693956113710392,
linear_comsol,mlp,114.0,0.0047217492148976,
linear_comsol,mlp,115.0,0.004462574021139819,0.23662668852322855
linear_comsol,mlp,116.0,0.0039949221466046856,
linear_comsol,mlp,117.0,0.004432160887882802,
linear_comsol,mlp,118.0,0.00434858557978089,
linear_comsol,mlp,119.0,0.003928032856754178,
linear_comsol,mlp,120.0,0.004493107208151189,0.18897414369141075
linear_comsol,mlp,121.0,0.003940580952606504,
linear_comsol,mlp,122.0,0.004139463394064367,
linear_comsol,mlp,123.0,0.0037547329841464967,
linear_comsol,mlp,124.0,0.004132634864513289,
linear_comsol,mlp,125.0,0.004110730978269022,0.1640502167029663
linear_comsol,mlp,126.0,0.004010249076217487,
linear_comsol,mlp,127.0,0.003778842681064087,
linear_comsol,mlp,128.0,0.003202142235881553,
linear_comsol,mlp,129.0,0.003856976287630098,
linear_comsol,mlp,130.0,0.0035739587107879948,0.17405757916478748
linear_comsol,mlp,131.0,0.0037143154532758033,
linear_comsol,mlp,132.0,0.0035936469522717643,
linear_comsol,mlp,133.0,0.0036017274105169445,
linear_comsol,mlp,134.0,0.003555474908338991,
linear_comsol,mlp,135.0,0.003931464081608844,0.17197813962943406
linear_comsol,mlp,136.0,0.0037942454673675417,
linear_comsol,mlp,137.0,0.0035425471963552997,
linear_comsol,mlp,138.0,0.0038795922909336993,
linear_comsol,mlp,139.0,0.003199574530166931,
linear_comsol,mlp,140.0,0.0037143872115373957,0.1569942331563996
linear_comsol,mlp,141.0,0.0035574413431334957,
linear_comsol,mlp,142.0,0.0036671856936069495,
linear_comsol,mlp,143.0,0.003375605101338617,
linear_comsol,mlp,144.0,0.0032458126986610355,
linear_comsol,mlp,145.0,0.0029410384974424245,0.1727821890041524
linear_comsol,mlp,146.0,0.003240449898203717,
linear_comsol,mlp,147.0,0.003287888244555305,
linear_comsol,mlp,148.0,0.0035831169546279356,
linear_comsol,mlp,149.0,0.0032006853262523485,
linear_comsol,mlp,150.0,0.0036176980003929733,0.13125725027897023
linear_comsol,mlp,151.0,0.002908541569970554,
linear_comsol,mlp,152.0,0.002915609221347617,
linear_comsol,mlp,153.0,0.00293530808938711,
linear_comsol,mlp,154.0,0.003763716989658913,
linear_comsol,mlp,155.0,0.0026809856648456524,0.09680228946030675
linear_comsol,mlp,156.0,0.002567723914461939,
linear_comsol,mlp,157.0,0.0033793302465895568,
linear_comsol,mlp,158.0,0.0029490350454762534,
linear_comsol,mlp,159.0,0.0030256518279874593,
linear_comsol,mlp,160.0,0.003206409583473247,0.12403135770614661
linear_comsol,mlp,161.0,0.002726813817837455,
linear_comsol,mlp,162.0,0.002704169440020952,
linear_comsol,mlp,163.0,0.003163514959958098,
linear_comsol,mlp,164.0,0.002791939275421061,
linear_comsol,mlp,165.0,0.0027562614905330646,0.12252176208492319
linear_comsol,mlp,166.0,0.0026076368905813226,
linear_comsol,mlp,167.0,0.0029466860370860664,
linear_comsol,mlp,168.0,0.0026611325466850363,
linear_comsol,mlp,169.0,0.002659260161602683,
linear_comsol,mlp,170.0,0.003254698266118937,0.11981239203748377
linear_comsol,mlp,171.0,0.0027253032515765973,
linear_comsol,mlp,172.0,0.002852890452574952,
linear_comsol,mlp,173.0,0.002692974351858609,
linear_comsol,mlp,174.0,0.0026769290036778646,
linear_comsol,mlp,175.0,0.003177711885500972,0.1600442938753477
linear_comsol,mlp,176.0,0.0027520659213896045,
linear_comsol,mlp,177.0,0.0023298061000996727,
linear_comsol,mlp,178.0,0.002420973102651725,
linear_comsol,mlp,179.0,0.0026600529358359244,
linear_comsol,mlp,180.0,0.0026777469376477662,0.10813915149946099
linear_comsol,mlp,181.0,0.0023837777598925223,
linear_comsol,mlp,182.0,0.0025534660538251933,
linear_comsol,mlp,183.0,0.002603027723923606,
linear_comsol,mlp,184.0,0.002531958802843213,
linear_comsol,mlp,185.0,0.002318569243213381,0.10340261769177966
linear_comsol,mlp,186.0,0.002167478889488942,
linear_comsol,mlp,187.0,0.0025943323149814354,
linear_comsol,mlp,188.0,0.003160671769114224,
linear_comsol,mlp,189.0,0.0024318621734291577,
linear_comsol,mlp,190.0,0.0021928658345526457,0.11383739161400136
linear_comsol,mlp,191.0,0.0020206134027622104,
linear_comsol,mlp,192.0,0.0020142489374777527,
linear_comsol,mlp,193.0,0.0030283199467230877,
linear_comsol,mlp,194.0,0.0029874247220094225,
linear_comsol,mlp,195.0,0.0020599738087769067,0.12766101946578784
linear_comsol,cnn1d,1.0,0.44710440179247035,2.5611374283410453
linear_comsol,cnn1d,2.0,0.42645886978752195,
linear_comsol,cnn1d,3.0,0.40413737752662326,
linear_comsol,cnn1d,4.0,0.3780136851061435,
linear_comsol,cnn1d,5.0,0.3475985399803686,1.5731963580599269
linear_comsol,cnn1d,6.0,0.30997541686045627,
linear_comsol,cnn1d,7.0,0.2648118076871389,
linear_comsol,cnn1d,8.0,0.21135756030251343,
linear_comsol,cnn1d,9.0,0.1541139658996291,
linear_comsol,cnn1d,10.0,0.10320921377827162,1.1581032244045781
linear_comsol,cnn1d,11.0,0.07465368140203939,
linear_comsol,cnn1d,12.0,0.06652108415751813,
linear_comsol,cnn1d,13.0,0.05812099362444928,
linear_comsol,cnn1d,14.0,0.04657642079434271,
linear_comsol,cnn1d,15.0,0.039533098665887195,0.6546392966646274
linear_comsol,cnn1d,16.0,0.036645012061296695,
linear_comsol,cnn1d,17.0,0.03339166735973618,
linear_comsol,cnn1d,18.0,0.030067693606538468,
linear_comsol,cnn1d,19.0,0.02848265957438988,
linear_comsol,cnn1d,20.0,0.027261350700125028,0.5476515021072967
linear_comsol,cnn1d,21.0,0.026378804991264642,
linear_comsol,cnn1d,22.0,0.0256727621666382,
linear_comsol,cnn1d,23.0,0.025161646290456623,
linear_comsol,cnn1d,24.0,0.024898474299035526,
linear_comsol,cnn1d,25.0,0.02455993142992803,0.4354840596553119
linear_comsol,cnn1d,26.0,0.024034558437501713,
linear_comsol,cnn1d,27.0,0.023803900439804765,
linear_comsol,cnn1d,28.0,0.023537395046413438,
linear_comsol,cnn1d,29.0,0.02337164385898472,
linear_comsol,cnn1d,30.0,0.02305970809630886,0.43877013861199265
linear_comsol,cnn1d,31.0,0.02310848470875712,
linear_comsol,cnn1d,32.0,0.022741255067636367,
linear_comsol,cnn1d,33.0,0.02250195026374456,
linear_comsol,cnn1d,34.0,0.022446704777029865,
linear_comsol,cnn1d,35.0,0.022370851993890446,0.38025242129372583
linear_comsol,cnn1d,36.0,0.022107428666358894,
linear_comsol,cnn1d,37.0,0.021851355896204884,
linear_comsol,cnn1d,38.0,0.021579256621077,
linear_comsol,cnn1d,39.0,0.021666363403237254,
linear_comsol,cnn1d,40.0,0.021194488719930925,0.35499626749595825
linear_comsol,cnn1d,41.0,0.021061603681583833,
linear_comsol,cnn1d,42.0,0.021105113205302437,
linear_comsol,cnn1d,43.0,0.02071436071501566,
linear_comsol,cnn1d,44.0,0.02053075357404337,
linear_comsol,cnn1d,45.0,0.02063883190271267,0.3517997371224303
linear_comsol,cnn1d,46.0,0.020299421251859566,
linear_comsol,cnn1d,47.0,0.020302706429697687,
linear_comsol,cnn1d,48.0,0.01991369044473247,
linear_comsol,cnn1d,49.0,0.019671712139941525,
linear_comsol,cnn1d,50.0,0.01946920808897749,0.3542652194632203
linear_comsol,cnn1d,51.0,0.019219360124855818,
linear_comsol,cnn1d,52.0,0.018934867947313392,
linear_comsol,cnn1d,53.0,0.0188901981255294,
linear_comsol,cnn1d,54.0,0.018965211187389818,
linear_comsol,cnn1d,55.0,0.018712336883458545,0.34592792256347726
linear_comsol,cnn1d,56.0,0.018427799853956713,
linear_comsol,cnn1d,57.0,0.018343499335169846,
linear_comsol,cnn1d,58.0,0.01785315901419566,
linear_comsol,cnn1d,59.0,0.017823332168757984,
linear_comsol,cnn1d,60.0,0.017645072301718363,0.30522019949291335
linear_comsol,cnn1d,61.0,0.01736492304852376,
linear_comsol,cnn1d,62.0,0.017298618941394592,
linear_comsol,cnn1d,63.0,0.017033050938640937,
linear_comsol,cnn1d,64.0,0.016672674441614813,
linear_comsol,cnn1d,65.0,0.01651842234918938,0.29737242917029905
linear_comsol,cnn1d,66.0,0.016458347667421134,
linear_comsol,cnn1d,67.0,0.01617366568950818,
linear_comsol,cnn1d,68.0,0.015916830216004037,
linear_comsol,cnn1d,69.0,0.01586951607406941,
linear_comsol,cnn1d,70.0,0.015463524821319198,0.29334186876470314
linear_comsol,cnn1d,71.0,0.015342750603392684,
linear_comsol,cnn1d,72.0,0.015012373109916996,
linear_comsol,cnn1d,73.0,0.014976144535206412,
linear_comsol,cnn1d,74.0,0.014684601761631031,
linear_comsol,cnn1d,75.0,0.014304863031015276,0.2713083622275944
linear_comsol,cnn1d,76.0,0.014160594272306136,
linear_comsol,cnn1d,77.0,0.014059946717327167,
linear_comsol,cnn1d,78.0,0.013721320774201889,
linear_comsol,cnn1d,79.0,0.013550094804160213,
linear_comsol,cnn1d,80.0,0.01348555947486962,0.280199325423134
linear_comsol,cnn1d,81.0,0.01305503723939038,
linear_comsol,cnn1d,82.0,0.012834653845960513,
linear_comsol,cnn1d,83.0,0.012314947208864656,
linear_comsol,cnn1d,84.0,0.012273695209203449,
linear_comsol,cnn1d,85.0,0.011876208775915179,0.2364126964627375
linear_comsol,cnn1d,86.0,0.011610578598979822,
linear_comsol,cnn1d,87.0,0.011454030664858155,
linear_comsol,cnn1d,88.0,0.011236724627685072,
linear_comsol,cnn1d,89.0,0.010907706464864424,
linear_comsol,cnn1d,90.0,0.010592354495837838,0.2679711627481195
linear_comsol,cnn1d,91.0,0.010496548013209343,
linear_comsol,cnn1d,92.0,0.010080866645803719,
linear_comsol,cnn1d,93.0,0.009709516158807338,
linear_comsol,cnn1d,94.0,0.009551522063124852,
linear_comsol,cnn1d,95.0,0.009261495784253218,0.27242176090875453
linear_comsol,cnn1d,96.0,0.00892672640108753,
linear_comsol,cnn1d,97.0,0.008796826237195632,
linear_comsol,cnn1d,98.0,0.008542807171444521,
linear_comsol,cnn1d,99.0,0.008467178196460748,
linear_comsol,cnn1d,100.0,0.007993642702825016,0.25244007015386827
linear_comsol,cnn1d,101.0,0.007888459128810237,
linear_comsol,cnn1d,102.0,0.007550227316207052,
linear_comsol,cnn1d,103.0,0.0072454560800933755,
linear_comsol,cnn1d,104.0,0.0069465040296610965,
linear_comsol,cnn1d,105.0,0.006799907446537669,0.23616439875135736
linear_comsol,cnn1d,106.0,0.006663999588698173,
linear_comsol,cnn1d,107.0,0.006401028158661906,
linear_comsol,cnn1d,108.0,0.006308551782278149,
linear_comsol,cnn1d,109.0,0.006188021965873166,
linear_comsol,cnn1d,110.0,0.005846341879160019,0.2693342141997044
linear_comsol,cnn1d,111.0,0.005606404225385679,
linear_comsol,cnn1d,112.0,0.005502852717187785,
linear_comsol,cnn1d,113.0,0.005283457167848233,
linear_comsol,cnn1d,114.0,0.0051483709090429,
linear_comsol,cnn1d,115.0,0.005059179137414365,0.2422786436524505
linear_comsol,cnn1d,116.0,0.005051803761701484,
linear_comsol,cnn1d,117.0,0.0049151809614681055,
linear_comsol,cnn1d,118.0,0.004724886668979194,
linear_comsol,cnn1d,119.0,0.004439296613579331,
linear_comsol,cnn1d,120.0,0.004686793421126797,0.20952201792271358
linear_comsol,cnn1d,121.0,0.00437049989943704,
linear_comsol,cnn1d,122.0,0.004262359467038565,
linear_comsol,cnn1d,123.0,0.004240142860106059,
linear_comsol,cnn1d,124.0,0.004159829481530827,
linear_comsol,cnn1d,125.0,0.004014734599171503,0.15797678157076206
linear_comsol,cnn1d,126.0,0.003792527218384368,
linear_comsol,cnn1d,127.0,0.0038760129087949307,
linear_comsol,cnn1d,128.0,0.0037612379615016007,
linear_comsol,cnn1d,129.0,0.0035578727533372044,
linear_comsol,cnn1d,130.0,0.003694152340540352,0.3625564708994191
linear_comsol,cnn1d,131.0,0.0037371903248998263,
linear_comsol,cnn1d,132.0,0.0036375019190210186,
linear_comsol,cnn1d,133.0,0.0034552115218918307,
linear_comsol,cnn1d,134.0,0.0033886379119967094,
linear_comsol,cnn1d,135.0,0.0034395954647192892,0.16331297656567276
linear_comsol,cnn1d,136.0,0.0032257688792585006,
linear_comsol,cnn1d,137.0,0.003262496048026258,
linear_comsol,cnn1d,138.0,0.0031944960286720567,
linear_comsol,cnn1d,139.0,0.0031213696351156,
linear_comsol,cnn1d,140.0,0.002938598897797994,0.15309681462377786
linear_comsol,cnn1d,141.0,0.002876482712045999,
linear_comsol,cnn1d,142.0,0.0028117303877123728,
linear_comsol,cnn1d,143.0,0.0029139196279882686,
linear_comsol,cnn1d,144.0,0.002712325371929499,
linear_comsol,cnn1d,145.0,0.002745541758568743,0.15453965672728373
linear_comsol,cnn1d,146.0,0.0027150735192950455,
linear_comsol,cnn1d,147.0,0.002640274077385277,
linear_comsol,cnn1d,148.0,0.0026697497685067586,
linear_comsol,cnn1d,149.0,0.002514193166810456,
linear_comsol,cnn1d,150.0,0.0025672693636824197,0.1485439611642343
linear_comsol,cnn1d,151.0,0.002529708537209767,
linear_comsol,cnn1d,152.0,0.0024145138174957743,
linear_comsol,cnn1d,153.0,0.002524893014391957,
linear_comsol,cnn1d,154.0,0.002378406629006038,
linear_comsol,cnn1d,155.0,0.002433434245810171,0.14711455688461342
linear_comsol,cnn1d,156.0,0.0023871731202753264,
linear_comsol,cnn1d,157.0,0.0022941294253116425,
linear_comsol,cnn1d,158.0,0.002321794553667848,
linear_comsol,cnn1d,159.0,0.002234321309255707,
linear_comsol,cnn1d,160.0,0.002247209631494221,0.2422279136877828
linear_comsol,cnn1d,161.0,0.0022877782134373276,
linear_comsol,cnn1d,162.0,0.0022415437486095974,
linear_comsol,cnn1d,163.0,0.002151220835013853,
linear_comsol,cnn1d,164.0,0.0020998316157122164,
linear_comsol,cnn1d,165.0,0.002118034084432279,0.15362364044944488
linear_comsol,cnn1d,166.0,0.0020644660751164665,
linear_comsol,cnn1d,167.0,0.002016720783809659,
linear_comsol,cnn1d,168.0,0.0020786157787077006,
linear_comsol,cnn1d,169.0,0.002085758265587776,
linear_comsol,cnn1d,170.0,0.001932577775348944,0.12433556528697218
linear_comsol,cnn1d,171.0,0.0019603342509186016,
linear_comsol,cnn1d,172.0,0.0020826826700423027,
linear_comsol,cnn1d,173.0,0.0021251638308134907,
linear_comsol,cnn1d,174.0,0.0019908031256071603,
linear_comsol,cnn1d,175.0,0.002041520430919213,0.12614823909967302
linear_comsol,cnn1d,176.0,0.0018949627639313381,
linear_comsol,cnn1d,177.0,0.0018733997598017495,
linear_comsol,cnn1d,178.0,0.0019355583953426883,
linear_comsol,cnn1d,179.0,0.001926020915829051,
linear_comsol,cnn1d,180.0,0.0018469789946969355,0.11898021183297755
linear_comsol,cnn1d,181.0,0.0018064611669151552,
linear_comsol,cnn1d,182.0,0.0018494002799907987,
linear_comsol,cnn1d,183.0,0.0017939054650130996,
linear_comsol,cnn1d,184.0,0.0017645670055531457,
linear_comsol,cnn1d,185.0,0.0018759360776966665,0.11812197692013064
linear_comsol,cnn1d,186.0,0.0018371539259535714,
linear_comsol,cnn1d,187.0,0.0017820028142094858,
linear_comsol,cnn1d,188.0,0.0017486664632683242,
linear_comsol,cnn1d,189.0,0.0018784130672384845,
linear_comsol,cnn1d,190.0,0.0017329406954195267,0.1187043563478995
linear_comsol,cnn1d,191.0,0.0017465199078955309,
linear_comsol,cnn1d,192.0,0.001706026591750853,
linear_comsol,cnn1d,193.0,0.0016902097865027358,
linear_comsol,cnn1d,194.0,0.0017093908390638558,
linear_comsol,cnn1d,195.0,0.0016462531434121841,0.10429679317767379
linear_comsol,cnn1d,196.0,0.0016161624366504515,
linear_comsol,cnn1d,197.0,0.0015833723450343496,
linear_comsol,cnn1d,198.0,0.001632833348274229,
linear_comsol,cnn1d,199.0,0.0016768982915007595,
linear_comsol,cnn1d,200.0,0.0016429900027333199,0.09797873690865394
linear_comsol,cnn1d,201.0,0.001608530610711675,
linear_comsol,cnn1d,202.0,0.0016312797864278157,
linear_comsol,cnn1d,203.0,0.0015709696445582167,
linear_comsol,cnn1d,204.0,0.0016296392162378414,
linear_comsol,cnn1d,205.0,0.0015669516594647042,0.10928859729988893
linear_comsol,cnn1d,206.0,0.0016248866645686827,
linear_comsol,cnn1d,207.0,0.0015929476715800493,
linear_comsol,cnn1d,208.0,0.0016105765516225257,
linear_comsol,cnn1d,209.0,0.0015299387217970457,
linear_comsol,cnn1d,210.0,0.0015343229391974272,0.08701713216144209
linear_comsol,cnn1d,211.0,0.0015475846722468498,
linear_comsol,cnn1d,212.0,0.0015463311816889833,
linear_comsol,cnn1d,213.0,0.0014586468661451101,
linear_comsol,cnn1d,214.0,0.0015179743879313878,
linear_comsol,cnn1d,215.0,0.001495005918852397,0.11918968468040267
linear_comsol,cnn1d,216.0,0.0014947683540092553,
linear_comsol,cnn1d,217.0,0.0015695751485233418,
linear_comsol,cnn1d,218.0,0.0015041813661536708,
linear_comsol,cnn1d,219.0,0.0015440034543222731,
linear_comsol,cnn1d,220.0,0.0014652189953575337,0.09600243520284056
linear_comsol,cnn1d,221.0,0.0015287882837118423,
linear_comsol,cnn1d,222.0,0.0015372505291401605,
linear_comsol,cnn1d,223.0,0.0014354445956107798,
linear_comsol,cnn1d,224.0,0.0014926818720603489,
linear_comsol,cnn1d,225.0,0.0013745093400456666,0.09507874436742603
linear_comsol,cnn1d,226.0,0.001452205316118014,
linear_comsol,cnn1d,227.0,0.0015194811512921104,
linear_comsol,cnn1d,228.0,0.0014821485175657953,
linear_comsol,cnn1d,229.0,0.0014421776590874697,
linear_comsol,cnn1d,230.0,0.0013660464708585072,0.08321422295075463
linear_comsol,cnn1d,231.0,0.0014326202255902916,
linear_comsol,cnn1d,232.0,0.0014121879292217138,
linear_comsol,cnn1d,233.0,0.0013820526139483261,
linear_comsol,cnn1d,234.0,0.001391591665258176,
linear_comsol,cnn1d,235.0,0.0014139640582784081,0.07425221349541644
linear_comsol,cnn1d,236.0,0.0014116064520109405,
linear_comsol,cnn1d,237.0,0.0013421314046130734,
linear_comsol,cnn1d,238.0,0.0014146106804378015,
linear_comsol,cnn1d,239.0,0.0013729143805596726,
linear_comsol,cnn1d,240.0,0.0013590376128887092,0.11597110170218344
linear_comsol,cnn1d,241.0,0.0012947093350551425,
linear_comsol,cnn1d,242.0,0.001328450199197221,
linear_comsol,cnn1d,243.0,0.0013345540287797732,
linear_comsol,cnn1d,244.0,0.0013584581362447883,
linear_comsol,cnn1d,245.0,0.0013648097910175928,0.09105818886372949
linear_comsol,cnn1d,246.0,0.0013106474193354015,
linear_comsol,cnn1d,247.0,0.0012744925172983586,
linear_comsol,cnn1d,248.0,0.0013756982975394888,
linear_comsol,cnn1d,249.0,0.0013295909652563164,
linear_comsol,cnn1d,250.0,0.001426706947312697,0.09179701267363902
linear_comsol,cnn1d,251.0,0.0014228375052149093,
linear_comsol,cnn1d,252.0,0.0013710392985225779,
linear_comsol,cnn1d,253.0,0.001343415509166518,
linear_comsol,cnn1d,254.0,0.0013317156417235719,
linear_comsol,cnn1d,255.0,0.0013721813017940738,0.09821443296699103
linear_comsol,cnn1d,256.0,0.0013230461214204286,
linear_comsol,cnn1d,257.0,0.0013299883154793601,
linear_comsol,cnn1d,258.0,0.0013420577840672207,
linear_comsol,cnn1d,259.0,0.001273146996786426,
linear_comsol,cnn1d,260.0,0.001272476881489294,0.07315153212661361
linear_comsol,cnn1d,261.0,0.0012223089044965463,
linear_comsol,cnn1d,262.0,0.0012523712526364126,
linear_comsol,cnn1d,263.0,0.0012466702114872054,
linear_comsol,cnn1d,264.0,0.001248882446349465,
linear_comsol,cnn1d,265.0,0.0012492920676188018,0.07075904698345231
linear_comsol,cnn1d,266.0,0.0012004677377579918,
linear_comsol,cnn1d,267.0,0.001297818872362984,
linear_comsol,cnn1d,268.0,0.00120244357724812,
linear_comsol,cnn1d,269.0,0.001230172360888634,
linear_comsol,cnn1d,270.0,0.001211455291261457,0.1127542285202108
linear_comsol,cnn1d,271.0,0.0012259843977121614,
linear_comsol,cnn1d,272.0,0.001220892479345255,
linear_comsol,cnn1d,273.0,0.001288827258035023,
linear_comsol,cnn1d,274.0,0.0012555036394518702,
linear_comsol,cnn1d,275.0,0.0012592616921956663,0.07653662589051051
linear_comsol,cnn1d,276.0,0.0012300832011265218,
linear_comsol,cnn1d,277.0,0.0012322054184645,
linear_comsol,cnn1d,278.0,0.0012210503094096672,
linear_comsol,cnn1d,279.0,0.0011346026702603066,
linear_comsol,cnn1d,280.0,0.0012072057304695868,0.0757702046195161
linear_comsol,cnn1d,281.0,0.0011829324831756469,
linear_comsol,cnn1d,282.0,0.0011772440664549416,
linear_comsol,cnn1d,283.0,0.001208782037158108,
linear_comsol,cnn1d,284.0,0.001227025296356263,
linear_comsol,cnn1d,285.0,0.0012397013226820705,0.10834035300851838
linear_comsol,cnn1d,286.0,0.001165278334205018,
linear_comsol,cnn1d,287.0,0.0011559258227804643,
linear_comsol,cnn1d,288.0,0.0011734427455184515,
linear_comsol,cnn1d,289.0,0.0011492428237082737,
linear_comsol,cnn1d,290.0,0.0011846879678467444,0.1412220922805038
linear_comsol,cnn1d,291.0,0.001176069983186375,
linear_comsol,cnn1d,292.0,0.0011204018590554863,
linear_comsol,cnn1d,293.0,0.001180735318817415,
linear_comsol,cnn1d,294.0,0.0011026899759606535,
linear_comsol,cnn1d,295.0,0.001156569521848796,0.07920561638749447
linear_comsol,cnn1d,296.0,0.0011845191656468645,
linear_comsol,cnn1d,297.0,0.001078941290528598,
linear_comsol,cnn1d,298.0,0.0011505700975203436,
linear_comsol,cnn1d,299.0,0.001123642731255374,
linear_comsol,cnn1d,300.0,0.0010602114827494432,0.07067398830927302
linear_comsol,tcn,1.0,0.4283071955412553,2.1042864476400798
linear_comsol,tcn,2.0,0.41531383005894246,
linear_comsol,tcn,3.0,0.40130435414072335,
linear_comsol,tcn,4.0,0.38387820550773893,
linear_comsol,tcn,5.0,0.362638563900108,2.0760244419160703
linear_comsol,tcn,6.0,0.33759597911858685,
linear_comsol,tcn,7.0,0.3109644503621697,
linear_comsol,tcn,8.0,0.28341833617614365,
linear_comsol,tcn,9.0,0.2555954799576219,
linear_comsol,tcn,10.0,0.22822470229172281,2.473800199944945
linear_comsol,tcn,11.0,0.2041310490040929,
linear_comsol,tcn,12.0,0.1874683313103188,
linear_comsol,tcn,13.0,0.17118208240015648,
linear_comsol,tcn,14.0,0.15228934423390958,
linear_comsol,tcn,15.0,0.12911460772467012,1.1401648231727672
linear_comsol,tcn,16.0,0.10354647750194097,
linear_comsol,tcn,17.0,0.07860064502750674,
linear_comsol,tcn,18.0,0.06222894294852812,
linear_comsol,tcn,19.0,0.0503209017025887,
linear_comsol,tcn,20.0,0.043753113597322146,0.95252886106972
linear_comsol,tcn,21.0,0.03816688302488297,
linear_comsol,tcn,22.0,0.03524698440506185,
linear_comsol,tcn,23.0,0.03299146935428487,
linear_comsol,tcn,24.0,0.029692748064379052,
linear_comsol,tcn,25.0,0.029801003129203866,0.47310464308429867
linear_comsol,tcn,26.0,0.027448198128883192,
linear_comsol,tcn,27.0,0.02585945683065314,
linear_comsol,tcn,28.0,0.025183315370647573,
linear_comsol,tcn,29.0,0.023712155847533955,
linear_comsol,tcn,30.0,0.022732764848946346,0.4242612311474442
linear_comsol,tcn,31.0,0.022111896349277318,
linear_comsol,tcn,32.0,0.020949356977667134,
linear_comsol,tcn,33.0,0.02070865067587487,
linear_comsol,tcn,34.0,0.020118666544934122,
linear_comsol,tcn,35.0,0.01950347982567709,0.35203293949075726
linear_comsol,tcn,36.0,0.01895461639625896,
linear_comsol,tcn,37.0,0.018070887434061128,
linear_comsol,tcn,38.0,0.018533755115294943,
linear_comsol,tcn,39.0,0.01802843904652925,
linear_comsol,tcn,40.0,0.01730731399015701,0.30433078365090405
linear_comsol,tcn,41.0,0.017357438320175972,
linear_comsol,tcn,42.0,0.017087942775294903,
linear_comsol,tcn,43.0,0.016528042254046374,
linear_comsol,tcn,44.0,0.016031829624103322,
linear_comsol,tcn,45.0,0.0158709141589653,0.24346100225047482
linear_comsol,tcn,46.0,0.015516425491557479,
linear_comsol,tcn,47.0,0.015012670034408369,
linear_comsol,tcn,48.0,0.014836890375165909,
linear_comsol,tcn,49.0,0.014536549246864563,
linear_comsol,tcn,50.0,0.014081418481704118,0.22121294395111746
linear_comsol,tcn,51.0,0.013849075509736368,
linear_comsol,tcn,52.0,0.013433797968298399,
linear_comsol,tcn,53.0,0.012713295736364778,
linear_comsol,tcn,54.0,0.013068196205703644,
linear_comsol,tcn,55.0,0.012623992366175464,0.18941544125120993
linear_comsol,tcn,56.0,0.012554015587447835,
linear_comsol,tcn,57.0,0.012349438492998402,
linear_comsol,tcn,58.0,0.011784471955579204,
linear_comsol,tcn,59.0,0.011274397011633892,
linear_comsol,tcn,60.0,0.011433426086264244,0.20032796526584168
linear_comsol,tcn,61.0,0.012238832527018335,
linear_comsol,tcn,62.0,0.011346075643243825,
linear_comsol,tcn,63.0,0.010851611702232391,
linear_comsol,tcn,64.0,0.011196452255224913,
linear_comsol,tcn,65.0,0.01032978793503118,0.17706750754048728
linear_comsol,tcn,66.0,0.010605196967204713,
linear_comsol,tcn,67.0,0.01012726510116368,
linear_comsol,tcn,68.0,0.009236805803880628,
linear_comsol,tcn,69.0,0.009486299274259893,
linear_comsol,tcn,70.0,0.00929671560725843,0.16037648522337147
linear_comsol,tcn,71.0,0.009852730702694414,
linear_comsol,tcn,72.0,0.009216854392391094,
linear_comsol,tcn,73.0,0.009434983251295498,
linear_comsol,tcn,74.0,0.009332851851604235,
linear_comsol,tcn,75.0,0.00877122918680393,0.1591356632704415
linear_comsol,tcn,76.0,0.008045603963672722,
linear_comsol,tcn,77.0,0.008426668216619073,
linear_comsol,tcn,78.0,0.008401823648913809,
linear_comsol,tcn,79.0,0.008266888833193872,
linear_comsol,tcn,80.0,0.008434554500177056,0.15506326484807803
linear_comsol,tcn,81.0,0.007543071654851934,
linear_comsol,tcn,82.0,0.0076297672336531445,
linear_comsol,tcn,83.0,0.007737557408210194,
linear_comsol,tcn,84.0,0.00700412392777956,
linear_comsol,tcn,85.0,0.006962303898991909,0.15004018414474118
linear_comsol,tcn,86.0,0.007633507886846233,
linear_comsol,tcn,87.0,0.006860682990582487,
linear_comsol,tcn,88.0,0.007000386530510394,
linear_comsol,tcn,89.0,0.007052161931366011,
linear_comsol,tcn,90.0,0.006751815272935701,0.1350456875664354
linear_comsol,tcn,91.0,0.00673200704441454,
linear_comsol,tcn,92.0,0.006692850507991472,
linear_comsol,tcn,93.0,0.006663612227009269,
linear_comsol,tcn,94.0,0.0059229209593184215,
linear_comsol,tcn,95.0,0.00632027331181182,0.12244897589531331
linear_comsol,tcn,96.0,0.0061597361301095385,
linear_comsol,tcn,97.0,0.006281904066550409,
linear_comsol,tcn,98.0,0.006023496919617301,
linear_comsol,tcn,99.0,0.005955776812918837,
linear_comsol,tcn,100.0,0.0058577005208492175,0.12726796197942994
linear_comsol,tcn,101.0,0.005336364229486248,
linear_comsol,tcn,102.0,0.005502721510044445,
linear_comsol,tcn,103.0,0.005892436676478716,
linear_comsol,tcn,104.0,0.005610739211132986,
linear_comsol,tcn,105.0,0.0051034238397157355,0.11506566579302308
linear_comsol,tcn,106.0,0.005118681899338053,
linear_comsol,tcn,107.0,0.005321312167116785,
linear_comsol,tcn,108.0,0.005164984175588323,
linear_comsol,tcn,109.0,0.0049945676427439155,
linear_comsol,tcn,110.0,0.005139979954562589,0.09662337557221157
linear_comsol,tcn,111.0,0.005222070494891744,
linear_comsol,tcn,112.0,0.00494745217991752,
linear_comsol,tcn,113.0,0.004788071256384625,
linear_comsol,tcn,114.0,0.005329450507569283,
linear_comsol,tcn,115.0,0.004392605042238133,0.11915622466477047
linear_comsol,tcn,116.0,0.004658671734662116,
linear_comsol,tcn,117.0,0.004352482293001935,
linear_comsol,tcn,118.0,0.0047366644061524145,
linear_comsol,tcn,119.0,0.00457380301827659,
linear_comsol,tcn,120.0,0.004581879706519065,0.13808738031050272
linear_comsol,tcn,121.0,0.004118497307126988,
linear_comsol,tcn,122.0,0.0044569588340114714,
linear_comsol,tcn,123.0,0.004422527241481707,
linear_comsol,tcn,124.0,0.003971531128289809,
linear_comsol,tcn,125.0,0.004114446373043674,0.1384228194723916
linear_comsol,tcn,126.0,0.004130897870439461,
linear_comsol,tcn,127.0,0.0040566502347732306,
linear_comsol,tcn,128.0,0.003934539464789263,
linear_comsol,tcn,129.0,0.003975948313299949,
linear_comsol,tcn,130.0,0.003959604651152221,0.12186003277875077
linear_comsol,tcn,131.0,0.00392935712017261,
linear_comsol,tcn,132.0,0.0039666020251460845,
linear_comsol,tcn,133.0,0.004577111011451601,
linear_comsol,tcn,134.0,0.003803736227950555,
linear_comsol,tcn,135.0,0.003959154704917997,0.15690227476279706
linear_comsol,tcn,136.0,0.0039027949874796478,
linear_comsol,tcn,137.0,0.0038394633139316263,
linear_comsol,tcn,138.0,0.0037920084740213082,
linear_comsol,tcn,139.0,0.003855099906638274,
linear_comsol,tcn,140.0,0.003540717807401084,0.14626720343529337
linear_comsol,tcn,141.0,0.0037177342918794636,
linear_comsol,tcn,142.0,0.0035378394001069386,
linear_comsol,tcn,143.0,0.003920032020804721,
linear_comsol,tcn,144.0,0.0038301160884625495,
linear_comsol,tcn,145.0,0.0036614865724802752,0.1564886348446933
linear_comsol,tcn,146.0,0.0036709162081231947,
linear_comsol,tcn,147.0,0.0034264940564291808,
linear_comsol,tcn,148.0,0.003680835772036436,
linear_comsol,tcn,149.0,0.003452724201334099,
linear_comsol,tcn,150.0,0.003649446085946573,0.14019418834308467
linear_comsol,gru,1.0,0.43603460386907605,2.769290320102588
linear_comsol,gru,2.0,0.41716879603254026,
linear_comsol,gru,3.0,0.3989217332083252,
linear_comsol,gru,4.0,0.3800933853710981,
linear_comsol,gru,5.0,0.3607205660565244,2.5467315748019157
linear_comsol,gru,6.0,0.3390884644336424,
linear_comsol,gru,7.0,0.3145723788283365,
linear_comsol,gru,8.0,0.28638238563607593,
linear_comsol,gru,9.0,0.25407103665105213,
linear_comsol,gru,10.0,0.21751570343784052,2.3123939209977973
linear_comsol,gru,11.0,0.17766437901413648,
linear_comsol,gru,12.0,0.13655170435193137,
linear_comsol,gru,13.0,0.09810276667453713,
linear_comsol,gru,14.0,0.06759760560506946,
linear_comsol,gru,15.0,0.052340653399190105,1.3809345067081789
linear_comsol,gru,16.0,0.046445149039710656,
linear_comsol,gru,17.0,0.03864432874665032,
linear_comsol,gru,18.0,0.029948954030520156,
linear_comsol,gru,19.0,0.024555378371653256,
linear_comsol,gru,20.0,0.02289532270080619,0.4066020166326566
linear_comsol,gru,21.0,0.021809296378563207,
linear_comsol,gru,22.0,0.020328222089749805,
linear_comsol,gru,23.0,0.01879824759580219,
linear_comsol,gru,24.0,0.017528232656659076,
linear_comsol,gru,25.0,0.01649394562391872,0.38807051954529903
linear_comsol,gru,26.0,0.015455135468233787,
linear_comsol,gru,27.0,0.01456830812086812,
linear_comsol,gru,28.0,0.013857248104388703,
linear_comsol,gru,29.0,0.013210447124099023,
linear_comsol,gru,30.0,0.012612256305684145,0.33680239119138555
linear_comsol,gru,31.0,0.012008152031164248,
linear_comsol,gru,32.0,0.011528862182145827,
linear_comsol,gru,33.0,0.011060568116835581,
linear_comsol,gru,34.0,0.010646369449762338,
linear_comsol,gru,35.0,0.010258920296317713,0.2775750206425845
linear_comsol,gru,36.0,0.009939020485806823,
linear_comsol,gru,37.0,0.00964817581003446,
linear_comsol,gru,38.0,0.009352245059883092,
linear_comsol,gru,39.0,0.009089696068799964,
linear_comsol,gru,40.0,0.00884190847549388,0.23917438867674962
linear_comsol,gru,41.0,0.00860128016136287,
linear_comsol,gru,42.0,0.00838258887876184,
linear_comsol,gru,43.0,0.008173332048124865,
linear_comsol,gru,44.0,0.007979878683442724,
linear_comsol,gru,45.0,0.00780740473449798,0.20582874250681346
linear_comsol,gru,46.0,0.00762009901592342,
linear_comsol,gru,47.0,0.007443520107258154,
linear_comsol,gru,48.0,0.007294039283173142,
linear_comsol,gru,49.0,0.007138776477846912,
linear_comsol,gru,50.0,0.006987921105415932,0.18167901572220985
linear_comsol,gru,51.0,0.006839351048994415,
linear_comsol,gru,52.0,0.006702521770942035,
linear_comsol,gru,53.0,0.0065799009323924225,
linear_comsol,gru,54.0,0.006438774216223306,
linear_comsol,gru,55.0,0.006300489150321353,0.16219959645013862
linear_comsol,gru,56.0,0.0061843716281158425,
linear_comsol,gru,57.0,0.00606104923982527,
linear_comsol,gru,58.0,0.005933230233943647,
linear_comsol,gru,59.0,0.005807771078903214,
linear_comsol,gru,60.0,0.005685256617366611,0.15824493973725934
linear_comsol,gru,61.0,0.0055611522310820985,
linear_comsol,gru,62.0,0.005447842570856952,
linear_comsol,gru,63.0,0.005334816420717396,
linear_comsol,gru,64.0,0.005226427531817254,
linear_comsol,gru,65.0,0.005119907286942564,0.14425996333534444
linear_comsol,gru,66.0,0.00502633641522761,
linear_comsol,gru,67.0,0.004912617129515084,
linear_comsol,gru,68.0,0.004799874971692763,
linear_comsol,gru,69.0,0.004697519648246608,
linear_comsol,gru,70.0,0.00459458114696891,0.17983403627372704
linear_comsol,gru,71.0,0.004487208987417281,
linear_comsol,gru,72.0,0.0043940037334136185,
linear_comsol,gru,73.0,0.004262209439436462,
linear_comsol,gru,74.0,0.004150185792257524,
linear_comsol,gru,75.0,0.004038907737477313,0.1740142467493724
linear_comsol,gru,76.0,0.003940993392648211,
linear_comsol,gru,77.0,0.003831374078355821,
linear_comsol,gru,78.0,0.0037270315754785875,
linear_comsol,gru,79.0,0.0036065735083437157,
linear_comsol,gru,80.0,0.0035212622406569877,0.17324698419440132
linear_comsol,gru,81.0,0.003407598425243392,
linear_comsol,gru,82.0,0.003297175069620205,
linear_comsol,gru,83.0,0.0031852800207914896,
linear_comsol,gru,84.0,0.003096822309435071,
linear_comsol,gru,85.0,0.002994062472178292,0.18909658450464373
linear_comsol,gru,86.0,0.002885295547347621,
linear_comsol,gru,87.0,0.0027836613152885125,
linear_comsol,gru,88.0,0.0026962755697515764,
linear_comsol,gru,89.0,0.002607743954072756,
linear_comsol,gru,90.0,0.0025226692491353304,0.15283002124449496
linear_comsol,gru,91.0,0.002434269127500174,
linear_comsol,gru,92.0,0.002369921272092857,
linear_comsol,gru,93.0,0.0022868335935771157,
linear_comsol,gru,94.0,0.0022181897887052224,
linear_comsol,gru,95.0,0.002149167610274346,0.21307753443590705
linear_comsol,gru,96.0,0.0020789801392335086,
linear_comsol,gru,97.0,0.002018813155027675,
linear_comsol,gru,98.0,0.001962261467756413,
linear_comsol,gru,99.0,0.0019169398418203618,
linear_comsol,gru,100.0,0.0018597800147949653,0.18642711728813638
linear_comsol,gru,101.0,0.0017873876821028545,
linear_comsol,gru,102.0,0.001732936607759499,
linear_comsol,gru,103.0,0.0016783425314135817,
linear_comsol,gru,104.0,0.00162482962758703,
linear_comsol,gru,105.0,0.0015803914848636603,0.19980344996218147
linear_comsol,lstm,1.0,0.4499733070569605,3.405406098750607
linear_comsol,lstm,2.0,0.43679394204652655,
linear_comsol,lstm,3.0,0.4232934143847809,
linear_comsol,lstm,4.0,0.4092527054347431,
linear_comsol,lstm,5.0,0.3941705857379766,2.4680548472761448
linear_comsol,lstm,6.0,0.3770603412155107,
linear_comsol,lstm,7.0,0.35734611393244153,
linear_comsol,lstm,8.0,0.3338203049174823,
linear_comsol,lstm,9.0,0.3052933569516057,
linear_comsol,lstm,10.0,0.2705361421263843,1.5513931899709403
linear_comsol,lstm,11.0,0.22965056402975678,
linear_comsol,lstm,12.0,0.1838589599868695,
linear_comsol,lstm,13.0,0.1370719810667053,
linear_comsol,lstm,14.0,0.10043524600454692,
linear_comsol,lstm,15.0,0.07829978347024619,1.2706606798027904
linear_comsol,lstm,16.0,0.06473305675058993,
linear_comsol,lstm,17.0,0.0531382915863759,
linear_comsol,lstm,18.0,0.04336305228786933,
linear_comsol,lstm,19.0,0.03768187164176275,
linear_comsol,lstm,20.0,0.03252959269736283,0.4345824608308165
linear_comsol,lstm,21.0,0.027361284085980646,
linear_comsol,lstm,22.0,0.024006683023736236,
linear_comsol,lstm,23.0,0.021511621498900502,
linear_comsol,lstm,24.0,0.019462629537274078,
linear_comsol,lstm,25.0,0.01807699798677381,0.3102223124974763
linear_comsol,lstm,26.0,0.016847746970435225,
linear_comsol,lstm,27.0,0.01575407229836351,
linear_comsol,lstm,28.0,0.014915433161911055,
linear_comsol,lstm,29.0,0.014139887558680023,
linear_comsol,lstm,30.0,0.013541154263374863,0.18468583199854538
linear_comsol,lstm,31.0,0.012980947118146393,
linear_comsol,lstm,32.0,0.012552946151924286,
linear_comsol,lstm,33.0,0.012142691400276653,
linear_comsol,lstm,34.0,0.011753618016623377,
linear_comsol,lstm,35.0,0.011400564443771884,0.17185774084870908
linear_comsol,lstm,36.0,0.01108107767479001,
linear_comsol,lstm,37.0,0.0107773618995342,
linear_comsol,lstm,38.0,0.010479090936075556,
linear_comsol,lstm,39.0,0.010241512385277464,
linear_comsol,lstm,40.0,0.009992208046682195,0.16128182128099372
linear_comsol,lstm,41.0,0.009729327443557239,
linear_comsol,lstm,42.0,0.009499291256140545,
linear_comsol,lstm,43.0,0.00929054106493383,
linear_comsol,lstm,44.0,0.00908335681300931,
linear_comsol,lstm,45.0,0.008902293797818196,0.1147622220956172
linear_comsol,lstm,46.0,0.008703245322520906,
linear_comsol,lstm,47.0,0.008534676973193269,
linear_comsol,lstm,48.0,0.00840783510282456,
linear_comsol,lstm,49.0,0.008232823159948598,
linear_comsol,lstm,50.0,0.008041227839094174,0.12024880844709514
linear_comsol,lstm,51.0,0.007877115772121938,
linear_comsol,lstm,52.0,0.007740319403229216,
linear_comsol,lstm,53.0,0.007604947093206817,
linear_comsol,lstm,54.0,0.007454059573766019,
linear_comsol,lstm,55.0,0.007334989145473508,0.1321262225919192
linear_comsol,lstm,56.0,0.0072338871807247655,
linear_comsol,lstm,57.0,0.007102758524844367,
linear_comsol,lstm,58.0,0.006980053198781419,
linear_comsol,lstm,59.0,0.006881066187854636,
linear_comsol,lstm,60.0,0.006779046055769318,0.1162714150772654
linear_comsol,lstm,61.0,0.006680637244816895,
linear_comsol,lstm,62.0,0.006589953055361603,
linear_comsol,lstm,63.0,0.006497849763274216,
linear_comsol,lstm,64.0,0.0064066772783286634,
linear_comsol,lstm,65.0,0.006323070354129651,0.1049074830463796
linear_comsol,lstm,66.0,0.006250377705593635,
linear_comsol,lstm,67.0,0.006180674555807835,
linear_comsol,lstm,68.0,0.006102978154904393,
linear_comsol,lstm,69.0,0.006030380472644511,
linear_comsol,lstm,70.0,0.005967392422366744,0.10117748285631759
linear_comsol,lstm,71.0,0.0058771914714262005,
linear_comsol,lstm,72.0,0.005818381326737,
linear_comsol,lstm,73.0,0.005747198683854101,
linear_comsol,lstm,74.0,0.005669615168924914,
linear_comsol,lstm,75.0,0.005628458699074042,0.11344232726677668
linear_comsol,lstm,76.0,0.005549401192054034,
linear_comsol,lstm,77.0,0.005488218815304953,
linear_comsol,lstm,78.0,0.005414675335661544,
linear_comsol,lstm,79.0,0.005352379018375952,
linear_comsol,lstm,80.0,0.005304438466386153,0.11217437591057002
linear_comsol,lstm,81.0,0.0052284748126233726,
linear_comsol,lstm,82.0,0.005171511972669565,
linear_comsol,lstm,83.0,0.005107148090820625,
linear_comsol,lstm,84.0,0.005048977220616109,
linear_comsol,lstm,85.0,0.004965871974997402,0.14293375738792752
linear_comsol,lstm,86.0,0.004889597805298542,
linear_comsol,lstm,87.0,0.004815125514802782,
linear_comsol,lstm,88.0,0.004748843249623383,
linear_comsol,lstm,89.0,0.0046816992421677165,
linear_comsol,lstm,90.0,0.004616271633901037,0.11367697048267353
linear_comsol,lstm,91.0,0.0045404688639597325,
linear_comsol,lstm,92.0,0.0044790026664657265,
linear_comsol,lstm,93.0,0.004399179305792832,
linear_comsol,lstm,94.0,0.004326270790570729,
linear_comsol,lstm,95.0,0.004254934195036952,0.10799873798439515
linear_comsol,lstm,96.0,0.00418460328092847,
linear_comsol,lstm,97.0,0.004118492538316147,
linear_comsol,lstm,98.0,0.0040558822101274365,
linear_comsol,lstm,99.0,0.003985056569745614,
linear_comsol,lstm,100.0,0.003883215521609475,0.11905398459564726
linear_comsol,lstm,101.0,0.0038070403273520606,
linear_comsol,lstm,102.0,0.003732940502860715,
linear_comsol,lstm,103.0,0.003640705202698191,
linear_comsol,lstm,104.0,0.0035638262324222936,
linear_comsol,lstm,105.0,0.003492008664197359,0.10725477090275656
linear_comsol,lstm,106.0,0.003416941258729522,
linear_comsol,lstm,107.0,0.0033575322558450447,
linear_comsol,lstm,108.0,0.0032962740175664813,
linear_comsol,lstm,109.0,0.0032031246817981647,
linear_comsol,lstm,110.0,0.003110334589050751,0.11611356592109569
nonlinear_comsol,mlp,1.0,0.40933943875557915,9.24444624041851
nonlinear_comsol,mlp,2.0,0.40370495275199975,
nonlinear_comsol,mlp,3.0,0.3985042096967447,
nonlinear_comsol,mlp,4.0,0.39262555329495036,
nonlinear_comsol,mlp,5.0,0.38749073296895825,8.693492339964262
nonlinear_comsol,mlp,6.0,0.38224877330675444,
nonlinear_comsol,mlp,7.0,0.37732322486362163,
nonlinear_comsol,mlp,8.0,0.3711712513957916,
nonlinear_comsol,mlp,9.0,0.3660712997828365,
nonlinear_comsol,mlp,10.0,0.36088584531714374,8.062673835125699
nonlinear_comsol,mlp,11.0,0.35492886842145105,
nonlinear_comsol,mlp,12.0,0.34906171571472694,
nonlinear_comsol,mlp,13.0,0.34301026546832736,
nonlinear_comsol,mlp,14.0,0.335556943946249,
nonlinear_comsol,mlp,15.0,0.329794337773998,7.35435700071915
nonlinear_comsol,mlp,16.0,0.3229089888442768,
nonlinear_comsol,mlp,17.0,0.31663369338110764,
nonlinear_comsol,mlp,18.0,0.3083560993246914,
nonlinear_comsol,mlp,19.0,0.3014725385341002,
nonlinear_comsol,mlp,20.0,0.2917176435330339,6.635830461328412
nonlinear_comsol,mlp,21.0,0.28622462913696417,
nonlinear_comsol,mlp,22.0,0.27513938842542307,
nonlinear_comsol,mlp,23.0,0.2666568736246975,
nonlinear_comsol,mlp,24.0,0.2572039059157484,
nonlinear_comsol,mlp,25.0,0.24910169850567598,5.918319584237566
nonlinear_comsol,mlp,26.0,0.23560497336328348,
nonlinear_comsol,mlp,27.0,0.22528943714029345,
nonlinear_comsol,mlp,28.0,0.2152697485363783,
nonlinear_comsol,mlp,29.0,0.20472695473111216,
nonlinear_comsol,mlp,30.0,0.1940029628273293,5.242922488363248
nonlinear_comsol,mlp,31.0,0.1829761495618642,
nonlinear_comsol,mlp,32.0,0.17285397078347556,
nonlinear_comsol,mlp,33.0,0.15957839374799804,
nonlinear_comsol,mlp,34.0,0.14917413602183627,
nonlinear_comsol,mlp,35.0,0.13512399671983757,4.632297671689935
nonlinear_comsol,mlp,36.0,0.12888601375984982,
nonlinear_comsol,mlp,37.0,0.11843260455934947,
nonlinear_comsol,mlp,38.0,0.10982500197589373,
nonlinear_comsol,mlp,39.0,0.10130400493097247,
nonlinear_comsol,mlp,40.0,0.09748069524995145,4.064406321796568
nonlinear_comsol,mlp,41.0,0.08906802218341563,
nonlinear_comsol,mlp,42.0,0.08431342729169997,
nonlinear_comsol,mlp,43.0,0.0793757493048013,
nonlinear_comsol,mlp,44.0,0.07694593644786639,
nonlinear_comsol,mlp,45.0,0.07154713463221375,3.524821667693261
nonlinear_comsol,mlp,46.0,0.06817375055864447,
nonlinear_comsol,mlp,47.0,0.06555414908478867,
nonlinear_comsol,mlp,48.0,0.06076570620945618,
nonlinear_comsol,mlp,49.0,0.05728752600699353,
nonlinear_comsol,mlp,50.0,0.05737268613306449,2.9939890350300167
nonlinear_comsol,mlp,51.0,0.05402750622898266,
nonlinear_comsol,mlp,52.0,0.049534221794101975,
nonlinear_comsol,mlp,53.0,0.04989576117446885,
nonlinear_comsol,mlp,54.0,0.047225816133521066,
nonlinear_comsol,mlp,55.0,0.04713571999839306,2.378643043537394
nonlinear_comsol,mlp,56.0,0.04803628274365869,
nonlinear_comsol,mlp,57.0,0.047482369395212005,
nonlinear_comsol,mlp,58.0,0.0447189084030499,
nonlinear_comsol,mlp,59.0,0.044276325341901145,
nonlinear_comsol,mlp,60.0,0.042138407571505596,2.1223519532556874
nonlinear_comsol,mlp,61.0,0.04147807014249919,
nonlinear_comsol,mlp,62.0,0.04119931787856604,
nonlinear_comsol,mlp,63.0,0.04227207469677035,
nonlinear_comsol,mlp,64.0,0.039199593460608306,
nonlinear_comsol,mlp,65.0,0.040260768352655366,2.330588112004028
nonlinear_comsol,mlp,66.0,0.039688627160951236,
nonlinear_comsol,mlp,67.0,0.038285418506214794,
nonlinear_comsol,mlp,68.0,0.03620239660711329,
nonlinear_comsol,mlp,69.0,0.03755095525968608,
nonlinear_comsol,mlp,70.0,0.03708276455607837,2.3641055398479955
nonlinear_comsol,mlp,71.0,0.034962635044737456,
nonlinear_comsol,mlp,72.0,0.03627796411180924,
nonlinear_comsol,mlp,73.0,0.03540312821827791,
nonlinear_comsol,mlp,74.0,0.03567466087047328,
nonlinear_comsol,mlp,75.0,0.033881768270520175,2.1839097876386355
nonlinear_comsol,mlp,76.0,0.03207769980100396,
nonlinear_comsol,mlp,77.0,0.03238768116978631,
nonlinear_comsol,mlp,78.0,0.030985213847730893,
nonlinear_comsol,mlp,79.0,0.03041841844696779,
nonlinear_comsol,mlp,80.0,0.030473724100145805,2.1195561126695646
nonlinear_comsol,mlp,81.0,0.031538192148424134,
nonlinear_comsol,mlp,82.0,0.02853045644993109,
nonlinear_comsol,mlp,83.0,0.029296729946526295,
nonlinear_comsol,mlp,84.0,0.029258057712548052,
nonlinear_comsol,mlp,85.0,0.027379641770763186,2.116362406318906
nonlinear_comsol,mlp,86.0,0.028221052501076163,
nonlinear_comsol,mlp,87.0,0.027605506094633806,
nonlinear_comsol,mlp,88.0,0.027744306669317882,
nonlinear_comsol,mlp,89.0,0.026845519024667856,
nonlinear_comsol,mlp,90.0,0.02527980577590397,2.0340925456528414
nonlinear_comsol,mlp,91.0,0.026806533866341846,
nonlinear_comsol,mlp,92.0,0.026775233980985406,
nonlinear_comsol,mlp,93.0,0.02527022619304345,
nonlinear_comsol,mlp,94.0,0.02426346474725428,
nonlinear_comsol,mlp,95.0,0.02495879568650774,2.0182851227011125
nonlinear_comsol,mlp,96.0,0.024674440586633612,
nonlinear_comsol,mlp,97.0,0.025375091239799114,
nonlinear_comsol,mlp,98.0,0.024435625292584265,
nonlinear_comsol,mlp,99.0,0.02365578056504958,
nonlinear_comsol,mlp,100.0,0.024630202769612936,1.9682244640517712
nonlinear_comsol,mlp,101.0,0.022937432922430882,
nonlinear_comsol,mlp,102.0,0.023608549477630917,
nonlinear_comsol,mlp,103.0,0.02150972303632223,
nonlinear_comsol,mlp,104.0,0.02337931376644209,
nonlinear_comsol,mlp,105.0,0.021102973538282686,1.9998723725327567
nonlinear_comsol,mlp,106.0,0.020819370946959143,
nonlinear_comsol,mlp,107.0,0.02226444813436888,
nonlinear_comsol,mlp,108.0,0.019813764341024834,
nonlinear_comsol,mlp,109.0,0.020474681052603597,
nonlinear_comsol,mlp,110.0,0.020543112764583496,1.9295484394939566
nonlinear_comsol,mlp,111.0,0.02025015224514577,
nonlinear_comsol,mlp,112.0,0.018547890359414773,
nonlinear_comsol,mlp,113.0,0.018732254954307682,
nonlinear_comsol,mlp,114.0,0.018808142833931108,
nonlinear_comsol,mlp,115.0,0.019229098724830303,1.8351496255773208
nonlinear_comsol,mlp,116.0,0.018457896669757765,
nonlinear_comsol,mlp,117.0,0.01750743925482759,
nonlinear_comsol,mlp,118.0,0.019389448238676995,
nonlinear_comsol,mlp,119.0,0.01782458063071005,
nonlinear_comsol,mlp,120.0,0.017554947876340404,1.8676122847921406
nonlinear_comsol,mlp,121.0,0.01637906199645257,
nonlinear_comsol,mlp,122.0,0.01641167877177253,
nonlinear_comsol,mlp,123.0,0.01664220343325097,
nonlinear_comsol,mlp,124.0,0.017640983445527142,
nonlinear_comsol,mlp,125.0,0.01594788763548283,1.8703811539775161
nonlinear_comsol,mlp,126.0,0.015739055336826402,
nonlinear_comsol,mlp,127.0,0.01563214883123054,
nonlinear_comsol,mlp,128.0,0.016068516246257276,
nonlinear_comsol,mlp,129.0,0.015704628070637217,
nonlinear_comsol,mlp,130.0,0.01610394375277236,1.7571008324702662
nonlinear_comsol,mlp,131.0,0.016220617968366387,
nonlinear_comsol,mlp,132.0,0.01532642733139666,
nonlinear_comsol,mlp,133.0,0.014297916712115203,
nonlinear_comsol,mlp,134.0,0.015783106889354363,
nonlinear_comsol,mlp,135.0,0.013939129389628244,1.7858797459995026
nonlinear_comsol,mlp,136.0,0.014839528222140286,
nonlinear_comsol,mlp,137.0,0.014442036069388858,
nonlinear_comsol,mlp,138.0,0.013230765523819264,
nonlinear_comsol,mlp,139.0,0.014266249885708107,
nonlinear_comsol,mlp,140.0,0.013584148382049991,1.61906435368921
nonlinear_comsol,mlp,141.0,0.014424738617272542,
nonlinear_comsol,mlp,142.0,0.014005446999615789,
nonlinear_comsol,mlp,143.0,0.013503081418206523,
nonlinear_comsol,mlp,144.0,0.013759739919335852,
nonlinear_comsol,mlp,145.0,0.01245494317800484,1.5937528918521904
nonlinear_comsol,mlp,146.0,0.01213032235141726,
nonlinear_comsol,mlp,147.0,0.012601646023792502,
nonlinear_comsol,mlp,148.0,0.012904821288010921,
nonlinear_comsol,mlp,149.0,0.013206804459475939,
nonlinear_comsol,mlp,150.0,0.011881038992877126,1.6319347385684013
nonlinear_comsol,mlp,151.0,0.012779645029646751,
nonlinear_comsol,mlp,152.0,0.01247015539912517,
nonlinear_comsol,mlp,153.0,0.013031002443313308,
nonlinear_comsol,mlp,154.0,0.01166550396645022,
nonlinear_comsol,mlp,155.0,0.012065228499146879,1.6233443711869093
nonlinear_comsol,mlp,156.0,0.011200513286827411,
nonlinear_comsol,mlp,157.0,0.012103007594882536,
nonlinear_comsol,mlp,158.0,0.011509173109033929,
nonlinear_comsol,mlp,159.0,0.010955416222761128,
nonlinear_comsol,mlp,160.0,0.011656258728354128,1.549595796342967
nonlinear_comsol,mlp,161.0,0.010411981183352329,
nonlinear_comsol,mlp,162.0,0.011458286580945661,
nonlinear_comsol,mlp,163.0,0.011011547027641889,
nonlinear_comsol,mlp,164.0,0.010986839042682762,
nonlinear_comsol,mlp,165.0,0.011706509163199763,1.4834697579850666
nonlinear_comsol,mlp,166.0,0.009907368320838413,
nonlinear_comsol,mlp,167.0,0.010055781074669232,
nonlinear_comsol,mlp,168.0,0.011223502050518745,
nonlinear_comsol,mlp,169.0,0.009147514429984757,
nonlinear_comsol,mlp,170.0,0.009357183056213492,1.5550197535377608
nonlinear_comsol,mlp,171.0,0.010349061969034437,
nonlinear_comsol,mlp,172.0,0.010031409297119463,
nonlinear_comsol,mlp,173.0,0.010110906982611778,
nonlinear_comsol,mlp,174.0,0.01077137852205294,
nonlinear_comsol,mlp,175.0,0.009700259900062095,1.4549491367518603
nonlinear_comsol,mlp,176.0,0.009481548132711872,
nonlinear_comsol,mlp,177.0,0.009889850145298225,
nonlinear_comsol,mlp,178.0,0.010057409026335593,
nonlinear_comsol,mlp,179.0,0.008736370021239517,
nonlinear_comsol,mlp,180.0,0.00946375149175507,1.353106882349323
nonlinear_comsol,mlp,181.0,0.01033694546378309,
nonlinear_comsol,mlp,182.0,0.010095497321129165,
nonlinear_comsol,mlp,183.0,0.008869064845852275,
nonlinear_comsol,mlp,184.0,0.009161365988985778,
nonlinear_comsol,mlp,185.0,0.00815217751685649,1.4299027482464195
nonlinear_comsol,mlp,186.0,0.009470536175902346,
nonlinear_comsol,mlp,187.0,0.009145885546995932,
nonlinear_comsol,mlp,188.0,0.01007891791863228,
nonlinear_comsol,mlp,189.0,0.008798104593383718,
nonlinear_comsol,mlp,190.0,0.009175742813856266,1.3657024864189544
nonlinear_comsol,mlp,191.0,0.00859633544429118,
nonlinear_comsol,mlp,192.0,0.008541176008739947,
nonlinear_comsol,mlp,193.0,0.008763743451089448,
nonlinear_comsol,mlp,194.0,0.008038835573037199,
nonlinear_comsol,mlp,195.0,0.009130114532397446,1.3118324173979952
nonlinear_comsol,mlp,196.0,0.008424033337946732,
nonlinear_comsol,mlp,197.0,0.00905994776666787,
nonlinear_comsol,mlp,198.0,0.007779631301953637,
nonlinear_comsol,mlp,199.0,0.007839184251226872,
nonlinear_comsol,mlp,200.0,0.007918464007262706,1.3417565686290358
nonlinear_comsol,mlp,201.0,0.008806495808780693,
nonlinear_comsol,mlp,202.0,0.007660375926151762,
nonlinear_comsol,mlp,203.0,0.008556019426164695,
nonlinear_comsol,mlp,204.0,0.007593601502495825,
nonlinear_comsol,mlp,205.0,0.007568172208288645,1.2661172996803487
nonlinear_comsol,mlp,206.0,0.007788410413156699,
nonlinear_comsol,mlp,207.0,0.007762235595317412,
nonlinear_comsol,mlp,208.0,0.007631598062026732,
nonlinear_comsol,mlp,209.0,0.008033875349596101,
nonlinear_comsol,mlp,210.0,0.007913355703549898,1.3177256268731372
nonlinear_comsol,mlp,211.0,0.007860415609429405,
nonlinear_comsol,mlp,212.0,0.007770886649681729,
nonlinear_comsol,mlp,213.0,0.007200695647216362,
nonlinear_comsol,mlp,214.0,0.007183116004393577,
nonlinear_comsol,mlp,215.0,0.008154224563631468,1.251672492049039
nonlinear_comsol,mlp,216.0,0.007388858640777035,
nonlinear_comsol,mlp,217.0,0.008142842871803896,
nonlinear_comsol,mlp,218.0,0.006692994053751939,
nonlinear_comsol,mlp,219.0,0.006844839662183563,
nonlinear_comsol,mlp,220.0,0.006982553849213856,1.2649101096220918
nonlinear_comsol,mlp,221.0,0.007232687505163252,
nonlinear_comsol,mlp,222.0,0.007957468723360452,
nonlinear_comsol,mlp,223.0,0.007204985318483672,
nonlinear_comsol,mlp,224.0,0.0072883889703882964,
nonlinear_comsol,mlp,225.0,0.007421884732319745,1.1963514642679094
nonlinear_comsol,mlp,226.0,0.006962594211835359,
nonlinear_comsol,mlp,227.0,0.0068240758278577535,
nonlinear_comsol,mlp,228.0,0.0066267979813458945,
nonlinear_comsol,mlp,229.0,0.007729624873593465,
nonlinear_comsol,mlp,230.0,0.007436233617516325,1.1989785135067832
nonlinear_comsol,mlp,231.0,0.006930594903308761,
nonlinear_comsol,mlp,232.0,0.007721426907607686,
nonlinear_comsol,mlp,233.0,0.0057470111775980975,
nonlinear_comsol,mlp,234.0,0.00719228953065997,
nonlinear_comsol,mlp,235.0,0.007679277115550385,1.2121675691565905
nonlinear_comsol,mlp,236.0,0.006936244305372917,
nonlinear_comsol,mlp,237.0,0.006728625519886551,
nonlinear_comsol,mlp,238.0,0.006782875519052086,
nonlinear_comsol,mlp,239.0,0.007430125073477617,
nonlinear_comsol,mlp,240.0,0.0067173811981223585,1.2089327688913207
nonlinear_comsol,mlp,241.0,0.006453066760681062,
nonlinear_comsol,mlp,242.0,0.0058355771499184195,
nonlinear_comsol,mlp,243.0,0.006745682225146029,
nonlinear_comsol,mlp,244.0,0.006279122732833298,
nonlinear_comsol,mlp,245.0,0.006912274393466187,1.079795267706416
nonlinear_comsol,mlp,246.0,0.006290564960621004,
nonlinear_comsol,mlp,247.0,0.005952405965041404,
nonlinear_comsol,mlp,248.0,0.007158503014325736,
nonlinear_comsol,mlp,249.0,0.007605184359975534,
nonlinear_comsol,mlp,250.0,0.006741101049947613,1.108575973926016
nonlinear_comsol,mlp,251.0,0.006620287106002914,
nonlinear_comsol,mlp,252.0,0.006359940102256524,
nonlinear_comsol,mlp,253.0,0.006552968790028239,
nonlinear_comsol,mlp,254.0,0.006688377022638676,
nonlinear_comsol,mlp,255.0,0.006100136059506409,1.2052638569519396
nonlinear_comsol,mlp,256.0,0.006910918387959195,
nonlinear_comsol,mlp,257.0,0.0059120834276576726,
nonlinear_comsol,mlp,258.0,0.007122768171397666,
nonlinear_comsol,mlp,259.0,0.006070527455743854,
nonlinear_comsol,mlp,260.0,0.006294114230529758,1.1244903865186504
nonlinear_comsol,mlp,261.0,0.005755990988792063,
nonlinear_comsol,mlp,262.0,0.005509247346610147,
nonlinear_comsol,mlp,263.0,0.005254275470462385,
nonlinear_comsol,mlp,264.0,0.006048180838891168,
nonlinear_comsol,mlp,265.0,0.0058067624985560775,1.1362125168831543
nonlinear_comsol,mlp,266.0,0.005257087132979973,
nonlinear_comsol,mlp,267.0,0.005765218997422576,
nonlinear_comsol,mlp,268.0,0.0058582520579395225,
nonlinear_comsol,mlp,269.0,0.005999897357088642,
nonlinear_comsol,mlp,270.0,0.00590342585403611,1.0746333446019067
nonlinear_comsol,mlp,271.0,0.006465414699564612,
nonlinear_comsol,mlp,272.0,0.005987427880623593,
nonlinear_comsol,mlp,273.0,0.005432694037086482,
nonlinear_comsol,mlp,274.0,0.005661516706762707,
nonlinear_comsol,mlp,275.0,0.005833263744918854,1.0823945306058471
nonlinear_comsol,mlp,276.0,0.00669799153009158,
nonlinear_comsol,mlp,277.0,0.005246188797511006,
nonlinear_comsol,mlp,278.0,0.004911244261414496,
nonlinear_comsol,mlp,279.0,0.005458965712461982,
nonlinear_comsol,mlp,280.0,0.006142227178248504,1.0783863386763584
nonlinear_comsol,mlp,281.0,0.0051347332473417225,
nonlinear_comsol,mlp,282.0,0.005179037188257314,
nonlinear_comsol,mlp,283.0,0.00552180343606431,
nonlinear_comsol,mlp,284.0,0.005833023463723247,
nonlinear_comsol,mlp,285.0,0.005703933322705826,1.0821923207027195
nonlinear_comsol,mlp,286.0,0.005694591692734755,
nonlinear_comsol,mlp,287.0,0.0059711618681357066,
nonlinear_comsol,mlp,288.0,0.004837483056636684,
nonlinear_comsol,mlp,289.0,0.005641208754782825,
nonlinear_comsol,mlp,290.0,0.005334677470066849,0.979978270468324
nonlinear_comsol,mlp,291.0,0.006011526315030298,
nonlinear_comsol,mlp,292.0,0.005084346839416404,
nonlinear_comsol,mlp,293.0,0.005018547044718618,
nonlinear_comsol,mlp,294.0,0.004904230471941176,
nonlinear_comsol,mlp,295.0,0.0060826891301346865,1.0218972016692929
nonlinear_comsol,mlp,296.0,0.00498917872215167,
nonlinear_comsol,mlp,297.0,0.0054857514778373865,
nonlinear_comsol,mlp,298.0,0.005384927439251251,
nonlinear_comsol,mlp,299.0,0.005348500158071499,
nonlinear_comsol,mlp,300.0,0.005211382948740369,0.9359789440867632
nonlinear_comsol,cnn1d,1.0,0.4343741018326161,9.881850422912876
nonlinear_comsol,cnn1d,2.0,0.42879856481569234,
nonlinear_comsol,cnn1d,3.0,0.42348084765900995,
nonlinear_comsol,cnn1d,4.0,0.4184615709231411,
nonlinear_comsol,cnn1d,5.0,0.41381956174140433,9.488698107753363
nonlinear_comsol,cnn1d,6.0,0.4093387234999271,
nonlinear_comsol,cnn1d,7.0,0.4048953467732255,
nonlinear_comsol,cnn1d,8.0,0.4004209160302978,
nonlinear_comsol,cnn1d,9.0,0.3960801486873449,
nonlinear_comsol,cnn1d,10.0,0.3914929757722645,8.883019734619896
nonlinear_comsol,cnn1d,11.0,0.3870180979945543,
nonlinear_comsol,cnn1d,12.0,0.38232333870847957,
nonlinear_comsol,cnn1d,13.0,0.3776384141876204,
nonlinear_comsol,cnn1d,14.0,0.3726579698731935,
nonlinear_comsol,cnn1d,15.0,0.36758287339414675,8.18269318271807
nonlinear_comsol,cnn1d,16.0,0.3626201614594267,
nonlinear_comsol,cnn1d,17.0,0.3572431078859439,
nonlinear_comsol,cnn1d,18.0,0.35166998485684575,
nonlinear_comsol,cnn1d,19.0,0.34620361373381453,
nonlinear_comsol,cnn1d,20.0,0.3398907077442756,7.3910661538509705
nonlinear_comsol,cnn1d,21.0,0.3334989150167805,
nonlinear_comsol,cnn1d,22.0,0.3270461169426302,
nonlinear_comsol,cnn1d,23.0,0.319773010042547,
nonlinear_comsol,cnn1d,24.0,0.3122455105488884,
nonlinear_comsol,cnn1d,25.0,0.30399733138116225,6.576199252705548
nonlinear_comsol,cnn1d,26.0,0.2954725866946475,
nonlinear_comsol,cnn1d,27.0,0.2864099399554801,
nonlinear_comsol,cnn1d,28.0,0.2764061955921417,
nonlinear_comsol,cnn1d,29.0,0.2658999245286078,
nonlinear_comsol,cnn1d,30.0,0.2548232370825723,5.7280488263765434
nonlinear_comsol,cnn1d,31.0,0.2427434333868702,
nonlinear_comsol,cnn1d,32.0,0.23049393528772172,
nonlinear_comsol,cnn1d,33.0,0.21721356007891177,
nonlinear_comsol,cnn1d,34.0,0.2032465841476221,
nonlinear_comsol,cnn1d,35.0,0.18868625894948735,4.871619570573905
nonlinear_comsol,cnn1d,36.0,0.1738868893519772,
nonlinear_comsol,cnn1d,37.0,0.15985725404533696,
nonlinear_comsol,cnn1d,38.0,0.14493267000524163,
nonlinear_comsol,cnn1d,39.0,0.13002821743151935,
nonlinear_comsol,cnn1d,40.0,0.11634841664452354,4.096221281989254
nonlinear_comsol,cnn1d,41.0,0.10405212890480413,
nonlinear_comsol,cnn1d,42.0,0.09334650268000333,
nonlinear_comsol,cnn1d,43.0,0.08378427221962545,
nonlinear_comsol,cnn1d,44.0,0.07743770451096242,
nonlinear_comsol,cnn1d,45.0,0.07236980529191431,3.273359936554436
nonlinear_comsol,cnn1d,46.0,0.06996660590569903,
nonlinear_comsol,cnn1d,47.0,0.0672250607937502,
nonlinear_comsol,cnn1d,48.0,0.06674623438760824,
nonlinear_comsol,cnn1d,49.0,0.0670671159545045,
nonlinear_comsol,cnn1d,50.0,0.06492926896461618,2.8581164210058794
nonlinear_comsol,cnn1d,51.0,0.06423267701474702,
nonlinear_comsol,cnn1d,52.0,0.06334998448491282,
nonlinear_comsol,cnn1d,53.0,0.06037344808895015,
nonlinear_comsol,cnn1d,54.0,0.057355423139879326,
nonlinear_comsol,cnn1d,55.0,0.05573586827685019,3.1052559769052763
nonlinear_comsol,cnn1d,56.0,0.05362463475768152,
nonlinear_comsol,cnn1d,57.0,0.05090195823884508,
nonlinear_comsol,cnn1d,58.0,0.04927162611226724,
nonlinear_comsol,cnn1d,59.0,0.04855647104305374,
nonlinear_comsol,cnn1d,60.0,0.04837219958040719,3.5737336504948374
nonlinear_comsol,cnn1d,61.0,0.04707172696927464,
nonlinear_comsol,cnn1d,62.0,0.04682285525526342,
nonlinear_comsol,cnn1d,63.0,0.047155531089838616,
nonlinear_comsol,cnn1d,64.0,0.046596275675740755,
nonlinear_comsol,cnn1d,65.0,0.04566014758823543,3.43542965336354
nonlinear_comsol,cnn1d,66.0,0.04425036007161617,
nonlinear_comsol,cnn1d,67.0,0.04405003633498712,
nonlinear_comsol,cnn1d,68.0,0.04338173423627207,
nonlinear_comsol,cnn1d,69.0,0.042953091209758376,
nonlinear_comsol,cnn1d,70.0,0.04233885796798969,3.251892264745064
nonlinear_comsol,cnn1d,71.0,0.04132760941057093,
nonlinear_comsol,cnn1d,72.0,0.040624729171427586,
nonlinear_comsol,cnn1d,73.0,0.04073708018814561,
nonlinear_comsol,cnn1d,74.0,0.0399119247601122,
nonlinear_comsol,cnn1d,75.0,0.039921200731849585,3.0701090462547467
nonlinear_comsol,cnn1d,76.0,0.039517360685186305,
nonlinear_comsol,cnn1d,77.0,0.039125966831926484,
nonlinear_comsol,cnn1d,78.0,0.03849848645943565,
nonlinear_comsol,cnn1d,79.0,0.038648094099987255,
nonlinear_comsol,cnn1d,80.0,0.037831298222387046,2.7298106039415435
nonlinear_comsol,cnn1d,81.0,0.03854171472290579,
nonlinear_comsol,cnn1d,82.0,0.03680002995729089,
nonlinear_comsol,cnn1d,83.0,0.03642089230765196,
nonlinear_comsol,cnn1d,84.0,0.036519303289734927,
nonlinear_comsol,cnn1d,85.0,0.036035354610043216,2.625666842629004
nonlinear_comsol,cnn1d,86.0,0.03593638855977195,
nonlinear_comsol,cnn1d,87.0,0.03598273116556035,
nonlinear_comsol,cnn1d,88.0,0.035060718201313235,
nonlinear_comsol,cnn1d,89.0,0.03454156180720785,
nonlinear_comsol,cnn1d,90.0,0.034394520891365896,2.5258591067279808
nonlinear_comsol,cnn1d,91.0,0.03445842451352781,
nonlinear_comsol,cnn1d,92.0,0.03453614523575959,
nonlinear_comsol,cnn1d,93.0,0.03410159389953686,
nonlinear_comsol,cnn1d,94.0,0.033388789488221465,
nonlinear_comsol,cnn1d,95.0,0.03257869913235913,2.490744419820738
nonlinear_comsol,cnn1d,96.0,0.03297526741322668,
nonlinear_comsol,cnn1d,97.0,0.033021092203725316,
nonlinear_comsol,cnn1d,98.0,0.03219921130547389,
nonlinear_comsol,cnn1d,99.0,0.03210191045976753,
nonlinear_comsol,cnn1d,100.0,0.03201707815920375,2.3328374977236956
nonlinear_comsol,cnn1d,101.0,0.03169693419969866,
nonlinear_comsol,cnn1d,102.0,0.031364206211065504,
nonlinear_comsol,cnn1d,103.0,0.030367067188970184,
nonlinear_comsol,cnn1d,104.0,0.030406292628491805,
nonlinear_comsol,cnn1d,105.0,0.029995277673569003,2.280610495275536
nonlinear_comsol,cnn1d,106.0,0.029783513571797184,
nonlinear_comsol,cnn1d,107.0,0.029725091713655984,
nonlinear_comsol,cnn1d,108.0,0.02994576857140439,
nonlinear_comsol,cnn1d,109.0,0.029589478124442323,
nonlinear_comsol,cnn1d,110.0,0.029091561470441642,2.214273319961409
nonlinear_comsol,cnn1d,111.0,0.028998237371654825,
nonlinear_comsol,cnn1d,112.0,0.029353598358798222,
nonlinear_comsol,cnn1d,113.0,0.02747120194480396,
nonlinear_comsol,cnn1d,114.0,0.02806168832639595,
nonlinear_comsol,cnn1d,115.0,0.02772450675374189,2.163752412236162
nonlinear_comsol,cnn1d,116.0,0.02710506369411186,
nonlinear_comsol,cnn1d,117.0,0.02654196005559444,
nonlinear_comsol,cnn1d,118.0,0.026820278323259554,
nonlinear_comsol,cnn1d,119.0,0.026182529189285136,
nonlinear_comsol,cnn1d,120.0,0.0260041231955143,2.0816128342702767
nonlinear_comsol,cnn1d,121.0,0.026222682225980492,
nonlinear_comsol,cnn1d,122.0,0.02626098938155301,
nonlinear_comsol,cnn1d,123.0,0.025748337343533354,
nonlinear_comsol,cnn1d,124.0,0.025584901427042315,
nonlinear_comsol,cnn1d,125.0,0.024952237313719115,1.9005615395971298
nonlinear_comsol,cnn1d,126.0,0.0247674405852031,
nonlinear_comsol,cnn1d,127.0,0.02443963370446757,
nonlinear_comsol,cnn1d,128.0,0.024373537749226362,
nonlinear_comsol,cnn1d,129.0,0.02379489406408142,
nonlinear_comsol,cnn1d,130.0,0.024127024143692954,1.8427032027124302
nonlinear_comsol,cnn1d,131.0,0.023357789041663524,
nonlinear_comsol,cnn1d,132.0,0.023818449071830623,
nonlinear_comsol,cnn1d,133.0,0.0231214417521427,
nonlinear_comsol,cnn1d,134.0,0.022476001757263928,
nonlinear_comsol,cnn1d,135.0,0.023004935174592116,1.7897681165287949
nonlinear_comsol,cnn1d,136.0,0.021865242348284443,
nonlinear_comsol,cnn1d,137.0,0.02204540854151147,
nonlinear_comsol,cnn1d,138.0,0.021868241206617213,
nonlinear_comsol,cnn1d,139.0,0.02187617979929688,
nonlinear_comsol,cnn1d,140.0,0.021112843693751847,1.7854714553096707
nonlinear_comsol,cnn1d,141.0,0.021620166704634822,
nonlinear_comsol,cnn1d,142.0,0.020853913697133814,
nonlinear_comsol,cnn1d,143.0,0.02028468195680595,
nonlinear_comsol,cnn1d,144.0,0.019877198576665093,
nonlinear_comsol,cnn1d,145.0,0.019707908367167907,1.5917696523128375
nonlinear_comsol,cnn1d,146.0,0.019950495517194806,
nonlinear_comsol,cnn1d,147.0,0.019591539625341936,
nonlinear_comsol,cnn1d,148.0,0.019539705942308194,
nonlinear_comsol,cnn1d,149.0,0.019636898754608778,
nonlinear_comsol,cnn1d,150.0,0.018529545169526915,1.5301749353433494
nonlinear_comsol,cnn1d,151.0,0.018728101256120056,
nonlinear_comsol,cnn1d,152.0,0.018208197941398867,
nonlinear_comsol,cnn1d,153.0,0.018191285125460015,
nonlinear_comsol,cnn1d,154.0,0.017925625392720055,
nonlinear_comsol,cnn1d,155.0,0.017998942822343968,1.456961830525696
nonlinear_comsol,cnn1d,156.0,0.017538686986126067,
nonlinear_comsol,cnn1d,157.0,0.01797917457173174,
nonlinear_comsol,cnn1d,158.0,0.01752089127649173,
nonlinear_comsol,cnn1d,159.0,0.016653904568683556,
nonlinear_comsol,cnn1d,160.0,0.016347866419212053,1.3714663277228494
nonlinear_comsol,cnn1d,161.0,0.016248922720679914,
nonlinear_comsol,cnn1d,162.0,0.015534385118259773,
nonlinear_comsol,cnn1d,163.0,0.015479621494755567,
nonlinear_comsol,cnn1d,164.0,0.015445670134345278,
nonlinear_comsol,cnn1d,165.0,0.015464268643943234,1.253676718752464
nonlinear_comsol,cnn1d,166.0,0.014755964382771923,
nonlinear_comsol,cnn1d,167.0,0.014891540719087038,
nonlinear_comsol,cnn1d,168.0,0.014499333821316502,
nonlinear_comsol,cnn1d,169.0,0.013771994260311811,
nonlinear_comsol,cnn1d,170.0,0.013875415757248908,1.0880787030502088
nonlinear_comsol,cnn1d,171.0,0.01427214701954758,
nonlinear_comsol,cnn1d,172.0,0.01382939725167784,
nonlinear_comsol,cnn1d,173.0,0.013260958066766493,
nonlinear_comsol,cnn1d,174.0,0.013010873770907668,
nonlinear_comsol,cnn1d,175.0,0.012995325342377979,1.045170748648604
nonlinear_comsol,cnn1d,176.0,0.013143915978799346,
nonlinear_comsol,cnn1d,177.0,0.012905194748318822,
nonlinear_comsol,cnn1d,178.0,0.012864280821170708,
nonlinear_comsol,cnn1d,179.0,0.012254212453459208,
nonlinear_comsol,cnn1d,180.0,0.012826098462808315,0.9751914041617064
nonlinear_comsol,cnn1d,181.0,0.011420174071768038,
nonlinear_comsol,cnn1d,182.0,0.011777844738621146,
nonlinear_comsol,cnn1d,183.0,0.011725807095967877,
nonlinear_comsol,cnn1d,184.0,0.01205527824994585,
nonlinear_comsol,cnn1d,185.0,0.011301069104544032,0.8728109762104285
nonlinear_comsol,cnn1d,186.0,0.011025519658563177,
nonlinear_comsol,cnn1d,187.0,0.011151242603213476,
nonlinear_comsol,cnn1d,188.0,0.01076018123207316,
nonlinear_comsol,cnn1d,189.0,0.010278313126765116,
nonlinear_comsol,cnn1d,190.0,0.010542462254469125,0.7632392278522734
nonlinear_comsol,cnn1d,191.0,0.010044349091428626,
nonlinear_comsol,cnn1d,192.0,0.010247164115647779,
nonlinear_comsol,cnn1d,193.0,0.009539633783443715,
nonlinear_comsol,cnn1d,194.0,0.010088967819336913,
nonlinear_comsol,cnn1d,195.0,0.009857576096644867,0.7118068002926172
nonlinear_comsol,cnn1d,196.0,0.00961434167750577,
nonlinear_comsol,cnn1d,197.0,0.009386562554650002,
nonlinear_comsol,cnn1d,198.0,0.009571266150919657,
nonlinear_comsol,cnn1d,199.0,0.010086648826402566,
nonlinear_comsol,cnn1d,200.0,0.008894583081354728,0.6617809425223916
nonlinear_comsol,cnn1d,201.0,0.009344273995545627,
nonlinear_comsol,cnn1d,202.0,0.008887389546645934,
nonlinear_comsol,cnn1d,203.0,0.008703620998129725,
nonlinear_comsol,cnn1d,204.0,0.008577302007102727,
nonlinear_comsol,cnn1d,205.0,0.008952688289858306,0.6126169846078109
nonlinear_comsol,cnn1d,206.0,0.008357586274136748,
nonlinear_comsol,cnn1d,207.0,0.008505513808964037,
nonlinear_comsol,cnn1d,208.0,0.008300811925433645,
nonlinear_comsol,cnn1d,209.0,0.0077976966294411865,
nonlinear_comsol,cnn1d,210.0,0.008207402144980174,0.5684835567532617
nonlinear_comsol,cnn1d,211.0,0.007644003277241793,
nonlinear_comsol,cnn1d,212.0,0.008441870025769469,
nonlinear_comsol,cnn1d,213.0,0.00798881238087268,
nonlinear_comsol,cnn1d,214.0,0.007499386593772579,
nonlinear_comsol,cnn1d,215.0,0.007410390816135309,0.5691365845111143
nonlinear_comsol,cnn1d,216.0,0.007934373788908268,
nonlinear_comsol,cnn1d,217.0,0.007384414369980768,
nonlinear_comsol,cnn1d,218.0,0.007476543116385565,
nonlinear_comsol,cnn1d,219.0,0.007300682426907727,
nonlinear_comsol,cnn1d,220.0,0.007561209641550822,0.561898196161321
nonlinear_comsol,cnn1d,221.0,0.007045142909718405,
nonlinear_comsol,cnn1d,222.0,0.007021159959297185,
nonlinear_comsol,cnn1d,223.0,0.007045351060289018,
nonlinear_comsol,cnn1d,224.0,0.00655190382279112,
nonlinear_comsol,cnn1d,225.0,0.007111886599733043,0.5251414753371533
nonlinear_comsol,cnn1d,226.0,0.006896393948478228,
nonlinear_comsol,cnn1d,227.0,0.006709711757634669,
nonlinear_comsol,cnn1d,228.0,0.0068337592531729635,
nonlinear_comsol,cnn1d,229.0,0.006724355872052208,
nonlinear_comsol,cnn1d,230.0,0.0061200291073287595,0.5017624770274896
nonlinear_comsol,cnn1d,231.0,0.006611274698522723,
nonlinear_comsol,cnn1d,232.0,0.006234858838783641,
nonlinear_comsol,cnn1d,233.0,0.006048335438420124,
nonlinear_comsol,cnn1d,234.0,0.006167814331613263,
nonlinear_comsol,cnn1d,235.0,0.006073513275562135,0.4879524056819147
nonlinear_comsol,cnn1d,236.0,0.0060655863244132606,
nonlinear_comsol,cnn1d,237.0,0.0063652686637319725,
nonlinear_comsol,cnn1d,238.0,0.0060327106414484214,
nonlinear_comsol,cnn1d,239.0,0.0061250037662680425,
nonlinear_comsol,cnn1d,240.0,0.005806237232686611,0.4775173670796284
nonlinear_comsol,cnn1d,241.0,0.006027587902237427,
nonlinear_comsol,cnn1d,242.0,0.0057799553127640116,
nonlinear_comsol,cnn1d,243.0,0.005650685426511118,
nonlinear_comsol,cnn1d,244.0,0.006033252205461001,
nonlinear_comsol,cnn1d,245.0,0.005463668890903129,0.47183323136936506
nonlinear_comsol,cnn1d,246.0,0.005741953630959555,
nonlinear_comsol,cnn1d,247.0,0.005649907306592786,
nonlinear_comsol,cnn1d,248.0,0.005453447161203961,
nonlinear_comsol,cnn1d,249.0,0.005400352467554513,
nonlinear_comsol,cnn1d,250.0,0.005670067643962187,0.4941861733029339
nonlinear_comsol,cnn1d,251.0,0.0056422485763134266,
nonlinear_comsol,cnn1d,252.0,0.005282565787277724,
nonlinear_comsol,cnn1d,253.0,0.005245873079195848,
nonlinear_comsol,cnn1d,254.0,0.005545620611087011,
nonlinear_comsol,cnn1d,255.0,0.005136327671399394,0.49024874347715997
nonlinear_comsol,cnn1d,256.0,0.005525707539831694,
nonlinear_comsol,cnn1d,257.0,0.005229487391771389,
nonlinear_comsol,cnn1d,258.0,0.005250111062066428,
nonlinear_comsol,cnn1d,259.0,0.005072079925587186,
nonlinear_comsol,cnn1d,260.0,0.004640431521483478,0.5462722706651892
nonlinear_comsol,cnn1d,261.0,0.004939810249679059,
nonlinear_comsol,cnn1d,262.0,0.0051595162037591695,
nonlinear_comsol,cnn1d,263.0,0.00497259047209138,
nonlinear_comsol,cnn1d,264.0,0.004841717779878642,
nonlinear_comsol,cnn1d,265.0,0.004952350506651341,0.4828816040317779
nonlinear_comsol,cnn1d,266.0,0.00531145680708208,
nonlinear_comsol,cnn1d,267.0,0.005120955728476557,
nonlinear_comsol,cnn1d,268.0,0.004932950594073463,
nonlinear_comsol,cnn1d,269.0,0.0052757550261014665,
nonlinear_comsol,cnn1d,270.0,0.005003641228688809,0.48794101186607935
nonlinear_comsol,cnn1d,271.0,0.004872880295171703,
nonlinear_comsol,cnn1d,272.0,0.0050700151836854,
nonlinear_comsol,cnn1d,273.0,0.004971345759618787,
nonlinear_comsol,cnn1d,274.0,0.0048158740471751635,
nonlinear_comsol,cnn1d,275.0,0.004656523376670673,0.4895391817592594
nonlinear_comsol,cnn1d,276.0,0.004689865652189773,
nonlinear_comsol,cnn1d,277.0,0.004527607858615177,
nonlinear_comsol,cnn1d,278.0,0.00459218622390196,
nonlinear_comsol,cnn1d,279.0,0.004380477070155493,
nonlinear_comsol,cnn1d,280.0,0.004727607029365655,0.4917007542753069
nonlinear_comsol,cnn1d,281.0,0.004542332066764585,
nonlinear_comsol,cnn1d,282.0,0.004549607092188944,
nonlinear_comsol,cnn1d,283.0,0.004428551470064942,
nonlinear_comsol,cnn1d,284.0,0.0044012972494903504,
nonlinear_comsol,cnn1d,285.0,0.004370267447648353,0.4740314627958954
nonlinear_comsol,tcn,1.0,0.4056168013075827,10.447248119389478
nonlinear_comsol,tcn,2.0,0.4030533250506729,
nonlinear_comsol,tcn,3.0,0.40034059878103745,
nonlinear_comsol,tcn,4.0,0.3976586583067586,
nonlinear_comsol,tcn,5.0,0.3946281797137046,10.090144885711434
nonlinear_comsol,tcn,6.0,0.3916626701757109,
nonlinear_comsol,tcn,7.0,0.38871891633046673,
nonlinear_comsol,tcn,8.0,0.38529358681516807,
nonlinear_comsol,tcn,9.0,0.3819495580256512,
nonlinear_comsol,tcn,10.0,0.3781132247312993,9.364573250739602
nonlinear_comsol,tcn,11.0,0.3748624175950983,
nonlinear_comsol,tcn,12.0,0.37073423019239543,
nonlinear_comsol,tcn,13.0,0.36700578129222616,
nonlinear_comsol,tcn,14.0,0.36309729658397477,
nonlinear_comsol,tcn,15.0,0.3589420188734509,8.369213327870172
nonlinear_comsol,tcn,16.0,0.35388891650570437,
nonlinear_comsol,tcn,17.0,0.34932069786540293,
nonlinear_comsol,tcn,18.0,0.3443244881243124,
nonlinear_comsol,tcn,19.0,0.3384077145567281,
nonlinear_comsol,tcn,20.0,0.33281316366038755,7.377303802842228
nonlinear_comsol,tcn,21.0,0.32680829443832704,
nonlinear_comsol,tcn,22.0,0.3185120441303201,
nonlinear_comsol,tcn,23.0,0.3106484638871594,
nonlinear_comsol,tcn,24.0,0.30172439793057465,
nonlinear_comsol,tcn,25.0,0.2924865731612953,6.332258400765283
nonlinear_comsol,tcn,26.0,0.2825658580582311,
nonlinear_comsol,tcn,27.0,0.27211600278425185,
nonlinear_comsol,tcn,28.0,0.25982919218192196,
nonlinear_comsol,tcn,29.0,0.24638545556241803,
nonlinear_comsol,tcn,30.0,0.23273353484469236,5.335475560613158
nonlinear_comsol,tcn,31.0,0.21565102450239365,
nonlinear_comsol,tcn,32.0,0.20413882087006321,
nonlinear_comsol,tcn,33.0,0.18383143140894992,
nonlinear_comsol,tcn,34.0,0.16525505003272892,
nonlinear_comsol,tcn,35.0,0.1512307344400007,4.345114096780703
nonlinear_comsol,tcn,36.0,0.1337504525482115,
nonlinear_comsol,tcn,37.0,0.1157573919585476,
nonlinear_comsol,tcn,38.0,0.10036029215332364,
nonlinear_comsol,tcn,39.0,0.090630013867615,
nonlinear_comsol,tcn,40.0,0.08095695603406954,3.2325316989115978
nonlinear_comsol,tcn,41.0,0.07447265690891064,
nonlinear_comsol,tcn,42.0,0.07414033125158176,
nonlinear_comsol,tcn,43.0,0.0785210858558314,
nonlinear_comsol,tcn,44.0,0.07520771620181606,
nonlinear_comsol,tcn,45.0,0.07629502400219154,3.0958095768603804
nonlinear_comsol,tcn,46.0,0.07273890701068556,
nonlinear_comsol,tcn,47.0,0.07232826085945834,
nonlinear_comsol,tcn,48.0,0.06771123347148496,
nonlinear_comsol,tcn,49.0,0.062387172146180614,
nonlinear_comsol,tcn,50.0,0.06020484519543109,3.3824473296462303
nonlinear_comsol,tcn,51.0,0.05931964182023503,
nonlinear_comsol,tcn,52.0,0.0599579627862021,
nonlinear_comsol,tcn,53.0,0.057387270642844365,
nonlinear_comsol,tcn,54.0,0.05733953105336057,
nonlinear_comsol,tcn,55.0,0.057447903460514135,3.553165676656254
nonlinear_comsol,tcn,56.0,0.058760460911934265,
nonlinear_comsol,tcn,57.0,0.05380167170743087,
nonlinear_comsol,tcn,58.0,0.04986500518143115,
nonlinear_comsol,tcn,59.0,0.04916386092735995,
nonlinear_comsol,tcn,60.0,0.04771461514060317,2.819548716680134
nonlinear_comsol,tcn,61.0,0.04901164185862042,
nonlinear_comsol,tcn,62.0,0.04569315365634517,
nonlinear_comsol,tcn,63.0,0.044566514245687215,
nonlinear_comsol,tcn,64.0,0.043873856201904274,
nonlinear_comsol,tcn,65.0,0.0433772005585193,2.340235373053935
nonlinear_comsol,tcn,66.0,0.04341325018844006,
nonlinear_comsol,tcn,67.0,0.04203054925435194,
nonlinear_comsol,tcn,68.0,0.03820986217738841,
nonlinear_comsol,tcn,69.0,0.03843043658966582,
nonlinear_comsol,tcn,70.0,0.03724563422851154,2.409876598112304
nonlinear_comsol,tcn,71.0,0.03675167942027099,
nonlinear_comsol,tcn,72.0,0.03792818556091958,
nonlinear_comsol,tcn,73.0,0.035843118477688014,
nonlinear_comsol,tcn,74.0,0.03400927749165565,
nonlinear_comsol,tcn,75.0,0.03308023863074319,2.481055836487465
nonlinear_comsol,tcn,76.0,0.03339727197321987,
nonlinear_comsol,tcn,77.0,0.03176835173149684,
nonlinear_comsol,tcn,78.0,0.02921562479846182,
nonlinear_comsol,tcn,79.0,0.02990808726452741,
nonlinear_comsol,tcn,80.0,0.02901542027110812,2.2226330172377375
nonlinear_comsol,tcn,81.0,0.026409181411959956,
nonlinear_comsol,tcn,82.0,0.025685033493038,
nonlinear_comsol,tcn,83.0,0.027444512105642305,
nonlinear_comsol,tcn,84.0,0.024906144302350962,
nonlinear_comsol,tcn,85.0,0.02660862970547322,2.487321695819402
nonlinear_comsol,tcn,86.0,0.025666421944925553,
nonlinear_comsol,tcn,87.0,0.027840678055205577,
nonlinear_comsol,tcn,88.0,0.024474755737214596,
nonlinear_comsol,tcn,89.0,0.024581991930962572,
nonlinear_comsol,tcn,90.0,0.0224848176557043,2.250189585985697
nonlinear_comsol,tcn,91.0,0.02188311070107094,
nonlinear_comsol,tcn,92.0,0.02427023732420953,
nonlinear_comsol,tcn,93.0,0.02266584625353262,
nonlinear_comsol,tcn,94.0,0.02230404796552086,
nonlinear_comsol,tcn,95.0,0.023379980593326022,2.0394994197974428
nonlinear_comsol,tcn,96.0,0.020207553555661017,
nonlinear_comsol,tcn,97.0,0.02181979567470602,
nonlinear_comsol,tcn,98.0,0.020271041808004164,
nonlinear_comsol,tcn,99.0,0.022586035643692538,
nonlinear_comsol,tcn,100.0,0.0199535577054551,1.8804012040414964
nonlinear_comsol,tcn,101.0,0.01959164952139264,
nonlinear_comsol,tcn,102.0,0.021052941032893534,
nonlinear_comsol,tcn,103.0,0.019684945680505554,
nonlinear_comsol,tcn,104.0,0.019563087724079165,
nonlinear_comsol,tcn,105.0,0.020216417882869497,2.121782706549756
nonlinear_comsol,tcn,106.0,0.01796988556147986,
nonlinear_comsol,tcn,107.0,0.01893614193068243,
nonlinear_comsol,tcn,108.0,0.018716452274745433,
nonlinear_comsol,tcn,109.0,0.018067460215990518,
nonlinear_comsol,tcn,110.0,0.018310920946488268,1.6870480924612932
nonlinear_comsol,tcn,111.0,0.017004944219595884,
nonlinear_comsol,tcn,112.0,0.016471972588065553,
nonlinear_comsol,tcn,113.0,0.016944879508628902,
nonlinear_comsol,tcn,114.0,0.016868835166831592,
nonlinear_comsol,tcn,115.0,0.01678292253221005,1.9231025981329877
nonlinear_comsol,tcn,116.0,0.016976814555905516,
nonlinear_comsol,tcn,117.0,0.015232767956522947,
nonlinear_comsol,tcn,118.0,0.01546934528269228,
nonlinear_comsol,tcn,119.0,0.016204239731521637,
nonlinear_comsol,tcn,120.0,0.014603895256949037,1.7788959701988512
nonlinear_comsol,tcn,121.0,0.014979923220882032,
nonlinear_comsol,tcn,122.0,0.015812968812827014,
nonlinear_comsol,tcn,123.0,0.014532751533955153,
nonlinear_comsol,tcn,124.0,0.013927231745155842,
nonlinear_comsol,tcn,125.0,0.013730511295138442,1.5739697815121538
nonlinear_comsol,tcn,126.0,0.01462739159138303,
nonlinear_comsol,tcn,127.0,0.014757461949293381,
nonlinear_comsol,tcn,128.0,0.01489893076283565,
nonlinear_comsol,tcn,129.0,0.013269376290514912,
nonlinear_comsol,tcn,130.0,0.014784903365683154,1.701758187531959
nonlinear_comsol,tcn,131.0,0.013875998765111117,
nonlinear_comsol,tcn,132.0,0.01494759143023593,
nonlinear_comsol,tcn,133.0,0.014263168139676078,
nonlinear_comsol,tcn,134.0,0.013820058881335391,
nonlinear_comsol,tcn,135.0,0.01315193373388842,1.7488096863427143
nonlinear_comsol,tcn,136.0,0.013947150870007172,
nonlinear_comsol,tcn,137.0,0.014962066043965097,
nonlinear_comsol,tcn,138.0,0.01326113874332443,
nonlinear_comsol,tcn,139.0,0.012633756159692268,
nonlinear_comsol,tcn,140.0,0.013089715805385612,1.458941491129283
nonlinear_comsol,tcn,141.0,0.012088381175591805,
nonlinear_comsol,tcn,142.0,0.013843606438504881,
nonlinear_comsol,tcn,143.0,0.01152836393971873,
nonlinear_comsol,tcn,144.0,0.012575967600826311,
nonlinear_comsol,tcn,145.0,0.012187681570627502,1.6236358165056044
nonlinear_comsol,tcn,146.0,0.013410995978296283,
nonlinear_comsol,tcn,147.0,0.011350596833157917,
nonlinear_comsol,tcn,148.0,0.01175388367427782,
nonlinear_comsol,tcn,149.0,0.011839002822160384,
nonlinear_comsol,tcn,150.0,0.012210805376076057,1.4191732596744249
nonlinear_comsol,tcn,151.0,0.01175894820583484,
nonlinear_comsol,tcn,152.0,0.011684379078819862,
nonlinear_comsol,tcn,153.0,0.011261360308663808,
nonlinear_comsol,tcn,154.0,0.011245271713105236,
nonlinear_comsol,tcn,155.0,0.011833557379715755,1.44989285309413
nonlinear_comsol,tcn,156.0,0.01099447961217408,
nonlinear_comsol,tcn,157.0,0.011679603257226556,
nonlinear_comsol,tcn,158.0,0.011095975134256466,
nonlinear_comsol,tcn,159.0,0.011263737974913361,
nonlinear_comsol,tcn,160.0,0.01174079673101941,1.3605480319925614
nonlinear_comsol,tcn,161.0,0.011167094642866296,
nonlinear_comsol,tcn,162.0,0.010494579241325946,
nonlinear_comsol,tcn,163.0,0.010157039109523402,
nonlinear_comsol,tcn,164.0,0.010321773289528694,
nonlinear_comsol,tcn,165.0,0.012058754876702443,1.3492474361378661
nonlinear_comsol,tcn,166.0,0.010782128777250197,
nonlinear_comsol,tcn,167.0,0.009984005915045033,
nonlinear_comsol,tcn,168.0,0.010387728615077899,
nonlinear_comsol,tcn,169.0,0.01077548658543985,
nonlinear_comsol,tcn,170.0,0.009797219881746783,1.3371105429014962
nonlinear_comsol,tcn,171.0,0.009719216968808536,
nonlinear_comsol,tcn,172.0,0.009890696717417631,
nonlinear_comsol,tcn,173.0,0.010619044900650394,
nonlinear_comsol,tcn,174.0,0.009799205461239163,
nonlinear_comsol,tcn,175.0,0.010561038412327957,1.1985508273733159
nonlinear_comsol,tcn,176.0,0.007936871595755625,
nonlinear_comsol,tcn,177.0,0.009585419458398884,
nonlinear_comsol,tcn,178.0,0.009399584305335962,
nonlinear_comsol,tcn,179.0,0.00806787048216218,
nonlinear_comsol,tcn,180.0,0.009756823769888429,1.2053453644022585
nonlinear_comsol,tcn,181.0,0.00921143481595101,
nonlinear_comsol,tcn,182.0,0.009377151541155393,
nonlinear_comsol,tcn,183.0,0.008339967515770493,
nonlinear_comsol,tcn,184.0,0.009180243895322812,
nonlinear_comsol,tcn,185.0,0.010038525532063778,1.0243977609521067
nonlinear_comsol,tcn,186.0,0.009782830949684268,
nonlinear_comsol,tcn,187.0,0.00862999623209283,
nonlinear_comsol,tcn,188.0,0.009705974494698705,
nonlinear_comsol,tcn,189.0,0.008035665351371128,
nonlinear_comsol,tcn,190.0,0.008798142777604726,1.1602838768955146
nonlinear_comsol,tcn,191.0,0.008467202928101667,
nonlinear_comsol,tcn,192.0,0.009039470779660847,
nonlinear_comsol,tcn,193.0,0.00836430204042172,
nonlinear_comsol,tcn,194.0,0.007787467449162311,
nonlinear_comsol,tcn,195.0,0.009403917748759061,1.1048979963225734
nonlinear_comsol,tcn,196.0,0.00970952935254224,
nonlinear_comsol,tcn,197.0,0.007908842514891325,
nonlinear_comsol,tcn,198.0,0.008784279111411677,
nonlinear_comsol,tcn,199.0,0.009116456688468852,
nonlinear_comsol,tcn,200.0,0.008479579272320356,0.9340138327901674
nonlinear_comsol,tcn,201.0,0.008452013058720462,
nonlinear_comsol,tcn,202.0,0.007879541247541757,
nonlinear_comsol,tcn,203.0,0.00837829050382489,
nonlinear_comsol,tcn,204.0,0.007549522475955191,
nonlinear_comsol,tcn,205.0,0.008925706946765548,0.9683267957881609
nonlinear_comsol,tcn,206.0,0.007845813404522728,
nonlinear_comsol,tcn,207.0,0.008277219664785902,
nonlinear_comsol,tcn,208.0,0.0077620074213138315,
nonlinear_comsol,tcn,209.0,0.008310888834489723,
nonlinear_comsol,tcn,210.0,0.008833479014518378,1.012045193658682
nonlinear_comsol,tcn,211.0,0.008571400216650937,
nonlinear_comsol,tcn,212.0,0.008030150991064192,
nonlinear_comsol,tcn,213.0,0.00851545195097304,
nonlinear_comsol,tcn,214.0,0.007933663189868547,
nonlinear_comsol,tcn,215.0,0.007836508561788968,0.5848238040227884
nonlinear_comsol,tcn,216.0,0.008468666035691972,
nonlinear_comsol,tcn,217.0,0.007748266689685978,
nonlinear_comsol,tcn,218.0,0.00808542311663352,
nonlinear_comsol,tcn,219.0,0.0085890571592382,
nonlinear_comsol,tcn,220.0,0.0071902625073179596,1.0105925284254758
nonlinear_comsol,tcn,221.0,0.008469184782304193,
nonlinear_comsol,tcn,222.0,0.008190455801432633,
nonlinear_comsol,tcn,223.0,0.007686021287170495,
nonlinear_comsol,tcn,224.0,0.007095540027852055,
nonlinear_comsol,tcn,225.0,0.007302043554688269,0.7724029110149355
nonlinear_comsol,tcn,226.0,0.007131798739665897,
nonlinear_comsol,tcn,227.0,0.007408357273536053,
nonlinear_comsol,tcn,228.0,0.007567215274457303,
nonlinear_comsol,tcn,229.0,0.007255489538700636,
nonlinear_comsol,tcn,230.0,0.006696936807401561,0.7451521403343168
nonlinear_comsol,tcn,231.0,0.00735702091669787,
nonlinear_comsol,tcn,232.0,0.007257427155086141,
nonlinear_comsol,tcn,233.0,0.007571330322762689,
nonlinear_comsol,tcn,234.0,0.007602546854758638,
nonlinear_comsol,tcn,235.0,0.0066926322349748334,0.7717266474691536
nonlinear_comsol,tcn,236.0,0.007330577412327836,
nonlinear_comsol,tcn,237.0,0.00751670872593418,
nonlinear_comsol,tcn,238.0,0.008215188932098277,
nonlinear_comsol,tcn,239.0,0.006932822626641676,
nonlinear_comsol,tcn,240.0,0.007275107380734994,0.7389834797341455
nonlinear_comsol,tcn,241.0,0.007159169841209669,
nonlinear_comsol,tcn,242.0,0.007253441560603194,
nonlinear_comsol,tcn,243.0,0.006502471089068522,
nonlinear_comsol,tcn,244.0,0.006773582783510353,
nonlinear_comsol,tcn,245.0,0.00753619478583994,0.664715000392973
nonlinear_comsol,tcn,246.0,0.006891584599276233,
nonlinear_comsol,tcn,247.0,0.006656595177907326,
nonlinear_comsol,tcn,248.0,0.006724733057649963,
nonlinear_comsol,tcn,249.0,0.006960423764833955,
nonlinear_comsol,tcn,250.0,0.006839892942918188,0.7118363079779328
nonlinear_comsol,tcn,251.0,0.007015997638881488,
nonlinear_comsol,tcn,252.0,0.006887070013633965,
nonlinear_comsol,tcn,253.0,0.006500658269893138,
nonlinear_comsol,tcn,254.0,0.006081957576339534,
nonlinear_comsol,tcn,255.0,0.0069188849203127714,0.6406633509418276
nonlinear_comsol,gru,1.0,0.44555703454529827,11.272112100883719
nonlinear_comsol,gru,2.0,0.4401272606697964,
nonlinear_comsol,gru,3.0,0.4347350079137077,
nonlinear_comsol,gru,4.0,0.4293705309187733,
nonlinear_comsol,gru,5.0,0.4240404756020933,10.576098763966309
nonlinear_comsol,gru,6.0,0.41873104349004703,
nonlinear_comsol,gru,7.0,0.41345478135886415,
nonlinear_comsol,gru,8.0,0.4082094838369508,
nonlinear_comsol,gru,9.0,0.40299494230807514,
nonlinear_comsol,gru,10.0,0.39783130313976967,9.693892684722623
nonlinear_comsol,gru,11.0,0.3927061089627613,
nonlinear_comsol,gru,12.0,0.3876340821225545,
nonlinear_comsol,gru,13.0,0.38257916181335905,
nonlinear_comsol,gru,14.0,0.3774845746177942,
nonlinear_comsol,gru,15.0,0.37235064836136716,8.795632250903392
nonlinear_comsol,gru,16.0,0.36722157988291027,
nonlinear_comsol,gru,17.0,0.36204956626301216,
nonlinear_comsol,gru,18.0,0.35678686418689914,
nonlinear_comsol,gru,19.0,0.3514488516510902,
nonlinear_comsol,gru,20.0,0.34602226662370367,7.88054106018083
nonlinear_comsol,gru,21.0,0.34051622861430303,
nonlinear_comsol,gru,22.0,0.3348941999799967,
nonlinear_comsol,gru,23.0,0.32919408927034266,
nonlinear_comsol,gru,24.0,0.32330032309289897,
nonlinear_comsol,gru,25.0,0.31721531543549114,6.969305309041951
nonlinear_comsol,gru,26.0,0.3108896540534909,
nonlinear_comsol,gru,27.0,0.304309272252408,
nonlinear_comsol,gru,28.0,0.29749318391165924,
nonlinear_comsol,gru,29.0,0.2904317330799421,
nonlinear_comsol,gru,30.0,0.28313365183667516,6.089774196248532
nonlinear_comsol,gru,31.0,0.2756088047493929,
nonlinear_comsol,gru,32.0,0.26783436324186766,
nonlinear_comsol,gru,33.0,0.2598049330943903,
nonlinear_comsol,gru,34.0,0.25154820066115846,
nonlinear_comsol,gru,35.0,0.24307034992333054,5.323196734037184
nonlinear_comsol,gru,36.0,0.23439665324727854,
nonlinear_comsol,gru,37.0,0.22551749938517815,
nonlinear_comsol,gru,38.0,0.21645827991267683,
nonlinear_comsol,gru,39.0,0.20728497716367517,
nonlinear_comsol,gru,40.0,0.19805707656656782,4.686882601905888
nonlinear_comsol,gru,41.0,0.18879600598859717,
nonlinear_comsol,gru,42.0,0.17956569140366418,
nonlinear_comsol,gru,43.0,0.1703562384419157,
nonlinear_comsol,gru,44.0,0.16120472118798243,
nonlinear_comsol,gru,45.0,0.15214316223345253,4.127595528805403
nonlinear_comsol,gru,46.0,0.143198294258321,
nonlinear_comsol,gru,47.0,0.13442189879156366,
nonlinear_comsol,gru,48.0,0.12584343542534882,
nonlinear_comsol,gru,49.0,0.11753926515111146,
nonlinear_comsol,gru,50.0,0.10957376842811484,3.4855279465977356
nonlinear_comsol,gru,51.0,0.10197964585070063,
nonlinear_comsol,gru,52.0,0.09479183318712316,
nonlinear_comsol,gru,53.0,0.08811419896910203,
nonlinear_comsol,gru,54.0,0.08204499399125648,
nonlinear_comsol,gru,55.0,0.07665172050574773,2.8978167311719725
nonlinear_comsol,gru,56.0,0.07199234402270985,
nonlinear_comsol,gru,57.0,0.0680833824773571,
nonlinear_comsol,gru,58.0,0.06488026650187176,
nonlinear_comsol,gru,59.0,0.06224819648287338,
nonlinear_comsol,gru,60.0,0.060016520617422985,2.9610863467767654
nonlinear_comsol,gru,61.0,0.05806043051952952,
nonlinear_comsol,gru,62.0,0.05618841648835939,
nonlinear_comsol,gru,63.0,0.05430351667958299,
nonlinear_comsol,gru,64.0,0.052289256180613496,
nonlinear_comsol,gru,65.0,0.050181710698400654,3.133002896243015
nonlinear_comsol,gru,66.0,0.04803347014981864,
nonlinear_comsol,gru,67.0,0.0458694008446454,
nonlinear_comsol,gru,68.0,0.043734735252292725,
nonlinear_comsol,gru,69.0,0.04168463001434445,
nonlinear_comsol,gru,70.0,0.039749975234273045,2.887817331435817
nonlinear_comsol,gru,71.0,0.037944327241858575,
nonlinear_comsol,gru,72.0,0.036257530896958004,
nonlinear_comsol,gru,73.0,0.0346866916493545,
nonlinear_comsol,gru,74.0,0.03323428309151136,
nonlinear_comsol,gru,75.0,0.03190262980429771,2.556251055937309
nonlinear_comsol,gru,76.0,0.030669754440217682,
nonlinear_comsol,gru,77.0,0.029544515738544972,
nonlinear_comsol,gru,78.0,0.02851747567743353,
nonlinear_comsol,gru,79.0,0.027603198277569022,
nonlinear_comsol,gru,80.0,0.02678158746283204,2.5001936836659238
nonlinear_comsol,gru,81.0,0.026049646237534734,
nonlinear_comsol,gru,82.0,0.02539576846113581,
nonlinear_comsol,gru,83.0,0.024796525785741118,
nonlinear_comsol,gru,84.0,0.02423799866580979,
nonlinear_comsol,gru,85.0,0.023699582523157296,2.663104971614169
nonlinear_comsol,gru,86.0,0.02316801160061221,
nonlinear_comsol,gru,87.0,0.022635600625204966,
nonlinear_comsol,gru,88.0,0.022093425665089407,
nonlinear_comsol,gru,89.0,0.021542933995373964,
nonlinear_comsol,gru,90.0,0.020987917961130385,2.7605842103364795
nonlinear_comsol,gru,91.0,0.02043476084652414,
nonlinear_comsol,gru,92.0,0.019891071556082777,
nonlinear_comsol,gru,93.0,0.019370071143499475,
nonlinear_comsol,gru,94.0,0.01887824720105562,
nonlinear_comsol,gru,95.0,0.018417173663714686,2.715575263950033
nonlinear_comsol,gru,96.0,0.01798805752538949,
nonlinear_comsol,gru,97.0,0.017587946493870438,
nonlinear_comsol,gru,98.0,0.017210515026984806,
nonlinear_comsol,gru,99.0,0.016851728635820313,
nonlinear_comsol,gru,100.0,0.01650614280925479,2.636718742801273
nonlinear_comsol,gru,101.0,0.01616988697112954,
nonlinear_comsol,gru,102.0,0.01584031989093782,
nonlinear_comsol,gru,103.0,0.015514762153951865,
nonlinear_comsol,gru,104.0,0.015194343454320018,
nonlinear_comsol,gru,105.0,0.014879734344216067,2.5561639175026842
nonlinear_comsol,gru,106.0,0.01457158023010728,
nonlinear_comsol,gru,107.0,0.014271362846033234,
nonlinear_comsol,gru,108.0,0.01398107522206602,
nonlinear_comsol,gru,109.0,0.013702001651882928,
nonlinear_comsol,gru,110.0,0.013433160521607337,2.4643083773529217
nonlinear_comsol,gru,111.0,0.013173044020170686,
nonlinear_comsol,gru,112.0,0.012921306626938984,
nonlinear_comsol,gru,113.0,0.012676906192075468,
nonlinear_comsol,gru,114.0,0.012439283922101984,
nonlinear_comsol,gru,115.0,0.012208450992888094,2.3882518499953345
nonlinear_comsol,gru,116.0,0.011983748959452038,
nonlinear_comsol,gru,117.0,0.011764791322971424,
nonlinear_comsol,gru,118.0,0.011550955960040575,
nonlinear_comsol,gru,119.0,0.011342024941203005,
nonlinear_comsol,gru,120.0,0.011137811070643535,2.3011383279158606
nonlinear_comsol,gru,121.0,0.010938283614720868,
nonlinear_comsol,gru,122.0,0.010743612074123374,
nonlinear_comsol,gru,123.0,0.010553897962999586,
nonlinear_comsol,gru,124.0,0.01036837759692936,
nonlinear_comsol,gru,125.0,0.010186858192162728,2.212510099687932
nonlinear_comsol,gru,126.0,0.010008500627159998,
nonlinear_comsol,gru,127.0,0.00983400339376886,
nonlinear_comsol,gru,128.0,0.00966439932860144,
nonlinear_comsol,gru,129.0,0.009498703092491258,
nonlinear_comsol,gru,130.0,0.009336908166181067,2.131811341389485
nonlinear_comsol,gru,131.0,0.009179253899544012,
nonlinear_comsol,gru,132.0,0.009025735635967775,
nonlinear_comsol,gru,133.0,0.008875897027445194,
nonlinear_comsol,gru,134.0,0.00872951269394008,
nonlinear_comsol,gru,135.0,0.008586443868405357,2.051585328254699
nonlinear_comsol,gru,136.0,0.008446980192127205,
nonlinear_comsol,gru,137.0,0.008310629926844844,
nonlinear_comsol,gru,138.0,0.00817632391437007,
nonlinear_comsol,gru,139.0,0.008044886375083164,
nonlinear_comsol,gru,140.0,0.007916304270469634,1.9786991105756109
nonlinear_comsol,gru,141.0,0.007790869104460585,
nonlinear_comsol,gru,142.0,0.0076683797114038815,
nonlinear_comsol,gru,143.0,0.007548891039324875,
nonlinear_comsol,gru,144.0,0.007432397500288785,
nonlinear_comsol,gru,145.0,0.007318737975509408,1.9091018801057773
nonlinear_comsol,gru,146.0,0.007207898495149792,
nonlinear_comsol,gru,147.0,0.0070997370325342375,
nonlinear_comsol,gru,148.0,0.006993931350090343,
nonlinear_comsol,gru,149.0,0.006890568060807221,
nonlinear_comsol,gru,150.0,0.006789854849594253,1.830728662854594
nonlinear_comsol,gru,151.0,0.006691386125518546,
nonlinear_comsol,gru,152.0,0.006595143727792057,
nonlinear_comsol,gru,153.0,0.006501127656414789,
nonlinear_comsol,gru,154.0,0.0064090547893578065,
nonlinear_comsol,gru,155.0,0.006318960516874729,1.7537639623598245
nonlinear_comsol,gru,156.0,0.006230868587688376,
nonlinear_comsol,gru,157.0,0.006144604844498057,
nonlinear_comsol,gru,158.0,0.006060204677557387,
nonlinear_comsol,gru,159.0,0.005977514418659876,
nonlinear_comsol,gru,160.0,0.005896791578466704,1.6755372498360928
nonlinear_comsol,gru,161.0,0.005817977018001435,
nonlinear_comsol,gru,162.0,0.005740908687155403,
nonlinear_comsol,gru,163.0,0.005665643396598888,
nonlinear_comsol,gru,164.0,0.005592181611993121,
nonlinear_comsol,gru,165.0,0.005520432063736669,1.598675528897406
nonlinear_comsol,gru,166.0,0.005450510701476252,
nonlinear_comsol,gru,167.0,0.005382254078119507,
nonlinear_comsol,gru,168.0,0.005315709225450846,
nonlinear_comsol,gru,169.0,0.005251014910517346,
nonlinear_comsol,gru,170.0,0.005187954135184987,1.5303459392442154
nonlinear_comsol,gru,171.0,0.005126411415468286,
nonlinear_comsol,gru,172.0,0.005066483608903455,
nonlinear_comsol,gru,173.0,0.0050081632649107855,
nonlinear_comsol,gru,174.0,0.004951452246135205,
nonlinear_comsol,gru,175.0,0.00489630538343723,1.4650961386114536
nonlinear_comsol,gru,176.0,0.004842602070557824,
nonlinear_comsol,gru,177.0,0.004790295741373808,
nonlinear_comsol,gru,178.0,0.004739188024200437,
nonlinear_comsol,gru,179.0,0.00468929987379314,
nonlinear_comsol,gru,180.0,0.00464062383957221,1.4026619626373669
nonlinear_comsol,gru,181.0,0.004593053285115565,
nonlinear_comsol,gru,182.0,0.004546610562162332,
nonlinear_comsol,gru,183.0,0.00450132407604765,
nonlinear_comsol,gru,184.0,0.004457035036291476,
nonlinear_comsol,gru,185.0,0.004413786283727135,1.340587126254495
nonlinear_comsol,gru,186.0,0.004371669087956061,
nonlinear_comsol,gru,187.0,0.00433063129492029,
nonlinear_comsol,gru,188.0,0.0042905825663408555,
nonlinear_comsol,gru,189.0,0.00425154944490797,
nonlinear_comsol,gru,190.0,0.0042134900211107705,1.2885571749376277
nonlinear_comsol,gru,191.0,0.004176349346923906,
nonlinear_comsol,gru,192.0,0.004140031030472394,
nonlinear_comsol,gru,193.0,0.00410452855249899,
nonlinear_comsol,gru,194.0,0.004069759025304434,
nonlinear_comsol,gru,195.0,0.004035704288100685,1.2450993793641707
nonlinear_comsol,gru,196.0,0.004002326156666737,
nonlinear_comsol,gru,197.0,0.003969593431700059,
nonlinear_comsol,gru,198.0,0.003937456287448849,
nonlinear_comsol,gru,199.0,0.0039058616385326816,
nonlinear_comsol,gru,200.0,0.0038748234547885114,1.2055559687021575
nonlinear_comsol,gru,201.0,0.0038443710728739413,
nonlinear_comsol,gru,202.0,0.0038148695711947,
nonlinear_comsol,gru,203.0,0.0037858374560371093,
nonlinear_comsol,gru,204.0,0.0037572256001412153,
nonlinear_comsol,gru,205.0,0.0037290747488648,1.1669090907039805
nonlinear_comsol,gru,206.0,0.00370145149176401,
nonlinear_comsol,gru,207.0,0.0036743167132953745,
nonlinear_comsol,gru,208.0,0.0036475623800531175,
nonlinear_comsol,gru,209.0,0.003621169865587966,
nonlinear_comsol,gru,210.0,0.0035950767712948596,1.1367880407764654
nonlinear_comsol,gru,211.0,0.0035694276849862713,
nonlinear_comsol,gru,212.0,0.003544119229868742,
nonlinear_comsol,gru,213.0,0.003519120206639742,
nonlinear_comsol,gru,214.0,0.0034944541311914767,
nonlinear_comsol,gru,215.0,0.003470140794126297,1.1075977004797588
nonlinear_comsol,gru,216.0,0.0034460735590221216,
nonlinear_comsol,gru,217.0,0.003422305045598144,
nonlinear_comsol,gru,218.0,0.0033988441014177677,
nonlinear_comsol,gru,219.0,0.0033756883981748346,
nonlinear_comsol,gru,220.0,0.0033529506258874386,1.0837242222181656
nonlinear_comsol,gru,221.0,0.0033304948114758954,
nonlinear_comsol,gru,222.0,0.003308373807490014,
nonlinear_comsol,gru,223.0,0.0032865261466471975,
nonlinear_comsol,gru,224.0,0.0032649099194365836,
nonlinear_comsol,gru,225.0,0.0032435570236525506,1.0622611965503963
nonlinear_comsol,gru,226.0,0.003222444874725357,
nonlinear_comsol,gru,227.0,0.0032016030421432207,
nonlinear_comsol,gru,228.0,0.003181011735303791,
nonlinear_comsol,gru,229.0,0.003160616471842948,
nonlinear_comsol,gru,230.0,0.0031404549703204668,1.041206058011256
nonlinear_comsol,gru,231.0,0.00312050720730338,
nonlinear_comsol,gru,232.0,0.003100769224671218,
nonlinear_comsol,gru,233.0,0.0030812608130263313,
nonlinear_comsol,gru,234.0,0.0030620271415082046,
nonlinear_comsol,gru,235.0,0.003042993471489135,1.0252533610937504
nonlinear_comsol,gru,236.0,0.003024167719210062,
nonlinear_comsol,gru,237.0,0.003005541269938198,
nonlinear_comsol,gru,238.0,0.0029871257652043385,
nonlinear_comsol,gru,239.0,0.0029688974562856606,
nonlinear_comsol,gru,240.0,0.00295084586580445,1.009819116157466
nonlinear_comsol,gru,241.0,0.002933077630182787,
nonlinear_comsol,gru,242.0,0.0029156369872376936,
nonlinear_comsol,gru,243.0,0.0028983847042608614,
nonlinear_comsol,gru,244.0,0.0028813349839198607,
nonlinear_comsol,gru,245.0,0.002864462447677559,0.9967330128367424
nonlinear_comsol,gru,246.0,0.002847747770592836,
nonlinear_comsol,gru,247.0,0.0028311520699528373,
nonlinear_comsol,gru,248.0,0.0028147456606035636,
nonlinear_comsol,gru,249.0,0.0027985453063493603,
nonlinear_comsol,gru,250.0,0.0027825330792328024,0.9831620505382515
nonlinear_comsol,gru,251.0,0.002766678245612592,
nonlinear_comsol,gru,252.0,0.002750971492264093,
nonlinear_comsol,gru,253.0,0.0027354307471447294,
nonlinear_comsol,gru,254.0,0.0027200210856621163,
nonlinear_comsol,gru,255.0,0.0027047643938941488,0.9717602356605562
nonlinear_comsol,gru,256.0,0.0026896392514241634,
nonlinear_comsol,gru,257.0,0.0026746538073237174,
nonlinear_comsol,gru,258.0,0.002659902125161633,
nonlinear_comsol,gru,259.0,0.002645296194965101,
nonlinear_comsol,gru,260.0,0.0026308166917930016,0.9619484536478639
nonlinear_comsol,gru,261.0,0.002616464314137183,
nonlinear_comsol,gru,262.0,0.002602237897844565,
nonlinear_comsol,gru,263.0,0.0025881346489477577,
nonlinear_comsol,gru,264.0,0.0025741764535246545,
nonlinear_comsol,gru,265.0,0.0025603702964937334,0.9512964586352651
nonlinear_comsol,gru,266.0,0.0025466933604546354,
nonlinear_comsol,gru,267.0,0.002533139824641964,
nonlinear_comsol,gru,268.0,0.00251970619659648,
nonlinear_comsol,gru,269.0,0.0025064539436007805,
nonlinear_comsol,gru,270.0,0.002493332774241832,0.9411426917713279
nonlinear_comsol,gru,271.0,0.0024803673685649193,
nonlinear_comsol,gru,272.0,0.0024675316495410622,
nonlinear_comsol,gru,273.0,0.002454832369258121,
nonlinear_comsol,gru,274.0,0.002442248805791282,
nonlinear_comsol,gru,275.0,0.002429774672713915,0.9338382920598003
nonlinear_comsol,gru,276.0,0.0024174327874263777,
nonlinear_comsol,gru,277.0,0.00240518915665875,
nonlinear_comsol,gru,278.0,0.002393052627974435,
nonlinear_comsol,gru,279.0,0.002381043923298249,
nonlinear_comsol,gru,280.0,0.0023691704932098994,0.9244144082130212
nonlinear_comsol,gru,281.0,0.002357399275761929,
nonlinear_comsol,gru,282.0,0.002345726312833868,
nonlinear_comsol,gru,283.0,0.002334153234240027,
nonlinear_comsol,gru,284.0,0.0023226877233907314,
nonlinear_comsol,gru,285.0,0.002311320467061345,0.9188965264517451
nonlinear_comsol,gru,286.0,0.0023000661335806686,
nonlinear_comsol,gru,287.0,0.002288923325965008,
nonlinear_comsol,gru,288.0,0.002277879937022336,
nonlinear_comsol,gru,289.0,0.002266929680326023,
nonlinear_comsol,gru,290.0,0.0022560825675925532,0.9119759665437439
nonlinear_comsol,gru,291.0,0.0022453160142521843,
nonlinear_comsol,gru,292.0,0.002234629088982452,
nonlinear_comsol,gru,293.0,0.002224028311040603,
nonlinear_comsol,gru,294.0,0.0022134990120978343,
nonlinear_comsol,gru,295.0,0.0022030544634992523,0.9060640743813059
nonlinear_comsol,gru,296.0,0.00219267580596497,
nonlinear_comsol,gru,297.0,0.0021823837614198018,
nonlinear_comsol,gru,298.0,0.002172165291349257,
nonlinear_comsol,gru,299.0,0.002162009918375621,
nonlinear_comsol,gru,300.0,0.0021519157798539665,0.9000188252420392
nonlinear_comsol,lstm,1.0,0.4188121952042347,8.98339943675208
nonlinear_comsol,lstm,2.0,0.41545079166283705,
nonlinear_comsol,lstm,3.0,0.4121517941770799,
nonlinear_comsol,lstm,4.0,0.40898699653303666,
nonlinear_comsol,lstm,5.0,0.40591205288028087,8.786329169416668
nonlinear_comsol,lstm,6.0,0.40294836128373607,
nonlinear_comsol,lstm,7.0,0.40005086063732376,
nonlinear_comsol,lstm,8.0,0.3972070339671333,
nonlinear_comsol,lstm,9.0,0.3944014734743269,
nonlinear_comsol,lstm,10.0,0.39162523846325414,8.51821643917202
nonlinear_comsol,lstm,11.0,0.38885696067131037,
nonlinear_comsol,lstm,12.0,0.3860839741129906,
nonlinear_comsol,lstm,13.0,0.38331891497148096,
nonlinear_comsol,lstm,14.0,0.3805370473221484,
nonlinear_comsol,lstm,15.0,0.37770847943920144,8.180393936759057
nonlinear_comsol,lstm,16.0,0.3748148828965565,
nonlinear_comsol,lstm,17.0,0.3718363497452319,
nonlinear_comsol,lstm,18.0,0.3687746979266765,
nonlinear_comsol,lstm,19.0,0.3656273644414706,
nonlinear_comsol,lstm,20.0,0.3623711034809228,7.785677998935552
nonlinear_comsol,lstm,21.0,0.35899804723286066,
nonlinear_comsol,lstm,22.0,0.3555211597059775,
nonlinear_comsol,lstm,23.0,0.3519328711112891,
nonlinear_comsol,lstm,24.0,0.34826900383603526,
nonlinear_comsol,lstm,25.0,0.3444423264929859,7.316301531629962
nonlinear_comsol,lstm,26.0,0.3404301595175076,
nonlinear_comsol,lstm,27.0,0.33619882628931685,
nonlinear_comsol,lstm,28.0,0.33175387003971696,
nonlinear_comsol,lstm,29.0,0.32713537488754096,
nonlinear_comsol,lstm,30.0,0.3223298999869943,6.759399243606705
nonlinear_comsol,lstm,31.0,0.3172609427856275,
nonlinear_comsol,lstm,32.0,0.3119458780353215,
nonlinear_comsol,lstm,33.0,0.3063442937917359,
nonlinear_comsol,lstm,34.0,0.3004305898629916,
nonlinear_comsol,lstm,35.0,0.29421770045546286,6.113194883843986
nonlinear_comsol,lstm,36.0,0.2876860156433564,
nonlinear_comsol,lstm,37.0,0.2808693908608686,
nonlinear_comsol,lstm,38.0,0.27378323390683723,
nonlinear_comsol,lstm,39.0,0.2664376775696662,
nonlinear_comsol,lstm,40.0,0.25884368910268674,5.464902209439514
nonlinear_comsol,lstm,41.0,0.25102689850009696,
nonlinear_comsol,lstm,42.0,0.24307307683550394,
nonlinear_comsol,lstm,43.0,0.23489800275588002,
nonlinear_comsol,lstm,44.0,0.2264612047122473,
nonlinear_comsol,lstm,45.0,0.21785620238110992,4.8933942123755125
nonlinear_comsol,lstm,46.0,0.20914267490593494,
nonlinear_comsol,lstm,47.0,0.20030855234759423,
nonlinear_comsol,lstm,48.0,0.19132906897913587,
nonlinear_comsol,lstm,49.0,0.18213077698579108,
nonlinear_comsol,lstm,50.0,0.1728197726226124,4.440560300367308
nonlinear_comsol,lstm,51.0,0.16348552245074244,
nonlinear_comsol,lstm,52.0,0.15427003451942986,
nonlinear_comsol,lstm,53.0,0.14522737023504134,
nonlinear_comsol,lstm,54.0,0.13636384768916993,
nonlinear_comsol,lstm,55.0,0.12787115539656216,4.084289785773541
nonlinear_comsol,lstm,56.0,0.11988195837951203,
nonlinear_comsol,lstm,57.0,0.1125296890700234,
nonlinear_comsol,lstm,58.0,0.10590701777851369,
nonlinear_comsol,lstm,59.0,0.10003710835729737,
nonlinear_comsol,lstm,60.0,0.09485864253537148,4.096551643119485
nonlinear_comsol,lstm,61.0,0.09027370479420366,
nonlinear_comsol,lstm,62.0,0.08619209096526015,
nonlinear_comsol,lstm,63.0,0.08248484641494197,
nonlinear_comsol,lstm,64.0,0.07906227361413555,
nonlinear_comsol,lstm,65.0,0.07585114081488362,4.356051940168875
nonlinear_comsol,lstm,66.0,0.07275844988126161,
nonlinear_comsol,lstm,67.0,0.06970048609966205,
nonlinear_comsol,lstm,68.0,0.06660306404792499,
nonlinear_comsol,lstm,69.0,0.06346799421691963,
nonlinear_comsol,lstm,70.0,0.060307707898890034,4.519120178530562
nonlinear_comsol,lstm,71.0,0.05717134911759506,
nonlinear_comsol,lstm,72.0,0.0541195916688929,
nonlinear_comsol,lstm,73.0,0.05121174216726516,
nonlinear_comsol,lstm,74.0,0.04850309881531014,
nonlinear_comsol,lstm,75.0,0.046032236989469885,4.48397224426526
nonlinear_comsol,lstm,76.0,0.04379992409945439,
nonlinear_comsol,lstm,77.0,0.04177874946251518,
nonlinear_comsol,lstm,78.0,0.03995257139771326,
nonlinear_comsol,lstm,79.0,0.03828700920498261,
nonlinear_comsol,lstm,80.0,0.03675544941360361,4.238120100619008
nonlinear_comsol,lstm,81.0,0.035336594541478805,
nonlinear_comsol,lstm,82.0,0.03400048208230948,
nonlinear_comsol,lstm,83.0,0.03272086736907156,
nonlinear_comsol,lstm,84.0,0.031484331907709606,
nonlinear_comsol,lstm,85.0,0.03026886296047414,3.9715566107170366
nonlinear_comsol,lstm,86.0,0.029077239593596507,
nonlinear_comsol,lstm,87.0,0.02792339439113207,
nonlinear_comsol,lstm,88.0,0.026821960291628803,
nonlinear_comsol,lstm,89.0,0.025783630739613685,
nonlinear_comsol,lstm,90.0,0.024810178973057394,3.913201542383463
nonlinear_comsol,lstm,91.0,0.023905073236814352,
nonlinear_comsol,lstm,92.0,0.023061663888494503,
nonlinear_comsol,lstm,93.0,0.02227516579327991,
nonlinear_comsol,lstm,94.0,0.021542608032511706,
nonlinear_comsol,lstm,95.0,0.020864003644704383,3.8216508171724657
nonlinear_comsol,lstm,96.0,0.020240520508227288,
nonlinear_comsol,lstm,97.0,0.01966720026228425,
nonlinear_comsol,lstm,98.0,0.019134791149521928,
nonlinear_comsol,lstm,99.0,0.018631938486464203,
nonlinear_comsol,lstm,100.0,0.018145126921519407,3.5329477224144514
nonlinear_comsol,lstm,101.0,0.017664415518711146,
nonlinear_comsol,lstm,102.0,0.01718582008054017,
nonlinear_comsol,lstm,103.0,0.016714010257838932,
nonlinear_comsol,lstm,104.0,0.016256660147707446,
nonlinear_comsol,lstm,105.0,0.015818297839963694,3.267545063601831
nonlinear_comsol,lstm,106.0,0.015399937544770533,
nonlinear_comsol,lstm,107.0,0.015000369474247757,
nonlinear_comsol,lstm,108.0,0.01462065812997125,
nonlinear_comsol,lstm,109.0,0.014259429811307215,
nonlinear_comsol,lstm,110.0,0.013914726878437176,3.0436410141787262
nonlinear_comsol,lstm,111.0,0.0135837516386805,
nonlinear_comsol,lstm,112.0,0.013265406994175078,
nonlinear_comsol,lstm,113.0,0.012956129705175196,
nonlinear_comsol,lstm,114.0,0.012653829884072557,
nonlinear_comsol,lstm,115.0,0.012357328476628246,2.807114342960931
nonlinear_comsol,lstm,116.0,0.012066126294001783,
nonlinear_comsol,lstm,117.0,0.011780874330595216,
nonlinear_comsol,lstm,118.0,0.011502555131607636,
nonlinear_comsol,lstm,119.0,0.011233295837545891,
nonlinear_comsol,lstm,120.0,0.010974916252503842,2.652016546385972
nonlinear_comsol,lstm,121.0,0.01072688272870985,
nonlinear_comsol,lstm,122.0,0.010488451139515503,
nonlinear_comsol,lstm,123.0,0.010258545807475351,
nonlinear_comsol,lstm,124.0,0.010036219577643921,
nonlinear_comsol,lstm,125.0,0.009819756954043274,2.527691463020653
nonlinear_comsol,lstm,126.0,0.009608302051329369,
nonlinear_comsol,lstm,127.0,0.009401981529357251,
nonlinear_comsol,lstm,128.0,0.009200556038253779,
nonlinear_comsol,lstm,129.0,0.00900408145736677,
nonlinear_comsol,lstm,130.0,0.008812299810373805,2.3889646411555217
nonlinear_comsol,lstm,131.0,0.00862587233622404,
nonlinear_comsol,lstm,132.0,0.008446907548975044,
nonlinear_comsol,lstm,133.0,0.008274582159569006,
nonlinear_comsol,lstm,134.0,0.008108935283549393,
nonlinear_comsol,lstm,135.0,0.007948853059249751,2.273012766144339
nonlinear_comsol,lstm,136.0,0.007793159692059792,
nonlinear_comsol,lstm,137.0,0.007641802562260322,
nonlinear_comsol,lstm,138.0,0.007495006118565069,
nonlinear_comsol,lstm,139.0,0.007352603188591815,
nonlinear_comsol,lstm,140.0,0.007213781193491078,2.1430489675704663
nonlinear_comsol,lstm,141.0,0.007078460970853451,
nonlinear_comsol,lstm,142.0,0.006946274182644584,
nonlinear_comsol,lstm,143.0,0.00681743177340248,
nonlinear_comsol,lstm,144.0,0.0066919956760709675,
nonlinear_comsol,lstm,145.0,0.006570460422878215,2.0307189167693624
nonlinear_comsol,lstm,146.0,0.006452427407809805,
nonlinear_comsol,lstm,147.0,0.006338184875168219,
nonlinear_comsol,lstm,148.0,0.006227871126339301,
nonlinear_comsol,lstm,149.0,0.006120977659257929,
nonlinear_comsol,lstm,150.0,0.006018113093154062,1.9218922721528
nonlinear_comsol,lstm,151.0,0.005918687435247012,
nonlinear_comsol,lstm,152.0,0.005822043171877483,
nonlinear_comsol,lstm,153.0,0.005728022909549128,
nonlinear_comsol,lstm,154.0,0.005636594051975721,
nonlinear_comsol,lstm,155.0,0.005548265101222384,1.822150553384041
nonlinear_comsol,lstm,156.0,0.005463060737334402,
nonlinear_comsol,lstm,157.0,0.005380832880040064,
nonlinear_comsol,lstm,158.0,0.005301088394094897,
nonlinear_comsol,lstm,159.0,0.005223732750268847,
nonlinear_comsol,lstm,160.0,0.005148728695663369,1.7299237353602759
nonlinear_comsol,lstm,161.0,0.0050759430511661706,
nonlinear_comsol,lstm,162.0,0.005005311555527263,
nonlinear_comsol,lstm,163.0,0.004936819307587229,
nonlinear_comsol,lstm,164.0,0.004870343372780875,
nonlinear_comsol,lstm,165.0,0.004805016689894594,1.6515721045543126
nonlinear_comsol,lstm,166.0,0.004741688159353953,
nonlinear_comsol,lstm,167.0,0.004680033215280388,
nonlinear_comsol,lstm,168.0,0.0046198371878460424,
nonlinear_comsol,lstm,169.0,0.00456151079025736,
nonlinear_comsol,lstm,170.0,0.004504826779833224,1.5797128795075435
nonlinear_comsol,lstm,171.0,0.0044495886475338165,
nonlinear_comsol,lstm,172.0,0.004395793133730515,
nonlinear_comsol,lstm,173.0,0.0043433587477077545,
nonlinear_comsol,lstm,174.0,0.004292393057210081,
nonlinear_comsol,lstm,175.0,0.004242852755742937,1.5210440315066132
nonlinear_comsol,lstm,176.0,0.004194654955607062,
nonlinear_comsol,lstm,177.0,0.0041477293419564555,
nonlinear_comsol,lstm,178.0,0.004101991630108162,
nonlinear_comsol,lstm,179.0,0.004057410620759651,
nonlinear_comsol,lstm,180.0,0.0040139895735395465,1.464248811948839
nonlinear_comsol,lstm,181.0,0.003971822552016669,
nonlinear_comsol,lstm,182.0,0.003930761475919309,
nonlinear_comsol,lstm,183.0,0.0038906764257637945,
nonlinear_comsol,lstm,184.0,0.0038517376007303475,
nonlinear_comsol,lstm,185.0,0.00381366956220036,1.4154511686000022
nonlinear_comsol,lstm,186.0,0.0037765239985705617,
nonlinear_comsol,lstm,187.0,0.003740235717268501,
nonlinear_comsol,lstm,188.0,0.0037047711906854877,
nonlinear_comsol,lstm,189.0,0.0036702282076802005,
nonlinear_comsol,lstm,190.0,0.003636431912460099,1.3753048786952151
nonlinear_comsol,lstm,191.0,0.0036033708963250045,
nonlinear_comsol,lstm,192.0,0.0035711306081109514,
nonlinear_comsol,lstm,193.0,0.003539612094806183,
nonlinear_comsol,lstm,194.0,0.0035087971956226593,
nonlinear_comsol,lstm,195.0,0.003478626771583942,1.3409057706106449
nonlinear_comsol,lstm,196.0,0.0034490386569155864,
nonlinear_comsol,lstm,197.0,0.003420130174815038,
nonlinear_comsol,lstm,198.0,0.003391760695590294,
nonlinear_comsol,lstm,199.0,0.0033639025123980626,
nonlinear_comsol,lstm,200.0,0.0033367076636305255,1.3095878044812115
nonlinear_comsol,lstm,201.0,0.0033100113052116267,
nonlinear_comsol,lstm,202.0,0.0032837673366794187,
nonlinear_comsol,lstm,203.0,0.003257979017662523,
nonlinear_comsol,lstm,204.0,0.0032326302828484437,
nonlinear_comsol,lstm,205.0,0.0032076901657652657,1.2859316771377307
nonlinear_comsol,lstm,206.0,0.0031831705407744,
nonlinear_comsol,lstm,207.0,0.003159161047662968,
nonlinear_comsol,lstm,208.0,0.0031355885776175765,
nonlinear_comsol,lstm,209.0,0.0031123998124271855,
nonlinear_comsol,lstm,210.0,0.0030896327034821863,1.2621676547503788
nonlinear_comsol,lstm,211.0,0.003067321942544348,
nonlinear_comsol,lstm,212.0,0.0030453178195276476,
nonlinear_comsol,lstm,213.0,0.00302361893744839,
nonlinear_comsol,lstm,214.0,0.003002401083421578,
nonlinear_comsol,lstm,215.0,0.0029815417885432497,1.2379653243504536
nonlinear_comsol,lstm,216.0,0.002961025685992755,
nonlinear_comsol,lstm,217.0,0.0029408516116170152,
nonlinear_comsol,lstm,218.0,0.0029209981449993677,
nonlinear_comsol,lstm,219.0,0.0029015591168780187,
nonlinear_comsol,lstm,220.0,0.002882591105092632,1.218262021630185
nonlinear_comsol,lstm,221.0,0.0028641977192672826,
nonlinear_comsol,lstm,222.0,0.002846195721707258,
nonlinear_comsol,lstm,223.0,0.002828463109169828,
nonlinear_comsol,lstm,224.0,0.002810990568430356,
nonlinear_comsol,lstm,225.0,0.0027937510911373985,1.199459619586333
nonlinear_comsol,lstm,226.0,0.002776818018934963,
nonlinear_comsol,lstm,227.0,0.0027601587555368236,
nonlinear_comsol,lstm,228.0,0.002743725570666722,
nonlinear_comsol,lstm,229.0,0.0027275587440212076,
nonlinear_comsol,lstm,230.0,0.00271162032420989,1.1859724032177594
nonlinear_comsol,lstm,231.0,0.0026959114753858475,
nonlinear_comsol,lstm,232.0,0.002680437086992015,
nonlinear_comsol,lstm,233.0,0.0026652094990510344,
nonlinear_comsol,lstm,234.0,0.0026502671286145296,
nonlinear_comsol,lstm,235.0,0.0026354726056191198,1.1702971344413706
nonlinear_comsol,lstm,236.0,0.0026208426938691505,
nonlinear_comsol,lstm,237.0,0.002606413482110085,
nonlinear_comsol,lstm,238.0,0.0025922462047939057,
nonlinear_comsol,lstm,239.0,0.002578241443247623,
nonlinear_comsol,lstm,240.0,0.002564405251067251,1.1568928820168412
nonlinear_comsol,lstm,241.0,0.0025507441475100343,
nonlinear_comsol,lstm,242.0,0.002537273965057854,
nonlinear_comsol,lstm,243.0,0.002523968859512346,
nonlinear_comsol,lstm,244.0,0.002510832323332748,
nonlinear_comsol,lstm,245.0,0.002497904403384995,1.145514244557609
nonlinear_comsol,lstm,246.0,0.00248512246823341,
nonlinear_comsol,lstm,247.0,0.0024724716167185763,
nonlinear_comsol,lstm,248.0,0.002460028217282508,
nonlinear_comsol,lstm,249.0,0.002447729638489528,
nonlinear_comsol,lstm,250.0,0.002435625706091439,1.133601593303582
nonlinear_comsol,lstm,251.0,0.002423667991320134,
nonlinear_comsol,lstm,252.0,0.002411883502527058,
nonlinear_comsol,lstm,253.0,0.0024002089097846856,
nonlinear_comsol,lstm,254.0,0.002388668660307686,
nonlinear_comsol,lstm,255.0,0.0023772420321712456,1.1252536759270917
nonlinear_comsol,lstm,256.0,0.002366074078849068,
nonlinear_comsol,lstm,257.0,0.0023549433784254338,
nonlinear_comsol,lstm,258.0,0.0023438345640796943,
nonlinear_comsol,lstm,259.0,0.002332811897061837,
nonlinear_comsol,lstm,260.0,0.0023219575665792743,1.1116908158510825
nonlinear_comsol,lstm,261.0,0.002311246659756105,
nonlinear_comsol,lstm,262.0,0.0023006107243912547,
nonlinear_comsol,lstm,263.0,0.002290070016748307,
nonlinear_comsol,lstm,264.0,0.0022796464229051564,
nonlinear_comsol,lstm,265.0,0.002269305716761265,1.10333192298279
nonlinear_comsol,lstm,266.0,0.0022591331143220527,
nonlinear_comsol,lstm,267.0,0.002249068312458001,
nonlinear_comsol,lstm,268.0,0.00223906195107854,
nonlinear_comsol,lstm,269.0,0.002229098430532404,
nonlinear_comsol,lstm,270.0,0.0022192764710007346,1.0929024830812406
nonlinear_comsol,lstm,271.0,0.002209589087565054,
nonlinear_comsol,lstm,272.0,0.0021999675951936727,
nonlinear_comsol,lstm,273.0,0.0021904145550233657,
nonlinear_comsol,lstm,274.0,0.0021809348564970662,
nonlinear_comsol,lstm,275.0,0.002171539908314954,1.0823327409171455
nonlinear_comsol,lstm,276.0,0.0021621873353049356,
nonlinear_comsol,lstm,277.0,0.0021530072897812977,
nonlinear_comsol,lstm,278.0,0.002143853554117256,
nonlinear_comsol,lstm,279.0,0.0021347403309803807,
nonlinear_comsol,lstm,280.0,0.0021256818230382417,1.075732053979836
nonlinear_comsol,lstm,281.0,0.002116763246296257,
nonlinear_comsol,lstm,282.0,0.002107894495306075,
nonlinear_comsol,lstm,283.0,0.0020990778983738544,
nonlinear_comsol,lstm,284.0,0.0020903248641997735,
nonlinear_comsol,lstm,285.0,0.0020816305033408995,1.0654037075449783
nonlinear_comsol,lstm,286.0,0.0020730027320381723,
nonlinear_comsol,lstm,287.0,0.0020644201298749294,
nonlinear_comsol,lstm,288.0,0.0020559420686582243,
nonlinear_comsol,lstm,289.0,0.0020474849621969506,
nonlinear_comsol,lstm,290.0,0.0020391454351967055,1.0575734747766596
nonlinear_comsol,lstm,291.0,0.002030861787544276,
nonlinear_comsol,lstm,292.0,0.002022591876898184,
nonlinear_comsol,lstm,293.0,0.0020143936780817892,
nonlinear_comsol,lstm,294.0,0.0020062795311177337,
nonlinear_comsol,lstm,295.0,0.0019982326722016723,1.0494325112139327
nonlinear_comsol,lstm,296.0,0.0019902272571352413,
nonlinear_comsol,lstm,297.0,0.0019822241703749692,
nonlinear_comsol,lstm,298.0,0.0019743072309425795,
nonlinear_comsol,lstm,299.0,0.001966446403688621,
nonlinear_comsol,lstm,300.0,0.0019585953553205304,1.0403486720052513
