time,chip_power,coolant_temperature,inlet_air_velocity,truth_pressure_drop,truth_radiative_heat_rate,truth_chip,predicted_chip,error_chip,prior_chip,persistence_chip,truth_sink_base,predicted_sink_base,error_sink_base,prior_sink_base,persistence_sink_base,truth_fins,predicted_fins,error_fins,prior_fins,persistence_fins
0,0,25,0.1,0.01392558365,0,25.00000941,25.00000941,0,25.00000941,25.00000941,25.00000941,25.00000941,0,25.00000941,25.00000941,25.0000094,25.0000094,0,25.0000094,25.0000094
1,0,25,0.1,0.01389770366,0,25.00000941,25.0000094,-7.746912445e-09,25.00000939,25.00000941,25.00000941,25.0000094,-1.070664268e-08,25.00000938,25.00000941,25.0000094,25.00000937,-2.871808746e-08,25.00000933,25.0000094
2,0,25,0.1,0.01390245442,0,25.00000941,25.00000939,-2.097853979e-08,25.00000936,25.00000941,25.00000941,25.00000939,-2.485198891e-08,25.00000935,25.00000941,25.0000094,25.00000935,-5.428800165e-08,25.00000927,25.0000094
3,0,25,0.1,0.01390108665,0,25.00000941,25.00000937,-3.697024553e-08,25.00000932,25.00000941,25.00000941,25.00000937,-4.140257559e-08,25.00000931,25.00000941,25.0000094,25.00000932,-7.787717493e-08,25.00000921,25.0000094
4,0,25,0.1,0.01390141923,0,25.00000941,25.00000936,-5.465448538e-08,25.00000927,25.00000941,25.00000941,25.00000935,-5.942899151e-08,25.00000926,25.00000941,25.0000094,25.0000093,-1.002209018e-07,25.00000916,25.0000094
5,0,25,0.1,0.01390166313,0,25.00000941,25.00000934,-7.337147068e-08,25.00000923,25.00000941,25.00000941,25.00000933,-7.835376792e-08,25.00000921,25.00000941,25.0000094,25.00000928,-1.21775301e-07,25.0000091,25.0000094
6,0,25,0.1,0.01390121369,0,25.00000941,25.00000932,-9.271203183e-08,25.00000918,25.00000941,25.00000941,25.00000931,-9.781878774e-08,25.00000916,25.00000941,25.0000094,25.00000926,-1.428233141e-07,25.00000905,25.0000094
7,0,25,0.1,0.01390058626,0,25.00000941,25.0000093,-1.12422434e-07,25.00000913,25.00000941,25.00000941,25.00000929,-1.176019673e-07,25.00000912,25.00000941,25.0000094,25.00000924,-1.635404523e-07,25.000009,25.0000094
8,0,25,0.1,0.01390028911,0,25.00000941,25.00000928,-1.323453382e-07,25.00000908,25.00000941,25.00000941,25.00000927,-1.375656105e-07,25.00000907,25.00000941,25.0000094,25.00000922,-1.840356063e-07,25.00000896,25.0000094
9,0,25,0.1,0.01390035801,0,25.00000941,25.00000926,-1.523832012e-07,25.00000903,25.00000941,25.00000941,25.00000925,-1.576243456e-07,25.00000902,25.00000941,25.0000094,25.0000092,-2.043763558e-07,25.00000891,25.0000094
10,0,25,0.1,0.01390069023,0,25.00000941,25.00000924,-1.724755592e-07,25.00000898,25.00000941,25.00000941,25.00000923,-1.777252656e-07,25.00000897,25.00000941,25.0000094,25.00000918,-2.246046549e-07,25.00000886,25.0000094
11,0,25,0.1,0.01390099239,0,25.00000941,25.00000922,-1.925849453e-07,25.00000893,25.00000941,25.00000941,25.00000921,-1.978355897e-07,25.00000892,25.00000941,25.0000094,25.00000916,-2.447465555e-07,25.00000881,25.0000094
12,0,25,0.1,0.01390104389,0,25.00000941,25.0000092,-2.126881675e-07,25.00000889,25.00000941,25.00000941,25.00000919,-2.179350282e-07,25.00000887,25.00000941,25.0000094,25.00000914,-2.648182509e-07,25.00000876,25.0000094
13,0,25,0.1,0.01390096029,0,25.00000941,25.00000918,-2.327708692e-07,25.00000884,25.00000941,25.00000941,25.00000917,-2.380110296e-07,25.00000883,25.00000941,25.0000094,25.00000912,-2.848298202e-07,25.00000872,25.0000094
14,0,25,0.1,0.01390081375,0,25.00000941,25.00000916,-2.528241865e-07,25.00000879,25.00000941,25.00000941,25.00000915,-2.580558451e-07,25.00000878,25.00000941,25.0000094,25.0000091,-3.047875516e-07,25.00000867,25.0000094
15,0,25,0.1,0.01390068409,0,25.00000941,25.00000914,-2.728426551e-07,25.00000874,25.00000941,25.00000941,25.00000913,-2.780647073e-07,25.00000873,25.00000941,25.0000094,25.00000908,-3.246953852e-07,25.00000862,25.0000094
16,0,25,0.1,0.01390062978,0,25.00000941,25.00000912,-2.92822925e-07,25.0000087,25.00000941,25.00000941,25.00000911,-2.980346956e-07,25.00000868,25.00000941,25.0000094,25.00000906,-3.445557972e-07,25.00000858,25.0000094
17,0,25,0.1,0.0139006487,0,25.00000941,25.0000091,-3.127629604e-07,25.00000865,25.00000941,25.00000941,25.00000909,-3.179640338e-07,25.00000864,25.00000941,25.0000094,25.00000904,-3.643703614e-07,25.00000853,25.0000094
18,0,25,0.1,0.01390072322,0,25.00000941,25.00000908,-3.326615214e-07,25.0000086,25.00000941,25.00000941,25.00000907,-3.37851656e-07,25.00000859,25.00000941,25.0000094,25.00000902,-3.84140094e-07,25.00000848,25.0000094
19,0,25,0.1,0.01390078853,0,25.00000941,25.00000906,-3.525178904e-07,25.00000856,25.00000941,25.00000941,25.00000905,-3.57696937e-07,25.00000854,25.00000941,25.0000094,25.000009,-4.03865652e-07,25.00000844,25.0000094
20,0,25,0.1,0.01390079413,0,25.00000941,25.00000904,-3.723316411e-07,25.00000851,25.00000941,25.00000941,25.00000903,-3.774995321e-07,25.0000085,25.00000941,25.0000094,25.00000898,-4.235474833e-07,25.00000839,25.0000094
21,0,25,0.1,0.01390077329,0,25.00000941,25.00000902,-3.921025602e-07,25.00000846,25.00000941,25.00000941,25.00000901,-3.97259253e-07,25.00000845,25.00000941,25.0000094,25.00000896,-4.43185904e-07,25.00000835,25.0000094
22,0,25,0.1,0.01390074459,0,25.00000941,25.000009,-4.118305519e-07,25.00000842,25.00000941,25.00000941,25.00000899,-4.169760253e-07,25.00000841,25.00000941,25.0000094,25.00000894,-4.627811379e-07,25.0000083,25.0000094
23,0,25,0.1,0.01390072022,0,25.00000941,25.00000898,-4.31515577e-07,25.00000837,25.00000941,25.00000941,25.00000897,-4.366498345e-07,25.00000836,25.00000941,25.0000094,25.00000892,-4.823333661e-07,25.00000826,25.0000094
24,0,25,0.1,0.01390070892,0,25.00000941,25.00000896,-4.51157657e-07,25.00000833,25.00000941,25.00000941,25.00000895,-4.562807092e-07,25.00000832,25.00000941,25.0000094,25.0000089,-5.01842738e-07,25.00000821,25.0000094
25,0,25,0.1,0.01390071157,0,25.00000941,25.00000894,-4.707568486e-07,25.00000828,25.00000941,25.00000941,25.00000893,-4.758687062e-07,25.00000827,25.00000941,25.0000094,25.00000888,-5.213093743e-07,25.00000817,25.0000094
26,0,25,0.1,0.01390072678,0,25.00000941,25.00000892,-4.903132087e-07,25.00000824,25.00000941,25.00000941,25.00000891,-4.954138895e-07,25.00000823,25.00000941,25.0000094,25.00000886,-5.407333923e-07,25.00000812,25.0000094
27,0,25,0.1,0.01390074169,0,25.00000941,25.0000089,-5.098268083e-07,25.00000819,25.00000941,25.00000941,25.0000089,-5.149163407e-07,25.00000818,25.00000941,25.00000941,25.00000884,-5.701148957e-07,25.00000808,25.0000094
28,0,25,0.1,0.01390074284,0,25.00000941,25.00000888,-5.292977399e-07,25.00000815,25.00000941,25.00000941,25.00000888,-5.343761416e-07,25.00000814,25.00000941,25.00000941,25.00000882,-5.894539825e-07,25.00000804,25.0000094
29,0,25,0.1,0.01390073753,0,25.00000941,25.00000886,-5.487260886e-07,25.0000081,25.00000941,25.00000941,25.00000886,-5.537933809e-07,25.00000809,25.00000941,25.00000941,25.0000088,-6.087507565e-07,25.00000799,25.0000094
30,0,25,0.1,0.01390073117,0,25.00000941,25.00000884,-5.681119362e-07,25.00000806,25.00000941,25.00000941,25.00000884,-5.731681441e-07,25.00000805,25.00000941,25.00000941,25.00000878,-6.2800531e-07,25.00000795,25.0000094
31,0,25,0.1,0.0139007265,0,25.00000941,25.00000882,-5.874553786e-07,25.00000802,25.00000941,25.00000941,25.00000882,-5.925005269e-07,25.00000801,25.00000941,25.00000941,25.00000876,-6.472177354e-07,25.00000791,25.0000094
32,0,25,0.1,0.01390072453,0,25.00000941,25.0000088,-6.067565046e-07,25.00000797,25.00000941,25.00000941,25.0000088,-6.117906146e-07,25.00000796,25.00000941,25.00000941,25.00000874,-6.663881287e-07,25.00000786,25.0000094
33,0,25,0.1,0.01390072504,0,25.00000941,25.00000878,-6.260154102e-07,25.00000793,25.00000941,25.00000941,25.00000878,-6.310385068e-07,25.00000792,25.00000941,25.00000941,25.00000872,-6.855165822e-07,25.00000782,25.0000094
34,0,25,0.1,0.01390072789,0,25.00000941,25.00000876,-6.452321806e-07,25.00000789,25.00000941,25.00000941,25.00000876,-6.502442922e-07,25.00000788,25.00000941,25.00000941,25.00000871,-7.046031882e-07,25.00000778,25.0000094
35,0,25,0.1,0.01390073095,0,25.00000941,25.00000875,-6.644069153e-07,25.00000785,25.00000941,25.00000941,25.00000874,-6.694080597e-07,25.00000783,25.00000941,25.00000941,25.00000869,-7.236480357e-07,25.00000774,25.0000094
36,0,25,0.1,0.01390073137,0,25.00000941,25.00000873,-6.835396995e-07,25.0000078,25.00000941,25.00000941,25.00000872,-6.885299051e-07,25.00000779,25.00000941,25.00000941,25.00000867,-7.426512205e-07,25.0000077,25.0000094
37,0,25,0.1,0.0139007303,0,25.00000941,25.00000871,-7.026306292e-07,25.00000776,25.00000941,25.00000941,25.0000087,-7.076099173e-07,25.00000775,25.00000941,25.00000941,25.00000865,-7.61612835e-07,25.00000765,25.0000094
38,0,25,0.1,0.0139007289,0,25.00000941,25.00000869,-7.216797933e-07,25.00000772,25.00000941,25.00000941,25.00000868,-7.266481852e-07,25.00000771,25.00000941,25.00000941,25.00000863,-7.805329609e-07,25.00000761,25.0000094
39,0,25,0.1,0.0139007279,0,25.00000941,25.00000867,-7.406872804e-07,25.00000768,25.00000941,25.00000941,25.00000866,-7.456448046e-07,25.00000767,25.00000941,25.00000941,25.00000861,-7.994116942e-07,25.00000757,25.0000094
40,0,25,0.1,0.01390072754,0,25.00000941,25.00000865,-7.596531866e-07,25.00000764,25.00000941,25.00000941,25.00000865,-7.645998643e-07,25.00000762,25.00000941,25.00000941,25.00000859,-8.182491307e-07,25.00000753,25.0000094
41,0,25,0.1,0.0139007279,0,25.00000941,25.00000863,-7.785776042e-07,25.00000759,25.00000941,25.00000941,25.00000863,-7.835134568e-07,25.00000758,25.00000941,25.00000941,25.00000857,-8.370453557e-07,25.00000749,25.0000094
42,0,25,0.1,0.01390072872,0,25.00000941,25.00000861,-7.974606149e-07,25.00000755,25.00000941,25.00000941,25.00000861,-8.023856743e-07,25.00000754,25.00000941,25.00000941,25.00000855,-8.558004616e-07,25.00000745,25.0000094
43,0,25,0.1,0.0139007293,0,25.00000941,25.00000859,-8.163023182e-07,25.00000751,25.00000941,25.00000941,25.00000859,-8.212166058e-07,25.0000075,25.00000941,25.00000941,25.00000854,-8.745145337e-07,25.00000741,25.0000094
44,0,25,0.1,0.01390072906,0,25.00000941,25.00000857,-8.351028029e-07,25.00000747,25.00000941,25.00000941,25.00000857,-8.400063365e-07,25.00000746,25.00000941,25.00000941,25.00000852,-8.931876643e-07,25.00000737,25.0000094
45,0,25,0.1,0.01390072814,0,25.00000941,25.00000856,-8.538621579e-07,25.00000743,25.00000941,25.00000941,25.00000855,-8.587549623e-07,25.00000742,25.00000941,25.00000941,25.0000085,-9.118199422e-07,25.00000733,25.0000094
46,0,25,0.1,0.01390072737,0,25.00000941,25.00000854,-8.725804683e-07,25.00000739,25.00000941,25.00000941,25.00000853,-8.774625719e-07,25.00000738,25.00000941,25.00000941,25.00000848,-9.304114599e-07,25.00000729,25.0000094
47,0,25,0.1,0.01390072742,0,25.00000941,25.00000852,-8.912578302e-07,25.00000735,25.00000941,25.00000941,25.00000851,-8.961292544e-07,25.00000734,25.00000941,25.00000941,25.00000846,-9.489623061e-07,25.00000725,25.0000094
48,0,25,0.1,0.01390072784,0,25.00000941,25.0000085,-9.098943323e-07,25.00000731,25.00000941,25.00000941,25.0000085,-9.147550948e-07,25.0000073,25.00000941,25.00000941,25.00000844,-9.674725696e-07,25.00000721,25.0000094
49,0,25,0.1,0.01390072829,0,25.00000941,25.00000848,-9.284900635e-07,25.00000727,25.00000941,25.00000941,25.00000848,-9.333401927e-07,25.00000726,25.00000941,25.00000941,25.00000842,-9.859423393e-07,25.00000717,25.0000094
50,0,25,0.1,0.01390072855,0,25.00000941,25.00000846,-9.470451126e-07,25.00000723,25.00000941,25.00000941,25.00000846,-9.518846298e-07,25.00000722,25.00000941,25.00000941,25.00000841,-1.0043717e-06,25.00000713,25.0000094
51,0,25,0.1,0.0139007286,0,25.00000941,25.00000844,-9.655595683e-07,25.00000719,25.00000941,25.00000941,25.00000844,-9.703884984e-07,25.00000718,25.00000941,25.00000941,25.00000839,-1.022760745e-06,25.0000071,25.0000094
52,0,25,0.1,0.01390072842,0,25.00000941,25.00000843,-9.840335196e-07,25.00000716,25.00000941,25.00000941,25.00000842,-9.888518875e-07,25.00000715,25.00000941,25.00000941,25.00000837,-1.041109559e-06,25.00000706,25.0000094
53,0,25,0.1,0.01390072817,0,25.00000941,25.00000841,-1.002467055e-06,25.00000712,25.00000941,25.00000941,25.0000084,-1.007274886e-06,25.00000711,25.00000941,25.00000941,25.00000835,-1.059418231e-06,25.00000702,25.0000094
54,0,25,0.1,0.01390072806,0,25.00000941,25.00000839,-1.020860267e-06,25.00000708,25.00000941,25.00000941,25.00000838,-1.025657575e-06,25.00000707,25.00000941,25.00000941,25.00000833,-1.077686846e-06,25.00000698,25.0000094
55,0,25,0.1,0.01390072818,0,25.00000941,25.00000837,-1.039213238e-06,25.00000704,25.00000941,25.00000941,25.00000837,-1.044000047e-06,25.00000703,25.00000941,25.00000941,25.00000831,-1.095915497e-06,25.00000694,25.0000094
56,0,25,0.1,0.01390072843,0,25.00000941,25.00000835,-1.057526053e-06,25.000007,25.00000941,25.00000941,25.00000835,-1.062302392e-06,25.00000699,25.00000941,25.00000941,25.0000083,-1.114104268e-06,25.00000691,25.0000094
57,0,25,0.1,0.01390072861,0,25.00000941,25.00000833,-1.075798806e-06,25.00000696,25.00000941,25.00000941,25.00000833,-1.080564697e-06,25.00000695,25.00000941,25.00000941,25.00000828,-1.132253249e-06,25.00000687,25.0000094
58,0,25,0.1,0.01390072858,0,25.00000941,25.00000832,-1.094031589e-06,25.00000693,25.00000941,25.00000941,25.00000831,-1.098787056e-06,25.00000692,25.00000941,25.00000941,25.00000826,-1.150362525e-06,25.00000683,25.0000094
59,0,25,0.1,0.01390072831,0,25.00000941,25.0000083,-1.112224485e-06,25.00000689,25.00000941,25.00000941,25.00000829,-1.116969546e-06,25.00000688,25.00000941,25.00000941,25.00000824,-1.168432181e-06,25.00000679,25.0000094
60,0,25,0.1,0.01390072802,0,25.00000941,25.00000828,-1.13037758e-06,25.00000685,25.00000941,25.00000941,25.00000827,-1.13511226e-06,25.00000684,25.00000941,25.00000941,25.00000822,-1.186462306e-06,25.00000676,25.0000094
61,0,25,0.1,0.01390072802,0,25.00000941,25.00000826,-1.148490956e-06,25.00000682,25.00000941,25.00000941,25.00000826,-1.15321528e-06,25.00000681,25.00000941,25.00000941,25.00000821,-1.204452985e-06,25.00000672,25.0000094
62,0,25,0.1,0.01390072818,0,25.00000941,25.00000824,-1.166564708e-06,25.00000678,25.00000941,25.00000941,25.00000824,-1.171278694e-06,25.00000677,25.00000941,25.00000941,25.00000819,-1.222404311e-06,25.00000669,25.0000094
63,0,25,0.1,0.01390072833,0,25.00000941,25.00000823,-1.184598919e-06,25.00000674,25.00000941,25.00000941,25.00000822,-1.189302591e-06,25.00000673,25.00000941,25.00000941,25.00000817,-1.240316365e-06,25.00000665,25.0000094
64,0,25,0.1,0.0139007284,0,25.00000941,25.00000821,-1.202593676e-06,25.00000671,25.00000941,25.00000941,25.0000082,-1.20728706e-06,25.0000067,25.00000941,25.00000941,25.00000815,-1.258189229e-06,25.00000661,25.0000094
65,0,25,0.1,0.0139007284,0,25.00000941,25.00000819,-1.220549066e-06,25.00000667,25.00000941,25.00000941,25.00000818,-1.225232182e-06,25.00000666,25.00000941,25.00000941,25.00000813,-1.276022992e-06,25.00000658,25.0000094
66,0,25,0.1,0.01390072836,0,25.00000941,25.00000817,-1.238465178e-06,25.00000663,25.00000941,25.00000941,25.00000817,-1.243138048e-06,25.00000662,25.00000941,25.00000941,25.00000812,-1.293817743e-06,25.00000654,25.0000094
67,0,25,0.1,0.0139007283,0,25.00000941,25.00000815,-1.256342092e-06,25.0000066,25.00000941,25.00000941,25.00000815,-1.261004737e-06,25.00000659,25.00000941,25.00000941,25.0000081,-1.311573563e-06,25.00000651,25.0000094
68,0,25,0.1,0.01390072825,0,25.00000941,25.00000814,-1.274179894e-06,25.00000656,25.00000941,25.00000941,25.00000813,-1.278832343e-06,25.00000655,25.00000941,25.00000941,25.00000808,-1.329290537e-06,25.00000647,25.0000094
69,0,25,0.1,0.01390072827,0,25.00000941,25.00000812,-1.291978673e-06,25.00000653,25.00000941,25.00000941,25.00000811,-1.296620947e-06,25.00000652,25.00000941,25.00000941,25.00000806,-1.346968755e-06,25.00000644,25.0000094
70,0,25,0.1,0.01390072836,0,25.00000941,25.0000081,-1.309738519e-06,25.00000649,25.00000941,25.00000941,25.0000081,-1.314370632e-06,25.00000648,25.00000941,25.00000941,25.00000805,-1.364608295e-06,25.0000064,25.0000094
71,0,25,0.1,0.01390072844,0,25.00000941,25.00000808,-1.327459508e-06,25.00000646,25.00000941,25.00000941,25.00000808,-1.332081489e-06,25.00000645,25.00000941,25.00000941,25.00000803,-1.382209245e-06,25.00000637,25.0000094
72,0,25,0.1,0.01390072841,0,25.00000941,25.00000806,-1.34514173e-06,25.00000642,25.00000941,25.00000941,25.00000806,-1.3497536e-06,25.00000641,25.00000941,25.00000941,25.00000801,-1.399771691e-06,25.00000633,25.0000094
73,0,25,0.1,0.0139007283,0,25.00000941,25.00000805,-1.362785266e-06,25.00000639,25.00000941,25.00000941,25.00000804,-1.367387046e-06,25.00000638,25.00000941,25.00000941,25.00000799,-1.417295714e-06,25.0000063,25.0000094
74,0,25,0.1,0.01390072823,0,25.00000941,25.00000803,-1.380390206e-06,25.00000635,25.00000941,25.00000941,25.00000803,-1.384981918e-06,25.00000634,25.00000941,25.00000941,25.00000798,-1.434781399e-06,25.00000626,25.0000094
75,0,25,0.1,0.01390072826,0,25.00000941,25.00000801,-1.39795663e-06,25.00000632,25.00000941,25.00000941,25.00000801,-1.402538299e-06,25.00000631,25.00000941,25.00000941,25.00000796,-1.452228833e-06,25.00000623,25.0000094
76,0,25,0.1,0.0139007283,0,25.00000941,25.00000799,-1.415484626e-06,25.00000628,25.00000941,25.00000941,25.00000799,-1.420056268e-06,25.00000627,25.00000941,25.00000941,25.00000794,-1.469638097e-06,25.0000062,25.0000094
77,0,25,0.1,0.01390072833,0,25.00000941,25.00000798,-1.432974269e-06,25.00000625,25.00000941,25.00000941,25.00000797,-1.437535914e-06,25.00000624,25.00000941,25.00000941,25.00000792,-1.487009275e-06,25.00000616,25.0000094
78,0,25,0.1,0.01390072835,0,25.00000941,25.00000796,-1.450425657e-06,25.00000622,25.00000941,25.00000941,25.00000796,-1.454977319e-06,25.00000621,25.00000941,25.00000941,25.00000791,-1.504342446e-06,25.00000613,25.0000094
79,0,25,0.1,0.01390072836,0,25.00000941,25.00000794,-1.467838864e-06,25.00000618,25.00000941,25.00000941,25.00000794,-1.472380571e-06,25.00000617,25.00000941,25.00000941,25.00000789,-1.521637703e-06,25.0000061,25.0000094
80,0,25,0.1,0.01390072834,0,25.00000941,25.00000792,-1.485213975e-06,25.00000615,25.00000941,25.00000941,25.00000792,-1.489745749e-06,25.00000614,25.00000941,25.00000941,25.00000787,-1.538895123e-06,25.00000606,25.0000094
81,15,25,0.1,0.01390072832,0,25.00000941,25.00000791,-1.502551083e-06,25.00000612,25.00000941,25.00000941,25.0000079,-1.507072934e-06,25.00000611,25.00000941,25.00000941,25.00000785,-1.556114785e-06,25.00000603,25.0000094
82,15,25,0.1,0.0139007283,0,25.29764289,25.59022243,0.2925795351,25.58493826,25.00000941,25.14728259,25.31200522,0.1647226302,25.30376312,25.00000941,25.0284193,25.02722567,-0.001193627122,25.03262789,25.0000094
83,15,25,0.1,0.01404256761,0,25.63620541,25.92189013,0.2856847231,25.89995935,25.00000941,25.39021707,25.62459719,0.2343801214,25.59797544,25.00000941,25.09825176,25.11224101,0.01398924511,25.13040886,25.0000094
84,15,25,0.1,0.01414239044,0,25.92801397,26.19755536,0.2695413909,26.15644708,25.00000941,25.64985654,25.88895571,0.2390991659,25.84330969,25.00000941,25.20309324,25.2348299,0.03173665549,25.26588444,25.0000094
85,15,25,0.1,0.01425841037,0,26.18121466,26.43871723,0.2575025739,26.38042611,25.00000941,25.89372168,26.12306687,0.2293451894,26.06100352,25.00000941,25.34103488,25.38057672,0.03954183756,25.42178351,25.0000094
86,15,25,0.1,0.01434327625,0,26.41719138,26.6583273,0.2411359183,26.58597676,25.00000941,26.12226591,26.3382639,0.2159979909,26.26296142,25.00000941,25.49048812,25.54053406,0.05004593956,25.58854537,25.0000094
87,15,25,0.1,0.01438799295,0,26.64052214,26.86441729,0.2238951476,26.78089059,25.00000941,26.33994771,26.54157688,0.2016291669,26.45577279,25.00000941,25.64794643,25.70915287,0.06120643703,25.76088263,25.0000094
88,15,25,0.1,0.01442710328,0,26.85386576,27.06196897,0.208103213,26.9694809,25.00000941,26.54905119,26.73736633,0.1883151382,26.64308581,25.00000941,25.81156005,25.88299184,0.07143178883,25.93587225,25.0000094
89,15,25,0.1,0.01445617387,0,27.06094587,27.25407248,0.1931266123,27.1541365,25.00000941,26.75273248,26.92833708,0.175604597,26.82692127,25.00000941,25.97890972,26.05991694,0.08100722373,26.11189931,25.0000094
90,15,25,0.1,0.01448651428,0,27.26204408,27.44264471,0.1806006283,27.33618141,25.00000941,26.95120924,27.11616704,0.1649578015,27.00839961,25.00000941,26.14972033,26.23860494,0.08888461459,26.28807263,25.0000094
91,15,25,0.1,0.01451938059,0,27.45833981,27.62887488,0.1705350688,27.51635055,25.00000941,27.14548412,27.30189723,0.1564131127,27.18814305,25.00000941,26.32316804,26.41823547,0.09506743416,26.46390144,25.0000094
92,15,25,0.1,0.01455187296,0,27.6509439,27.81350091,0.1625570089,27.69505283,25.00000941,27.33651277,27.48617364,0.1496608683,27.3664982,25.00000941,26.49848514,26.59830005,0.09981491437,26.63911652,25.0000094
93,15,25,0.1,0.01458243493,0,27.84072636,27.9969808,0.1562544398,27.87251683,25.00000941,27.52504971,27.66939724,0.1443475342,27.54365914,25.00000941,26.67506973,26.77848365,0.1034139163,26.8135712,25.0000094
94,15,25,0.1,0.01461085223,0,28.0283343,28.17959894,0.1512646437,28.04887133,25.00000941,27.71165881,27.85181708,0.1401582705,27.71973555,25.00000941,26.85247357,26.95859119,0.1061176152,26.9871866,25.0000094
95,15,25,0.1,0.01463725588,0,28.21424193,28.36153206,0.1472901264,28.22418984,25.00000941,27.89675378,28.03358793,0.1368341505,27.8947904,25.00000941,27.03036848,27.13850202,0.1081335357,27.15992133,25.0000094
96,15,25,0.1,0.01466421708,0,28.3988513,28.54289007,0.1440387701,28.39851534,25.00000941,28.0806894,28.21480612,0.1341167229,28.06886081,25.00000941,27.20856781,27.31814163,0.1095738223,27.33175475,25.0000094
97,15,25,0.1,0.01468928764,0,28.58239656,28.7237415,0.1413449354,28.57187388,25.00000941,28.26366808,28.39553173,0.1318636515,28.24196957,25.00000941,27.38687981,27.49746415,0.1105843416,27.50267767,25.0000094
98,15,25,0.1,0.01471117473,0,28.76503877,28.90412915,0.139090382,28.74428209,25.00000941,28.4458275,28.57580234,0.1299748426,28.41413156,25.00000941,27.56515582,27.67644144,0.1112856214,27.67268723,25.0000094
99,15,25,0.1,0.0147302523,0,28.94690099,29.08407992,0.1371789346,28.91575146,25.00000941,28.62727257,28.7556416,0.1283690254,28.58535725,25.00000941,27.74329299,27.85505638,0.1117633886,27.84178406,25.0000094
100,15,25,0.1,0.01474700277,0,29.12807905,29.26361081,0.1355317643,29.08629056,25.00000941,28.80808486,28.93506448,0.1269796175,28.75565464,25.00000941,27.92122191,28.03329867,0.1120767576,28.00997071,25.0000094
101,0,25,0.1,0.01476242684,0,29.30864611,29.44273269,0.1340865813,29.25590633,25.00000941,28.98832652,29.11408061,0.1257540901,28.92503038,25.00000941,28.09889458,28.21116225,0.1122676661,28.17725078,25.0000094
102,0,25,0.1,0.01477832322,0,29.19102431,29.03123809,-0.1597862225,28.83967266,25.00000941,29.02077222,28.98069895,-0.04007326914,28.78973333,25.00000941,28.2478672,28.36142584,0.1135586411,28.31100654,25.0000094
103,0,25,0.1,0.01479219501,0,28.98105649,28.87789305,-0.1031634351,28.69243835,25.00000941,28.94683093,28.84632641,-0.1005045228,28.66307065,25.00000941,28.35768156,28.45350797,0.09582640607,28.37870525,25.0000094
104,0,25,0.1,0.01480339928,0,28.84425097,28.78015651,-0.06409446229,28.60283093,25.00000941,28.83824465,28.75979403,-0.07845061537,28.58438092,25.00000941,28.42645902,28.50763178,0.0811727553,28.40781602,25.0000094
105,0,25,0.1,0.01481181479,0,28.77964445,28.71653165,-0.06311279541,28.54483081,25.00000941,28.75858296,28.70311788,-0.05546508317,28.53243154,25.00000941,28.46576484,28.53821272,0.07244787931,28.41561468,25.0000094
106,0,25,0.1,0.01482251376,0,28.73907419,28.67406872,-0.06500547016,28.50436267,25.00000941,28.7069996,28.66496637,-0.04203323007,28.49532297,25.00000941,28.48724409,28.55419842,0.06695433083,28.41166666,25.0000094
107,0,25,0.1,0.01483449479,0,28.69317657,28.64473739,-0.04843918084,28.47363982,25.00000941,28.67143811,28.63831079,-0.03312732478,28.46647066,25.00000941,28.50237592,28.56113838,0.05876246449,28.40126409,25.0000094
108,0,25,0.1,0.01484754356,0,28.65449337,28.62355709,-0.03093627732,28.44835382,25.00000941,28.64439621,28.61879175,-0.02560446147,28.44223129,25.00000941,28.51172794,28.56247451,0.05074656932,28.38733473,25.0000094
109,0,25,0.1,0.01485307551,0,28.63035761,28.60743877,-0.02291884246,28.42612066,25.00000941,28.62052074,28.60370547,-0.01681526506,28.42058886,25.00000941,28.51609882,28.56034152,0.04424269533,28.37149821,25.0000094
110,0,25,0.1,0.01484624799,0,28.61104226,28.5944665,-0.01657575878,28.40562109,25.00000941,28.60117487,28.59137501,-0.009799861019,28.40042769,25.00000941,28.51696392,28.55606338,0.03909946413,28.35465041,25.0000094
111,0,25,0.1,0.01483132627,0,28.59387161,28.58345199,-0.0104196176,28.38612494,25.00000941,28.58544046,28.58076026,-0.004680204776,28.3811303,25.00000941,28.51543173,28.55046126,0.03502953127,28.33728676,25.0000094
112,0,25,0.1,0.0148199986,0,28.57907406,28.57365822,-0.005415841318,28.36722799,25.00000941,28.57195956,28.57121611,-0.00074344843,28.36235477,25.00000941,28.51217983,28.54404442,0.03186459342,28.31968112,25.0000094
113,0,25,0.1,0.01481894276,0,28.56628619,28.56462805,-0.001658140064,28.34870637,25.00000941,28.56001724,28.56234246,0.002325218659,28.34391172,25.00000941,28.50767532,28.53712872,0.0294534,28.30198478,25.0000094
114,0,25,0.1,0.01482654455,0,28.55497979,28.55607795,0.001098160771,28.33043596,25.00000941,28.54928987,28.55389112,0.004601250336,28.32569612,25.00000941,28.50221242,28.52991003,0.027697613,28.28428123,25.0000094
115,0,25,0.1,0.01483850912,0,28.54462912,28.54783205,0.003202932749,28.31234787,25.00000941,28.53942973,28.54570816,0.006278428671,28.30764962,25.00000941,28.49609744,28.52250984,0.0264123983,28.26661642,25.0000094
116,0,25,0.1,0.01484738608,0,28.53492083,28.53978126,0.004860434653,28.29440374,25.00000941,28.53014821,28.53769808,0.007549874191,28.28973971,25.00000941,28.4895563,28.51500346,0.02544716363,28.24901553,25.0000094
117,0,25,0.1,0.01484707026,0,28.52569354,28.53185791,0.006164371853,28.27658212,25.00000941,28.52125184,28.52980166,0.008549818348,28.27194817,25.00000941,28.48272935,28.50743761,0.02470826473,28.23149228,25.0000094
118,0,25,0.1,0.01483407598,0,28.51680925,28.52402001,0.007210757144,28.2588709,25.00000941,28.5126126,28.52198213,0.009369526169,28.25426469,25.00000941,28.47571685,28.49984125,0.02412439552,28.21405403,25.0000094
119,0,25,0.1,0.01481802714,0,28.5082037,28.5162415,0.0080377952,28.24126317,25.00000941,28.50420467,28.51421668,0.01001200747,28.23668332,25.00000941,28.46854754,28.4922323,0.02368475982,28.19670461,25.0000094
120,0,25,0.1,0.01481557924,0,28.49979776,28.5085062,0.008708442,28.22375485,25.00000941,28.49597606,28.50649115,0.01051509095,28.21920057,25.00000941,28.46126729,28.48462189,0.02335460288,28.17944594,25.0000094
121,0,25,0.1,0.01482307863,0,28.4915663,28.50080408,0.00923778213,28.20634348,25.00000941,28.48789111,28.49879675,0.01090563951,28.20181425,25.00000941,28.45390052,28.4770169,0.02311638471,28.16227883,25.0000094
122,0,25,0.1,0.01483705264,0,28.48347414,28.49312889,0.009654751293,28.18902746,25.00000941,28.47991284,28.491128,0.01121516312,28.18452294,25.00000941,28.44647462,28.46942159,0.0229469686,28.14520352,25.0000094
123,0,25,0.1,0.01484938886,0,28.47548479,28.48547674,0.00999195275,28.17180568,25.00000941,28.47201498,28.48348151,0.01146652523,28.16732562,25.00000941,28.43901178,28.46183857,0.02282678872,28.12821992,25.0000094
124,0,25,0.1,0.01483984817,0,28.46756576,28.47784521,0.010279452,28.1546773,25.00000941,28.46417691,28.47585513,0.0116782192,28.15022152,25.00000941,28.43153066,28.45426946,0.02273879886,28.11132775,25.0000094
125,0,25,0.1,0.0148168744,0,28.45971083,28.47023278,0.01052195147,28.13764164,25.00000941,28.45639139,28.46824754,0.0118561522,28.13320997,25.00000941,28.42403688,28.44671525,0.02267836617,28.09452665,25.0000094
126,0,25,0.1,0.01480999842,0,28.45190999,28.4626385,0.01072850614,28.1206981,25.00000941,28.4486484,28.4606579,0.01200950377,28.11629038,25.00000941,28.41653828,28.43917653,0.02263824918,28.07781619,25.0000094
127,0,25,0.1,0.01481702578,0,28.44415635,28.45506175,0.01090539988,28.10384613,25.00000941,28.44094369,28.45308568,0.01214198888,28.09946222,25.00000941,28.40903848,28.43165367,0.02261518542,28.06119593,25.0000094
128,0,25,0.1,0.01482806824,0,28.43644101,28.44750215,0.01106114303,28.08708519,25.00000941,28.43327117,28.44553052,0.01225935195,28.08272497,25.00000941,28.40154217,28.42414686,0.02260469301,28.04466538,25.0000094
129,0,25,0.1,0.01483796801,0,28.42876067,28.43995945,0.01119878019,28.07041479,25.00000941,28.42562773,28.4379922,0.01236447494,28.06607811,25.00000941,28.39405131,28.41665624,0.02260492737,28.02822409,25.0000094
130,0,25,0.1,0.0148399222,0,28.42111143,28.43243347,0.01132203925,28.05383442,25.00000941,28.4180101,28.43047057,0.01246047271,28.04952116,25.00000941,28.38656836,28.40918185,0.0226134865,28.01187158,25.0000094
131,0,25,0.1,0.0148277253,0,28.41348911,28.42492409,0.01143497983,28.03734359,25.00000941,28.41041547,28.42296552,0.0125500454,28.03305362,25.00000941,28.3790964,28.40172371,0.02262731281,27.99560736,25.0000094
132,0,25,0.1,0.0148143098,0,28.40589195,28.41743122,0.01153927361,28.02094181,25.00000941,28.4028429,28.41547695,0.01263405127,28.01667501,25.00000941,28.37163701,28.39428184,0.02264482665,27.97943097,25.0000094
133,0,25,0.1,0.0148121857,0,28.39831862,28.4099548,0.01163618224,28.00462861,25.00000941,28.39529149,28.40800482,0.01271332599,28.00038485,25.00000941,28.36419081,28.3868562,0.02266539475,27.96334193,25.0000094
134,0,25,0.1,0.01481472886,0,28.39077198,28.40249477,0.01172278974,27.9884035,25.00000941,28.38776409,28.40054906,0.01278496614,27.98418266,25.00000941,28.35676099,28.3794468,0.02268580538,27.94733977,25.0000094
135,0,25,0.1,0.01481709365,0,28.38324739,28.39505108,0.01180368785,27.972266,25.00000941,28.38025673,28.39310963,0.01285289503,27.96806796,25.00000941,28.34934557,28.37205358,0.02270801162,27.93142402,25.0000094
136,0,25,0.1,0.01481794356,0,28.37574322,28.38762368,0.01188046313,27.95621565,25.00000941,28.37276814,28.38568648,0.0129183402,27.95204027,25.00000941,28.34194441,28.36467653,0.02273212336,27.91559422,25.0000094
137,0,25,0.1,0.01481816338,0,28.3682586,28.38021255,0.01195394517,27.94025197,25.00000941,28.36529769,28.37827958,0.01298189185,27.93609914,25.00000941,28.33455777,28.35731562,0.02275784853,27.8998499,25.0000094
138,0,25,0.1,0.0148184616,0,28.36079291,28.37281763,0.01202471542,27.9243745,25.00000941,28.357845,28.37088889,0.01304389184,27.9202441,25.00000941,28.327186,28.3499708,0.02278480388,27.8841906,25.0000094
139,0,25,0.1,0.01481849654,0,28.35334569,28.36543889,0.01209319659,27.90858277,25.00000941,28.3504098,28.36351437,0.01310457312,27.90447467,25.00000941,28.31982943,28.34264206,0.02281262546,27.86861586,25.0000094
140,0,25,0.1,0.0148177683,0,28.34591659,28.35807629,0.01215970213,27.89287631,25.00000941,28.34299189,28.35615599,0.01316409931,27.88879039,25.00000941,28.31248832,28.33532934,0.0228410189,27.85312522,25.0000094
141,0,25,0.1,0.01481644922,0,28.33850531,28.35072981,0.01222449601,27.87725466,25.00000941,28.3355911,28.3488137,0.01322260449,27.87319081,25.00000941,28.30516281,28.32803262,0.02286980962,27.83771824,25.0000094
142,0,25,0.1,0.01481509218,0,28.33111161,28.34339939,0.01228778256,27.86171738,25.00000941,28.32820731,28.34148748,0.01328017305,27.85767547,25.00000941,28.29785298,28.32075186,0.02289888292,27.82239445,25.0000094
143,0,25,0.1,0.01481395933,0,28.3237353,28.33608502,0.01234971635,27.846264,25.00000941,28.32084039,28.33417729,0.01333689962,27.84224391,25.00000941,28.29055886,28.31348703,0.02292817407,27.80715341,25.0000094
144,0,25,0.1,0.01481299431,0,28.31637616,28.32878664,0.01241048211,27.83089406,25.00000941,28.31349021,28.32688309,0.01339287899,27.82689569,25.00000941,28.28328044,28.3062381,0.02295765834,27.79199468,25.0000094
145,0,25,0.1,0.01481214388,0,28.30903404,28.32150423,0.01247019475,27.81560712,25.00000941,28.30615665,28.31960485,0.01344819607,27.81163034,25.00000941,28.27601772,28.29900502,0.02298730103,27.7769178,25.0000094
146,0,25,0.1,0.0148114569,0,28.30170877,28.31423776,0.01252898926,27.80040274,25.00000941,28.29883961,28.31234253,0.01350291591,27.79644743,25.00000941,28.2687707,28.29178777,0.0230170675,27.76192234,25.0000094
147,0,25,0.1,0.01481096183,0,28.29440022,28.30698718,0.01258696074,27.78528046,25.00000941,28.29153899,28.30509609,0.01355710362,27.78134651,25.00000941,28.26153938,28.2845863,0.02304692316,27.74700785,25.0000094
148,0,25,0.1,0.01481059117,0,28.28710826,28.29975246,0.01264420441,27.77023984,25.00000941,28.28425472,28.29786551,0.01361079444,27.76632713,25.00000941,28.25432379,28.27740059,0.02307680347,27.7321739,25.0000094
149,0,25,0.1,0.01481023283,0,28.27983278,28.29253358,0.01270079553,27.75528043,25.00000941,28.27698671,28.29065075,0.01366404366,27.75138886,25.00000941,28.24712393,28.2702306,0.02310667399,27.71742006,25.0000094
150,0,25,0.1,0.01480979955,0,28.27257369,28.28533048,0.01275678948,27.74040181,25.00000941,28.26973492,28.28345178,0.01371685667,27.73653125,25.00000941,28.23993982,28.2630763,0.02313648033,27.70274589,25.0000094
151,0,25,0.1,0.01480925248,0,28.26533091,28.27814314,0.01281223169,27.72560354,25.00000941,28.26249927,28.27626855,0.01376927894,27.72175388,25.00000941,28.23277145,28.25593765,0.02316619817,27.68815096,25.0000094
152,0,25,0.1,0.01480859753,0,28.25810436,28.27097153,0.01286716769,27.71088518,25.00000941,28.25527973,28.26910104,0.013821306,27.70705631,25.00000941,28.22561882,28.24881461,0.02319579329,27.67363484,25.0000094
153,0,25,0.1,0.01480787302,0,28.25089399,28.2638156,0.01292161308,27.69624629,25.00000941,28.24807623,28.2619492,0.01387297348,27.6924381,25.00000941,28.21848189,28.24170716,0.02322527151,27.65919711,25.0000094
154,0,25,0.1,0.01480713086,0,28.24369971,28.25667533,0.01297562354,27.68168646,25.00000941,28.24088873,28.25481302,0.01392428706,27.67789883,25.00000941,28.21136065,28.23461526,0.02325460874,27.64483734,25.0000094
155,0,25,0.1,0.01480641562,0,28.23652148,28.24955068,0.0130292048,27.66720525,25.00000941,28.23371719,28.24769244,0.01397525253,27.66343807,25.00000941,28.20425508,28.22753887,0.02328379097,27.63055512,25.0000094
156,0,25,0.1,0.01480575096,0,28.22935923,28.24244162,0.01308239271,27.65280224,25.00000941,28.22656155,28.24058745,0.01402589573,27.6490554,25.00000941,28.19716513,28.22047796,0.02331283426,27.61635002,25.0000094
157,0,25,0.1,0.01480513712,0,28.22221292,28.23534811,0.01313519316,27.63847701,25.00000941,28.21942177,28.23349799,0.01407622257,27.6347504,25.00000941,28.19009078,28.2134325,0.02334172474,27.60222163,25.0000094
158,0,25,0.1,0.01480455698,0,28.21508248,28.22827012,0.01318764212,27.62422913,25.00000941,28.2122978,28.22642405,0.01412624905,27.62052265,25.00000941,28.18303202,28.20640246,0.02337043861,27.58816953,25.0000094
159,0,25,0.1,0.01480398639,0,28.20796787,28.22120762,0.01323974564,27.61005819,25.00000941,28.20518961,28.21936558,0.01417597124,27.60637173,25.00000941,28.1759888,28.19938779,0.02339899216,27.57419332,25.0000094
160,0,25,0.1,0.0148034054,0,28.20086904,28.21416056,0.01329151985,27.59596378,25.00000941,28.19809715,28.21232256,0.01422540528,27.59229722,25.00000941,28.16896111,28.19238847,0.02342736174,27.56029258,25.0000094
161,0,25,0.1,0.01480280508,0,28.19378595,28.20712892,0.01334297096,27.58194547,25.00000941,28.19102039,28.20529494,0.0142745474,27.57829872,25.00000941,28.16194891,28.18540446,0.02345555377,27.5464669,25.0000094
162,0,25,0.1,0.01480218732,0,28.18671855,28.20011267,0.01339411522,27.56800287,25.00000941,28.18395928,28.19828269,0.01432341387,27.56437581,25.00000941,28.15495219,28.17843573,0.02348354476,27.53271588,25.0000094
163,0,25,0.1,0.01480155948,0,28.17966681,28.19311176,0.01344494899,27.55413555,25.00000941,28.17691378,28.19128579,0.01437201108,27.55052808,25.00000941,28.1479709,28.17148225,0.02351135129,27.51903912,25.0000094
164,0,25,0.1,0.01480092919,0,28.17263068,28.18612617,0.01349548868,27.54034312,25.00000941,28.16988387,28.1843042,0.01442032546,27.53675513,25.00000941,28.14100501,28.16454398,0.02353896999,27.50543621,25.0000094
165,0,25,0.1,0.01480030187,0,28.16561013,28.17915586,0.01354573079,27.52662517,25.00000941,28.1628695,28.17733787,0.01446837351,27.52305655,25.00000941,28.1340545,28.15762089,0.02356638759,27.49190676,25.0000094
166,0,25,0.1,0.01479968029,0,28.1586051,28.1722008,0.01359570189,27.5129813,25.00000941,28.15587064,28.17038679,0.01451615183,27.50943195,25.00000941,28.12711932,28.15071294,0.02359362088,27.47845037,25.0000094
167,0,25,0.1,0.01479906473,0,28.15161558,28.16526096,0.01364537861,27.49941111,25.00000941,28.14888725,28.16345092,0.01456366708,27.49588092,25.00000941,28.12019946,28.14382011,0.02362064673,27.46506664,25.0000094
168,0,25,0.1,0.01479845354,0,28.14464152,28.1583363,0.01369477767,27.48591419,25.00000941,28.1419193,28.15653022,0.01461091598,27.48240307,25.00000941,28.11329487,28.13694235,0.02364748207,27.45175518,25.0000094
169,0,25,0.1,0.01479784436,0,28.13768287,28.15142679,0.01374391586,27.47249016,25.00000941,28.13496675,28.14962466,0.01465790534,27.468998,25.00000941,28.10640553,28.13007964,0.02367411393,27.43851561,25.0000094
170,0,25,0.1,0.0147972353,0,28.13073961,28.14453239,0.01379278003,27.45913862,25.00000941,28.12802956,28.1427342,0.01470464204,27.45566531,25.00000941,28.09953139,28.12323195,0.02370055937,27.42534753,25.0000094
171,0,25,0.1,0.0147966255,0,28.1238117,28.13765308,0.0138413771,27.44585917,25.00000941,28.12110769,28.13585882,0.01475113302,27.44240463,25.00000941,28.09267244,28.11639924,0.02372679555,27.41225057,25.0000094
172,0,25,0.1,0.01479601478,0,28.11689911,28.13078881,0.0138897041,27.43265144,25.00000941,28.11420113,28.12899849,0.01479735532,27.42921555,25.00000941,28.08582863,28.10958147,0.02375283971,27.39922432,25.0000094
173,0,25,0.1,0.01479540334,0,28.11000179,28.12393957,0.01393777808,27.41951503,25.00000941,28.10730982,28.12215316,0.01484333601,27.41609769,25.00000941,28.07899994,28.10277862,0.02377867913,27.38626842,25.0000094
174,0,25,0.1,0.01479479159,0,28.10311972,28.11710531,0.01398558621,27.40644956,25.00000941,28.10043375,28.1153228,0.01488905228,27.40305067,25.00000941,28.07218633,28.09599065,0.02380432119,27.37338248,25.0000094
175,0,25,0.1,0.01479418008,0,28.09625286,28.110286,0.01403313569,27.39345464,25.00000941,28.09357286,28.10850739,0.01493453136,27.39007411,25.00000941,28.06538776,28.08921753,0.02382977333,27.36056612,25.0000094
176,0,25,0.1,0.01479356921,0,28.08940117,28.1034816,0.01408043381,27.38052989,25.00000941,28.08672713,28.10170689,0.01497976055,27.37716762,25.00000941,28.05860421,28.08245923,0.02385502306,27.34781897,25.0000094
177,0,25,0.1,0.01479295918,0,28.08256462,28.0966921,0.01412747795,27.36767494,25.00000941,28.07989653,28.09492127,0.01502473724,27.36433082,25.00000941,28.05183565,28.07571572,0.02388006797,27.33514066,25.0000094
178,0,25,0.1,0.01479234995,0,28.07574317,28.08991745,0.01417427553,27.3548894,25.00000941,28.07308102,28.08815049,0.01506946887,27.35156334,25.00000941,28.04508203,28.06898696,0.02390492571,27.32253081,25.0000094
179,0,25,0.1,0.0147917415,0,28.0689368,28.08315761,0.01422081406,27.34217291,25.00000941,28.06628056,28.08139452,0.01511396299,27.33886481,25.00000941,28.03834333,28.06227291,0.023929584,27.30998906,25.0000094
180,0,25,0.1,0.01479113374,0,28.06214547,28.07641257,0.01426710112,27.32952509,25.00000941,28.05949513,28.07465334,0.01515820717,27.32623485,25.00000941,28.03161952,28.05557356,0.02395404064,27.29751503,25.0000094
181,0,25,0.1,0.01479053064,0,28.05536716,28.06968228,0.01431512434,27.31694556,25.00000941,28.0527227,28.0679269,0.01520419908,27.31367309,25.00000941,28.02490859,28.04888886,0.0239802735,27.28510836,25.0000094
182,0,25,0.1,0.01478992194,0,28.04860249,28.06296672,0.01436423146,27.30443397,25.00000941,28.04596392,28.06121518,0.01525125646,27.30117917,25.00000941,28.01821118,28.04221879,0.02400761051,27.27276868,25.0000094
183,0,25,0.1,0.01478930947,0,28.0418523,28.05626585,0.01441355026,27.29198993,25.00000941,28.03921958,28.05451814,0.01529855713,27.28875271,25.00000941,28.01152809,28.03556331,0.02403521969,27.26049565,25.0000094
184,0,25,0.1,0.01478870135,0,28.03511697,28.04957964,0.01446266859,27.2796131,25.00000941,28.0324901,28.04783575,0.01534564894,27.27639336,25.00000941,28.00485971,28.02892239,0.02406267909,27.24828888,25.0000094
185,0,25,0.1,0.01478809815,0,28.02839658,28.04290805,0.01451147439,27.2673031,25.00000941,28.02577555,28.04116798,0.01539242986,27.26410075,25.00000941,27.99820613,28.022296,0.02408986689,27.23614804,25.0000094
186,0,25,0.1,0.01478749584,0,28.02169111,28.03625107,0.01455995565,27.25505958,25.00000941,28.01907589,28.0345148,0.0154389079,27.25187452,25.00000941,27.9915673,28.0156841,0.02411680128,27.22407275,25.0000094
187,0,25,0.1,0.01478689337,0,28.01500047,28.02960864,0.01460817045,27.24288217,25.00000941,28.01239106,28.02787617,0.01548511114,27.23971431,25.00000941,27.98494317,28.00908667,0.02414350055,27.21206267,25.0000094
188,0,25,0.1,0.01478629092,0,28.00832463,28.02298075,0.01465611693,27.23077052,25.00000941,28.00572102,28.02125207,0.01553104775,27.22761977,25.00000941,27.97833369,28.00250367,0.02416998307,27.20011745,25.0000094
189,0,25,0.1,0.0147856866,0,28.00166354,28.01636735,0.01470381329,27.21872428,25.00000941,27.99906571,28.01464246,0.01557674595,27.21559054,25.00000941,27.97173881,27.99593508,0.02419626725,27.18823673,25.0000094
190,0,25,0.1,0.01478507936,0,27.99501718,28.00976843,0.01475124781,27.20674308,25.00000941,27.99242511,28.0080473,0.01562219404,27.20362626,25.00000941,27.96515851,27.98938085,0.02422234158,27.17642017,25.0000094
191,0,25,0.1,0.01478447167,0,27.98838551,28.00318394,0.01479842884,27.19482658,25.00000941,27.98579919,28.00146658,0.01566739038,27.1917266,25.00000941,27.95859275,27.98284096,0.02424821464,27.16466742,25.0000094
192,0,25,0.1,0.01478386619,0,27.98176849,27.99661385,0.0148453648,27.18297444,25.00000941,27.97918792,27.99490025,0.01571233342,27.17989119,25.00000941,27.9520415,27.97631539,0.02427388505,27.15297813,25.0000094
193,0,25,0.1,0.01478326378,0,27.9751661,27.99005814,0.01489204417,27.17118629,25.00000941,27.97259126,27.98834829,0.01575703165,27.16811969,25.00000941,27.94550474,27.96980408,0.02429934151,27.14135197,25.0000094
194,0,25,0.1,0.01478266644,0,27.9685783,27.98351678,0.01493847551,27.1594618,25.00000941,27.96600918,27.98181066,0.01580148364,27.15641176,25.00000941,27.93898242,27.96330702,0.02432460279,27.12978858,25.0000094
195,0,25,0.1,0.01478207502,0,27.96200507,27.97698972,0.01498464744,27.14780062,25.00000941,27.95944164,27.97528734,0.01584569804,27.14476706,25.00000941,27.93247452,27.95682418,0.02434965772,27.11828764,25.0000094
196,0,25,0.1,0.01478148248,0,27.95544636,27.97047694,0.01503057866,27.13620242,25.00000941,27.95288863,27.96877828,0.01588965357,27.13318523,25.00000941,27.925981,27.95035552,0.02437451521,27.10684881,25.0000094
197,0,25,0.1,0.01478087915,0,27.94890216,27.96397841,0.01507624792,27.12466684,25.00000941,27.9463501,27.96228347,0.01593336899,27.12166595,25.00000941,27.91950184,27.943901,0.02439916424,27.09547175,25.0000094
198,0,25,0.1,0.01478026707,0,27.94237241,27.95749409,0.01512168406,27.11319356,25.00000941,27.93982602,27.95580286,0.01597684316,27.11020887,25.00000941,27.913037,27.93746061,0.02442361384,27.08415612,25.0000094
199,0,25,0.1,0.01477965829,0,27.9358571,27.95102397,0.01516686598,27.10178223,25.00000941,27.93331636,27.94933643,0.01602007499,27.09881366,25.00000941,27.90658645,27.93103431,0.02444786312,27.0729016,25.0000094
200,0,25,0.1,0.01477905768,0,27.92935619,27.94456799,0.01521180263,27.09043253,25.00000941,27.92682109,27.94288415,0.01606306346,27.08747999,25.00000941,27.90015016,27.92462207,0.02447191126,27.06170785,25.0000094
201,15,25,0.1,0.01477846126,0,27.92286966,27.93812614,0.01525648306,27.07914411,25.00000941,27.92034018,27.93644599,0.01610580763,27.07620752,25.00000941,27.89372809,27.91822386,0.0244957675,27.05057455,25.0000094
202,15,25,0.1,0.01477787073,0,28.21402999,28.52191292,0.3078829313,27.65284884,25.00000941,28.0611451,28.24201924,0.1808741412,27.36875296,25.00000941,27.91572958,27.93905748,0.02332789733,27.07212326,25.0000094
203,15,25,0.1,0.0147834024,0,28.55587407,28.84716695,0.291292882,27.95670313,25.00000941,28.29958558,28.5482012,0.2486156226,27.65181426,25.00000941,27.97867449,28.01770258,0.03902808715,27.15889087,25.0000094
204,15,25,0.1,0.01479013202,0,28.86004373,29.11643253,0.2563888035,28.20208436,25.00000941,28.5708857,28.80616373,0.2352780306,27.88605771,25.00000941,28.07877225,28.13393517,0.05516292131,27.28341257,25.0000094
205,15,25,0.1,0.01479357416,0,29.11358422,29.35120876,0.237624541,28.41501688,25.00000941,28.81791112,29.0338929,0.2159817801,28.09272062,25.00000941,28.2054545,28.2733396,0.06788510288,27.42841691,25.0000094
206,15,25,0.1,0.01479417906,0,29.34360981,29.56444715,0.2208373396,28.60958065,25.00000941,29.04246419,29.2427219,0.2002577095,28.28370716,25.00000941,28.3480599,28.42696843,0.07890852966,27.58434287,25.0000094
207,15,25,0.1,0.01479741905,0,29.55915435,29.7641794,0.2050250526,28.79356695,25.00000941,29.25282434,29.43968077,0.1868564348,28.46560643,25.00000941,28.50046458,28.58927257,0.08880798683,27.74590275,25.0000094
208,15,25,0.1,0.01480806627,0,29.76328377,29.95538726,0.1921034905,28.97128873,25.00000941,29.45303625,29.62913003,0.1760937763,28.64206627,25.00000941,28.66003902,28.75681068,0.09677166298,27.91017319,25.0000094
209,15,25,0.1,0.01482582315,0,29.95995772,30.14116082,0.1812031008,29.14513449,25.00000941,29.6472021,29.81377445,0.1665723459,28.81510716,25.00000941,28.82385463,28.92744872,0.1035940867,28.07553895,25.0000094
210,15,25,0.1,0.01485059854,0,30.15102985,30.32341695,0.1723870958,29.31642794,25.00000941,29.83637609,29.99529192,0.1589158312,28.98584922,25.00000941,28.99093384,29.0998634,0.1089295606,28.24110853,25.0000094
211,15,25,0.1,0.01487450171,0,30.33815791,30.50334483,0.1651869231,29.48590366,25.00000941,30.0217724,30.17472343,0.1529510331,29.15491435,25.00000941,29.16024966,29.27323434,0.1129846773,28.40639088,25.0000094
212,15,25,0.1,0.01488977454,0,30.52233891,30.68168237,0.1593434576,29.65397028,25.00000941,30.2044892,30.35271494,0.1482257391,29.32264887,25.00000941,29.33098642,29.44705302,0.1160665989,28.57111645,25.0000094
213,15,25,0.1,0.01489691719,0,30.70421389,30.85888752,0.1546736301,29.82085606,25.00000941,30.38530321,30.52966739,0.1443641849,29.48924652,25.00000941,29.50258238,29.62100438,0.1184219964,28.73513825,25.0000094
214,15,25,0.1,0.01490187767,0,30.88433547,31.03524465,0.150909183,29.98668944,25.00000941,30.56466465,30.7058298,0.1411651505,29.65481668,25.00000941,29.67467157,29.79489332,0.1202217451,28.89837711,25.0000094
215,15,25,0.1,0.0149093255,0,31.0631475,31.21093045,0.147782952,30.15154367,25.00000941,30.74283304,30.88135691,0.1385238692,29.81942202,25.00000941,29.84701546,29.96859915,0.12158369,29.06079134,25.0000094
216,15,25,0.1,0.0149203622,0,31.24091441,31.38605482,0.1451404092,30.31546139,25.00000941,30.9199998,31.05634502,0.1363452199,29.98309934,25.00000941,30.01945302,30.14204735,0.1225943256,29.22235999,25.0000094
217,15,25,0.1,0.01493412284,0,31.41777016,31.56068624,0.1429160755,30.47846833,25.00000941,31.09632763,31.23085418,0.1345265463,30.14587115,25.00000941,30.19186818,30.31519199,0.1233238089,29.38307357,25.0000094
218,15,25,0.1,0.01494936658,0,31.59381734,31.73486749,0.1410501505,30.64058087,25.00000941,31.27194304,31.40492194,0.1329788951,30.307752,25.00000941,30.36417114,30.48800492,0.1238337781,29.54292892,25.0000094
219,15,25,0.1,0.01496392868,0,31.76916669,31.90862544,0.1394587494,30.80181015,25.00000941,31.44693383,31.57857191,0.1316380754,30.46875206,25.00000941,30.53629082,30.66046898,0.1241781606,29.70192638,25.0000094
220,15,25,0.1,0.01497647613,0,31.94391549,32.08197705,0.1380615635,30.96216446,25.00000941,31.62136143,31.75181905,0.1304576154,30.62887904,25.00000941,30.70817329,30.83257385,0.1244005611,29.86006819,25.0000094
221,0,25,0.1,0.01498880613,0,32.11812596,32.25493317,0.1368072132,31.12165044,25.00000941,31.79527287,31.92467295,0.1294000767,30.7881393,25.00000941,30.87978048,31.00431344,0.124532958,30.01735766,25.0000094
222,0,25,0.1,0.01500184555,0,31.99419993,31.8372863,-0.1569136289,30.69534168,25.00000941,31.82143316,31.78514254,-0.03629062276,30.64278139,25.00000941,31.02267731,31.14846644,0.1257891289,30.14117676,25.0000094
223,0,25,0.1,0.01500295644,0,31.81913027,31.67780246,-0.1413278105,30.53808668,25.00000941,31.74952391,31.6446347,-0.104889215,30.50611219,25.00000941,31.12432244,31.23445134,0.110128898,30.19899249,25.0000094
224,0,25,0.1,0.01500025211,0,31.68129219,31.57394053,-0.1073516568,30.43851269,25.00000941,31.64433125,31.55198045,-0.09235080385,30.41746996,25.00000941,31.18849809,31.28249126,0.09399317021,30.21827364,25.0000094
225,0,25,0.1,0.01500590099,0,31.59366389,31.5042037,-0.08946018847,30.37059982,25.00000941,31.56300583,31.4891958,-0.0738100251,30.35562183,25.00000941,31.22576012,31.30700163,0.081241507,30.21629576,25.0000094
226,0,25,0.1,0.0150177784,0,31.53365922,31.45564216,-0.07801706056,30.32027246,25.00000941,31.50405477,31.44494918,-0.05910559187,30.30866795,25.00000941,31.24498697,31.31693003,0.07194306192,30.20262399,25.0000094
227,0,25,0.1,0.01502627979,0,31.48150503,31.42022556,-0.06127946663,30.27974363,25.00000941,31.45885561,31.41221181,-0.04664380214,30.27002351,25.00000941,31.25587005,31.31782595,0.06195590059,30.18255018,25.0000094
228,0,25,0.1,0.01503458524,0,31.43951331,31.39297331,-0.04653999573,30.2447046,25.00000941,31.42220763,31.38662429,-0.03558333922,30.23604489,25.00000941,31.26020214,31.31313125,0.05292911302,30.15900181,25.0000094
229,0,25,0.1,0.01504401172,0,31.40641147,31.37079632,-0.03561514983,30.21277108,25.00000941,31.39220605,31.36548281,-0.02672323714,30.2047158,25.00000941,31.25912343,31.30498063,0.04585720029,30.13359822,25.0000094
230,0,25,0.1,0.0150377396,0,31.37893724,31.35177864,-0.02715860052,30.18262352,25.00000941,31.36666314,31.34711039,-0.01955275044,30.17492028,25.00000941,31.25443267,31.29469804,0.04026536514,30.10723502,25.0000094
231,0,25,0.1,0.01502056734,0,31.35519128,31.33473194,-0.02045933813,30.15353149,25.00000941,31.34436703,31.3304669,-0.0139001335,30.14604055,25.00000941,31.24720374,31.28310458,0.03590084435,30.08040734,25.0000094
232,0,25,0.1,0.01501075314,0,31.33410605,31.31891918,-0.01518687398,30.12509048,25.00000941,31.32441304,31.3149072,-0.009505837344,30.11773445,25.00000941,31.2381656,31.27070953,0.03254392584,30.05338878,25.0000094
233,0,25,0.1,0.01500945052,0,31.3150895,31.30388318,-0.01120631707,30.09707633,25.00000941,31.30626596,31.30003116,-0.006234800192,30.08981228,25.00000941,31.22774064,31.25782868,0.03008804034,30.02633036,25.0000094
234,0,25,0.1,0.015013644,0,31.29752908,31.2893404,-0.008188681597,30.06936466,25.00000941,31.28937509,31.28559056,-0.003784526987,30.06216875,25.00000941,31.21636406,31.2446579,0.02829384125,29.99931527,25.0000094
235,0,25,0.1,0.01502039394,0,31.28096328,31.27511493,-0.005848354748,30.04188629,25.00000941,31.27333208,31.27143145,-0.001900634386,30.03474523,25.00000941,31.20436005,31.23131864,0.02695858588,29.97238921,25.0000094
236,0,25,0.1,0.01503005008,0,31.26509343,31.26109764,-0.003995786419,30.01460259,25.00000941,31.25787731,31.25745829,-0.0004190205263,30.00750894,25.00000941,31.191936,31.21788618,0.02595018347,29.94557708,25.0000094
237,0,25,0.1,0.01503362667,0,31.24969804,31.24722085,-0.002477189861,29.98749183,25.00000941,31.24282135,31.24361183,0.0007904774403,29.98044138,25.00000941,31.17924441,31.20440722,0.02516281137,29.91889234,25.0000094
238,0,25,0.1,0.01502156143,0,31.23470054,31.23344253,-0.001258010832,29.96054163,25.00000941,31.2281003,31.22985528,0.001754976002,29.95353197,25.00000941,31.16633704,31.19091068,0.0245736351,29.89234206,25.0000094
239,0,25,0.1,0.01500823599,0,31.22002393,31.2197366,-0.0002873331527,29.93374481,25.00000941,31.21364841,31.2161658,0.002517386501,29.92677449,25.00000941,31.15326603,31.17741446,0.0241484302,29.86592982,25.0000094
240,0,25,0.1,0.01500735831,0,31.20559792,31.20608685,0.0004889307244,29.90709702,25.00000941,31.19940563,31.2025292,0.00312356921,29.90016518,25.00000941,31.14007883,31.16392966,0.02385083366,29.83965727,25.0000094
241,0,25,0.1,0.01501534748,0,31.19137552,31.19248322,0.001107697017,29.88059554,25.00000941,31.18533229,31.18893666,0.003604368693,29.87370159,25.00000941,31.12680723,31.15046314,0.02365590734,29.81352495,25.0000094
242,0,25,0.1,0.01502446161,0,31.17730712,31.17891942,0.00161230312,29.85423849,25.00000941,31.17138668,31.17538268,0.00399599661,29.84738202,25.00000941,31.11348494,31.13701911,0.02353416641,29.78753285,25.0000094
243,0,25,0.1,0.01502886282,0,31.16335534,31.16539155,0.002036214051,29.82802451,25.00000941,31.15753774,31.16186382,0.004326078207,29.8212052,25.00000941,31.1001375,31.12360017,0.02346266698,29.76168061,25.0000094
244,0,25,0.1,0.01502631477,0,31.149496,31.15189716,0.002401157124,29.80195249,25.00000941,31.14376569,31.14837793,0.004612238656,29.79517009,25.00000941,31.08678133,31.1102079,0.02342657484,29.73596769,25.0000094
245,0,25,0.1,0.01501604674,0,31.13571087,31.13843469,0.00272381665,29.77602148,25.00000941,31.1300559,31.13492365,0.004867747026,29.76927575,25.00000941,31.0734283,31.09684328,0.02341497921,29.71039348,25.0000094
246,0,25,0.1,0.01500571573,0,31.12199308,31.12500316,0.003010079536,29.75023063,25.00000941,31.11640309,31.1215001,0.005097014821,29.74352135,25.00000941,31.06008203,31.08350686,0.02342483076,29.68495728,25.0000094
247,0,25,0.1,0.01500393925,0,31.10833561,31.11160194,0.00326633167,29.72457912,25.00000941,31.10280177,31.10810674,0.005304969025,29.71790608,25.00000941,31.04674641,31.07019898,0.02345256922,29.65965838,25.0000094
248,0,25,0.1,0.01501094817,0,31.09473305,31.09823062,0.003497565444,29.69906616,25.00000941,31.08924774,31.09474318,0.005495436133,29.69242916,25.00000941,31.03342485,31.05691981,0.02349496493,29.63449608,25.0000094
249,0,25,0.1,0.01501980526,0,31.08117933,31.0848889,0.003709567578,29.673691,25.00000941,31.07573633,31.08140916,0.005672830238,29.66708984,25.00000941,31.02012144,31.04366946,0.02354801565,29.60946964,25.0000094
250,0,25,0.1,0.01501816814,0,31.06766862,31.07157659,0.003907968163,29.64845287,25.00000941,31.06226324,31.06810451,0.005841268418,29.64188737,25.00000941,31.00684029,31.03044793,0.02360764175,29.58457834,25.0000094
251,0,25,0.1,0.01501076576,0,31.05419869,31.05829354,0.004094849046,29.62335104,25.00000941,31.04882697,31.05482908,0.006002113071,29.61682099,25.00000941,30.99358282,31.01725524,0.02367241806,29.55982145,25.0000094
252,0,25,0.1,0.01500270934,0,31.04076795,31.04503963,0.004271684232,29.59838477,25.00000941,31.03542644,31.04158277,0.006156334761,29.59188998,25.00000941,30.98034979,31.00409135,0.02374155744,29.53519824,25.0000094
253,0,25,0.1,0.0149993752,0,31.0273741,31.03181478,0.004440677719,29.57355331,25.00000941,31.02205996,31.02836549,0.006305531566,29.56709359,25.00000941,30.96714188,30.99095622,0.02381433916,29.510708,25.0000094
254,0,25,0.1,0.01500027817,0,31.01401597,31.01861889,0.004602915964,29.54885594,25.00000941,31.00872664,31.01517715,0.006450512487,29.54243111,25.00000941,30.9539592,30.9778498,0.02389060411,29.48635,25.0000094
255,0,25,0.1,0.01500762606,0,31.00069191,31.00545188,0.004759973197,29.52429195,25.00000941,30.99542527,31.00201768,0.006592413347,29.51790181,25.00000941,30.94080243,30.96477205,0.02396961806,29.46212354,25.0000094
256,0,25,0.1,0.01501066043,0,30.98740101,30.9923137,0.004912688525,29.4998606,25.00000941,30.98215531,30.98888701,0.006731704254,29.49350497,25.00000941,30.92767292,30.95172289,0.0240499736,29.4380279,25.0000094
257,0,25,0.1,0.01500506652,0,30.9741426,30.97920426,0.005061664131,29.47556118,25.00000941,30.96891645,30.97578508,0.006868628026,29.46923987,25.00000941,30.91457148,30.93870228,0.02413080148,29.41406238,25.0000094
258,0,25,0.1,0.01499764873,0,30.96091631,30.96612351,0.005207204161,29.45139298,25.00000941,30.95570853,30.96271181,0.007003279214,29.4451058,25.00000941,30.90149816,30.92571015,0.02421199129,29.39022628,25.0000094
259,0,25,0.1,0.01499878744,0,30.94772153,30.95307138,0.005349854025,29.42735528,25.00000941,30.94253115,30.94966714,0.007135993497,29.42110206,25.00000941,30.88845251,30.91274644,0.024293932,29.36651889,25.0000094
260,0,25,0.1,0.01499963743,0,30.93455781,30.94004781,0.005489999974,29.4034474,25.00000941,30.92938384,30.93665102,0.007267177302,29.39722794,25.00000941,30.87543394,30.89981109,0.0243771522,29.34293952,25.0000094
261,0,25,0.1,0.01499822865,0,30.92143054,30.92705273,0.005622188829,29.37966861,25.00000941,30.91627198,30.92366337,0.007391387576,29.37348274,25.00000941,30.86244818,30.88690404,0.02445586036,29.31948748,25.0000094
262,0,25,0.1,0.01499765313,0,30.90833452,30.91408608,0.005751557818,29.35601823,25.00000941,30.90319068,30.91070413,0.007513451637,29.34986577,25.00000941,30.84949138,30.87402522,0.02453384486,29.29616208,25.0000094
263,0,25,0.1,0.01499767095,0,30.89526852,30.90114779,0.005879274473,29.33249557,25.00000941,30.8901389,30.89777325,0.007634347087,29.32637632,25.00000941,30.83656312,30.86117458,0.02461146411,29.27296264,25.0000094
264,0,25,0.1,0.01499735467,0,30.88223221,30.88823782,0.006005606565,29.30909993,25.00000941,30.87711639,30.88487065,0.007754261754,29.30301373,25.00000941,30.82366343,30.84835206,0.0246886266,29.24988848,25.0000094
265,0,25,0.1,0.01499657938,0,30.86922541,30.87535608,0.006130672067,29.28583062,25.00000941,30.86412307,30.87199628,0.007873213657,29.27977729,25.00000941,30.81079228,30.83555758,0.0247653009,29.22693892,25.0000094
266,0,25,0.1,0.01499573768,0,30.85624801,30.86250253,0.006254519124,29.26268697,25.00000941,30.85115885,30.85915008,0.007991230988,29.25666633,25.00000941,30.79794947,30.8227911,0.02484162567,29.20411329,25.0000094
267,0,25,0.1,0.01499502431,0,30.84329987,30.8496771,0.006377226044,29.2396683,25.00000941,30.83822361,30.84633198,0.008108372093,29.23368016,25.00000941,30.78513482,30.81005254,0.02491771972,29.18141091,25.0000094
268,0,25,0.1,0.01499424726,0,30.83038083,30.83687972,0.006498891284,29.21677393,25.00000941,30.82531721,30.83354193,0.008224715468,29.21081813,25.00000941,30.77234816,30.79734185,0.02499369196,29.15883114,25.0000094
269,0,25,0.1,0.01499321279,0,30.81749072,30.82411034,0.006619623445,29.19400319,25.00000941,30.8124395,30.82077985,0.00834034975,29.18807955,25.00000941,30.75958938,30.78465897,0.02506959143,29.13637329,25.0000094
270,0,25,0.1,0.01499202539,0,30.80462939,30.8113689,0.006739511268,29.17135541,25.00000941,30.79959035,30.80804569,0.008455343718,29.16546376,25.00000941,30.74685844,30.77200384,0.02514539731,29.11403671,25.0000094
271,0,25,0.1,0.0149909665,0,30.7917967,30.79865533,0.006858633633,29.14882993,25.00000941,30.78676966,30.7953394,0.008569736287,29.1429701,25.00000941,30.73415536,30.75937639,0.0252210289,29.09182076,25.0000094
272,0,25,0.1,0.01499017577,0,30.77899253,30.78596958,0.006977049554,29.12642609,25.00000941,30.77397733,30.7826609,0.008683566506,29.1205979,25.00000941,30.72148014,30.74677657,0.02529642562,29.06972477,25.0000094
273,0,25,0.1,0.01498954896,0,30.76621679,30.77331158,0.007094788182,29.10414323,25.00000941,30.76121331,30.77001013,0.00879682356,29.09834651,25.00000941,30.70883281,30.73420431,0.02537149706,29.0477481,25.0000094
274,0,25,0.1,0.01498891026,0,30.7534694,30.76068127,0.007211868799,29.0819807,25.00000941,30.74847753,30.75738705,0.008909516769,29.07621528,25.00000941,30.69621335,30.72165955,0.0254462029,29.02589011,25.0000094
275,0,25,0.1,0.01498818552,0,30.74075029,30.74807859,0.007328300824,29.05993785,25.00000941,30.73576992,30.74479158,0.009021655584,29.05420357,25.00000941,30.68362173,30.70914224,0.02552051298,29.00415014,25.0000094
276,0,25,0.1,0.01498740407,0,30.72805937,30.73550348,0.007444113806,29.03801403,25.00000941,30.72309044,30.73222366,0.009133219589,29.03231071,25.00000941,30.67105787,30.69665232,0.02559444725,28.98252758,25.0000094
277,0,25,0.1,0.01498660441,0,30.71539657,30.72295589,0.007559317428,29.0162086,25.00000941,30.71043899,30.71968324,0.009244248503,29.01053608,25.00000941,30.6585217,30.68418972,0.02566801581,28.96102178,25.0000094
278,0,25,0.1,0.01498579199,0,30.70276182,30.71043574,0.007673921504,28.99452092,25.00000941,30.69781553,30.70717025,0.009354722174,28.98887903,25.00000941,30.64601316,30.67175438,0.02574121888,28.93963211,25.0000094
279,0,25,0.1,0.0149849651,0,30.69015504,30.69794299,0.007787945981,28.97295035,25.00000941,30.68521996,30.69468464,0.009464680582,28.96733893,25.00000941,30.63353217,30.65934625,0.02581407682,28.91835795,25.0000094
280,0,25,0.1,0.01498413657,0,30.67757615,30.68547756,0.007901410936,28.95149627,25.00000941,30.67265222,30.68222634,0.009574123839,28.94591515,25.00000941,30.62107866,30.64696526,0.0258866001,28.89719866,25.0000094
281,0,25,0.1,0.0149833225,0,30.66502507,30.67303941,0.008014336579,28.93015804,25.00000941,30.66011223,30.6697953,0.00968307219,28.92460706,25.00000941,30.6086526,30.63461136,0.02595875934,28.87615364,25.0000094
282,0,25,0.1,0.01498252657,0,30.65250174,30.66062846,0.008126723249,28.90893503,25.00000941,30.64759994,30.65739146,0.009791516007,28.90341403,25.00000941,30.59625393,30.62228449,0.02603055528,28.85522226,25.0000094
283,0,25,0.1,0.01498174152,0,30.64000608,30.64824467,0.008238591416,28.88782663,25.00000941,30.63511528,30.64501475,0.009899465795,28.88233544,25.00000941,30.58388259,30.60998458,0.02610198881,28.83440391,25.0000094
284,0,25,0.1,0.01498095877,0,30.62753802,30.63588797,0.008349951681,28.86683222,25.00000941,30.62265818,30.63266511,0.01000693219,28.86137068,25.00000941,30.57153855,30.59771158,0.02617303091,28.81369799,25.0000094
285,0,25,0.1,0.01498017391,0,30.61509751,30.6235583,0.008460794775,28.84595118,25.00000941,30.61022859,30.6203425,0.01011390595,28.84051913,25.00000941,30.55922173,30.58546543,0.02624370273,28.79310387,25.0000094
286,0,25,0.1,0.01497938665,0,30.60268449,30.61125561,0.008571121557,28.82518289,25.00000941,30.59782644,30.60804684,0.01022039798,28.81978018,25.00000941,30.54693209,30.57324608,0.02631398553,28.77262096,25.0000094
287,0,25,0.1,0.01497859865,0,30.59029887,30.59897983,0.008680963016,28.80452676,25.00000941,30.58545167,30.59577808,0.01032640929,28.79915322,25.00000941,30.53466957,30.56105345,0.02638388068,28.75224867,25.0000094
288,0,25,0.1,0.01497781126,0,30.57794062,30.58673091,0.008790290273,28.78398217,25.00000941,30.57310422,30.58353616,0.01043194104,28.77863765,25.00000941,30.5224341,30.5488875,0.02645339972,28.73198638,25.0000094
289,0,25,0.1,0.01497702438,0,30.56560965,30.57450878,0.008899134573,28.76354852,25.00000941,30.56078403,30.57132102,0.01053699452,28.75823286,25.00000941,30.51022562,30.53674816,0.02652254428,28.71183351,25.0000094
290,0,25,0.1,0.01497623741,0,30.55330591,30.5623134,0.009007487293,28.74322522,25.00000941,30.54849104,30.55913261,0.01064157112,28.73793826,25.00000941,30.49804408,30.52463539,0.02659130615,28.69178947,25.0000094
291,0,25,0.1,0.01497545054,0,30.54102933,30.55014469,0.009115359937,28.72301166,25.00000941,30.53622517,30.54697086,0.01074569239,28.71775325,25.00000941,30.48588941,30.51254911,0.02665969721,28.67185366,25.0000094
292,0,25,0.1,0.01497466469,0,30.52877985,30.5380026,0.009222754137,28.70290725,25.00000941,30.52398639,30.53483572,0.01084932999,28.69767724,25.00000941,30.47376156,30.50048927,0.0267277095,28.65202551,25.0000094
293,0,25,0.1,0.01497388039,0,30.51655742,30.52588708,0.009329661654,28.68291141,25.00000941,30.51177461,30.52272713,0.01095251572,28.67770964,25.00000941,30.46166047,30.48845582,0.02679534517,28.63230444,25.0000094
294,0,25,0.1,0.01497309747,0,30.50436197,30.51379806,0.009436094373,28.66302355,25.00000941,30.49958979,30.51064502,0.01105523149,28.65784987,25.00000941,30.44958608,30.47644869,0.0268626065,28.61268985,25.0000094
295,0,25,0.1,0.01497231554,0,30.49219344,30.50173549,0.009542054311,28.64324308,25.00000941,30.48743186,30.49858935,0.01115748936,28.63809734,25.00000941,30.43753834,30.46446783,0.0269294859,28.59318119,25.0000094
296,0,25,0.1,0.01497153445,0,30.48005176,30.48969931,0.009647553607,28.62356943,25.00000941,30.47530076,30.48656005,0.0112592915,28.61845148,25.00000941,30.42551719,30.45251318,0.02699598591,28.57377787,25.0000094
297,0,25,0.1,0.01497075427,0,30.46793689,30.47768946,0.00975257453,28.60400201,25.00000941,30.46319644,30.47455707,0.01136063021,28.5989117,25.00000941,30.41352256,30.44058468,0.02706211917,28.55447934,25.0000094
298,0,25,0.1,0.01496997504,0,30.45584876,30.46570589,0.009857129474,28.58454026,25.00000941,30.45111884,30.46258035,0.01146150791,28.57947744,25.00000941,30.4015544,30.42868228,0.02712787848,28.53528501,25.0000094
299,0,25,0.1,0.01496919658,0,30.44378731,30.45374853,0.00996122096,28.56518361,25.00000941,30.43906789,30.45062983,0.01156193716,28.56014812,25.00000941,30.38961266,30.41680592,0.02719325675,28.51619434,25.0000094
300,0,25,0.1,0.01496841881,0,30.43175248,30.44181733,0.01006485163,28.54593148,25.00000941,30.42704353,30.43870545,0.01166192064,28.54092319,25.00000941,30.37769727,30.40495554,0.02725826701,28.49720675,25.0000094
301,0,25,0.1,0.01496764176,0,30.41974421,30.42991223,0.01016802426,28.52678332,25.00000941,30.41504572,30.42680716,0.01176144115,28.52180207,25.00000941,30.36580817,30.39313108,0.02732291242,28.4783217,25.0000094
302,0,25,0.1,0.0149668655,0,30.40776245,30.41803318,0.01027073175,28.50773855,25.00000941,30.40307438,30.4149349,0.01186052163,28.5027842,25.00000941,30.35394532,30.3813325,0.02738717625,28.45953863,25.0000094
303,0,25,0.1,0.01496609007,0,30.39580713,30.40618012,0.01037298711,28.48879663,25.00000941,30.39112947,30.40308862,0.01195914512,28.48386903,25.00000941,30.34210864,30.36955972,0.02745108193,28.44085699,25.0000094
304,0,25,0.1,0.01496531555,0,30.3838782,30.39435298,0.0104747835,28.46995699,25.00000941,30.37921092,30.39126824,0.0120573248,28.465056,25.00000941,30.33029809,30.3578127,0.02751461298,28.42227623,25.0000094
305,0,25,0.1,0.01496454199,0,30.37197559,30.38255172,0.01057613417,28.45121909,25.00000941,30.36731867,30.37947373,0.01215506398,28.44634457,25.00000941,30.3185136,30.34609138,0.02757778306,28.40379581,25.0000094
306,0,25,0.1,0.01496376939,0,30.36009926,30.37077628,0.01067702254,28.43258238,25.00000941,30.35545267,30.36770503,0.01225235608,28.42773418,25.00000941,30.30675512,30.33439571,0.02764058594,28.38541518,25.0000094
307,0,25,0.1,0.01496299764,0,30.34824914,30.3590266,0.01077746211,28.4140463,25.00000941,30.34361285,30.35596206,0.01234921466,28.40922428,25.00000941,30.29502259,30.32272562,0.02770302552,28.36713381,25.0000094
308,0,25,0.1,0.01496223299,0,30.33642171,30.34730263,0.01088091653,28.39561032,25.00000941,30.33179571,30.34424479,0.01244908339,28.39081434,25.00000941,30.28331253,30.31108106,0.02776852583,28.34895116,25.0000094
309,0,25,0.1,0.01496146026,0,30.32461808,30.3356043,0.01098621957,28.37727389,25.00000941,30.32000235,30.33255316,0.01255080607,28.37250381,25.00000941,30.27162603,30.29946197,0.02783594102,28.33086669,25.0000094
310,0,25,0.1,0.01496068269,0,30.31283966,30.32393157,0.0110919051,28.35903649,25.00000941,30.30823418,30.3208871,0.01265291661,28.35429216,25.00000941,30.25996449,30.28786831,0.02790381535,28.31287989,25.0000094
311,0,25,0.1,0.01495991236,0,30.30108716,30.31228437,0.01119720715,28.34089756,25.00000941,30.2964919,30.30924656,0.01275465906,28.33617886,25.00000941,30.24832861,30.2763,0.02797139322,28.29499021,25.0000094
312,0,25,0.1,0.01495914892,0,30.28936071,30.30066265,0.01130193985,28.32285659,25.00000941,30.28477564,30.29763149,0.01285584759,28.31816336,25.00000941,30.23671853,30.26475701,0.02803847913,28.27719713,25.0000094
313,0,25,0.1,0.01495838553,0,30.27766024,30.28906636,0.01140611745,28.30491303,25.00000941,30.27308535,30.28604183,0.01295647648,28.30024515,25.00000941,30.22513417,30.25323927,0.02810509772,28.25950014,25.0000094
314,0,25,0.1,0.01495762148,0,30.26598565,30.27749543,0.01150978433,28.28706638,25.00000941,30.26142092,30.27447752,0.01305660014,28.2824237,25.00000941,30.21357543,30.24174672,0.02817129375,28.24189872,25.0000094
315,0,25,0.1,0.01495685845,0,30.25433685,30.26594982,0.01161297499,28.26931609,25.00000941,30.24978224,30.26293851,0.01315627311,28.26469849,25.00000941,30.20204222,30.23027932,0.02823710208,28.22439234,25.0000094
316,0,25,0.1,0.01495609385,0,30.24271377,30.25442947,0.01171570405,28.25166166,25.00000941,30.23816927,30.25142475,0.01325548004,28.24706899,25.00000941,30.19053448,30.21883701,0.02830252772,28.2069805,25.0000094
317,0,25,0.1,0.01495532536,0,30.23111635,30.24293433,0.01181797625,28.23410256,25.00000941,30.22658194,30.23993618,0.0133542357,28.2295347,25.00000941,30.17905215,30.20741973,0.02836757579,28.18966268,25.0000094
318,0,25,0.1,0.01495455614,0,30.21954454,30.23146433,0.01191978646,28.21663828,25.00000941,30.2150202,30.22847273,0.01345253498,28.21209508,25.00000941,30.16759518,30.19602742,0.02843224151,28.17243838,25.0000094
319,0,25,0.1,0.01495379013,0,30.20799829,30.22001942,0.01202112966,28.19926831,25.00000941,30.20348399,30.21703437,0.0135503829,28.19474965,25.00000941,30.15616351,30.18466004,0.02849653024,28.15530709,25.0000094
320,0,25,0.1,0.01495302824,0,30.19647754,30.20859955,0.01212201095,28.18199214,25.00000941,30.19197325,30.20562103,0.0136477846,28.17749788,25.00000941,30.14475708,30.17331753,0.02856044746,28.13826831,25.0000094
321,15,25,0.1,0.01495227238,0,30.18498222,30.19720467,0.01222244556,28.16480926,25.00000941,30.18048793,30.19423267,0.01374473533,28.16033927,25.00000941,30.13337584,30.16199983,0.02862398877,28.12132154,25.0000094
322,15,25,0.1,0.01495152387,0,30.47114482,30.77604924,0.3049044238,28.73265135,25.00000941,30.31629944,30.49486655,0.178567105,28.44703036,25.00000941,30.15042916,30.17792473,0.02749556606,28.13708818,25.0000094
323,15,25,0.1,0.0149551497,0,30.84916289,31.09637189,0.2472089965,29.03067467,25.00000941,30.55803273,30.79611994,0.2380872085,28.72426891,25.00000941,30.2063502,30.25167184,0.04532164218,28.21810494,25.0000094
324,15,25,0.1,0.01496239771,0,31.15355848,31.36071687,0.2071583885,29.27025641,25.00000941,30.83397126,31.04916468,0.2151934208,28.95272107,25.00000941,30.302999,30.36301717,0.06001816799,28.33690685,25.0000094
325,15,25,0.1,0.01496726852,0,31.38532199,31.59058326,0.2052612713,29.47742076,25.00000941,31.08056777,31.27198682,0.1914190533,29.15362396,25.00000941,30.42879411,30.49754502,0.06875091311,28.47622228,25.0000094
326,15,25,0.1,0.01496871204,0,31.59262621,31.79892256,0.2062963465,29.66624752,25.00000941,31.29867656,31.47591953,0.1772429708,29.33888158,25.00000941,30.57208499,30.64630794,0.07422295196,28.62649005,25.0000094
327,15,25,0.1,0.01497132574,0,31.80484978,31.99376643,0.1889166539,29.84452777,25.00000941,31.50036636,31.66799283,0.1676264658,29.51508287,25.00000941,30.72138443,30.80375682,0.08237238638,28.7824223,25.0000094
328,15,25,0.1,0.01497703065,0,32.0094585,32.18009661,0.1706381104,30.01657432,25.00000941,31.69314559,31.85256719,0.1594215953,29.68587549,25.00000941,30.87612084,30.96645029,0.09032945167,28.94109549,25.0000094
329,15,25,0.1,0.01498710551,0,32.19912972,32.36100316,0.1618734404,30.1847755,25.00000941,31.88237575,32.03234738,0.1499716277,29.85327978,25.00000941,31.0354906,31.13225428,0.09676368314,29.10089423,25.0000094
330,15,25,0.1,0.01500429875,0,32.3819741,32.53840292,0.1564288226,30.35045485,25.00000941,32.06692478,32.20901127,0.1420864873,30.01841566,25.00000941,31.19826264,31.2998455,0.1015828603,29.26092685,25.0000094
331,15,25,0.1,0.01502377363,0,32.56360589,32.71348507,0.1498791814,30.51434679,25.00000941,32.24688901,32.38359981,0.1367108017,30.1819049,25.00000941,31.36310282,31.46840352,0.1053007027,29.42070214,25.0000094
332,15,25,0.1,0.01503923066,0,32.74387944,32.88698747,0.1431080284,30.67685977,25.00000941,32.4239311,32.55675895,0.1328278452,30.34409362,25.00000941,31.52915293,31.63741982,0.108266889,29.57995039,25.0000094
333,15,25,0.1,0.01504935579,0,32.92123942,33.05936806,0.1381286414,30.83822191,25.00000941,32.59952427,32.7288896,0.1293653304,30.50517543,25.00000941,31.69597861,31.8065793,0.1106006876,29.73852445,25.0000094
334,15,25,0.1,0.01505617514,0,33.09595557,33.23091119,0.1349556194,30.99856148,25.00000941,32.7740509,32.90024075,0.126189854,30.66525954,25.00000941,31.86331326,31.97568684,0.1123735805,29.89634499,25.0000094
335,15,25,0.1,0.0150591203,0,33.26964437,33.40179352,0.1321491452,31.15795155,25.00000941,32.94734346,33.07096714,0.1236236763,30.82440845,25.00000941,32.03087883,32.14462174,0.1137429099,30.05337015,25.0000094
336,15,25,0.1,0.015060285,0,33.44246367,33.57212492,0.1296612478,31.31643463,25.00000941,33.11956269,33.24116502,0.1216023332,30.9826588,25.00000941,32.19855565,32.31330944,0.1147537875,30.20957884,25.0000094
337,15,25,0.1,0.01507026944,0,33.61440501,33.74197385,0.1275688449,31.47403629,25.00000941,33.29100132,33.41089444,0.1198931153,31.14003295,25.00000941,32.36619163,32.481704,0.1155123673,30.3649614,25.0000094
338,15,25,0.1,0.01508677842,0,33.78554621,33.91138309,0.1258368836,31.63077272,25.00000941,33.46173251,33.58019291,0.1184603966,31.29654529,25.00000941,32.5337303,32.64977723,0.1160469349,30.51951452,25.0000094
339,15,25,0.1,0.01510212427,0,33.95600435,34.08037947,0.1243751159,31.78665493,25.00000941,33.63183616,33.74908402,0.1172478632,31.45220583,25.00000941,32.70110254,32.81751197,0.1164094347,30.67323837,25.0000094
340,15,25,0.1,0.01511517709,0,34.12587766,34.24897992,0.1231022602,31.94169103,25.00000941,33.80138985,33.91758272,0.1161928705,31.60702212,25.00000941,32.86824501,32.98489787,0.1166528589,30.82613506,25.0000094
341,0,25,0.1,0.01512398765,0,34.2952413,34.41719527,0.1219539744,32.09588753,25.00000941,33.97046556,34.08569857,0.1152330071,31.76100038,25.00000941,33.03510461,33.1519288,0.1168241933,30.97820773,25.0000094
342,0,25,0.1,0.01512650656,0,34.16648359,33.99481801,-0.1716655819,31.66431786,25.00000941,33.99180791,33.94144047,-0.05036744138,31.61038898,25.00000941,33.17326114,33.29138345,0.1181223128,31.09683821,25.0000094
343,0,25,0.1,0.0151204154,0,33.98659849,33.83061412,-0.1559843688,31.50183035,25.00000941,33.9150901,33.79621528,-0.1188748199,31.46849465,25.00000941,33.27017679,33.37268028,0.1025034891,31.14949333,25.0000094
344,0,25,0.1,0.01512528941,0,33.86163465,33.72204248,-0.1395921745,31.3970521,25.00000941,33.81806007,33.69885401,-0.1192060649,31.37465553,25.00000941,33.33038645,33.41604238,0.08565593466,31.16364174,25.0000094
345,0,25,0.1,0.01513936437,0,33.77488963,33.64760623,-0.1272834021,31.32396309,25.00000941,33.72975744,33.63137264,-0.09838480468,31.30763856,25.00000941,33.36325454,33.43588517,0.07263062848,31.15655883,25.0000094
346,0,25,0.1,0.01514884136,0,33.69764976,33.59435555,-0.1032942091,31.26848753,25.00000941,33.66548636,33.58243956,-0.08304680493,31.25554376,25.00000941,33.3811874,33.4411562,0.05996880174,31.13780961,25.0000094
347,0,25,0.1,0.01515178176,0,33.63601075,33.55426008,-0.08175067167,31.2228383,25.00000941,33.61641182,33.54502598,-0.07138583609,31.21178615,25.00000941,33.38796773,33.43740494,0.0494372077,31.11268576,25.0000094
348,0,25,0.1,0.01515017677,0,33.59151311,33.52233919,-0.06917392125,31.18270652,25.00000941,33.57354257,33.5147725,-0.05877007391,31.17272197,25.00000941,33.38785495,33.42807322,0.04021827409,31.08411462,25.0000094
349,0,25,0.1,0.01514771771,0,33.55427012,33.49550377,-0.05876635222,31.14570775,25.00000941,33.53742284,33.48897526,-0.0484475848,31.13633478,25.00000941,33.38263939,33.41529573,0.03265633975,31.05371539,25.0000094
350,0,25,0.1,0.01514462558,0,33.52127172,33.47183785,-0.04943386851,31.1105223,25.00000941,33.50666273,33.46595725,-0.04070547562,31.10150849,25.00000941,33.37368617,33.40039639,0.02671021524,31.02238352,25.0000094
351,0,25,0.1,0.01514125833,0,33.49224025,33.45015309,-0.04208716275,31.07641958,25.00000941,33.47971898,33.44467835,-0.03504063304,31.06762515,25.00000941,33.36186661,33.38419629,0.02232967517,30.990614,25.0000094
352,0,25,0.1,0.01514245293,0,33.46639109,33.4297124,-0.03667868849,31.04299494,25.00000941,33.45486211,33.42449338,-0.03036873033,31.03434245,25.00000941,33.3482739,33.36720466,0.01893075538,30.95868029,25.0000094
353,0,25,0.1,0.01514126698,0,33.44248884,33.41005861,-0.03243022695,31.01002408,25.00000941,33.43172765,33.40500218,-0.02672546788,31.00147057,25.00000941,33.33338631,33.34973729,0.01635098454,30.92673326,25.0000094
354,0,25,0.1,0.01513933552,0,33.42009991,33.39090814,-0.02919177447,30.97738245,25.00000941,33.41001348,33.38595653,-0.02405695278,30.96890404,25.00000941,33.31747936,33.33199003,0.01451067406,30.89485597,25.0000094
355,0,25,0.1,0.01513705159,0,33.39874228,33.37208505,-0.02665723033,30.94500075,25.00000941,33.38921522,33.36720243,-0.02201279376,30.93658412,25.00000941,33.30092149,33.3140843,0.0131628093,30.86309395,25.0000094
356,0,25,0.1,0.01513622389,0,33.37814292,33.35348021,-0.02466270649,30.91284019,25.00000941,33.36905566,33.34864434,-0.02041132101,30.90447787,25.00000941,33.28392101,33.29609537,0.01217435759,30.83147198,25.0000094
357,0,25,0.1,0.01513694446,0,33.35810734,33.3350259,-0.02308143819,30.88087891,25.00000941,33.34936442,33.33022298,-0.01914144368,30.87256664,25.00000941,33.26661305,33.27806989,0.01145684443,30.80000337,25.0000094
358,0,25,0.1,0.01513810554,0,33.33849343,33.31668008,-0.02181335317,30.84910439,25.00000941,33.33002626,33.31190153,-0.0181247272,30.84083972,25.00000941,33.24909151,33.26003678,0.01094527352,30.76869506,25.0000094
359,0,25,0.1,0.01513856988,0,33.31919984,33.29841663,-0.02078320713,30.8175093,25.00000941,33.31095838,33.29365715,-0.01730123215,30.80929075,25.00000941,33.23142363,33.24201393,0.01059029866,30.73755048,25.0000094
360,0,25,0.1,0.0151379706,0,33.30015448,33.28021935,-0.0199351344,30.78608915,25.00000941,33.29210006,33.27547561,-0.0166244501,30.77791581,25.00000941,33.21365816,33.2240124,0.01035423513,30.70657114,25.0000094
361,0,25,0.1,0.01513656427,0,33.28130514,33.26207812,-0.01922702057,30.75484108,25.00000941,33.27340677,33.25734807,-0.01605869828,30.74671233,25.00000941,33.19583064,33.20603901,0.0102083731,30.67575746,25.0000094
362,0,25,0.1,0.01513471174,0,33.26261332,33.24398666,-0.01862666001,30.72376307,25.00000941,33.25484598,33.23926901,-0.01557696678,30.71567848,25.00000941,33.17796711,33.18809799,0.01013087613,30.64510927,25.0000094
363,0,25,0.1,0.01513275729,0,33.24405039,33.22594103,-0.01810935942,30.69285362,25.00000941,33.23639392,33.22123498,-0.01515894206,30.68481282,25.00000941,33.1600867,33.17019189,0.01010518877,30.61462608,25.0000094
364,0,25,0.1,0.01513107231,0,33.22559501,33.20793876,-0.01765625316,30.66211149,25.00000941,33.21803313,33.20324379,-0.01478934061,30.65411419,25.00000941,33.14220349,33.15232229,0.01011879529,30.58430723,25.0000094
365,0,25,0.1,0.0151299148,0,33.20723125,33.18997827,-0.01725297853,30.63153559,25.00000941,33.19975076,33.18529407,-0.01445669497,30.62358152,25.00000941,33.12432784,33.13449011,0.01016227342,30.55415195,25.0000094
366,0,25,0.1,0.01512924307,0,33.18894719,33.17205857,-0.01688862021,30.60112493,25.00000941,33.1815373,33.16738491,-0.01415238519,30.59321384,25.00000941,33.10646743,33.11669592,0.01022849242,30.52415942,25.0000094
367,0,25,0.1,0.01512875839,0,33.17073381,33.154179,-0.01655481383,30.57087856,25.00000941,33.16338565,33.14951575,-0.01386989582,30.5630102,25.00000941,33.08862795,33.09894002,0.01031207062,30.4943288,25.0000094
368,0,25,0.1,0.01512816075,0,33.15258431,33.13633911,-0.01624519849,30.54079555,25.00000941,33.14529052,33.13168619,-0.01360433181,30.53296969,25.00000941,33.07081361,33.08122257,0.01040895703,30.46465925,25.0000094
369,0,25,0.1,0.0151273395,0,33.13449347,33.11853861,-0.01595485889,30.51087502,25.00000941,33.12724795,33.11389594,-0.01335201051,30.50309142,25.00000941,33.05302758,33.06354363,0.01051604812,30.4351499,25.0000094
370,0,25,0.1,0.01512635341,0,33.11645726,33.10077727,-0.01567998634,30.48111607,25.00000941,33.10925492,33.0961448,-0.0131101162,30.4733745,25.00000941,33.03527219,33.04590321,0.01063102302,30.40579989,25.0000094
371,0,25,0.1,0.01512530209,0,33.09847259,33.08305493,-0.01541766033,30.45151782,25.00000941,33.09130916,33.07843262,-0.01287653782,30.44381806,25.00000941,33.01754923,33.0283013,0.01075206537,30.37660837,25.0000094
372,0,25,0.1,0.01512424523,0,33.080537,33.06537144,-0.01516555813,30.42207941,25.00000941,33.0734089,33.06075926,-0.01264963609,30.41442123,25.00000941,32.99986004,33.01073783,0.01087778688,30.34757448,25.0000094
373,0,25,0.1,0.0151232064,0,33.06264857,33.04772669,-0.01492187701,30.39279997,25.00000941,33.05555279,33.04312462,-0.01242817415,30.38518315,25.00000941,32.98220563,32.99321275,0.01100711571,30.31869738,25.0000094
374,0,25,0.1,0.01512219751,0,33.04480579,33.03012058,-0.01468521171,30.36367865,25.00000941,33.03773977,33.02552858,-0.0122111942,30.35610295,25.00000941,32.96458677,32.97572598,0.0111392117,30.28997621,25.0000094
375,0,25,0.1,0.01512122248,0,33.02700741,33.012553,-0.01445440915,30.33471458,25.00000941,33.01996899,33.00797105,-0.01199794156,30.32717979,25.00000941,32.94700402,32.95827746,0.01127343959,30.26141013,25.0000094
376,0,25,0.1,0.01512027217,0,33.00925244,32.99502387,-0.01422857132,30.30590691,25.00000941,33.00223979,32.99045194,-0.01178784722,30.29841282,25.00000941,32.92945784,32.9408671,0.01140926105,30.23299832,25.0000094
377,0,25,0.1,0.01511932982,0,32.99154005,32.97753309,-0.01400695712,30.27725481,25.00000941,32.98455162,32.97297117,-0.01158044939,30.26980118,25.00000941,32.91194854,32.92349483,0.01154628586,30.20473993,25.0000094
378,0,25,0.1,0.01511838293,0,32.97386958,32.96008059,-0.0137889934,30.24875743,25.00000941,32.96690403,32.95552865,-0.01137538455,30.24134406,25.00000941,32.89447637,32.90616055,0.01168418277,30.17663413,25.0000094
379,0,25,0.1,0.01511742913,0,32.95624046,32.94266626,-0.01357419574,30.22041394,25.00000941,32.94929665,32.93812428,-0.01117236796,30.2130406,25.00000941,32.87704151,32.8888642,0.01182268991,30.14868011,25.0000094
380,0,25,0.1,0.01511647259,0,32.93865219,32.92529004,-0.01336214879,30.19222351,25.00000941,32.93172916,32.920758,-0.01097116411,30.18488998,25.00000941,32.85964407,32.87160569,0.0119616151,30.12087704,25.0000094
381,0,25,0.1,0.0151155172,0,32.92110438,32.90795183,-0.01315254662,30.1641853,25.00000941,32.91420129,32.9034297,-0.01077158692,30.15689137,25.00000941,32.84228416,32.85438493,0.01210076605,30.09322411,25.0000094
382,0,25,0.1,0.01511456312,0,32.90359666,32.89065156,-0.01294510283,30.1362985,25.00000941,32.8967128,32.88613932,-0.0105734799,30.12904396,25.00000941,32.82496181,32.83720184,0.01224003047,30.0657205,25.0000094
383,0,25,0.1,0.01511360815,0,32.88612874,32.87338913,-0.01273961067,30.10856229,25.00000941,32.87926348,32.86888676,-0.0103767162,30.10134693,25.00000941,32.80767708,32.82005635,0.01237926612,30.03836542,25.0000094
384,0,25,0.1,0.01511265089,0,32.86870033,32.85616447,-0.01253586312,30.08097586,25.00000941,32.86185316,32.85167195,-0.01018120874,30.07379946,25.00000941,32.79042996,32.80294836,0.01251840089,30.01115805,25.0000094
385,0,25,0.1,0.01511169241,0,32.8513112,32.83897749,-0.0123337129,30.0535384,25.00000941,32.84448166,32.8344948,-0.009986860185,30.04640075,25.00000941,32.77322046,32.7858778,0.01265734279,29.98409761,25.0000094
386,0,25,0.1,0.015110735,0,32.83396113,32.82182811,-0.01213302252,30.0262491,25.00000941,32.82714883,32.81735523,-0.009793602973,30.01914999,25.00000941,32.75604856,32.76884459,0.01279602997,29.95718329,25.0000094
387,0,25,0.1,0.01510978026,0,32.81664994,32.80471625,-0.01193369426,29.99910716,25.00000941,32.80985453,32.80025315,-0.009601379354,29.99204639,25.00000941,32.73891422,32.75184864,0.01293442078,29.93041431,25.0000094
388,0,25,0.1,0.01510882854,0,32.79937743,32.78764182,-0.01173561024,29.97211179,25.00000941,32.79259862,32.78318849,-0.009410131382,29.96508915,25.00000941,32.72181742,32.73488987,0.0130724537,29.90378988,25.0000094
389,0,25,0.1,0.01510787908,0,32.78214346,32.77060475,-0.01153871236,29.94526219,25.00000941,32.77538098,32.76616116,-0.009219820921,29.93827748,25.00000941,32.7047581,32.71796821,0.01321010741,29.87730923,25.0000094
390,0,25,0.1,0.01510693173,0,32.76494786,32.75360495,-0.01134291236,29.91855759,25.00000941,32.7582015,32.74917108,-0.009030419652,29.91161059,25.00000941,32.68773622,32.70108356,0.01334734073,29.85097157,25.0000094
391,0,25,0.1,0.01510598609,0,32.74779051,32.73664234,-0.01114817178,29.89199719,25.00000941,32.74106006,32.73221817,-0.008841889075,29.8850877,25.00000941,32.67075173,32.68423585,0.0134841227,29.82477614,25.0000094
392,0,25,0.1,0.01510504139,0,32.73067126,32.71971684,-0.010954422,29.86558022,25.00000941,32.72395655,32.71530235,-0.008654200508,29.85870804,25.00000941,32.65380455,32.667425,0.01362045249,29.79872216,25.0000094
393,0,25,0.1,0.01510409713,0,32.71359,32.70282837,-0.01076163418,29.8393059,25.00000941,32.70689088,32.69842353,-0.00846734509,29.83247083,25.00000941,32.63689464,32.65065093,0.01375628949,29.77280888,25.0000094
394,0,25,0.1,0.01510315327,0,32.69654661,32.68597684,-0.01056976935,29.81317346,25.00000941,32.68986294,32.68158165,-0.008281293784,29.80637531,25.00000941,32.62002193,32.63391355,0.01389162322,29.74703553,25.0000094
395,0,25,0.1,0.01510221007,0,32.67954097,32.66916218,-0.01037878834,29.78718214,25.00000941,32.67287263,32.6647766,-0.008096027373,29.78042069,25.00000941,32.60318634,32.61721279,0.01402645342,29.72140136,25.0000094
396,0,25,0.1,0.01510126791,0,32.66257298,32.65238431,-0.01018867178,29.76133117,25.00000941,32.65591986,32.64800832,-0.007911536463,29.75460624,25.00000941,32.58638781,32.60054857,0.01416075997,29.69590561,25.0000094
397,0,25,0.1,0.01510032724,0,32.64564253,32.63564314,-0.009999390176,29.7356198,25.00000941,32.63900454,32.63127673,-0.007727811485,29.72893118,25.00000941,32.56962627,32.5839208,0.01429453295,29.67054754,25.0000094
398,0,25,0.1,0.0150993881,0,32.62874953,32.6189386,-0.009810933809,29.71004727,25.00000941,32.62212658,32.61458174,-0.007544842693,29.70339477,25.00000941,32.55290165,32.56732941,0.01442776259,29.6453264,25.0000094
399,0,25,0.1,0.01509845036,0,32.61189387,32.6022706,-0.009623272808,29.68461284,25.00000941,32.60528588,32.59792327,-0.007362610165,29.67799626,25.00000941,32.53621386,32.55077432,0.01456045932,29.62024146,25.0000094
400,0,25,0.1,0.01509751399,0,32.59507546,32.58563906,-0.009436397124,29.65931575,25.00000941,32.58848235,32.58130125,-0.007181103806,29.6527349,25.00000941,32.51956284,32.53425544,0.01469260373,29.59529198,25.0000094
401,0,25,0.1,0.01509657901,0,32.57829421,32.56904391,-0.009250296528,29.63415527,25.00000941,32.57171592,32.56471559,-0.007000333342,29.62760996,25.00000941,32.50294852,32.51777271,0.01482418659,29.57047723,25.0000094
402,0,25,0.1,0.01509564537,0,32.56155003,32.55248507,-0.009064960622,29.60913065,25.00000941,32.55498649,32.54816621,-0.006820278329,29.60262069,25.00000941,32.4863708,32.50132603,0.01495522883,29.54579648,25.0000094
403,0,25,0.1,0.01509472133,0,32.54483792,32.53596245,-0.008875468831,29.58424117,25.00000941,32.53828909,32.53165304,-0.006636048146,29.57776636,25.00000941,32.46982479,32.48491533,0.01509054157,29.521249,25.0000094
404,0,25,0.1,0.01509378699,0,32.52815946,32.51947598,-0.008683480406,29.55948609,25.00000941,32.52162529,32.515176,-0.006449291999,29.55304624,25.00000941,32.45331203,32.46854054,0.01522850609,29.49683408,25.0000094
405,0,25,0.1,0.01509284643,0,32.51151665,32.50302558,-0.008491074425,29.53486469,25.00000941,32.50499707,32.498735,-0.006262068922,29.52845962,25.00000941,32.4368345,32.45220156,0.01536706386,29.47255101,25.0000094
406,0,25,0.1,0.01509191533,0,32.49491044,32.48661116,-0.008299279793,29.51037625,25.00000941,32.48840542,32.48232997,-0.006075447774,29.50400576,25.00000941,32.42039317,32.43589834,0.01550516649,29.44839906,25.0000094
407,0,25,0.1,0.01509099305,0,32.47834105,32.47023265,-0.008108395244,29.48602004,25.00000941,32.47185054,32.46596083,-0.005889707243,29.47968396,25.00000941,32.40398826,32.41963078,0.0156425158,29.42437753,25.0000094
408,0,25,0.1,0.01509007027,0,32.46180837,32.45388998,-0.007918389337,29.46179536,25.00000941,32.45533232,32.4496275,-0.005704815845,29.4554935,25.00000941,32.38761966,32.4033988,0.01577914375,29.40048573,25.0000094
409,0,25,0.1,0.01508914594,0,32.44531224,32.43758306,-0.007729180461,29.4377015,25.00000941,32.43885062,32.43332991,-0.005520711923,29.43143366,25.00000941,32.37128722,32.38720234,0.01591512249,29.37672294,25.0000094
410,0,25,0.1,0.01508822353,0,32.42885255,32.42131181,-0.007540736834,29.41373774,25.00000941,32.42240531,32.41706797,-0.00533734365,29.40750375,25.00000941,32.35499083,32.37104131,0.01605048432,29.35308846,25.0000094
411,0,25,0.1,0.01508730058,0,32.41242918,32.40507616,-0.0073530165,29.38990339,25.00000941,32.40599629,32.4008416,-0.005154689026,29.38370306,25.00000941,32.33873039,32.35491564,0.01618525173,29.32958162,25.0000094
412,0,25,0.1,0.01508637362,0,32.39604207,32.38887603,-0.007166037335,29.36619774,25.00000941,32.38962349,32.38465073,-0.004972755883,29.3600309,25.00000941,32.32250583,32.33882525,0.01631941738,29.30620171,25.0000094
413,0,25,0.1,0.01508544561,0,32.37969113,32.37271134,-0.006979787044,29.34262011,25.00000941,32.37328681,32.36849529,-0.00479152188,29.33648656,25.00000941,32.30631706,32.32277005,0.01645299409,29.28294806,25.0000094
414,0,25,0.1,0.01508452113,0,32.36337627,32.35658202,-0.006794253161,29.31916979,25.00000941,32.35698619,32.35237519,-0.004611004508,29.31306937,25.00000941,32.29016401,32.30674998,0.01658597483,29.25981998,25.0000094
415,0,25,0.1,0.01508360143,0,32.34709743,32.34048798,-0.006609453052,29.29584611,25.00000941,32.34072154,32.33629035,-0.004431191088,29.28977863,25.00000941,32.2740466,32.29076496,0.01671836279,29.23681678,25.0000094
416,0,25,0.1,0.01508268839,0,32.33085452,32.32442915,-0.006425373913,29.27264837,25.00000941,32.32449279,32.3202407,-0.004252088772,29.26661366,25.00000941,32.25796476,32.27481491,0.01685015127,29.21393781,25.0000094
417,0,25,0.1,0.01508178384,0,32.31464745,32.30840545,-0.00624200277,29.24957591,25.00000941,32.30829986,32.30422617,-0.004073694543,29.24357378,25.00000941,32.24191841,32.25889975,0.01698134378,29.19118239,25.0000094
418,0,25,0.1,0.0150808804,0,32.29847616,32.2924168,-0.006059356483,29.22662804,25.00000941,32.29214266,32.28824666,-0.003895995214,29.22065832,25.00000941,32.22590747,32.24301941,0.01711194398,29.16854984,25.0000094
419,0,25,0.1,0.01507996515,0,32.28234055,32.27646314,-0.00587741174,29.20380408,25.00000941,32.27602112,32.27230212,-0.003718997434,29.19786661,25.00000941,32.20993186,32.22717382,0.0172419557,29.14603951,25.0000094
420,0,25,0.1,0.01507903788,0,32.26624056,32.26054437,-0.005696185066,29.18110338,25.00000941,32.25993515,32.25639246,-0.00354268768,29.17519796,25.00000941,32.1939915,32.21136288,0.01737138293,29.12365074,25.0000094
421,0,25,0.1,0.01507811188,0,32.2501761,32.24466044,-0.005515662815,29.15852526,25.00000941,32.24388469,32.24051761,-0.003367082264,29.15265174,25.00000941,32.17808632,32.19558654,0.01750021983,29.10138287,25.0000094
422,0,25,0.1,0.01507719476,0,32.2341471,32.22881125,-0.005335851176,29.13606907,25.00000941,32.22786965,32.22467748,-0.003192167331,29.13022726,25.00000941,32.16221624,32.17984471,0.01762847074,29.07923524,25.0000094
423,0,25,0.1,0.0150762849,0,32.21815347,32.21299673,-0.005156736169,29.11373414,25.00000941,32.21188995,32.20887201,-0.003017938859,29.10792387,25.00000941,32.14638118,32.16413732,0.01775614014,29.05720722,25.0000094
424,0,25,0.1,0.01507538544,0,32.20219513,32.19721682,-0.00497831365,29.09151981,25.00000941,32.19594552,32.19310112,-0.002844402658,29.08574093,25.00000941,32.13058107,32.14846429,0.0178832227,29.03529814,25.0000094
425,0,25,0.1,0.01507450119,0,32.18627202,32.18147142,-0.004800599308,29.06942545,25.00000941,32.18003627,32.17736473,-0.002671544376,29.06367777,25.00000941,32.11481583,32.13282555,0.01800972324,29.01350738,25.0000094
426,0,25,0.1,0.01507362037,0,32.17038405,32.16576047,-0.004623578667,29.0474504,25.00000941,32.16416214,32.16166276,-0.002499379493,29.04173375,25.00000941,32.09908537,32.11722103,0.01813565675,28.99183428,25.0000094
427,0,25,0.1,0.01507271784,0,32.15453114,32.15008389,-0.004447247085,29.02559401,25.00000941,32.14832303,32.14599515,-0.002327883324,29.01990824,25.00000941,32.08338964,32.10165064,0.01826099837,28.97027823,25.0000094
428,0,25,0.1,0.01507178116,0,32.13871322,32.13444161,-0.004271609756,29.00385565,25.00000941,32.13251889,32.13036181,-0.002157081019,28.99820058,25.00000941,32.06772854,32.08611431,0.01838577343,28.94883857,25.0000094
429,0,25,0.1,0.01507083124,0,32.1229302,32.11883355,-0.004096651708,28.98223467,25.00000941,32.11674962,32.11476267,-0.001986947565,28.97661014,25.00000941,32.05210201,32.07061198,0.0185099674,28.92751469,25.0000094
430,0,25,0.1,0.01506991705,0,32.10718202,32.10325963,-0.003922387807,28.96073045,25.00000941,32.10101515,32.09919766,-0.001817487784,28.95513629,25.00000941,32.03650996,32.05514356,0.01863359593,28.90630596,25.0000094
431,0,25,0.1,0.01506906346,0,32.0914686,32.08771979,-0.003748812753,28.93934236,25.00000941,32.08531541,32.0836667,-0.001648706333,28.93377841,25.00000941,32.02095233,32.03970897,0.01875664482,28.88521176,25.0000094
432,0,25,0.1,0.01506821378,0,32.07578985,32.07221394,-0.003575911085,28.91806976,25.00000941,32.06965031,32.06816972,-0.001480587709,28.91253585,25.00000941,32.00542903,32.02430816,0.01887913004,28.86423147,25.0000094
433,0,25,0.1,0.01506729646,0,32.06014571,32.05674201,-0.003403697177,28.89691203,25.00000941,32.05401979,32.05270664,-0.001313146243,28.89140801,25.00000941,31.98994,32.00894104,0.01900103772,28.84336447,25.0000094
434,0,25,0.1,0.01506636684,0,32.04453609,32.04130393,-0.00323215524,28.87586856,25.00000941,32.03842376,32.03727739,-0.001146366105,28.87039426,25.00000941,31.97448514,31.99360753,0.01912239415,28.82261015,25.0000094
435,0,25,0.1,0.01506552505,0,32.02896092,32.02589963,-0.003061289325,28.85493872,25.00000941,32.02286216,32.0218819,-0.000980261301,28.84949398,25.00000941,31.95906439,31.97830758,0.01924318577,28.80196791,25.0000094
436,0,25,0.1,0.01506467314,0,32.01342013,32.01052903,-0.002891103318,28.8341219,25.00000941,32.0073349,32.00652008,-0.0008148156775,28.82870656,25.00000941,31.94367768,31.96304109,0.01936340921,28.78143714,25.0000094
437,0,25,0.1,0.01506364963,0,31.99791364,31.99519205,-0.002721590946,28.8134175,25.00000941,31.9918419,31.99119188,-0.0006500229178,28.8080314,25.00000941,31.92832493,31.947808,0.01948307123,28.76101724,25.0000094
438,0,25,0.1,0.01506263529,0,31.98244136,31.97988862,-0.002552735774,28.7928249,25.00000941,31.9763831,31.9758972,-0.0004858965446,28.78746789,25.00000941,31.91300606,31.93260824,0.01960217878,28.7407076,25.0000094
439,0,25,0.1,0.01506191108,0,31.96700324,31.96461868,-0.002384561205,28.7723435,25.00000941,31.96095841,31.96063599,-0.0003224199194,28.76701542,25.00000941,31.897721,31.91744173,0.01972072894,28.72050763,25.0000094
440,0,25,0.1,0.01506121166,0,31.95159919,31.94938214,-0.002217050482,28.7519727,25.00000941,31.94556777,31.94540816,-0.0001596062436,28.74667339,25.00000941,31.88246968,31.9023084,0.01983871897,28.70041675,25.0000094
441,0,25,0.1,0.01506011058,0,31.93622913,31.93417893,-0.002050196687,28.7317119,25.00000941,31.9302111,31.93021365,2.551441916e-06,28.72644121,25.00000941,31.86725203,31.88720818,0.01995614628,28.68043436,25.0000094
442,0,25,0.1,0.01505901593,0,31.920893,31.91900899,-0.001884012745,28.71156051,25.00000941,31.91488832,31.91505238,0.0001640602558,28.70631828,25.00000941,31.85206796,31.87214099,0.02007302843,28.66055987,25.0000094
443,0,25,0.1,0.01505848077,0,31.90559072,31.90387223,-0.001718491418,28.69151795,25.00000941,31.89959936,31.89992428,0.0003249174763,28.68630402,25.00000941,31.83691739,31.85710676,0.02018937317,28.64079271,25.0000094
444,0,25,0.1,0.01505786631,0,31.89032221,31.88876858,-0.001553625311,28.67158361,25.00000941,31.88434414,31.88482927,0.0004851305406,28.66639784,25.00000941,31.82180026,31.84210543,0.02030516838,28.62113229,25.0000094
445,0,25,0.1,0.01505642439,0,31.8750874,31.87369798,-0.001389416869,28.65175691,25.00000941,31.86912259,31.86976729,0.0006446970447,28.64659915,25.00000941,31.80671651,31.82713691,0.02042040209,28.60157804,25.0000094
446,0,25,0.1,0.01505511626,0,31.85988621,31.85866035,-0.001225858378,28.63203729,25.00000941,31.85393464,31.85473825,0.0008036147432,28.62690738,25.00000941,31.79166605,31.81220114,0.02053509253,28.58212938,25.0000094
447,0,25,0.1,0.0150548131,0,31.84471857,31.84365562,-0.001062951969,28.61242415,25.00000941,31.8387802,31.8397421,0.0009619015483,28.60732194,25.00000941,31.77664881,31.79729805,0.02064923803,28.56278574,25.0000094
448,0,25,0.1,0.01505422193,0,31.82958441,31.82868371,-0.0009006996109,28.59291692,25.00000941,31.82365922,31.82477876,0.00111953553,28.58784226,25.00000941,31.76166471,31.78242756,0.02076284713,28.54354656,25.0000094
449,0,25,0.1,0.0150525765,0,31.81448366,31.81374456,-0.0007391031182,28.57351503,25.00000941,31.80857162,31.80984814,0.001276524917,28.56846777,25.00000941,31.74671369,31.7675896,0.0208759085,28.52441127,25.0000094
450,0,25,0.1,0.01505146436,0,31.79941623,31.79883809,-0.0005781441471,28.55421791,25.00000941,31.7935173,31.7949502,0.001432898092,28.54919791,25.00000941,31.73179568,31.7527841,0.02098842096,28.50537932,25.0000094
451,0,25,0.1,0.01505115389,0,31.78438206,31.78396423,-0.0004178341974,28.535025,25.00000941,31.77849621,31.78008484,0.001588633598,28.53003211,25.00000941,31.71691056,31.73801099,0.02110043349,28.48645014,25.0000094
452,0,25,0.1,0.01504937486,0,31.76938107,31.76912291,-0.0002581646122,28.51593573,25.00000941,31.76350828,31.76525201,0.001743730132,28.5109698,25.00000941,31.70205829,31.72327021,0.02121191525,28.46762317,25.0000094
453,0,25,0.1,0.01504726479,0,31.75441319,31.75431405,-9.913657876e-05,28.49694954,25.00000941,31.74855344,31.75045163,0.001898186547,28.49201043,25.00000941,31.68723882,31.70856167,0.02132284552,28.44889787,25.0000094
454,0,25,0.1,0.01504673254,0,31.73947835,31.7395376,5.924887157e-05,28.47806588,25.00000941,31.73363159,31.73568362,0.002052031852,28.47315344,25.00000941,31.67245211,31.6938853,0.02143319375,28.43027369,25.0000094
455,0,25,0.1,0.01504465781,0,31.72457647,31.72479347,0.0002170008627,28.45928419,25.00000941,31.71874268,31.72094793,0.002205245213,28.45439828,25.00000941,31.65769803,31.67924105,0.02154301955,28.41175008,25.0000094
456,0,25,0.1,0.0150436871,0,31.70970746,31.7100816,0.0003741386738,28.44060392,25.00000941,31.70388662,31.70624447,0.002357845948,28.43574439,25.00000941,31.64297644,31.66462883,0.02165239267,28.3933265,25.0000094
457,0,25,0.1,0.01504619931,0,31.69487128,31.69540191,0.0005306317384,28.42202453,25.00000941,31.68906335,31.69157317,0.002509823531,28.41719124,25.00000941,31.62828738,31.65004858,0.02176120303,28.37500241,25.0000094
458,0,25,0.1,0.01504642634,0,31.68007435,31.68075434,0.0006799896447,28.40354547,25.00000941,31.6742793,31.67693398,0.002654677592,28.39873828,25.00000941,31.61363719,31.63550023,0.0218630407,28.35677727,25.0000094
459,0,25,0.1,0.01504421705,0,31.66531138,31.66613881,0.000827432135,28.38516619,25.00000941,31.65952917,31.66232681,0.002797637912,28.38038496,25.00000941,31.5990206,31.62098371,0.02196310588,28.33865054,25.0000094
460,0,25,0.1,0.01504274966,0,31.65058123,31.65155526,0.000974029105,28.36688616,25.00000941,31.64481185,31.64775159,0.002939744427,28.36213075,25.00000941,31.5844365,31.60649894,0.02206243896,28.3206217,25.0000094
461,0,25,0.1,0.01504258432,0,31.63588364,31.63700361,0.001119970604,28.34870485,25.00000941,31.63012705,31.63320827,0.003081217227,28.34397512,25.00000941,31.56988463,31.59204586,0.02216123044,28.30269022,25.0000094
462,0,25,0.1,0.01504201864,0,31.62121848,31.6224838,0.001265316834,28.33062172,25.00000941,31.61547466,31.61869676,0.003222096553,28.32591752,25.00000941,31.5553649,31.5776244,0.02225950102,28.28485556,25.0000094
463,0,25,0.1,0.01504058771,0,31.60658567,31.60799575,0.001410078151,28.31263623,25.00000941,31.60085459,31.60421699,0.003362402801,28.30795744,25.00000941,31.54087721,31.56323449,0.02235728152,28.26711722,25.0000094
464,0,25,0.1,0.01503940839,0,31.59198515,31.5935394,0.001554245061,28.29474787,25.00000941,31.58626677,31.58976891,0.003502136517,28.29009435,25.00000941,31.52642147,31.54887606,0.0224545929,28.24947466,25.0000094
465,0,25,0.1,0.01503893055,0,31.57741684,31.57911467,0.001697828224,28.2769561,25.00000941,31.57171114,31.57535243,0.003641288401,28.27232771,25.00000941,31.51199763,31.53454905,0.02255141631,28.23192737,25.0000094
466,0,25,0.1,0.01503848371,0,31.56288066,31.5647215,0.00184083845,28.25926041,25.00000941,31.55718762,31.56096749,0.003779869303,28.25465702,25.00000941,31.4976056,31.52025337,0.02264777303,28.21447484,25.0000094
467,0,25,0.1,0.01503760309,0,31.54837656,31.55035982,0.001983256704,28.24166028,25.00000941,31.54269614,31.54661402,0.003917880226,28.23708174,25.00000941,31.48324532,31.50598897,0.02274365447,28.19711655,25.0000094
468,0,25,0.1,0.01503656299,0,31.53390445,31.53602955,0.002125104097,28.22415519,25.00000941,31.52823663,31.53229195,0.004055322321,28.21960138,25.00000941,31.46891673,31.49175578,0.02283905223,28.179852,25.0000094
469,0,25,0.1,0.01503570469,0,31.51946426,31.52173064,0.002266381894,28.20674463,25.00000941,31.51380901,31.51800122,0.004192206892,28.20221541,25.00000941,31.45461974,31.47755373,0.02293398803,28.16268068,25.0000094
470,0,25,0.1,0.0150349437,0,31.50505594,31.50746301,0.002407071509,28.18942809,25.00000941,31.49941322,31.50374175,0.004328525394,28.18492332,25.00000941,31.4403543,31.46338274,0.02302844375,28.14560208,25.0000094
471,0,25,0.1,0.01503408106,0,31.4906794,31.49322659,0.002547194508,28.17220505,25.00000941,31.4850492,31.48951347,0.004464269429,28.16772461,25.00000941,31.42612033,31.44924276,0.02312243143,28.12861571,25.0000094
472,0,25,0.1,0.01503313451,0,31.47633458,31.47902132,0.002686742604,28.15507503,25.00000941,31.47071686,31.47531632,0.004599460752,28.15061878,25.00000941,31.41191776,31.43513371,0.02321595323,28.11172106,25.0000094
473,0,25,0.1,0.01503222766,0,31.4620214,31.46484713,0.002825727661,28.1380375,25.00000941,31.45641614,31.46115023,0.004734091264,28.13360532,25.00000941,31.39774653,31.42105553,0.02330900148,28.09491765,25.0000094
474,0,25,0.1,0.01503138441,0,31.4477398,31.45070394,0.002964141691,28.12109198,25.00000941,31.44214698,31.44701513,0.004868153018,28.11668373,25.00000941,31.38360657,31.40700815,0.02340157865,28.07820498,25.0000094
475,0,25,0.1,0.0150305531,0,31.43348971,31.4365917,0.003101986857,28.10423796,25.00000941,31.42790929,31.43291096,0.005001668213,28.09985352,25.00000941,31.3694978,31.3929915,0.02349369738,28.06158255,25.0000094
476,0,25,0.1,0.01502971282,0,31.41927106,31.42251033,0.003239265468,28.08747496,25.00000941,31.41370301,31.41883764,0.005134629199,28.08311419,25.00000941,31.35542015,31.37900551,0.02358536041,28.04504989,25.0000094
477,0,25,0.1,0.01502887754,0,31.40508378,31.40845976,0.003375979983,28.07080247,25.00000941,31.39952808,31.40479511,0.005267028472,28.06646525,25.00000941,31.34137357,31.36505012,0.02367655068,28.0286065,25.0000094
478,0,25,0.1,0.01502804715,0,31.3909278,31.39443993,0.003512133006,28.05422002,25.00000941,31.38538442,31.3907833,0.005398878676,28.04990622,25.00000941,31.32735798,31.35112526,0.02376728124,28.01225191,25.0000094
479,0,25,0.1,0.01502720788,0,31.37680305,31.38045078,0.003647727291,28.03772712,25.00000941,31.37127196,31.37680214,0.005530182602,28.03343661,25.00000941,31.31337331,31.33723087,0.0238575553,27.99598564,25.0000094
480,0,25,0.1,0.01502635859,0,31.36270946,31.36649223,0.003782765738,28.02132328,25.00000941,31.35719063,31.36285157,0.00566094319,28.01705594,25.00000941,31.29941949,31.32336687,0.02394737621,27.9798072,25.0000094
481,0,25,0.1,0.01502550858,0,31.34864697,31.35256421,0.003917241395,28.00500801,25.00000941,31.34314038,31.34893152,0.005791143525,28.00076372,25.00000941,31.28549646,31.3095332,0.02403673749,27.96371613,25.0000094
482,0,25,0.1,0.01502466094,0,31.3346155,31.33866667,0.004051167455,27.98878086,25.00000941,31.32912112,31.33504193,0.005920806838,27.98455948,25.00000941,31.27160415,31.29572979,0.02412564276,27.94771195,25.0000094
483,0,25,0.1,0.01502381318,0,31.32061499,31.32479953,0.004184537257,27.97264132,25.00000941,31.31513279,31.32118272,0.006049926508,27.96844275,25.00000941,31.25774249,31.28195659,0.02421409583,27.93179419,25.0000094
484,0,25,0.1,0.01502296672,0,31.30664536,31.31096272,0.004317364288,27.95658895,25.00000941,31.30117533,31.30735383,0.006178496058,27.95241304,25.00000941,31.24391141,31.26821351,0.02430210063,27.91596239,25.0000094
485,0,25,0.1,0.01502212546,0,31.29270656,31.29715619,0.004449632178,27.94062325,25.00000941,31.28724866,31.29355519,0.006306529157,27.9364699,25.00000941,31.23011085,31.2545005,0.02438965123,27.90021608,25.0000094
486,0,25,0.1,0.01502128882,0,31.27879851,31.28337986,0.004581354703,27.92474378,25.00000941,31.27335271,31.27978674,0.006434029619,27.92061285,25.00000941,31.21634074,31.24081749,0.02447675188,27.8845548,25.0000094
487,0,25,0.1,0.01502045289,0,31.26492115,31.26963368,0.004712525785,27.90895005,25.00000941,31.25948742,31.26604841,0.006560991403,27.90484143,25.00000941,31.20260101,31.22716442,0.02456340693,27.8689781,25.0000094
488,0,25,0.1,0.01501961616,0,31.25107441,31.25591756,0.00484314949,27.89324161,25.00000941,31.24565273,31.25234014,0.006687408613,27.88915517,25.00000941,31.1888916,31.21354121,0.02464961089,27.8534855,25.0000094
489,0,25,0.1,0.01501878029,0,31.23725821,31.24223145,0.004973240027,27.87761799,25.00000941,31.23184856,31.23866186,0.006813295495,27.87355363,25.00000941,31.17521244,31.19994781,0.02473536843,27.83807657,25.0000094
490,0,25,0.1,0.01501794624,0,31.2234725,31.22857528,0.005102781749,27.86207874,25.00000941,31.21807484,31.2250135,0.006938656442,27.85803633,25.00000941,31.16156345,31.18638414,0.02482069433,27.82275085,25.0000094
491,0,25,0.1,0.01501711293,0,31.20971721,31.21494899,0.005231779156,27.84662341,25.00000941,31.20433152,31.211395,0.007063475988,27.84260282,25.00000941,31.14794459,31.17285015,0.02490556355,27.80750789,25.0000094
492,0,25,0.1,0.01501627946,0,31.19599226,31.20135251,0.005360246887,27.83125153,25.00000941,31.19061851,31.19780629,0.007187778812,27.82725266,25.00000941,31.13435577,31.15934577,0.02499000117,27.79234724,25.0000094
493,0,25,0.1,0.01501544654,0,31.1822976,31.18778577,0.005488169726,27.81596267,25.00000941,31.17693577,31.18424731,0.007311539734,27.81198538,25.00000941,31.12079693,31.14587093,0.0250740024,27.77726846,25.0000094
494,0,25,0.1,0.01501461516,0,31.16863315,31.17424871,0.0056155626,27.80075636,25.00000941,31.16328321,31.17071799,0.007434783719,27.79680055,25.00000941,31.10726802,31.13242557,0.02515755262,27.7622711,25.0000094
495,0,25,0.1,0.01501378531,0,31.15499885,31.16074127,0.005742420577,27.78563217,25.00000941,31.14966077,31.15721828,0.007557505872,27.78169772,25.00000941,31.09376895,31.11900963,0.02524067734,27.74735473,25.0000094
496,0,25,0.1,0.01501295569,0,31.14139463,31.14726338,0.005868748869,27.77058965,25.00000941,31.1360684,31.14374809,0.00767969144,27.76667645,25.00000941,31.08029967,31.10562303,0.02532336221,27.73251891,25.0000094
497,0,25,0.1,0.01501212694,0,31.12782043,31.13381497,0.005994542827,27.75562836,25.00000941,31.12250601,31.13030738,0.007801365815,27.75173629,25.00000941,31.06686011,31.09226572,0.02540561301,27.7177632,25.0000094
498,0,25,0.1,0.01501129947,0,31.11427618,31.12039599,0.006119807947,27.74074786,25.00000941,31.10897354,31.11689606,0.007922524526,27.73687681,25.00000941,31.0534502,31.07893764,0.02548743568,27.70308718,25.0000094
499,0,25,0.1,0.01501047306,0,31.10076182,31.10700636,0.006244539862,27.72594772,25.00000941,31.09547094,31.10351409,0.008043153245,27.72209757,25.00000941,31.04006988,31.06563871,0.02556882629,27.6884904,25.0000094
500,0,25,0.1,0.01500964745,0,31.08727727,31.09364602,0.006368754349,27.71122749,25.00000941,31.08199813,31.0901614,0.008163267786,27.70739814,25.00000941,31.02671908,31.05236887,0.02564979104,27.67397245,25.0000094
501,0,25,0.1,0.01500882257,0,31.07382248,31.08031492,0.006492437325,27.69658676,25.00000941,31.06855504,31.07683791,0.008282874101,27.69277809,25.00000941,31.01339775,31.03912807,0.0257303163,27.6595329,25.0000094
502,0,25,0.1,0.01500799876,0,31.06039737,31.06701297,0.006615604846,27.68202509,25.00000941,31.05514162,31.06354358,0.008401958283,27.67823698,25.00000941,31.00010581,31.02591623,0.02581041855,27.64517132,25.0000094
503,0,25,0.1,0.01500717646,0,31.04700189,31.05374013,0.006738243109,27.66754205,25.00000941,31.04175779,31.05027833,0.008520536566,27.6637744,25.00000941,30.98684319,31.01273329,0.02589010442,27.63088729,25.0000094
504,0,25,0.1,0.01500635525,0,31.03363597,31.04049633,0.006860358449,27.65313722,25.00000941,31.02840349,31.0370421,0.008638605322,27.64938991,25.00000941,30.97360984,30.9995792,0.02596936068,27.6166804,25.0000094
505,0,25,0.1,0.01500553437,0,31.02029953,31.0272815,0.006981967343,27.63881018,25.00000941,31.01507866,31.02383482,0.008756161063,27.63508311,25.00000941,30.9604057,30.98645388,0.02604818422,27.60255023,25.0000094
506,0,25,0.1,0.01500471419,0,31.00699252,31.01409558,0.007103056404,27.6245605,25.00000941,31.00178323,31.01065644,0.008873210439,27.62085356,25.00000941,30.94723068,30.97335728,0.0261266021,27.58849635,25.0000094
507,0,25,0.1,0.01500389501,0,30.99371488,31.0009385,0.007223622386,27.61038778,25.00000941,30.98851714,30.99750689,0.00898975024,27.60670085,25.00000941,30.93408474,30.96028933,0.0262045915,27.57451838,25.0000094
508,0,25,0.1,0.01500307691,0,30.98046653,30.98781021,0.00734368218,27.59629158,25.00000941,30.97528032,30.98438611,0.009105787393,27.59262456,25.00000941,30.92096781,30.94724997,0.02628215974,27.56061588,25.0000094
509,0,25,0.1,0.01500226679,0,30.96724354,30.97471064,0.007467102816,27.58227151,25.00000941,30.96206884,30.97129403,0.009225188964,27.57862429,25.00000941,30.90787599,30.93423913,0.02636314427,27.54678845,25.0000094
510,0,25,0.1,0.01500144798,0,30.95404716,30.96163973,0.00759257146,27.56832714,25.00000941,30.94888394,30.95823059,0.009346652156,27.56469962,25.00000941,30.89481051,30.92125676,0.02644625268,27.5330357,25.0000094
511,0,25,0.1,0.01500062392,0,30.94087896,30.94859742,0.007718455418,27.55445808,25.00000941,30.9357272,30.94519573,0.009468534308,27.55085015,25.00000941,30.88177293,30.90830279,0.02652986271,27.51935721,25.0000094
512,0,25,0.1,0.01499980771,0,30.92773972,30.93558363,0.007843912131,27.54066391,25.00000941,30.92259939,30.93218939,0.0095900029,27.53707546,25.00000941,30.86876403,30.89537716,0.02661313222,27.50575258,25.0000094
513,0,25,0.1,0.01499899899,0,30.91462961,30.92259832,0.007968709178,27.52694422,25.00000941,30.90950068,30.91921151,0.009710825545,27.52337515,25.00000941,30.85578396,30.88247981,0.02669584921,27.49222142,25.0000094
514,0,25,0.1,0.01499819044,0,30.90154853,30.90964141,0.008092884274,27.51329863,25.00000941,30.89643098,30.90626201,0.009831029995,27.50974883,25.00000941,30.84283265,30.86961067,0.02677802182,27.47876333,25.0000094
515,0,25,0.1,0.01499738105,0,30.88849638,30.89671286,0.008216475272,27.49972672,25.00000941,30.88339019,30.89334084,0.009950654136,27.49619609,25.00000941,30.82990997,30.85676969,0.02685971832,27.46537792,25.0000094
516,0,25,0.1,0.01499657249,0,30.87547305,30.88381258,0.008339530157,27.4862281,25.00000941,30.87037819,30.88044795,0.01006975599,27.48271654,25.00000941,30.81701584,30.8439568,0.02694095711,27.45206478,25.0000094
517,0,25,0.1,0.01499576219,0,30.86247848,30.87094053,0.008462047054,27.47280237,25.00000941,30.85739492,30.86758325,0.01018833372,27.46930977,25.00000941,30.80415017,30.83117194,0.02702176675,27.43882354,25.0000094
518,0,25,0.1,0.0149949484,0,30.84951259,30.85809663,0.008584044221,27.45944915,25.00000941,30.84444031,30.85474671,0.01030639561,27.4559754,25.00000941,30.7913129,30.81841505,0.02710214591,27.4256538,25.0000094
519,0,25,0.1,0.01499413453,0,30.83657533,30.84528084,0.008705510052,27.44616803,25.00000941,30.8315143,30.84193824,0.0104239401,27.44271304,25.00000941,30.77850397,30.80568606,0.0271820934,27.41255517,25.0000094
520,0,25,0.1,0.0149933238,0,30.82366662,30.83249308,0.008826463075,27.43295863,25.00000941,30.81861683,30.8291578,0.01054096575,27.4295223,25.00000941,30.76572333,30.79298493,0.02726159816,27.39952728,25.0000094
521,0,25,0.1,0.0149925171,0,30.81078642,30.8197333,0.008946881953,27.41982056,25.00000941,30.80574784,30.81640531,0.01065747126,27.41640279,25.00000941,30.7529709,30.78031158,0.02734067927,27.38656974,25.0000094
522,0,25,0.1,0.01499171687,0,30.79793466,30.80700144,0.009066775482,27.40675343,25.00000941,30.79290725,30.80368073,0.01077347545,27.40335412,25.00000941,30.74024663,30.76766596,0.02741932595,27.37368218,25.0000094
523,0,25,0.1,0.01499092492,0,30.78511127,30.79429742,0.009186152595,27.39375687,25.00000941,30.78009502,30.79098398,0.01088895731,27.39037591,25.00000941,30.72755045,30.755048,0.02749754753,27.3608642,25.0000094
524,0,25,0.1,0.01499013251,0,30.7723162,30.7816212,0.009305002354,27.38083049,25.00000941,30.76731108,30.77831501,0.01100392591,27.37746779,25.00000941,30.71488231,30.74245764,0.0275753335,27.34811544,25.0000094
525,0,25,0.1,0.01498932729,0,30.75954937,30.76897271,0.00942334396,27.36797392,25.00000941,30.75455536,30.76567375,0.0111183905,27.36462938,25.00000941,30.70224214,30.72989483,0.02765269346,27.33543553,25.0000094
526,0,25,0.1,0.01498851176,0,30.74681073,30.7563519,0.009541166741,27.35518677,25.00000941,30.7418278,30.75306015,0.01123235045,27.35186029,25.00000941,30.68962987,30.71735951,0.02772963716,27.32282409,25.0000094
527,0,25,0.1,0.0149876993,0,30.73410022,30.74375869,0.009658470162,27.34246867,25.00000941,30.72912835,30.74047415,0.01134579524,27.33916015,25.00000941,30.67704546,30.7048516,0.02780614448,27.31028075,25.0000094
528,0,25,0.1,0.0149868945,0,30.72141777,30.73119303,0.009775263819,27.32981925,25.00000941,30.71645693,30.72791567,0.01145874452,27.3265286,25.00000941,30.66448882,30.69237107,0.02788224541,27.29780515,25.0000094
529,0,25,0.1,0.0149860952,0,30.70876333,30.71865487,0.009891537439,27.31723813,25.00000941,30.70381349,30.71538468,0.01157118804,27.31396525,25.00000941,30.65195992,30.67991783,0.02795791009,27.28539691,25.0000094
530,0,25,0.1,0.01498530681,0,30.69613682,30.70614413,0.01000731088,27.30472496,25.00000941,30.69119797,30.7028811,0.01168312569,27.30146975,25.00000941,30.63945868,30.66749184,0.02803315879,27.27305568,25.0000094
531,0,25,0.1,0.01498453291,0,30.68353819,30.69366076,0.01012257414,27.29227936,25.00000941,30.6786103,30.69040487,0.01179456752,27.28904173,25.00000941,30.62698504,30.65509303,0.0281079919,27.26078109,25.0000094
532,0,25,0.1,0.01498375873,0,30.67096738,30.68120471,0.01023732734,27.27990096,25.00000941,30.66605042,30.67795593,0.01190551366,27.27668081,25.00000941,30.61453894,30.64272135,0.02818240997,27.24857279,25.0000094
533,0,25,0.1,0.01498296259,0,30.65842433,30.6687759,0.01035157073,27.26758941,25.00000941,30.65351828,30.66553423,0.01201595441,27.26438665,25.00000941,30.60212033,30.63037673,0.02825640364,27.23643041,25.0000094
534,0,25,0.1,0.01498213744,0,30.64590897,30.65637428,0.0104653147,27.25534434,25.00000941,30.64101381,30.65313971,0.0121259002,27.25215888,25.00000941,30.58972913,30.61805912,0.0283299937,27.2243536,25.0000094
535,0,25,0.1,0.01498130081,0,30.63342124,30.6439998,0.01057855976,27.24316539,25.00000941,30.62853694,30.6407723,0.01223536155,27.23999713,25.00000941,30.57736529,30.60576846,0.02840317108,27.212342,25.0000094
536,0,25,0.1,0.01498049618,0,30.62096108,30.63165239,0.01069130656,27.23105221,25.00000941,30.61608763,30.62843195,0.01234431917,27.22790106,25.00000941,30.56502876,30.59350469,0.02847592681,27.20039527,25.0000094
537,0,25,0.1,0.01497975193,0,30.60852844,30.61933199,0.01080354587,27.21900445,25.00000941,30.6036658,30.61611859,0.01245279385,27.21587031,25.00000941,30.55271946,30.58126774,0.02854828208,27.18851305,25.0000094
538,0,25,0.1,0.01497901339,0,30.59612325,30.60703854,0.01091528859,27.20702174,25.00000941,30.5912714,30.60383218,0.01256077653,27.20390453,25.00000941,30.54043735,30.56905757,0.02862021818,27.176695,25.0000094
539,0,25,0.1,0.01497820102,0,30.58374545,30.59477199,0.01102653577,27.19510373,25.00000941,30.57890436,30.59157264,0.01266827829,27.19200336,25.00000941,30.52818236,30.55687411,0.02869174656,27.16494076,25.0000094
540,0,25,0.1,0.01497737085,0,30.57139498,30.58253227,0.01113728856,27.18325009,25.00000941,30.56656464,30.57933992,0.01277528031,27.18016645,25.00000941,30.51595442,30.5447173,0.02876287878,27.15325,25.0000094
541,0,25,0.1,0.01497663776,0,30.55907178,30.57031933,0.01124754826,27.17146046,25.00000941,30.55425216,30.56713396,0.01288180392,27.16839347,25.00000941,30.50375349,30.53258709,0.02883359651,27.14162237,25.0000094
542,0,25,0.1,0.01497590251,0,30.5467758,30.55813311,0.01135730627,27.15973449,25.00000941,30.54196687,30.55495471,0.01298784058,27.15668406,25.00000941,30.49157949,30.52048341,0.02890392159,27.13005752,25.0000094
543,0,25,0.1,0.01497498371,0,30.53450696,30.54597354,0.01146658417,27.14807184,25.00000941,30.5297087,30.5428021,0.01309340187,27.14503789,25.00000941,30.47943238,30.50840622,0.02897383595,27.11855513,25.0000094
544,0,25,0.1,0.0149740708,0,30.52226521,30.53384058,0.01157537361,27.13647217,25.00000941,30.5174776,30.53067608,0.0131984795,27.1334546,25.00000941,30.46731209,30.49635544,0.02904335167,27.10711485,25.0000094
545,0,25,0.1,0.01497346787,0,30.51005049,30.52173417,0.0116836764,27.12493514,25.00000941,30.5052735,30.51857659,0.0133030853,27.12193386,25.00000941,30.45521856,30.48433103,0.02911247094,27.09573635,25.0000094
546,0,25,0.1,0.01497288806,0,30.49786275,30.50965423,0.01179148448,27.11346041,25.00000941,30.49309636,30.50650356,0.01340720124,27.11047534,25.00000941,30.44315175,30.47233293,0.02918117609,27.0844193,25.0000094
547,0,25,0.1,0.01497187045,0,30.48570191,30.49760073,0.0118988199,27.10204764,25.00000941,30.4809461,30.49445695,0.0135108494,27.09907869,25.00000941,30.43111157,30.46036107,0.02924949957,27.07316335,25.0000094
548,0,25,0.1,0.01497086273,0,30.47356793,30.48557359,0.01200566485,27.0906965,25.00000941,30.46882267,30.48243669,0.01361402202,27.08774359,25.00000941,30.41909798,30.4484154,0.02931742395,27.06196819,25.0000094
549,0,25,0.1,0.01497045317,0,30.46146074,30.47357277,0.01211203163,27.07940666,25.00000941,30.45672601,30.47044273,0.01371672142,27.07646969,25.00000941,30.40711092,30.43649587,0.02938495194,27.05083348,25.0000094
550,0,25,0.1,0.01496995409,0,30.44938029,30.4615982,0.01221791269,27.06817778,25.00000941,30.44465607,30.45847501,0.01381894009,27.06525668,25.00000941,30.39515032,30.42460242,0.02945209636,27.0397589,25.0000094
551,0,25,0.1,0.01496857727,0,30.43732651,30.44964983,0.01232332059,27.05700954,25.00000941,30.43261277,30.44653347,0.01392070061,27.05410421,25.00000941,30.38321614,30.41273498,0.02951884016,27.02874413,25.0000094
552,0,25,0.1,0.01496737664,0,30.42529934,30.4377276,0.01242825801,27.04590161,25.00000941,30.42059606,30.43461806,0.01402199572,27.04301197,25.00000941,30.37130832,30.40089351,0.02958518643,27.01778883,25.0000094
553,0,25,0.1,0.01496723648,0,30.41329873,30.42583145,0.01253271778,27.03485367,25.00000941,30.40860589,30.42272871,0.01412281825,27.03197963,25.00000941,30.35942679,30.38907794,0.02965114837,27.00689269,25.0000094
554,0,25,0.1,0.01496672874,0,30.40132463,30.41396132,0.01263669282,27.02386538,25.00000941,30.3966422,30.41086537,0.01422317118,27.02100686,25.00000941,30.34757149,30.37728822,0.0297167293,26.9960554,25.0000094
555,0,25,0.1,0.0149650622,0,30.38937696,30.40211717,0.01274020622,27.01293643,25.00000941,30.38470493,30.39902799,0.0143230576,27.01009334,25.00000941,30.33574238,30.36552429,0.02978191267,26.98527662,25.0000094
556,0,25,0.1,0.01496403276,0,30.37745568,30.39029892,0.01284324115,27.00206649,25.00000941,30.37279401,30.3872165,0.01442249075,26.99923876,25.00000941,30.32393939,30.3537861,0.02984671205,26.97455605,25.0000094
557,0,25,0.1,0.01496392837,0,30.36556072,30.37850653,0.01294581092,26.99125526,25.00000941,30.3609094,30.37543085,0.01452145395,26.9884428,25.00000941,30.31216245,30.34207359,0.02991114114,26.96389337,25.0000094
558,0,25,0.1,0.01496212565,0,30.35369202,30.36673994,0.01304791898,26.9805024,25.00000941,30.34905102,30.36367099,0.01461997069,26.97770513,25.00000941,30.3004115,30.3303867,0.02997520377,26.95328827,25.0000094
559,0,25,0.1,0.01495973772,0,30.34184954,30.35499909,0.01314954889,26.96980762,25.00000941,30.33721884,30.35193685,0.01471801455,26.96702545,25.00000941,30.28868652,30.31872538,0.03003886387,26.94274044,25.0000094
560,0,25,0.1,0.01495922375,0,30.33003321,30.34328392,0.01325071432,26.95917058,25.00000941,30.32541278,30.34022839,0.01481560926,26.95640343,25.00000941,30.27698747,30.30708958,0.03010210552,26.93224957,25.0000094
561,0,25,0.1,0.01495759919,0,30.31824296,30.33159439,0.0133514291,26.94859098,25.00000941,30.31363279,30.32854554,0.01491274865,26.94583878,25.00000941,30.26531424,30.29547922,0.03016498289,26.92181535,25.0000094
562,0,25,0.1,0.0149565883,0,30.30647874,30.31993043,0.01345168714,26.93806852,25.00000941,30.3018788,30.31688825,0.01500944668,26.93533118,25.00000941,30.25366674,30.28389427,0.03022753031,26.91143747,25.0000094
563,0,25,0.1,0.01495899693,0,30.2947405,30.30829198,0.0135514825,26.92760287,25.00000941,30.29015077,30.30525646,0.01510568744,26.92488031,25.00000941,30.24204498,30.27233466,0.03028968219,26.90111564,25.0000094
564,0,25,0.1,0.01495973645,0,30.28303334,30.296679,0.01364565937,26.91719374,25.00000941,30.27845378,30.29365012,0.01519633514,26.91448589,25.00000941,30.23045399,30.26080034,0.03034635311,26.89084954,25.0000094
565,0,25,0.1,0.01495792867,0,30.27135304,30.28509142,0.01373838202,26.90684082,25.00000941,30.26678365,30.28206916,0.0152855141,26.90414759,25.00000941,30.2188896,30.24929126,0.03040165772,26.88063888,25.0000094
566,0,25,0.1,0.01495652388,0,30.25969874,30.27352919,0.01383045489,26.89654381,25.00000941,30.25513948,30.27051355,0.01537406878,26.89386512,25.00000941,30.20735092,30.23780735,0.03045643083,26.87048336,25.0000094
567,0,25,0.1,0.01495636479,0,30.2480702,30.26199226,0.01392206252,26.8863024,25.00000941,30.24352105,30.25898321,0.01546216376,26.88363818,25.00000941,30.19583777,30.22634857,0.03051079736,26.86038267,25.0000094
568,0,25,0.1,0.01495593612,0,30.23646734,30.25048057,0.01401322956,26.8761163,25.00000941,30.23192828,30.2474781,0.01554982372,26.87346646,25.00000941,30.18435004,30.21491485,0.03056481233,26.85033654,25.0000094
569,0,25,0.1,0.0149546697,0,30.22489008,30.23899406,0.01410398081,26.8659852,25.00000941,30.22036109,30.23599816,0.01563707348,26.86334967,25.00000941,30.17288768,30.20350615,0.03061847092,26.84034465,25.0000094
570,0,25,0.1,0.01495358088,0,30.21333838,30.22753268,0.01419430116,26.8559088,25.00000941,30.20881943,30.22454334,0.01572390797,26.85328751,25.00000941,30.16145061,30.19212241,0.03067179839,26.83040672,25.0000094
571,0,25,0.1,0.0149531748,0,30.20181217,30.21609638,0.01428420565,26.84588683,25.00000941,30.19730325,30.21311357,0.01581032226,26.84327968,25.00000941,30.15003878,30.18076357,0.03072479015,26.82052245,25.0000094
572,0,25,0.1,0.01495282956,0,30.1903114,30.20468509,0.0143736894,26.83591897,25.00000941,30.18581248,30.20170881,0.01589633152,26.8333259,25.00000941,30.13865214,30.16942958,0.0307774417,26.81069156,25.0000094
573,0,25,0.1,0.01495206009,0,30.17883602,30.19329877,0.01446274771,26.82600493,25.00000941,30.17434708,30.190329,0.01598192104,26.82342587,25.00000941,30.12729064,30.15812039,0.0308297487,26.80091376,25.0000094
574,0,25,0.1,0.01495111494,0,30.16738596,30.18193736,0.01455139593,26.81614444,25.00000941,30.16290698,30.17897409,0.01606710624,26.8135793,25.00000941,30.11595421,30.14683594,0.03088172688,26.79118875,25.0000094
575,0,25,0.1,0.01495034847,0,30.15596118,30.1706008,0.01463961959,26.80633719,25.00000941,30.15149213,30.16764401,0.01615188267,26.80378591,25.00000941,30.1046428,30.13557617,0.03093337213,26.78151627,25.0000094
576,0,25,0.1,0.01494968692,0,30.14456161,30.15928904,0.0147274343,26.7965829,25.00000941,30.14010247,30.15633873,0.01623625596,26.79404539,25.00000941,30.09335636,30.12434104,0.03098468044,26.77189601,25.0000094
577,0,25,0.1,0.01494892494,0,30.1331872,30.14800204,0.01481483581,26.78688128,25.00000941,30.12873795,30.14505817,0.0163202219,26.78435748,25.00000941,30.08209483,30.11313049,0.03103565791,26.7623277,25.0000094
578,0,25,0.1,0.01494807321,0,30.1218379,30.13673972,0.01490181998,26.77723205,25.00000941,30.11739852,30.1338023,0.01640377637,26.77472188,25.00000941,30.07085816,30.10194446,0.03108630078,26.75281107,25.0000094
579,0,25,0.1,0.01494726321,0,30.11051365,30.12550204,0.01498839278,26.76763493,25.00000941,30.10608411,30.12257105,0.0164869354,26.76513831,25.00000941,30.05964629,30.09078291,0.03113661538,26.74334582,25.0000094
580,0,25,0.1,0.01494652226,0,30.09921439,30.11428895,0.01507456033,26.75808964,25.00000941,30.09479468,30.11136437,0.0165696851,26.7556065,25.00000941,30.04845917,30.07964577,0.0311865982,26.73393168,25.0000094
581,0,25,0.1,0.01494579298,0,30.08794007,30.10310039,0.01516031882,26.74859588,25.00000941,30.08353017,30.1001822,0.01665203173,26.74612616,25.00000941,30.03729674,30.068533,0.03123625579,26.72456839,25.0000094
582,0,25,0.1,0.01494505019,0,30.07669064,30.0919363,0.01524566459,26.7391534,25.00000941,30.07229052,30.0890245,0.01673398164,26.73669701,25.00000941,30.02615895,30.05744453,0.03128558487,26.71525565,25.0000094
583,0,25,0.1,0.01494431158,0,30.06546604,30.08079664,0.01533060411,26.72976191,25.00000941,30.06107567,30.07789121,0.01681554132,26.72731878,25.00000941,30.01504574,30.04638033,0.03133459224,26.70599321,25.0000094
584,0,25,0.1,0.01494357932,0,30.05426621,30.06968135,0.01541514393,26.72042112,25.00000941,30.04988558,30.06678228,0.01689669737,26.71799119,25.00000941,30.00395706,30.03534033,0.03138327484,26.69678078,25.0000094
585,0,25,0.1,0.01494283753,0,30.0430911,30.05859038,0.01549928073,26.71113078,25.00000941,30.03872019,30.05569765,0.01697745651,26.70871397,25.00000941,29.99289286,30.02432449,0.0314316297,26.6876181,25.0000094
586,0,25,0.1,0.01494208318,0,30.03194066,30.04752367,0.01558301133,26.70189061,25.00000941,30.02757945,30.04463727,0.01705781556,26.69948685,25.00000941,29.98185309,30.01333274,0.031479654,26.67850489,25.0000094
587,0,25,0.1,0.01494132771,0,30.02081483,30.03648117,0.01566634263,26.69270034,25.00000941,30.01646329,30.03360108,0.01713779147,26.69030956,25.00000941,29.97083768,30.00236505,0.03152736501,26.6694409,25.0000094
588,0,25,0.1,0.0149405762,0,30.00971356,30.02546283,0.01574927168,26.68355969,25.00000941,30.00537167,30.02258904,0.01721737131,26.68118182,25.00000941,29.95984658,29.99142134,0.03157476012,26.66042586,25.0000094
589,0,25,0.1,0.01493982558,0,29.9986368,30.0144686,0.01583179562,26.67446841,25.00000941,29.99430454,30.01160109,0.01729655226,26.67210338,25.00000941,29.94887975,29.98050158,0.03162182684,26.65145949,25.0000094
590,0,25,0.1,0.01493907571,0,29.98758448,30.00349841,0.01591393172,26.66542621,25.00000941,29.98326183,30.00063718,0.01737535161,26.66307395,25.00000941,29.93793712,29.9696057,0.0316685828,26.64254155,25.0000094
591,0,25,0.1,0.01493833037,0,29.97655656,29.99255223,0.01599566736,26.65643285,25.00000941,29.97224349,29.98969726,0.01745376678,26.65409329,25.00000941,29.92701865,29.95873367,0.03171501572,26.63367176,25.0000094
592,0,25,0.1,0.01493758978,0,29.96555298,29.98162999,0.01607701003,26.64748805,25.00000941,29.96124948,29.97878127,0.01753178529,26.64516112,25.00000941,29.91612428,29.94788541,0.03176113347,26.62484987,25.0000094
593,0,25,0.1,0.01493685016,0,29.95457369,29.97073165,0.01615795735,26.63859155,25.00000941,29.95027973,29.96788915,0.01760942478,26.63627719,25.00000941,29.90525396,29.93706089,0.03180693401,26.61607562,25.0000094
594,0,25,0.1,0.01493610912,0,29.94361863,29.95985715,0.01623851704,26.62974309,25.00000941,29.9393342,29.95702087,0.01768667301,26.62744123,25.00000941,29.89440763,29.92626006,0.03185242541,26.60734875,25.0000094
595,0,25,0.1,0.01493536773,0,29.93268775,29.94900644,0.01631868694,26.62094241,25.00000941,29.92841283,29.94617637,0.01776353785,26.61865299,25.00000941,29.88358524,29.91548285,0.03189760588,26.59866901,25.0000094
596,0,25,0.1,0.0149346275,0,29.92178101,29.93817947,0.01639845501,26.61218926,25.00000941,29.91751556,29.93535559,0.01784002727,26.6099122,25.00000941,29.87278675,29.90472921,0.03194246371,26.59003613,25.0000094
597,0,25,0.1,0.01493388786,0,29.91089833,29.92737618,0.01647784931,26.60348338,25.00000941,29.90664235,29.92455848,0.01791612939,26.60121861,25.00000941,29.86201208,29.89399911,0.03198702734,26.58144988,25.0000094
598,0,25,0.1,0.01493314802,0,29.90003968,29.91659653,0.01655684803,26.59482451,25.00000941,29.89579314,29.91378499,0.0179918524,26.59257197,25.00000941,29.85126121,29.88329248,0.03203126528,26.57290999,25.0000094
599,0,25,0.1,0.01493240854,0,29.889205,29.90584046,0.01663545945,26.58621239,25.00000941,29.88496788,29.90303507,0.01806719464,26.58397202,25.00000941,29.84053406,29.87260927,0.03207520618,26.56441621,25.0000094
600,0,25,0.1,0.01493167022,0,29.87839424,29.89510792,0.01671368199,26.57764679,25.00000941,29.87416651,29.89230867,0.01814216454,26.57541851,25.00000941,29.8298306,29.86194943,0.03211882881,26.5559683,25.0000094
